Unity Editor version:    6000.5.6f1 (0e0577a1a2ac)
Branch:                  6000.5/staging
Build type:              Release
Batch mode:              YES
macOS version:           Version 26.4.1 (Build 25E253)
Darwin version:          25.4.0
Architecture:            arm64
Running under Rosetta:   NO
Available memory:        24576 MB
Date:                    2026-08-14T12:08:39Z
[Licensing::Module] Trying to connect to existing licensing client channel...
[Licensing::IpcConnector] Channel LicenseClient-seokcmin doesn't exist
Launching external process: /Applications/Unity/Hub/Editor/6000.5.6f1/Unity.app/Contents/Helpers/UnityLicensingClient.app/Contents/MacOS/Unity.Licensing.Client
[Licensing::Module] Successfully launched the LicensingClient (PId: 75258)
Launching external process: /Applications/Unity/Hub/Editor/6000.5.6f1/Unity.app/Contents/Helpers/PackageManager/Server/UnityPackageManager

COMMAND LINE ARGUMENTS:
/Applications/Unity/Hub/Editor/6000.5.6f1/Unity.app/Contents/MacOS/Unity
-batchmode
-nographics
-projectPath
.
-runTests
-testPlatform
EditMode
-testFilter
CastleBusters.Tests.SkillGradingTests
-testResults
./_workspace/current/qa/evidence/g2/grade-mutation-flat035.xml
-logFile
./_workspace/current/qa/evidence/g2/grade-mutation-flat035.log
Successfully changed project path to: /Users/seokcmin/Desktop/castle-war
/Users/seokcmin/Desktop/castle-war
[UnityMemory] Configuration Parameters - Can be set up in boot.config
    "memorysetup-temp-allocator-size-gi-baking-worker=262144"
    "memorysetup-temp-allocator-size-gi-baking-worker=262144"
    "memorysetup-temp-allocator-size-gi-baking-worker=262144"
    "memorysetup-temp-allocator-size-gi-baking-worker=262144"
    "memorysetup-temp-allocator-size-gi-baking-worker=262144"
    "memorysetup-temp-allocator-size-nav-mesh-worker=65536"
    "memorysetup-temp-allocator-size-audio-worker=65536"
    "memorysetup-temp-allocator-size-cloud-worker=32768"
    "memorysetup-allocator-temp-initial-block-size-main=262144"
    "memorysetup-allocator-temp-initial-block-size-worker=262144"
    "memorysetup-temp-allocator-size-preload-manager=33554432"
    "memorysetup-temp-allocator-size-gfx=262144"
    "memorysetup-temp-allocator-size-background-worker=32768"
    "memorysetup-temp-allocator-size-job-worker=262144"
    "memorysetup-bucket-allocator-granularity=16"
    "memorysetup-bucket-allocator-bucket-count=8"
    "memorysetup-bucket-allocator-block-size=33554432"
    "memorysetup-bucket-allocator-block-count=8"
    "memorysetup-main-allocator-block-size=16777216"
    "memorysetup-thread-allocator-block-size=16777216"
    "memorysetup-main-allocator-mimalloc-enabled=0"
    "memorysetup-gfx-main-allocator-block-size=16777216"
    "memorysetup-gfx-thread-allocator-block-size=16777216"
    "memorysetup-cache-allocator-block-size=4194304"
    "memorysetup-typetree-allocator-block-size=2097152"
    "memorysetup-profiler-bucket-allocator-granularity=16"
    "memorysetup-profiler-bucket-allocator-bucket-count=8"
    "memorysetup-profiler-bucket-allocator-block-size=33554432"
    "memorysetup-profiler-bucket-allocator-block-count=8"
    "memorysetup-profiler-allocator-block-size=16777216"
    "memorysetup-profiler-editor-allocator-block-size=1048576"
    "memorysetup-temp-allocator-size-main=16777216"
    "memorysetup-job-temp-allocator-block-size=2097152"
    "memorysetup-job-temp-allocator-block-size-background=1048576"
    "memorysetup-job-temp-allocator-reduction-small-platforms=262144"
Logging is directed to a specific file, skipping project log.Player connection [8368937152]  Target information:

Player connection [8368937152]  * "[IP] 192.168.200.106 [Port] 55504 [Flags] 2 [Guid] 3882142512 [EditorId] 3882142512 [Version] 1048832 [Id] OSXEditor(0,lees-MacBook-Pro.local) [Debug] 1 [PackageName] OSXEditor [ProjectName] Editor" 

Player connection [8368937152] Host joined multi-casting on [225.0.0.222:54997]...
Player connection [8368937152] Host joined alternative multi-casting on [225.0.0.222:34997]...
Input System module state changed to: Initialized.
[Physics::Module] Initialized fallback backend.
[Physics::Module] Id: 0xdecafbad
[Licensing::IpcConnector] Successfully connected to: "LicenseClient-seokcmin" at "2026-08-14T12:08:39.949071Z"
[Package Manager] Connected to IPC stream "Upm-75257" after 0.1 seconds.
[Licensing::Module] Licensing is not yet initialized.
[Licensing::Client] Handshaking with LicensingClient:
  Version:                 1.18.1+9fbee8e
  Session Id:              2d0983040e094ddca6b601106f4c0f7c
  Correlation Id:          9422c22f77ef70907fa9d7566a8c9252
  External correlation Id: 9059954887670287867
  Machine Id:              mmgjKV7I9bmNbARakwD9dObxMjc=
[Licensing::Module] Successfully connected to LicensingClient on channel: "LicenseClient-seokcmin" (connect: 0.17s, validation: 0.02s, handshake: 0.28s)
[Licensing::IpcConnector] Successfully connected to: "LicenseClient-seokcmin-notifications" at "2026-08-14T12:08:40.253627Z"
[Licensing::Module] Connected to LicensingClient (PId: 75258, launch time: 0.00, total connection time: 0.48s)
[Licensing::Module] Error: Access token is unavailable; failed to update
[Licensing::Client] Successfully resolved entitlement details
[Licensing::Module] License group:
  Id: 14568811032478-UnityPersXXXX
  Product: Unity Personal
  Type: Assigned
  Expiration: Unlimited
[Licensing::Client] Successfully updated license, isAsync: True, time: 0.00
[Licensing::Module] Licensing Background thread has ended after 0.49s
[Licensing::Module] Licensing is initialized (took 0.28s).
[Licensing::Client] Successfully resolved entitlement details
Library Redirect Path: Library/
[Physics::Module] Selected backend.
[Physics::Module] Name: PhysX
[Physics::Module] Id: 0xf2b8ea05
[Physics::Module] SDK Version: 4.1.2
[Physics::Module] Integration Version: 1.0.0
[Physics::Module] Threading Mode: Multi-Threaded
Initialize engine version: 6000.5.6f1 (0e0577a1a2ac)
[Subsystems] Discovering subsystems at path /Applications/Unity/Hub/Editor/6000.5.6f1/Unity.app/Contents/Resources/UnitySubsystems
[Subsystems] Discovering subsystems at path /Users/seokcmin/Desktop/castle-war/Assets
Forcing GfxDevice: Null
GfxDevice: creating device client; kGfxThreadingModeNonThreaded
NullGfxDevice:
    Version:  NULL 1.0 [1.0]
    Renderer: Null Device
    Vendor:   Unity Technologies
Initialize mono
Mono path[0] = '/Applications/Unity/Hub/Editor/6000.5.6f1/Unity.app/Contents/Resources/Scripting/Managed'
Mono path[1] = '/Applications/Unity/Hub/Editor/6000.5.6f1/Unity.app/Contents/Resources/Scripting/BCLExtensions/runtime/netstandard2.1'
Mono path[2] = '/Applications/Unity/Hub/Editor/6000.5.6f1/Unity.app/Contents/Resources/Scripting/MonoBleedingEdge/lib/mono/unityjit-macos'
Mono config path = '/Applications/Unity/Hub/Editor/6000.5.6f1/Unity.app/Contents/Resources/Scripting/MonoBleedingEdge/etc'
Using monoOptions --debugger-agent=transport=dt_socket,embedding=1,server=y,suspend=n,address=127.0.0.1:56257
CodeReloadManager initialized
ImportWorker Server TCP listen port: 0
AcceleratorClientConnectionCallback - disconnected - :0
Begin MonoManager ReloadAssembly
Registering precompiled unity dll's ...
Register platform support module: /Applications/Unity/Hub/Editor/6000.5.6f1/PlaybackEngines/WebGLSupport/UnityEditor.WebGL.Extensions.dll
Register platform support module: /Applications/Unity/Hub/Editor/6000.5.6f1/PlaybackEngines/MacStandaloneSupport/UnityEditor.OSXStandalone.Extensions.dll
Registered in 0.000421 seconds.
Native extension for OSXStandalone target not found
Native extension for WebGL target not found
Package Manager log level set to [2]
ScheduleIndexationOnStartup MainProcess:False IndexOnStartup:True
Mono: successfully reloaded assembly
- Finished resetting the current domain, in  0.239 seconds
Domain Reload Profiling: 521ms
	BeginReloadAssembly (53ms)
		CreateAndSetChildDomain (4ms)
	RebuildCommonClasses (4ms)
	RebuildNativeTypeToScriptingClass (11ms)
	initialDomainReloadingComplete (31ms)
	LoadAllAssembliesAndSetupDomain (182ms)
		LoadAssemblies (49ms)
		AnalyzeDomain (136ms)
			TypeCache.Refresh (135ms)
				TypeCache.ScanAssembly (125ms)
	FinalizeReload (240ms)
		SetupLoadedEditorAssemblies (0ms)
			BeforeProcessingInitializeOnLoad (54ms)
			ProcessInitializeOnLoadAttributes (58ms)
			ProcessInitializeOnLoadMethodAttributes (76ms)
[Licensing::Client] Successfully resolved entitlement details
Application.AssetDatabase Initial Refresh Start
[Package Manager] Restoring resolved packages state from cache
[Licensing::Client] Successfully resolved entitlement details
[Package Manager] Registered 80 packages:
  Packages from [https://package.openupm.com]:
    com.ivanmurzak.unity.mcp@0.87.0 (location: /Users/seokcmin/Desktop/castle-war/Library/PackageCache/com.ivanmurzak.unity.mcp@11c0818bd649)
    com.ivanmurzak.unity.mcp.animation@1.2.30 (location: /Users/seokcmin/Desktop/castle-war/Library/PackageCache/com.ivanmurzak.unity.mcp.animation@54766229f3e1)
    com.ivanmurzak.unity.mcp.cinemachine@1.0.16 (location: /Users/seokcmin/Desktop/castle-war/Library/PackageCache/com.ivanmurzak.unity.mcp.cinemachine@192c86521800)
    com.ivanmurzak.unity.mcp.inputsystem@1.0.16 (location: /Users/seokcmin/Desktop/castle-war/Library/PackageCache/com.ivanmurzak.unity.mcp.inputsystem@e3fce422ffeb)
    com.ivanmurzak.unity.mcp.navigation@1.0.16 (location: /Users/seokcmin/Desktop/castle-war/Library/PackageCache/com.ivanmurzak.unity.mcp.navigation@86ff9b78e7cc)
    com.ivanmurzak.unity.mcp.particlesystem@1.2.30 (location: /Users/seokcmin/Desktop/castle-war/Library/PackageCache/com.ivanmurzak.unity.mcp.particlesystem@65f0e40b7dd0)
    com.ivanmurzak.unity.mcp.probuilder@1.2.30 (location: /Users/seokcmin/Desktop/castle-war/Library/PackageCache/com.ivanmurzak.unity.mcp.probuilder@6bae66ba1cf3)
    com.ivanmurzak.unity.mcp.splines@1.0.15 (location: /Users/seokcmin/Desktop/castle-war/Library/PackageCache/com.ivanmurzak.unity.mcp.splines@3b7be612e47a)
    com.ivanmurzak.unity.mcp.terrain@1.0.16 (location: /Users/seokcmin/Desktop/castle-war/Library/PackageCache/com.ivanmurzak.unity.mcp.terrain@34c9a5e1fb49)
    com.ivanmurzak.unity.mcp.tilemap@1.0.15 (location: /Users/seokcmin/Desktop/castle-war/Library/PackageCache/com.ivanmurzak.unity.mcp.tilemap@f59902d9e0fe)
    com.ivanmurzak.unity.mcp.timeline@1.0.16 (location: /Users/seokcmin/Desktop/castle-war/Library/PackageCache/com.ivanmurzak.unity.mcp.timeline@a8dca05ccec2)
    extensions.unity.playerprefsex@2.1.5 (location: /Users/seokcmin/Desktop/castle-war/Library/PackageCache/extensions.unity.playerprefsex@14b8441b831c)
  Packages from [https://packages.unity.com]:
    com.unity.2d.pixel-perfect@6.0.0 (location: /Users/seokcmin/Desktop/castle-war/Library/PackageCache/com.unity.2d.pixel-perfect@a860cb24a0cc)
    com.unity.2d.tilemap.extras@8.0.3 (location: /Users/seokcmin/Desktop/castle-war/Library/PackageCache/com.unity.2d.tilemap.extras@a80140457adc)
    com.unity.collab-proxy@2.13.3 (location: /Users/seokcmin/Desktop/castle-war/Library/PackageCache/com.unity.collab-proxy@4f3be89e8675)
    com.unity.ide.rider@3.0.40 (location: /Users/seokcmin/Desktop/castle-war/Library/PackageCache/com.unity.ide.rider@e4950c6d131b)
    com.unity.ide.visualstudio@2.0.27 (location: /Users/seokcmin/Desktop/castle-war/Library/PackageCache/com.unity.ide.visualstudio@dc1ddd4f09b6)
    com.unity.ide.vscode@1.2.5 (location: /Users/seokcmin/Desktop/castle-war/Library/PackageCache/com.unity.ide.vscode@82e68656b7bd)
    com.unity.purchasing@5.4.2 (location: /Users/seokcmin/Desktop/castle-war/Library/PackageCache/com.unity.purchasing@290a16a9a099)
    com.unity.timeline@1.8.12 (location: /Users/seokcmin/Desktop/castle-war/Library/PackageCache/com.unity.timeline@8cd8509afae5)
    com.unity.visualscripting@1.9.11 (location: /Users/seokcmin/Desktop/castle-war/Library/PackageCache/com.unity.visualscripting@8bed5ad90189)
    com.unity.services.core@1.18.0 (location: /Users/seokcmin/Desktop/castle-war/Library/PackageCache/com.unity.services.core@3464cb68d709)
    com.unity.splines@2.9.0 (location: /Users/seokcmin/Desktop/castle-war/Library/PackageCache/com.unity.splines@e6e1d5900acc)
    com.unity.probuilder@6.1.2 (location: /Users/seokcmin/Desktop/castle-war/Library/PackageCache/com.unity.probuilder@8be9724b2335)
    com.unity.ai.navigation@2.0.14 (location: /Users/seokcmin/Desktop/castle-war/Library/PackageCache/com.unity.ai.navigation@134dd6a3b97b)
    com.unity.inputsystem@1.20.0 (location: /Users/seokcmin/Desktop/castle-war/Library/PackageCache/com.unity.inputsystem@7a4e1a2a8194)
    com.unity.cinemachine@3.1.6 (location: /Users/seokcmin/Desktop/castle-war/Library/PackageCache/com.unity.cinemachine@285f38545487)
    com.unity.searcher@4.9.4 (location: /Users/seokcmin/Desktop/castle-war/Library/PackageCache/com.unity.searcher@d45a78918735)
    com.unity.burst@1.8.29 (location: /Users/seokcmin/Desktop/castle-war/Library/PackageCache/com.unity.burst@6bb9aca3ef38)
    com.unity.nuget.newtonsoft-json@3.2.2 (location: /Users/seokcmin/Desktop/castle-war/Library/PackageCache/com.unity.nuget.newtonsoft-json@4dfd81071c64)
    com.unity.nuget.mono-cecil@1.11.6 (location: /Users/seokcmin/Desktop/castle-war/Library/PackageCache/com.unity.nuget.mono-cecil@ecb9724e46ff)
    com.unity.test-framework.performance@3.5.0 (location: /Users/seokcmin/Desktop/castle-war/Library/PackageCache/com.unity.test-framework.performance@8b56083ec0f0)
    com.unity.settings-manager@2.1.1 (location: /Users/seokcmin/Desktop/castle-war/Library/PackageCache/com.unity.settings-manager@0b8638c5ce86)
  Built-in packages:
    com.unity.modules.accessibility@1.0.0 (location: /Users/seokcmin/Desktop/castle-war/Library/PackageCache/com.unity.modules.accessibility)
    com.unity.modules.adaptiveperformance@1.0.0 (location: /Users/seokcmin/Desktop/castle-war/Library/PackageCache/com.unity.modules.adaptiveperformance)
    com.unity.modules.ai@1.0.0 (location: /Users/seokcmin/Desktop/castle-war/Library/PackageCache/com.unity.modules.ai)
    com.unity.modules.androidjni@1.0.0 (location: /Users/seokcmin/Desktop/castle-war/Library/PackageCache/com.unity.modules.androidjni)
    com.unity.modules.animation@1.0.0 (location: /Users/seokcmin/Desktop/castle-war/Library/PackageCache/com.unity.modules.animation)
    com.unity.modules.assetbundle@1.0.0 (location: /Users/seokcmin/Desktop/castle-war/Library/PackageCache/com.unity.modules.assetbundle)
    com.unity.modules.audio@1.0.0 (location: /Users/seokcmin/Desktop/castle-war/Library/PackageCache/com.unity.modules.audio)
    com.unity.modules.cloth@1.0.0 (location: /Users/seokcmin/Desktop/castle-war/Library/PackageCache/com.unity.modules.cloth)
    com.unity.modules.director@1.0.0 (location: /Users/seokcmin/Desktop/castle-war/Library/PackageCache/com.unity.modules.director)
    com.unity.modules.imageconversion@1.0.0 (location: /Users/seokcmin/Desktop/castle-war/Library/PackageCache/com.unity.modules.imageconversion)
    com.unity.modules.imgui@1.0.0 (location: /Users/seokcmin/Desktop/castle-war/Library/PackageCache/com.unity.modules.imgui)
    com.unity.modules.jsonserialize@1.0.0 (location: /Users/seokcmin/Desktop/castle-war/Library/PackageCache/com.unity.modules.jsonserialize)
    com.unity.modules.particlesystem@1.0.0 (location: /Users/seokcmin/Desktop/castle-war/Library/PackageCache/com.unity.modules.particlesystem)
    com.unity.modules.physics@1.0.0 (location: /Users/seokcmin/Desktop/castle-war/Library/PackageCache/com.unity.modules.physics)
    com.unity.modules.physics2d@1.0.0 (location: /Users/seokcmin/Desktop/castle-war/Library/PackageCache/com.unity.modules.physics2d)
    com.unity.modules.physicscore2d@1.0.0 (location: /Users/seokcmin/Desktop/castle-war/Library/PackageCache/com.unity.modules.physicscore2d)
    com.unity.modules.screencapture@1.0.0 (location: /Users/seokcmin/Desktop/castle-war/Library/PackageCache/com.unity.modules.screencapture)
    com.unity.modules.terrain@1.0.0 (location: /Users/seokcmin/Desktop/castle-war/Library/PackageCache/com.unity.modules.terrain)
    com.unity.modules.terrainphysics@1.0.0 (location: /Users/seokcmin/Desktop/castle-war/Library/PackageCache/com.unity.modules.terrainphysics)
    com.unity.modules.tilemap@1.0.0 (location: /Users/seokcmin/Desktop/castle-war/Library/PackageCache/com.unity.modules.tilemap)
    com.unity.modules.ui@1.0.0 (location: /Users/seokcmin/Desktop/castle-war/Library/PackageCache/com.unity.modules.ui)
    com.unity.modules.uielements@1.0.0 (location: /Users/seokcmin/Desktop/castle-war/Library/PackageCache/com.unity.modules.uielements)
    com.unity.modules.umbra@1.0.0 (location: /Users/seokcmin/Desktop/castle-war/Library/PackageCache/com.unity.modules.umbra)
    com.unity.modules.unityanalytics@1.0.0 (location: /Users/seokcmin/Desktop/castle-war/Library/PackageCache/com.unity.modules.unityanalytics)
    com.unity.modules.unitywebrequest@1.0.0 (location: /Users/seokcmin/Desktop/castle-war/Library/PackageCache/com.unity.modules.unitywebrequest)
    com.unity.modules.unitywebrequestassetbundle@1.0.0 (location: /Users/seokcmin/Desktop/castle-war/Library/PackageCache/com.unity.modules.unitywebrequestassetbundle)
    com.unity.modules.unitywebrequestaudio@1.0.0 (location: /Users/seokcmin/Desktop/castle-war/Library/PackageCache/com.unity.modules.unitywebrequestaudio)
    com.unity.modules.unitywebrequesttexture@1.0.0 (location: /Users/seokcmin/Desktop/castle-war/Library/PackageCache/com.unity.modules.unitywebrequesttexture)
    com.unity.modules.unitywebrequestwww@1.0.0 (location: /Users/seokcmin/Desktop/castle-war/Library/PackageCache/com.unity.modules.unitywebrequestwww)
    com.unity.modules.vectorgraphics@1.0.0 (location: /Users/seokcmin/Desktop/castle-war/Library/PackageCache/com.unity.modules.vectorgraphics)
    com.unity.modules.vehicles@1.0.0 (location: /Users/seokcmin/Desktop/castle-war/Library/PackageCache/com.unity.modules.vehicles)
    com.unity.modules.video@1.0.0 (location: /Users/seokcmin/Desktop/castle-war/Library/PackageCache/com.unity.modules.video)
    com.unity.modules.wind@1.0.0 (location: /Users/seokcmin/Desktop/castle-war/Library/PackageCache/com.unity.modules.wind)
    com.unity.modules.xr@1.0.0 (location: /Users/seokcmin/Desktop/castle-war/Library/PackageCache/com.unity.modules.xr)
    com.unity.multiplayer.center@1.0.1 (location: /Users/seokcmin/Desktop/castle-war/Library/PackageCache/com.unity.multiplayer.center@b860850997d0)
    com.unity.render-pipelines.universal@17.5.0 (location: /Users/seokcmin/Desktop/castle-war/Library/PackageCache/com.unity.render-pipelines.universal@73b4c4ff130e)
    com.unity.test-framework@1.7.0 (location: /Users/seokcmin/Desktop/castle-war/Library/PackageCache/com.unity.test-framework@1405238725ab)
    com.unity.ugui@2.5.0 (location: /Users/seokcmin/Desktop/castle-war/Library/PackageCache/com.unity.ugui@67707a67a4ab)
    com.unity.ext.nunit@2.1.0 (location: /Users/seokcmin/Desktop/castle-war/Library/PackageCache/com.unity.ext.nunit@44f7d31723bd)
    com.unity.render-pipelines.core@17.5.0 (location: /Users/seokcmin/Desktop/castle-war/Library/PackageCache/com.unity.render-pipelines.core@645717f21c5f)
    com.unity.shadergraph@17.5.0 (location: /Users/seokcmin/Desktop/castle-war/Library/PackageCache/com.unity.shadergraph@8d7376ec43ee)
    com.unity.render-pipelines.universal-config@17.5.0 (location: /Users/seokcmin/Desktop/castle-war/Library/PackageCache/com.unity.render-pipelines.universal-config@fdda01c80fe3)
    com.unity.modules.subsystems@1.0.0 (location: /Users/seokcmin/Desktop/castle-war/Library/PackageCache/com.unity.modules.subsystems)
    com.unity.modules.hierarchycore@1.0.0 (location: /Users/seokcmin/Desktop/castle-war/Library/PackageCache/com.unity.modules.hierarchycore)
    com.unity.collections@6.5.0 (location: /Users/seokcmin/Desktop/castle-war/Library/PackageCache/com.unity.collections@a43cabe808ca)
    com.unity.2d.tilemap@1.0.0 (location: /Users/seokcmin/Desktop/castle-war/Library/PackageCache/com.unity.2d.tilemap@b959501fd678)
    com.unity.mathematics@1.4.0 (location: /Users/seokcmin/Desktop/castle-war/Library/PackageCache/com.unity.mathematics@981956d94fb6)
[Package Manager] com.unity.ide.vscode is deprecated: Visual Studio Code package is not supported anymore. You can continue to use it, but we won't provide any update anymore.
[Subsystems] No new subsystems found in resolved package list.
[Package Manager] Done registering packages in 0.01 seconds
Assembly reference Packages/com.unity.cinemachine/Editor/Samples/ExposeHDRPInternals/HDRP-Editor-ref.asmref has no target assembly definition
Assembly reference Packages/com.unity.cinemachine/Editor/Samples/ExposeHDRPInternals/HDRP-Editor-ref.asmref has no target assembly definition
[ScriptCompilation] Requested script compilation because: AssetDatabase observed changes in script compilation related files
info: Microsoft.Hosting.Lifetime[14]
      Now listening on: http://unix:/tmp/ilpp.sock-3ee3d3e3e5b495cf713dd649cbc20234
info: Microsoft.Hosting.Lifetime[0]
      Application started. Press Ctrl+C to shut down.
info: Microsoft.Hosting.Lifetime[0]
      Hosting environment: Production
info: Microsoft.Hosting.Lifetime[0]
      Content root path: /Users/seokcmin/Desktop/castle-war
info: Microsoft.AspNetCore.Hosting.Diagnostics[1]
      Request starting HTTP/2 POST http://ilpp/UnityILPP.PostProcessing/Ping - application/grpc -
info: Microsoft.AspNetCore.Routing.EndpointMiddleware[0]
      Executing endpoint 'gRPC - /UnityILPP.PostProcessing/Ping'
info: Microsoft.AspNetCore.Routing.EndpointMiddleware[1]
      Executed endpoint 'gRPC - /UnityILPP.PostProcessing/Ping'
info: Microsoft.AspNetCore.Hosting.Diagnostics[2]
      Request finished HTTP/2 POST http://ilpp/UnityILPP.PostProcessing/Ping - 200 - application/grpc 18.0102ms
Starting: /Applications/Unity/Hub/Editor/6000.5.6f1/Unity.app/Contents/Resources/BuildPipeline/bee_backend --ipc --defer-dag-verification --dagfile="Library/Bee/2000b0aE.dag" --continue-on-failure --profile="Library/Bee/backend1.traceevents" ScriptAssemblies
WorkingDir: /Users/seokcmin/Desktop/castle-war
DisplayProgressbar: Compiling Scripts
info: Microsoft.AspNetCore.Hosting.Diagnostics[1]
      Request starting HTTP/2 POST http://ilpp/UnityILPP.PostProcessing/ConfigurePostProcessors - application/grpc -
info: Microsoft.AspNetCore.Routing.EndpointMiddleware[0]
      Executing endpoint 'gRPC - /UnityILPP.PostProcessing/ConfigurePostProcessors'
warn: Unity.ILPP.Runner.PostProcessingAssemblyLoadContext[0]
      Assembly system.runtime.interopservices.windowsruntime has duplicate hint path. Ignoring "/Applications/Unity/Hub/Editor/6000.5.6f1/Unity.app/Contents/Resources/Scripting/UnityReferenceAssemblies/unity-4.8-api/Facades/System.Runtime.InteropServices.WindowsRuntime.dll" in favor of "/Applications/Unity/Hub/Editor/6000.5.6f1/Unity.app/Contents/Resources/Scripting/NetStandard/Extensions/2.0.0/System.Runtime.InteropServices.WindowsRuntime.dll"
warn: Unity.ILPP.Runner.PostProcessingAssemblyLoadContext[0]
      Assembly system.componentmodel.composition has duplicate hint path. Ignoring "/Applications/Unity/Hub/Editor/6000.5.6f1/Unity.app/Contents/Resources/Scripting/UnityReferenceAssemblies/unity-4.8-api/System.ComponentModel.Composition.dll" in favor of "/Applications/Unity/Hub/Editor/6000.5.6f1/Unity.app/Contents/Resources/Scripting/NetStandard/compat/2.1.0/shims/netfx/System.ComponentModel.Composition.dll"
info: Unity.ILPP.Runner.PostProcessingAssemblyLoadContext[0]
      Resolved Unity.Burst.Cecil, Version=0.11.6.0, Culture=neutral, PublicKeyToken=50cebf1cceb9d05e with Library/PackageCache/com.unity.burst@6bb9aca3ef38/Unity.Burst.CodeGen/Unity.Burst.Cecil.dll
info: Unity.ILPP.Runner.PostProcessingAssemblyLoadContext[0]
      Resolved Mono.Cecil, Version=0.11.5.0, Culture=neutral, PublicKeyToken=50cebf1cceb9d05e with Library/PackageCache/com.unity.nuget.mono-cecil@ecb9724e46ff/Mono.Cecil.dll
info: Microsoft.AspNetCore.Routing.EndpointMiddleware[1]
      Executed endpoint 'gRPC - /UnityILPP.PostProcessing/ConfigurePostProcessors'
info: Microsoft.AspNetCore.Hosting.Diagnostics[2]
      Request finished HTTP/2 POST http://ilpp/UnityILPP.PostProcessing/ConfigurePostProcessors - 200 - application/grpc 17.1305ms
info: Microsoft.AspNetCore.Hosting.Diagnostics[1]
      Request starting HTTP/2 POST http://ilpp/UnityILPP.PostProcessing/PostProcessAssembly - application/grpc -
info: Microsoft.AspNetCore.Routing.EndpointMiddleware[0]
      Executing endpoint 'gRPC - /UnityILPP.PostProcessing/PostProcessAssembly'
info: Unity.ILPP.Runner.PostProcessingPipeline[0]
      Processing assembly Library/Bee/artifacts/2000b0aE.dag/CastleBusters.dll, with 118 defines and 326 references
info: Unity.ILPP.Runner.PostProcessingPipeline[0]
      processors: Unity.Jobs.CodeGen.JobsILPostProcessor, zzzUnity.Burst.CodeGen.BurstILPostProcessor
info: Unity.ILPP.Runner.PostProcessingPipeline[0]
      running Unity.Jobs.CodeGen.JobsILPostProcessor
info: Unity.ILPP.Runner.PostProcessingPipeline[0]
      running zzzUnity.Burst.CodeGen.BurstILPostProcessor
info: Microsoft.AspNetCore.Routing.EndpointMiddleware[1]
      Executed endpoint 'gRPC - /UnityILPP.PostProcessing/PostProcessAssembly'
info: Microsoft.AspNetCore.Hosting.Diagnostics[2]
      Request finished HTTP/2 POST http://ilpp/UnityILPP.PostProcessing/PostProcessAssembly - 200 - application/grpc 8.9996ms
info: Microsoft.AspNetCore.Hosting.Diagnostics[1]
      Request starting HTTP/2 POST http://ilpp/UnityILPP.PostProcessing/PostProcessAssembly - application/grpc -
info: Microsoft.AspNetCore.Routing.EndpointMiddleware[0]
      Executing endpoint 'gRPC - /UnityILPP.PostProcessing/PostProcessAssembly'
info: Microsoft.AspNetCore.Hosting.Diagnostics[1]
      Request starting HTTP/2 POST http://ilpp/UnityILPP.PostProcessing/PostProcessAssembly - application/grpc -
info: Microsoft.AspNetCore.Routing.EndpointMiddleware[0]
      Executing endpoint 'gRPC - /UnityILPP.PostProcessing/PostProcessAssembly'
info: Microsoft.AspNetCore.Hosting.Diagnostics[1]
      Request starting HTTP/2 POST http://ilpp/UnityILPP.PostProcessing/PostProcessAssembly - application/grpc -
info: Microsoft.AspNetCore.Routing.EndpointMiddleware[0]
      Executing endpoint 'gRPC - /UnityILPP.PostProcessing/PostProcessAssembly'
info: Unity.ILPP.Runner.PostProcessingPipeline[0]
      Processing assembly Library/Bee/artifacts/2000b0aE.dag/CastleBusters.EditModeTests.dll, with 116 defines and 297 references
info: Unity.ILPP.Runner.PostProcessingPipeline[0]
      processors: Unity.Jobs.CodeGen.JobsILPostProcessor, zzzUnity.Burst.CodeGen.BurstILPostProcessor
info: Unity.ILPP.Runner.PostProcessingPipeline[0]
      Processing assembly Library/Bee/artifacts/2000b0aE.dag/Assembly-CSharp.dll, with 118 defines and 412 references
info: Unity.ILPP.Runner.PostProcessingPipeline[0]
      processors: Unity.Jobs.CodeGen.JobsILPostProcessor, zzzUnity.Burst.CodeGen.BurstILPostProcessor
info: Unity.ILPP.Runner.PostProcessingPipeline[0]
      running Unity.Jobs.CodeGen.JobsILPostProcessor
info: Unity.ILPP.Runner.PostProcessingPipeline[0]
      running Unity.Jobs.CodeGen.JobsILPostProcessor
info: Unity.ILPP.Runner.PostProcessingPipeline[0]
      running zzzUnity.Burst.CodeGen.BurstILPostProcessor
info: Unity.ILPP.Runner.PostProcessingPipeline[0]
      Processing assembly Library/Bee/artifacts/2000b0aE.dag/CastleBusters.PlayModeTests.dll, with 118 defines and 282 references
info: Unity.ILPP.Runner.PostProcessingPipeline[0]
      processors: Unity.Jobs.CodeGen.JobsILPostProcessor, zzzUnity.Burst.CodeGen.BurstILPostProcessor
info: Unity.ILPP.Runner.PostProcessingAssemblyLoadContext[0]
      Resolved Unity.Collections, Version=0.0.0.0, Culture=neutral, PublicKeyToken=null with Library/Bee/artifacts/2000b0aE.dag/Unity.Collections.dll
info: Unity.ILPP.Runner.PostProcessingPipeline[0]
      running Unity.Jobs.CodeGen.JobsILPostProcessor
info: Unity.ILPP.Runner.PostProcessingPipeline[0]
      running zzzUnity.Burst.CodeGen.BurstILPostProcessor
info: Microsoft.AspNetCore.Routing.EndpointMiddleware[1]
      Executed endpoint 'gRPC - /UnityILPP.PostProcessing/PostProcessAssembly'
info: Microsoft.AspNetCore.Hosting.Diagnostics[2]
      Request finished HTTP/2 POST http://ilpp/UnityILPP.PostProcessing/PostProcessAssembly - 200 - application/grpc 3.2691ms
info: Microsoft.AspNetCore.Routing.EndpointMiddleware[1]
      Executed endpoint 'gRPC - /UnityILPP.PostProcessing/PostProcessAssembly'
info: Microsoft.AspNetCore.Hosting.Diagnostics[2]
      Request finished HTTP/2 POST http://ilpp/UnityILPP.PostProcessing/PostProcessAssembly - 200 - application/grpc 3.3656ms
info: Unity.ILPP.Runner.PostProcessingAssemblyLoadContext[0]
      Resolved UnityEditor.CoreModule, Version=0.0.0.0, Culture=neutral, PublicKeyToken=null with /Applications/Unity/Hub/Editor/6000.5.6f1/Unity.app/Contents/Resources/Scripting/Managed/UnityEngine/UnityEditor.CoreModule.dll
info: Unity.ILPP.Runner.PostProcessingAssemblyLoadContext[0]
      Resolved UnityEngine.CoreModule, Version=0.0.0.0, Culture=neutral, PublicKeyToken=null with /Applications/Unity/Hub/Editor/6000.5.6f1/Unity.app/Contents/Resources/Scripting/Managed/UnityEngine/UnityEngine.CoreModule.dll
info: Unity.ILPP.Runner.PostProcessingAssemblyLoadContext[0]
      Resolved Unity.Scripting, Version=0.0.0.0, Culture=neutral, PublicKeyToken=null with /Applications/Unity/Hub/Editor/6000.5.6f1/Unity.app/Contents/Resources/Scripting/Managed/UnityEngine/Unity.Scripting.dll
info: Unity.ILPP.Runner.PostProcessingPipeline[0]
      running zzzUnity.Burst.CodeGen.BurstILPostProcessor
info: Unity.ILPP.Runner.PostProcessingAssemblyLoadContext[0]
      Resolved Unity.Burst.Cecil.Rocks, Version=0.11.6.0, Culture=neutral, PublicKeyToken=50cebf1cceb9d05e with Library/PackageCache/com.unity.burst@6bb9aca3ef38/Unity.Burst.CodeGen/Unity.Burst.Cecil.Rocks.dll
info: Microsoft.AspNetCore.Routing.EndpointMiddleware[1]
      Executed endpoint 'gRPC - /UnityILPP.PostProcessing/PostProcessAssembly'
info: Microsoft.AspNetCore.Hosting.Diagnostics[2]
      Request finished HTTP/2 POST http://ilpp/UnityILPP.PostProcessing/PostProcessAssembly - 200 - application/grpc 230.6038ms
info: Microsoft.AspNetCore.Hosting.Diagnostics[1]
      Request starting HTTP/2 POST http://ilpp/UnityILPP.PostProcessing/PostProcessAssembly - application/grpc -
info: Microsoft.AspNetCore.Routing.EndpointMiddleware[0]
      Executing endpoint 'gRPC - /UnityILPP.PostProcessing/PostProcessAssembly'
info: Unity.ILPP.Runner.PostProcessingPipeline[0]
      Processing assembly Library/Bee/artifacts/2000b0aE.dag/Assembly-CSharp-Editor.dll, with 116 defines and 440 references
info: Unity.ILPP.Runner.PostProcessingPipeline[0]
      processors: Unity.Jobs.CodeGen.JobsILPostProcessor, zzzUnity.Burst.CodeGen.BurstILPostProcessor
info: Unity.ILPP.Runner.PostProcessingPipeline[0]
      running Unity.Jobs.CodeGen.JobsILPostProcessor
info: Unity.ILPP.Runner.PostProcessingPipeline[0]
      running zzzUnity.Burst.CodeGen.BurstILPostProcessor
info: Microsoft.AspNetCore.Routing.EndpointMiddleware[1]
      Executed endpoint 'gRPC - /UnityILPP.PostProcessing/PostProcessAssembly'
info: Microsoft.AspNetCore.Hosting.Diagnostics[2]
      Request finished HTTP/2 POST http://ilpp/UnityILPP.PostProcessing/PostProcessAssembly - 200 - application/grpc 54.7525ms
ExitCode: 0 Duration: 3s147ms
[1132/1540  0s] ILPP-Configuration Library/ilpp-configuration.nevergeneratedoutput
[1520/1540  1s] Csc Library/Bee/artifacts/2000b0aE.dag/CastleBusters.dll (+2 others)
Assets/Scripts/CannonController.cs(46,79): warning CS0618: 'Object.FindObjectsOfType<T>()' is obsolete: 'Object.FindObjectsOfType has been deprecated. Use Object.FindObjectsByType instead which lets you decide whether you need the results sorted or not.  FindObjectsOfType sorts the results by InstanceID but if you do not need this using FindObjectSortMode.None is considerably faster.'
Assets/Scripts/CannonController.cs(537,39): warning CS0618: 'Object.FindObjectsOfType<T>()' is obsolete: 'Object.FindObjectsOfType has been deprecated. Use Object.FindObjectsByType instead which lets you decide whether you need the results sorted or not.  FindObjectsOfType sorts the results by InstanceID but if you do not need this using FindObjectSortMode.None is considerably faster.'
Assets/Scripts/DestructibleBlock.cs(50,80): warning CS0618: 'Object.FindObjectsOfType<T>()' is obsolete: 'Object.FindObjectsOfType has been deprecated. Use Object.FindObjectsByType instead which lets you decide whether you need the results sorted or not.  FindObjectsOfType sorts the results by InstanceID but if you do not need this using FindObjectSortMode.None is considerably faster.'
Assets/Scripts/DeploymentController.cs(244,22): warning CS0618: 'Object.FindObjectOfType<T>()' is obsolete: 'Object.FindObjectOfType has been deprecated. Use Object.FindAnyObjectByType instead.'
Assets/Scripts/FirstPlayCoachController.cs(65,29): warning CS0618: 'Object.FindObjectOfType<T>()' is obsolete: 'Object.FindObjectOfType has been deprecated. Use Object.FindAnyObjectByType instead.'
Assets/Scripts/WebtoonPrologueController.cs(288,13): warning CS0618: 'TMP_Text.enableWordWrapping' is obsolete: 'The enabledWordWrapping property is now obsolete. Please use the textWrappingMode property instead.'
Assets/Scripts/WebtoonPrologueController.cs(307,13): warning CS0618: 'TMP_Text.enableWordWrapping' is obsolete: 'The enabledWordWrapping property is now obsolete. Please use the textWrappingMode property instead.'
Assets/Scripts/ExplosiveGimmick.cs(262,35): warning CS0618: 'Object.FindObjectsOfType<T>()' is obsolete: 'Object.FindObjectsOfType has been deprecated. Use Object.FindObjectsByType instead which lets you decide whether you need the results sorted or not.  FindObjectsOfType sorts the results by InstanceID but if you do not need this using FindObjectSortMode.None is considerably faster.'
Assets/Scripts/GameManager.cs(154,72): warning CS0618: 'Object.FindObjectOfType<T>()' is obsolete: 'Object.FindObjectOfType has been deprecated. Use Object.FindAnyObjectByType instead.'
Assets/Scripts/BgmManager.cs(129,34): warning CS0618: 'Object.FindObjectsOfType<T>()' is obsolete: 'Object.FindObjectsOfType has been deprecated. Use Object.FindObjectsByType instead which lets you decide whether you need the results sorted or not.  FindObjectsOfType sorts the results by InstanceID but if you do not need this using FindObjectSortMode.None is considerably faster.'
Assets/Scripts/DeploymentController.cs(633,13): warning CS0618: 'TMP_Text.enableWordWrapping' is obsolete: 'The enabledWordWrapping property is now obsolete. Please use the textWrappingMode property instead.'
Assets/Scripts/DeploymentController.cs(673,13): warning CS0618: 'TMP_Text.enableWordWrapping' is obsolete: 'The enabledWordWrapping property is now obsolete. Please use the textWrappingMode property instead.'
Assets/Scripts/GamePresentationDirector.cs(175,56): warning CS0618: 'Object.FindObjectOfType<T>()' is obsolete: 'Object.FindObjectOfType has been deprecated. Use Object.FindAnyObjectByType instead.'
Assets/Scripts/GameManager.cs(311,58): warning CS0618: 'Object.FindObjectOfType<T>()' is obsolete: 'Object.FindObjectOfType has been deprecated. Use Object.FindAnyObjectByType instead.'
Assets/Scripts/IntroScreenController.cs(224,13): warning CS0618: 'TMP_Text.enableWordWrapping' is obsolete: 'The enabledWordWrapping property is now obsolete. Please use the textWrappingMode property instead.'
Assets/Scripts/FirstPlayCoachController.cs(378,13): warning CS0618: 'TMP_Text.enableWordWrapping' is obsolete: 'The enabledWordWrapping property is now obsolete. Please use the textWrappingMode property instead.'
Assets/Scripts/IntroScreenController.cs(282,13): warning CS0618: 'TMP_Text.enableWordWrapping' is obsolete: 'The enabledWordWrapping property is now obsolete. Please use the textWrappingMode property instead.'
Assets/Scripts/IntroScreenController.cs(313,13): warning CS0618: 'TMP_Text.enableWordWrapping' is obsolete: 'The enabledWordWrapping property is now obsolete. Please use the textWrappingMode property instead.'
Assets/Scripts/GameManager.cs(505,17): warning CS0618: 'Object.FindObjectOfType<T>()' is obsolete: 'Object.FindObjectOfType has been deprecated. Use Object.FindAnyObjectByType instead.'
Assets/Scripts/MobileStorefront.cs(90,24): warning CS0618: 'Object.FindObjectOfType<T>()' is obsolete: 'Object.FindObjectOfType has been deprecated. Use Object.FindAnyObjectByType instead.'
Assets/Scripts/GameManager.cs(518,17): warning CS0618: 'Object.FindObjectOfType<T>()' is obsolete: 'Object.FindObjectOfType has been deprecated. Use Object.FindAnyObjectByType instead.'
Assets/Scripts/GameManager.cs(525,17): warning CS0618: 'Object.FindObjectOfType<T>()' is obsolete: 'Object.FindObjectOfType has been deprecated. Use Object.FindAnyObjectByType instead.'
Assets/Scripts/GameManager.cs(532,17): warning CS0618: 'Object.FindObjectOfType<T>()' is obsolete: 'Object.FindObjectOfType has been deprecated. Use Object.FindAnyObjectByType instead.'
Assets/Scripts/MobileStorefront.cs(485,13): warning CS0618: 'TMP_Text.enableWordWrapping' is obsolete: 'The enabledWordWrapping property is now obsolete. Please use the textWrappingMode property instead.'
Assets/Scripts/MobileStorefront.cs(498,13): warning CS0618: 'TMP_Text.enableWordWrapping' is obsolete: 'The enabledWordWrapping property is now obsolete. Please use the textWrappingMode property instead.'
Assets/Scripts/GameManager.cs(634,28): warning CS0618: 'Object.FindObjectOfType<T>()' is obsolete: 'Object.FindObjectOfType has been deprecated. Use Object.FindAnyObjectByType instead.'
Assets/Scripts/SiegeAlarmSystem.cs(85,13): warning CS0618: 'TMP_Text.enableWordWrapping' is obsolete: 'The enabledWordWrapping property is now obsolete. Please use the textWrappingMode property instead.'
Assets/Scripts/IntroScreenController.cs(431,13): warning CS0618: 'TMP_Text.enableWordWrapping' is obsolete: 'The enabledWordWrapping property is now obsolete. Please use the textWrappingMode property instead.'
Assets/Scripts/GameManager.cs(678,33): warning CS0618: 'Object.FindObjectsOfType<T>()' is obsolete: 'Object.FindObjectsOfType has been deprecated. Use Object.FindObjectsByType instead which lets you decide whether you need the results sorted or not.  FindObjectsOfType sorts the results by InstanceID but if you do not need this using FindObjectSortMode.None is considerably faster.'
Assets/Scripts/GameFeelVfx.cs(1030,13): warning CS0618: 'TMP_Text.enableWordWrapping' is obsolete: 'The enabledWordWrapping property is now obsolete. Please use the textWrappingMode property instead.'
Assets/Scripts/SiegeAlarmSystem.cs(132,13): warning CS0618: 'TMP_Text.enableWordWrapping' is obsolete: 'The enabledWordWrapping property is now obsolete. Please use the textWrappingMode property instead.'
Assets/Scripts/StageWeather.cs(25,28): warning CS0618: 'Object.FindObjectOfType<T>()' is obsolete: 'Object.FindObjectOfType has been deprecated. Use Object.FindAnyObjectByType instead.'
Assets/Scripts/StageInterludeController.cs(124,13): warning CS0618: 'TMP_Text.enableWordWrapping' is obsolete: 'The enabledWordWrapping property is now obsolete. Please use the textWrappingMode property instead.'
Assets/Scripts/GameFeelVfx.cs(1159,39): warning CS0618: 'Object.FindObjectsOfType<T>()' is obsolete: 'Object.FindObjectsOfType has been deprecated. Use Object.FindObjectsByType instead which lets you decide whether you need the results sorted or not.  FindObjectsOfType sorts the results by InstanceID but if you do not need this using FindObjectSortMode.None is considerably faster.'
Assets/Scripts/GameFeelVfx.cs(1163,36): warning CS0618: 'Object.FindObjectsOfType<T>()' is obsolete: 'Object.FindObjectsOfType has been deprecated. Use Object.FindObjectsByType instead which lets you decide whether you need the results sorted or not.  FindObjectsOfType sorts the results by InstanceID but if you do not need this using FindObjectSortMode.None is considerably faster.'
Assets/Scripts/GameFeelVfx.cs(1167,34): warning CS0618: 'Object.FindObjectsOfType<T>()' is obsolete: 'Object.FindObjectsOfType has been deprecated. Use Object.FindObjectsByType instead which lets you decide whether you need the results sorted or not.  FindObjectsOfType sorts the results by InstanceID but if you do not need this using FindObjectSortMode.None is considerably faster.'
Assets/Scripts/SpriteAtlasPacker.cs(158,38): warning CS0618: 'Object.FindObjectsOfType<T>(bool)' is obsolete: 'Object.FindObjectsOfType has been deprecated. Use Object.FindObjectsByType instead which lets you decide whether you need the results sorted or not.  FindObjectsOfType sorts the results by InstanceID but if you do not need this using FindObjectSortMode.None is considerably faster.'
Assets/Scripts/UnitController.cs(161,77): warning CS0618: 'Object.FindObjectsOfType<T>()' is obsolete: 'Object.FindObjectsOfType has been deprecated. Use Object.FindObjectsByType instead which lets you decide whether you need the results sorted or not.  FindObjectsOfType sorts the results by InstanceID but if you do not need this using FindObjectSortMode.None is considerably faster.'
Assets/Scripts/GameManager.cs(1042,22): warning CS0618: 'Object.FindObjectOfType<T>()' is obsolete: 'Object.FindObjectOfType has been deprecated. Use Object.FindAnyObjectByType instead.'
Assets/Scripts/GameManager.cs(1048,22): warning CS0618: 'Object.FindObjectOfType<T>()' is obsolete: 'Object.FindObjectOfType has been deprecated. Use Object.FindAnyObjectByType instead.'
Assets/Scripts/SpriteAtlasPacker.cs(246,38): warning CS0618: 'Object.FindObjectsOfType<T>(bool)' is obsolete: 'Object.FindObjectsOfType has been deprecated. Use Object.FindObjectsByType instead which lets you decide whether you need the results sorted or not.  FindObjectsOfType sorts the results by InstanceID but if you do not need this using FindObjectSortMode.None is considerably faster.'
Assets/Scripts/SiegeEcosystem.cs(349,13): warning CS0618: 'TMP_Text.enableWordWrapping' is obsolete: 'The enabledWordWrapping property is now obsolete. Please use the textWrappingMode property instead.'
Assets/Scripts/GameManager.cs(1089,31): warning CS0618: 'Object.FindObjectsOfType<T>()' is obsolete: 'Object.FindObjectsOfType has been deprecated. Use Object.FindObjectsByType instead which lets you decide whether you need the results sorted or not.  FindObjectsOfType sorts the results by InstanceID but if you do not need this using FindObjectSortMode.None is considerably faster.'
Assets/Scripts/GameManager.cs(1276,17): warning CS0618: 'TMP_Text.enableWordWrapping' is obsolete: 'The enabledWordWrapping property is now obsolete. Please use the textWrappingMode property instead.'
Assets/Scripts/LaunchManager.cs(991,27): warning CS0618: 'Physics2D.BoxCastNonAlloc(Vector2, Vector2, float, Vector2, RaycastHit2D[], float, int)' is obsolete: 'BoxCastNonAlloc has been deprecated. Please use BoxCast.'
Assets/Scripts/GameManager.cs(1454,17): warning CS0618: 'TMP_Text.enableWordWrapping' is obsolete: 'The enabledWordWrapping property is now obsolete. Please use the textWrappingMode property instead.'
Assets/Scripts/GameManager.cs(2277,22): warning CS0618: 'Object.FindObjectOfType<T>()' is obsolete: 'Object.FindObjectOfType has been deprecated. Use Object.FindAnyObjectByType instead.'
Assets/Scripts/GameManager.cs(2385,22): warning CS0618: 'Object.FindObjectOfType<T>()' is obsolete: 'Object.FindObjectOfType has been deprecated. Use Object.FindAnyObjectByType instead.'
Assets/Scripts/UnitController.cs(1353,34): warning CS0618: 'Object.FindObjectsOfType<T>()' is obsolete: 'Object.FindObjectsOfType has been deprecated. Use Object.FindObjectsByType instead which lets you decide whether you need the results sorted or not.  FindObjectsOfType sorts the results by InstanceID but if you do not need this using FindObjectSortMode.None is considerably faster.'
Assets/Scripts/UnitController.cs(136,22): warning CS0414: The field 'UnitController.hasStoredOriginalColor' is assigned but its value is never used
[1521/1540  0s] ILPostProcess Library/Bee/artifacts/2000b0aE.dag/post-processed/CastleBusters.dll (+pdb)
Processing assembly Library/Bee/artifacts/2000b0aE.dag/CastleBusters.dll, with 118 defines and 326 references
processors: Unity.Jobs.CodeGen.JobsILPostProcessor, zzzUnity.Burst.CodeGen.BurstILPostProcessor
running Unity.Jobs.CodeGen.JobsILPostProcessor
running zzzUnity.Burst.CodeGen.BurstILPostProcessor
[1522/1540  0s] CopyFiles Library/ScriptAssemblies/CastleBusters.pdb
[1523/1540  0s] CopyFiles Library/ScriptAssemblies/CastleBusters.dll
[1524/1540  0s] Csc Library/Bee/artifacts/2000b0aE.dag/Assembly-CSharp.dll (+2 others)
[1525/1540  0s] Csc Library/Bee/artifacts/2000b0aE.dag/CastleBusters.EditModeTests.dll (+2 others)
Assets/Tests/EditMode/CastleMaterialCensusTests.cs(119,75): warning CS0618: 'FindObjectsSortMode' is obsolete: 'FindObjectsSortMode has been deprecated. Use the FindObjectsByType overloads that do not take a FindObjectsSortMode parameter.'
Assets/Tests/EditMode/CastleMaterialCensusTests.cs(119,31): warning CS0618: 'Object.FindObjectsByType<T>(FindObjectsSortMode)' is obsolete: 'FindObjectsByType with FindObjectsSortMode parameter has been deprecated. Use FindObjectsByType<T>() or FindObjectsByType<T>(FindObjectsInactive) instead. InstanceID will be replaced in the future with EntityId and previous sort order cannot be maintained.'
Assets/Tests/EditMode/CastleMaterialCensusTests.cs(121,74): warning CS0618: 'FindObjectsSortMode' is obsolete: 'FindObjectsSortMode has been deprecated. Use the FindObjectsByType overloads that do not take a FindObjectsSortMode parameter.'
Assets/Tests/EditMode/CastleMaterialCensusTests.cs(121,31): warning CS0618: 'Object.FindObjectsByType<T>(FindObjectsSortMode)' is obsolete: 'FindObjectsByType with FindObjectsSortMode parameter has been deprecated. Use FindObjectsByType<T>() or FindObjectsByType<T>(FindObjectsInactive) instead. InstanceID will be replaced in the future with EntityId and previous sort order cannot be maintained.'
Assets/Tests/EditMode/GroundAtlasBudgetTests.cs(151,79): warning CS0618: 'FindObjectsSortMode' is obsolete: 'FindObjectsSortMode has been deprecated. Use the FindObjectsByType overloads that do not take a FindObjectsSortMode parameter.'
Assets/Tests/EditMode/GroundAtlasBudgetTests.cs(151,35): warning CS0618: 'Object.FindObjectsByType<T>(FindObjectsSortMode)' is obsolete: 'FindObjectsByType with FindObjectsSortMode parameter has been deprecated. Use FindObjectsByType<T>() or FindObjectsByType<T>(FindObjectsInactive) instead. InstanceID will be replaced in the future with EntityId and previous sort order cannot be maintained.'
Assets/Tests/EditMode/GroundAtlasBudgetTests.cs(160,79): warning CS0618: 'FindObjectsSortMode' is obsolete: 'FindObjectsSortMode has been deprecated. Use the FindObjectsByType overloads that do not take a FindObjectsSortMode parameter.'
Assets/Tests/EditMode/GroundAtlasBudgetTests.cs(160,35): warning CS0618: 'Object.FindObjectsByType<T>(FindObjectsSortMode)' is obsolete: 'FindObjectsByType with FindObjectsSortMode parameter has been deprecated. Use FindObjectsByType<T>() or FindObjectsByType<T>(FindObjectsInactive) instead. InstanceID will be replaced in the future with EntityId and previous sort order cannot be maintained.'
Assets/Tests/EditMode/PreviewParityRegressionTests.cs(175,65): warning CS0618: 'Object.FindObjectsOfType<T>()' is obsolete: 'Object.FindObjectsOfType has been deprecated. Use Object.FindObjectsByType instead which lets you decide whether you need the results sorted or not.  FindObjectsOfType sorts the results by InstanceID but if you do not need this using FindObjectSortMode.None is considerably faster.'
Assets/Tests/EditMode/ProductionPathRegressionTests.cs(121,66): warning CS0618: 'Object.FindObjectsOfType<T>()' is obsolete: 'Object.FindObjectsOfType has been deprecated. Use Object.FindObjectsByType instead which lets you decide whether you need the results sorted or not.  FindObjectsOfType sorts the results by InstanceID but if you do not need this using FindObjectSortMode.None is considerably faster.'
Assets/Tests/EditMode/ProductionPathRegressionTests.cs(139,50): warning CS0618: 'Object.FindObjectsOfType<T>()' is obsolete: 'Object.FindObjectsOfType has been deprecated. Use Object.FindObjectsByType instead which lets you decide whether you need the results sorted or not.  FindObjectsOfType sorts the results by InstanceID but if you do not need this using FindObjectSortMode.None is considerably faster.'
Assets/Tests/EditMode/PreviewParityRegressionTests.cs(271,50): warning CS0618: 'Object.FindObjectsOfType<T>()' is obsolete: 'Object.FindObjectsOfType has been deprecated. Use Object.FindObjectsByType instead which lets you decide whether you need the results sorted or not.  FindObjectsOfType sorts the results by InstanceID but if you do not need this using FindObjectSortMode.None is considerably faster.'
[1526/1540  0s] Csc Library/Bee/artifacts/2000b0aE.dag/CastleBusters.PlayModeTests.dll (+2 others)
Assets/Tests/PlayMode/KeepSpawnIntegrityTests.cs(23,35): warning CS0618: 'Object.FindObjectsOfType<T>()' is obsolete: 'Object.FindObjectsOfType has been deprecated. Use Object.FindObjectsByType instead which lets you decide whether you need the results sorted or not.  FindObjectsOfType sorts the results by InstanceID but if you do not need this using FindObjectSortMode.None is considerably faster.'
Assets/Tests/PlayMode/ImpactVfxCaptureProbe.cs(41,83): warning CS0618: 'FindObjectsSortMode' is obsolete: 'FindObjectsSortMode has been deprecated. Use the FindObjectsByType overloads that do not take a FindObjectsSortMode parameter.'
Assets/Tests/PlayMode/ImpactVfxCaptureProbe.cs(41,35): warning CS0618: 'Object.FindObjectsByType<T>(FindObjectsSortMode)' is obsolete: 'FindObjectsByType with FindObjectsSortMode parameter has been deprecated. Use FindObjectsByType<T>() or FindObjectsByType<T>(FindObjectsInactive) instead. InstanceID will be replaced in the future with EntityId and previous sort order cannot be maintained.'
Assets/Tests/PlayMode/ImpactVfxCaptureProbe.cs(43,83): warning CS0618: 'FindObjectsSortMode' is obsolete: 'FindObjectsSortMode has been deprecated. Use the FindObjectsByType overloads that do not take a FindObjectsSortMode parameter.'
Assets/Tests/PlayMode/ImpactVfxCaptureProbe.cs(43,31): warning CS0618: 'Object.FindObjectsByType<T>(FindObjectsSortMode)' is obsolete: 'FindObjectsByType with FindObjectsSortMode parameter has been deprecated. Use FindObjectsByType<T>() or FindObjectsByType<T>(FindObjectsInactive) instead. InstanceID will be replaced in the future with EntityId and previous sort order cannot be maintained.'
Assets/Tests/PlayMode/LauncherMotionEvidenceCapture.cs(60,83): warning CS0618: 'FindObjectsSortMode' is obsolete: 'FindObjectsSortMode has been deprecated. Use the FindObjectsByType overloads that do not take a FindObjectsSortMode parameter.'
Assets/Tests/PlayMode/LauncherMotionEvidenceCapture.cs(60,35): warning CS0618: 'Object.FindObjectsByType<T>(FindObjectsSortMode)' is obsolete: 'FindObjectsByType with FindObjectsSortMode parameter has been deprecated. Use FindObjectsByType<T>() or FindObjectsByType<T>(FindObjectsInactive) instead. InstanceID will be replaced in the future with EntityId and previous sort order cannot be maintained.'
Assets/Tests/PlayMode/LauncherMotionEvidenceCapture.cs(64,90): warning CS0618: 'FindObjectsSortMode' is obsolete: 'FindObjectsSortMode has been deprecated. Use the FindObjectsByType overloads that do not take a FindObjectsSortMode parameter.'
Assets/Tests/PlayMode/LauncherMotionEvidenceCapture.cs(64,38): warning CS0618: 'Object.FindObjectsByType<T>(FindObjectsSortMode)' is obsolete: 'FindObjectsByType with FindObjectsSortMode parameter has been deprecated. Use FindObjectsByType<T>() or FindObjectsByType<T>(FindObjectsInactive) instead. InstanceID will be replaced in the future with EntityId and previous sort order cannot be maintained.'
Assets/Tests/PlayMode/BugFixVerificationTests.cs(41,33): warning CS0618: 'Object.FindObjectOfType<T>()' is obsolete: 'Object.FindObjectOfType has been deprecated. Use Object.FindAnyObjectByType instead.'
Assets/Tests/PlayMode/BugFixVerificationTests.cs(44,33): warning CS0618: 'Object.FindObjectsOfType<T>()' is obsolete: 'Object.FindObjectsOfType has been deprecated. Use Object.FindObjectsByType instead which lets you decide whether you need the results sorted or not.  FindObjectsOfType sorts the results by InstanceID but if you do not need this using FindObjectSortMode.None is considerably faster.'
Assets/Tests/PlayMode/BugFixVerificationTests.cs(54,32): warning CS0618: 'Object.FindObjectsOfType<T>()' is obsolete: 'Object.FindObjectsOfType has been deprecated. Use Object.FindObjectsByType instead which lets you decide whether you need the results sorted or not.  FindObjectsOfType sorts the results by InstanceID but if you do not need this using FindObjectSortMode.None is considerably faster.'
Assets/Tests/PlayMode/CastleBustersAnalysisTests.cs(50,29): warning CS0618: 'Object.FindObjectOfType<T>()' is obsolete: 'Object.FindObjectOfType has been deprecated. Use Object.FindAnyObjectByType instead.'
Assets/Tests/PlayMode/AutoPlayTest.cs(38,33): warning CS0618: 'Object.FindObjectOfType<T>()' is obsolete: 'Object.FindObjectOfType has been deprecated. Use Object.FindAnyObjectByType instead.'
Assets/Tests/PlayMode/CastleBustersAnalysisTests.cs(81,29): warning CS0618: 'Object.FindObjectOfType<T>()' is obsolete: 'Object.FindObjectOfType has been deprecated. Use Object.FindAnyObjectByType instead.'
Assets/Tests/PlayMode/ImpactVfxCaptureProbe.cs(54,68): warning CS0618: 'FindObjectsSortMode' is obsolete: 'FindObjectsSortMode has been deprecated. Use the FindObjectsByType overloads that do not take a FindObjectsSortMode parameter.'
Assets/Tests/PlayMode/ImpactVfxCaptureProbe.cs(54,35): warning CS0618: 'Object.FindObjectsByType<T>(FindObjectsSortMode)' is obsolete: 'FindObjectsByType with FindObjectsSortMode parameter has been deprecated. Use FindObjectsByType<T>() or FindObjectsByType<T>(FindObjectsInactive) instead. InstanceID will be replaced in the future with EntityId and previous sort order cannot be maintained.'
Assets/Tests/PlayMode/BestOfThreeAndRenderingFixTests.cs(103,26): warning CS0618: 'Object.FindObjectOfType<T>()' is obsolete: 'Object.FindObjectOfType has been deprecated. Use Object.FindAnyObjectByType instead.'
Assets/Tests/PlayMode/LauncherMotionLiveSceneTests.cs(66,22): warning CS0618: 'Object.FindFirstObjectByType<T>()' is obsolete: 'FindFirstObjectByType has been deprecated because it relies on instance ID ordering. Use FindAnyObjectByType instead, which does not depend on ordering.'
Assets/Tests/PlayMode/LauncherMotionEvidenceCapture.cs(87,68): warning CS0618: 'FindObjectsSortMode' is obsolete: 'FindObjectsSortMode has been deprecated. Use the FindObjectsByType overloads that do not take a FindObjectsSortMode parameter.'
Assets/Tests/PlayMode/LauncherMotionEvidenceCapture.cs(87,35): warning CS0618: 'Object.FindObjectsByType<T>(FindObjectsSortMode)' is obsolete: 'FindObjectsByType with FindObjectsSortMode parameter has been deprecated. Use FindObjectsByType<T>() or FindObjectsByType<T>(FindObjectsInactive) instead. InstanceID will be replaced in the future with EntityId and previous sort order cannot be maintained.'
Assets/Tests/PlayMode/LauncherMotionEvidenceCapture.cs(94,61): warning CS0618: 'FindObjectsSortMode' is obsolete: 'FindObjectsSortMode has been deprecated. Use the FindObjectsByType overloads that do not take a FindObjectsSortMode parameter.'
Assets/Tests/PlayMode/LauncherMotionEvidenceCapture.cs(94,28): warning CS0618: 'Object.FindObjectsByType<T>(FindObjectsSortMode)' is obsolete: 'FindObjectsByType with FindObjectsSortMode parameter has been deprecated. Use FindObjectsByType<T>() or FindObjectsByType<T>(FindObjectsInactive) instead. InstanceID will be replaced in the future with EntityId and previous sort order cannot be maintained.'
Assets/Tests/PlayMode/KeepSpawnIntegrityTests.cs(110,33): warning CS0618: 'Object.FindObjectsOfType<T>()' is obsolete: 'Object.FindObjectsOfType has been deprecated. Use Object.FindObjectsByType instead which lets you decide whether you need the results sorted or not.  FindObjectsOfType sorts the results by InstanceID but if you do not need this using FindObjectSortMode.None is considerably faster.'
Assets/Tests/PlayMode/LauncherIdentityProbe.cs(82,73): warning CS0618: 'FindObjectsSortMode' is obsolete: 'FindObjectsSortMode has been deprecated. Use the FindObjectsByType overloads that do not take a FindObjectsSortMode parameter.'
Assets/Tests/PlayMode/LauncherIdentityProbe.cs(82,34): warning CS0618: 'Object.FindObjectsByType<T>(FindObjectsSortMode)' is obsolete: 'FindObjectsByType with FindObjectsSortMode parameter has been deprecated. Use FindObjectsByType<T>() or FindObjectsByType<T>(FindObjectsInactive) instead. InstanceID will be replaced in the future with EntityId and previous sort order cannot be maintained.'
Assets/Tests/PlayMode/LauncherIdentityProbe.cs(87,22): warning CS0618: 'Object.FindFirstObjectByType<T>()' is obsolete: 'FindFirstObjectByType has been deprecated because it relies on instance ID ordering. Use FindAnyObjectByType instead, which does not depend on ordering.'
Assets/Tests/PlayMode/LauncherIdentityProbe.cs(100,73): warning CS0618: 'FindObjectsSortMode' is obsolete: 'FindObjectsSortMode has been deprecated. Use the FindObjectsByType overloads that do not take a FindObjectsSortMode parameter.'
Assets/Tests/PlayMode/LauncherIdentityProbe.cs(100,34): warning CS0618: 'Object.FindObjectsByType<T>(FindObjectsSortMode)' is obsolete: 'FindObjectsByType with FindObjectsSortMode parameter has been deprecated. Use FindObjectsByType<T>() or FindObjectsByType<T>(FindObjectsInactive) instead. InstanceID will be replaced in the future with EntityId and previous sort order cannot be maintained.'
Assets/Tests/PlayMode/LauncherMotionEvidenceCapture.cs(157,22): warning CS0618: 'Object.FindFirstObjectByType<T>()' is obsolete: 'FindFirstObjectByType has been deprecated because it relies on instance ID ordering. Use FindAnyObjectByType instead, which does not depend on ordering.'
Assets/Tests/PlayMode/LauncherMotionLiveSceneTests.cs(110,22): warning CS0618: 'Object.FindFirstObjectByType<T>()' is obsolete: 'FindFirstObjectByType has been deprecated because it relies on instance ID ordering. Use FindAnyObjectByType instead, which does not depend on ordering.'
Assets/Tests/PlayMode/LauncherMotionLiveSceneTests.cs(120,30): warning CS0618: 'Object.FindFirstObjectByType<T>()' is obsolete: 'FindFirstObjectByType has been deprecated because it relies on instance ID ordering. Use FindAnyObjectByType instead, which does not depend on ordering.'
Assets/Tests/PlayMode/CastleBustersAnalysisTests.cs(144,33): warning CS0618: 'Object.FindObjectOfType<T>()' is obsolete: 'Object.FindObjectOfType has been deprecated. Use Object.FindAnyObjectByType instead.'
Assets/Tests/PlayMode/CastleBustersAnalysisTests.cs(131,17): warning CS0219: The variable 'playerWins' is assigned but its value is never used
Assets/Tests/PlayMode/CastleBustersAnalysisTests.cs(132,17): warning CS0219: The variable 'aiWins' is assigned but its value is never used
Assets/Tests/PlayMode/HudCanvasContractTests.cs(249,30): warning CS0618: 'FindObjectsSortMode' is obsolete: 'FindObjectsSortMode has been deprecated. Use the FindObjectsByType overloads that do not take a FindObjectsSortMode parameter.'
Assets/Tests/PlayMode/HudCanvasContractTests.cs(247,43): warning CS0618: 'Object.FindObjectsByType<T>(FindObjectsInactive, FindObjectsSortMode)' is obsolete: 'FindObjectsByType with FindObjectsSortMode parameter has been deprecated. Use FindObjectsByType<T>() or FindObjectsByType<T>(FindObjectsInactive) instead. InstanceID will be replaced in the future with EntityId and previous sort order cannot be maintained.'
Assets/Tests/PlayMode/KeepSpawnIntegrityTests.cs(164,33): warning CS0618: 'Object.FindObjectsOfType<T>()' is obsolete: 'Object.FindObjectsOfType has been deprecated. Use Object.FindObjectsByType instead which lets you decide whether you need the results sorted or not.  FindObjectsOfType sorts the results by InstanceID but if you do not need this using FindObjectSortMode.None is considerably faster.'
Assets/Tests/PlayMode/CastleMaterialCensusProbe.cs(64,87): warning CS0618: 'FindObjectsSortMode' is obsolete: 'FindObjectsSortMode has been deprecated. Use the FindObjectsByType overloads that do not take a FindObjectsSortMode parameter.'
Assets/Tests/PlayMode/CastleMaterialCensusProbe.cs(64,39): warning CS0618: 'Object.FindObjectsByType<T>(FindObjectsSortMode)' is obsolete: 'FindObjectsByType with FindObjectsSortMode parameter has been deprecated. Use FindObjectsByType<T>() or FindObjectsByType<T>(FindObjectsInactive) instead. InstanceID will be replaced in the future with EntityId and previous sort order cannot be maintained.'
Assets/Tests/PlayMode/VisualEvidenceCapture.cs(140,68): warning CS0618: 'FindObjectsSortMode' is obsolete: 'FindObjectsSortMode has been deprecated. Use the FindObjectsByType overloads that do not take a FindObjectsSortMode parameter.'
Assets/Tests/PlayMode/VisualEvidenceCapture.cs(140,35): warning CS0618: 'Object.FindObjectsByType<T>(FindObjectsSortMode)' is obsolete: 'FindObjectsByType with FindObjectsSortMode parameter has been deprecated. Use FindObjectsByType<T>() or FindObjectsByType<T>(FindObjectsInactive) instead. InstanceID will be replaced in the future with EntityId and previous sort order cannot be maintained.'
Assets/Tests/PlayMode/VisualEvidenceCapture.cs(147,61): warning CS0618: 'FindObjectsSortMode' is obsolete: 'FindObjectsSortMode has been deprecated. Use the FindObjectsByType overloads that do not take a FindObjectsSortMode parameter.'
Assets/Tests/PlayMode/VisualEvidenceCapture.cs(147,28): warning CS0618: 'Object.FindObjectsByType<T>(FindObjectsSortMode)' is obsolete: 'FindObjectsByType with FindObjectsSortMode parameter has been deprecated. Use FindObjectsByType<T>() or FindObjectsByType<T>(FindObjectsInactive) instead. InstanceID will be replaced in the future with EntityId and previous sort order cannot be maintained.'
Assets/Tests/PlayMode/LauncherMotionLiveSceneTests.cs(163,24): warning CS0618: 'Object.FindFirstObjectByType<T>()' is obsolete: 'FindFirstObjectByType has been deprecated because it relies on instance ID ordering. Use FindAnyObjectByType instead, which does not depend on ordering.'
Assets/Tests/PlayMode/CastleBustersAnalysisTests.cs(226,29): warning CS0618: 'Object.FindObjectOfType<T>()' is obsolete: 'Object.FindObjectOfType has been deprecated. Use Object.FindAnyObjectByType instead.'
Assets/Tests/PlayMode/VisualEvidenceCapture.cs(211,75): warning CS0618: 'FindObjectsSortMode' is obsolete: 'FindObjectsSortMode has been deprecated. Use the FindObjectsByType overloads that do not take a FindObjectsSortMode parameter.'
Assets/Tests/PlayMode/VisualEvidenceCapture.cs(211,34): warning CS0618: 'Object.FindObjectsByType<T>(FindObjectsSortMode)' is obsolete: 'FindObjectsByType with FindObjectsSortMode parameter has been deprecated. Use FindObjectsByType<T>() or FindObjectsByType<T>(FindObjectsInactive) instead. InstanceID will be replaced in the future with EntityId and previous sort order cannot be maintained.'
Assets/Tests/PlayMode/HudFixEvidenceCapture.cs(144,77): warning CS0618: 'FindObjectsSortMode' is obsolete: 'FindObjectsSortMode has been deprecated. Use the FindObjectsByType overloads that do not take a FindObjectsSortMode parameter.'
Assets/Tests/PlayMode/HudFixEvidenceCapture.cs(144,35): warning CS0618: 'Object.FindObjectsByType<T>(FindObjectsSortMode)' is obsolete: 'FindObjectsByType with FindObjectsSortMode parameter has been deprecated. Use FindObjectsByType<T>() or FindObjectsByType<T>(FindObjectsInactive) instead. InstanceID will be replaced in the future with EntityId and previous sort order cannot be maintained.'
Assets/Tests/PlayMode/HudFontScaleDiagnosis.cs(131,75): warning CS0618: 'FindObjectsSortMode' is obsolete: 'FindObjectsSortMode has been deprecated. Use the FindObjectsByType overloads that do not take a FindObjectsSortMode parameter.'
Assets/Tests/PlayMode/HudFontScaleDiagnosis.cs(131,36): warning CS0618: 'Object.FindObjectsByType<T>(FindObjectsSortMode)' is obsolete: 'FindObjectsByType with FindObjectsSortMode parameter has been deprecated. Use FindObjectsByType<T>() or FindObjectsByType<T>(FindObjectsInactive) instead. InstanceID will be replaced in the future with EntityId and previous sort order cannot be maintained.'
Assets/Tests/PlayMode/HudFontScaleDiagnosis.cs(147,73): warning CS0618: 'FindObjectsSortMode' is obsolete: 'FindObjectsSortMode has been deprecated. Use the FindObjectsByType overloads that do not take a FindObjectsSortMode parameter.'
Assets/Tests/PlayMode/HudFontScaleDiagnosis.cs(147,31): warning CS0618: 'Object.FindObjectsByType<T>(FindObjectsSortMode)' is obsolete: 'FindObjectsByType with FindObjectsSortMode parameter has been deprecated. Use FindObjectsByType<T>() or FindObjectsByType<T>(FindObjectsInactive) instead. InstanceID will be replaced in the future with EntityId and previous sort order cannot be maintained.'
Assets/Tests/PlayMode/HudCanvasContractTests.cs(318,65): warning CS0618: 'FindObjectsSortMode' is obsolete: 'FindObjectsSortMode has been deprecated. Use the FindObjectsByType overloads that do not take a FindObjectsSortMode parameter.'
Assets/Tests/PlayMode/HudCanvasContractTests.cs(318,31): warning CS0618: 'Object.FindObjectsByType<T>(FindObjectsSortMode)' is obsolete: 'FindObjectsByType with FindObjectsSortMode parameter has been deprecated. Use FindObjectsByType<T>() or FindObjectsByType<T>(FindObjectsInactive) instead. InstanceID will be replaced in the future with EntityId and previous sort order cannot be maintained.'
Assets/Tests/PlayMode/LauncherMotionLiveSceneTests.cs(197,22): warning CS0618: 'Object.FindFirstObjectByType<T>()' is obsolete: 'FindFirstObjectByType has been deprecated because it relies on instance ID ordering. Use FindAnyObjectByType instead, which does not depend on ordering.'
Assets/Tests/PlayMode/MeleeLegibilityCapture.cs(39,68): warning CS0618: 'FindObjectsSortMode' is obsolete: 'FindObjectsSortMode has been deprecated. Use the FindObjectsByType overloads that do not take a FindObjectsSortMode parameter.'
Assets/Tests/PlayMode/MeleeLegibilityCapture.cs(39,35): warning CS0618: 'Object.FindObjectsByType<T>(FindObjectsSortMode)' is obsolete: 'FindObjectsByType with FindObjectsSortMode parameter has been deprecated. Use FindObjectsByType<T>() or FindObjectsByType<T>(FindObjectsInactive) instead. InstanceID will be replaced in the future with EntityId and previous sort order cannot be maintained.'
Assets/Tests/PlayMode/HudFixEvidenceCapture.cs(168,68): warning CS0618: 'FindObjectsSortMode' is obsolete: 'FindObjectsSortMode has been deprecated. Use the FindObjectsByType overloads that do not take a FindObjectsSortMode parameter.'
Assets/Tests/PlayMode/HudFixEvidenceCapture.cs(168,35): warning CS0618: 'Object.FindObjectsByType<T>(FindObjectsSortMode)' is obsolete: 'FindObjectsByType with FindObjectsSortMode parameter has been deprecated. Use FindObjectsByType<T>() or FindObjectsByType<T>(FindObjectsInactive) instead. InstanceID will be replaced in the future with EntityId and previous sort order cannot be maintained.'
Assets/Tests/PlayMode/HudFixEvidenceCapture.cs(177,61): warning CS0618: 'FindObjectsSortMode' is obsolete: 'FindObjectsSortMode has been deprecated. Use the FindObjectsByType overloads that do not take a FindObjectsSortMode parameter.'
Assets/Tests/PlayMode/HudFixEvidenceCapture.cs(177,28): warning CS0618: 'Object.FindObjectsByType<T>(FindObjectsSortMode)' is obsolete: 'FindObjectsByType with FindObjectsSortMode parameter has been deprecated. Use FindObjectsByType<T>() or FindObjectsByType<T>(FindObjectsInactive) instead. InstanceID will be replaced in the future with EntityId and previous sort order cannot be maintained.'
Assets/Tests/PlayMode/HudOverlapTests.cs(124,73): warning CS0618: 'FindObjectsSortMode' is obsolete: 'FindObjectsSortMode has been deprecated. Use the FindObjectsByType overloads that do not take a FindObjectsSortMode parameter.'
Assets/Tests/PlayMode/HudOverlapTests.cs(124,31): warning CS0618: 'Object.FindObjectsByType<T>(FindObjectsSortMode)' is obsolete: 'FindObjectsByType with FindObjectsSortMode parameter has been deprecated. Use FindObjectsByType<T>() or FindObjectsByType<T>(FindObjectsInactive) instead. InstanceID will be replaced in the future with EntityId and previous sort order cannot be maintained.'
Assets/Tests/PlayMode/VisualEvidenceCapture.cs(291,75): warning CS0618: 'FindObjectsSortMode' is obsolete: 'FindObjectsSortMode has been deprecated. Use the FindObjectsByType overloads that do not take a FindObjectsSortMode parameter.'
Assets/Tests/PlayMode/VisualEvidenceCapture.cs(291,34): warning CS0618: 'Object.FindObjectsByType<T>(FindObjectsSortMode)' is obsolete: 'FindObjectsByType with FindObjectsSortMode parameter has been deprecated. Use FindObjectsByType<T>() or FindObjectsByType<T>(FindObjectsInactive) instead. InstanceID will be replaced in the future with EntityId and previous sort order cannot be maintained.'
Assets/Tests/PlayMode/ImpactVfxCaptureProbe.cs(216,73): warning CS0618: 'FindObjectsSortMode' is obsolete: 'FindObjectsSortMode has been deprecated. Use the FindObjectsByType overloads that do not take a FindObjectsSortMode parameter.'
Assets/Tests/PlayMode/ImpactVfxCaptureProbe.cs(216,32): warning CS0618: 'Object.FindObjectsByType<T>(FindObjectsSortMode)' is obsolete: 'FindObjectsByType with FindObjectsSortMode parameter has been deprecated. Use FindObjectsByType<T>() or FindObjectsByType<T>(FindObjectsInactive) instead. InstanceID will be replaced in the future with EntityId and previous sort order cannot be maintained.'
Assets/Tests/PlayMode/ImpactVfxCaptureProbe.cs(226,73): warning CS0618: 'FindObjectsSortMode' is obsolete: 'FindObjectsSortMode has been deprecated. Use the FindObjectsByType overloads that do not take a FindObjectsSortMode parameter.'
Assets/Tests/PlayMode/ImpactVfxCaptureProbe.cs(226,32): warning CS0618: 'Object.FindObjectsByType<T>(FindObjectsSortMode)' is obsolete: 'FindObjectsByType with FindObjectsSortMode parameter has been deprecated. Use FindObjectsByType<T>() or FindObjectsByType<T>(FindObjectsInactive) instead. InstanceID will be replaced in the future with EntityId and previous sort order cannot be maintained.'
Assets/Tests/PlayMode/ImpactVfxCaptureProbe.cs(238,75): warning CS0618: 'FindObjectsSortMode' is obsolete: 'FindObjectsSortMode has been deprecated. Use the FindObjectsByType overloads that do not take a FindObjectsSortMode parameter.'
Assets/Tests/PlayMode/ImpactVfxCaptureProbe.cs(238,31): warning CS0618: 'Object.FindObjectsByType<T>(FindObjectsSortMode)' is obsolete: 'FindObjectsByType with FindObjectsSortMode parameter has been deprecated. Use FindObjectsByType<T>() or FindObjectsByType<T>(FindObjectsInactive) instead. InstanceID will be replaced in the future with EntityId and previous sort order cannot be maintained.'
Assets/Tests/PlayMode/HudCanvasContractTests.cs(371,73): warning CS0618: 'FindObjectsSortMode' is obsolete: 'FindObjectsSortMode has been deprecated. Use the FindObjectsByType overloads that do not take a FindObjectsSortMode parameter.'
Assets/Tests/PlayMode/HudCanvasContractTests.cs(371,31): warning CS0618: 'Object.FindObjectsByType<T>(FindObjectsSortMode)' is obsolete: 'FindObjectsByType with FindObjectsSortMode parameter has been deprecated. Use FindObjectsByType<T>() or FindObjectsByType<T>(FindObjectsInactive) instead. InstanceID will be replaced in the future with EntityId and previous sort order cannot be maintained.'
Assets/Tests/PlayMode/PlaytestQACapture.cs(64,33): warning CS0618: 'Object.FindObjectOfType<T>()' is obsolete: 'Object.FindObjectOfType has been deprecated. Use Object.FindAnyObjectByType instead.'
Assets/Tests/PlayMode/PlaytestQACapture.cs(69,25): warning CS0618: 'Object.FindObjectOfType<T>()' is obsolete: 'Object.FindObjectOfType has been deprecated. Use Object.FindAnyObjectByType instead.'
Assets/Tests/PlayMode/RuntimeReliabilityRegressionTests.cs(2296,17): warning CS0618: 'Object.FindObjectsOfType<T>()' is obsolete: 'Object.FindObjectsOfType has been deprecated. Use Object.FindObjectsByType instead which lets you decide whether you need the results sorted or not.  FindObjectsOfType sorts the results by InstanceID but if you do not need this using FindObjectSortMode.None is considerably faster.'
Assets/Tests/PlayMode/RuntimeReliabilityRegressionTests.cs(2306,47): warning CS0618: 'Object.FindObjectsOfType<T>()' is obsolete: 'Object.FindObjectsOfType has been deprecated. Use Object.FindObjectsByType instead which lets you decide whether you need the results sorted or not.  FindObjectsOfType sorts the results by InstanceID but if you do not need this using FindObjectSortMode.None is considerably faster.'
Assets/Tests/PlayMode/ImpactVfxCaptureProbe.cs(257,73): warning CS0618: 'FindObjectsSortMode' is obsolete: 'FindObjectsSortMode has been deprecated. Use the FindObjectsByType overloads that do not take a FindObjectsSortMode parameter.'
Assets/Tests/PlayMode/ImpactVfxCaptureProbe.cs(257,32): warning CS0618: 'Object.FindObjectsByType<T>(FindObjectsSortMode)' is obsolete: 'FindObjectsByType with FindObjectsSortMode parameter has been deprecated. Use FindObjectsByType<T>() or FindObjectsByType<T>(FindObjectsInactive) instead. InstanceID will be replaced in the future with EntityId and previous sort order cannot be maintained.'
Assets/Tests/PlayMode/VisualEvidenceCapture.cs(338,79): warning CS0618: 'FindObjectsSortMode' is obsolete: 'FindObjectsSortMode has been deprecated. Use the FindObjectsByType overloads that do not take a FindObjectsSortMode parameter.'
Assets/Tests/PlayMode/VisualEvidenceCapture.cs(338,31): warning CS0618: 'Object.FindObjectsByType<T>(FindObjectsSortMode)' is obsolete: 'FindObjectsByType with FindObjectsSortMode parameter has been deprecated. Use FindObjectsByType<T>() or FindObjectsByType<T>(FindObjectsInactive) instead. InstanceID will be replaced in the future with EntityId and previous sort order cannot be maintained.'
Assets/Tests/PlayMode/VisualEvidenceCapture.cs(343,79): warning CS0618: 'FindObjectsSortMode' is obsolete: 'FindObjectsSortMode has been deprecated. Use the FindObjectsByType overloads that do not take a FindObjectsSortMode parameter.'
Assets/Tests/PlayMode/VisualEvidenceCapture.cs(343,31): warning CS0618: 'Object.FindObjectsByType<T>(FindObjectsSortMode)' is obsolete: 'FindObjectsByType with FindObjectsSortMode parameter has been deprecated. Use FindObjectsByType<T>() or FindObjectsByType<T>(FindObjectsInactive) instead. InstanceID will be replaced in the future with EntityId and previous sort order cannot be maintained.'
Assets/Tests/PlayMode/MeleeLegibilityCapture.cs(88,83): warning CS0618: 'FindObjectsSortMode' is obsolete: 'FindObjectsSortMode has been deprecated. Use the FindObjectsByType overloads that do not take a FindObjectsSortMode parameter.'
Assets/Tests/PlayMode/MeleeLegibilityCapture.cs(88,35): warning CS0618: 'Object.FindObjectsByType<T>(FindObjectsSortMode)' is obsolete: 'FindObjectsByType with FindObjectsSortMode parameter has been deprecated. Use FindObjectsByType<T>() or FindObjectsByType<T>(FindObjectsInactive) instead. InstanceID will be replaced in the future with EntityId and previous sort order cannot be maintained.'
Assets/Tests/PlayMode/MeleeLegibilityCapture.cs(90,83): warning CS0618: 'FindObjectsSortMode' is obsolete: 'FindObjectsSortMode has been deprecated. Use the FindObjectsByType overloads that do not take a FindObjectsSortMode parameter.'
Assets/Tests/PlayMode/MeleeLegibilityCapture.cs(90,31): warning CS0618: 'Object.FindObjectsByType<T>(FindObjectsSortMode)' is obsolete: 'FindObjectsByType with FindObjectsSortMode parameter has been deprecated. Use FindObjectsByType<T>() or FindObjectsByType<T>(FindObjectsInactive) instead. InstanceID will be replaced in the future with EntityId and previous sort order cannot be maintained.'
Assets/Tests/PlayMode/ShotReadbackLiveSceneTests.cs(83,22): warning CS0618: 'Object.FindFirstObjectByType<T>()' is obsolete: 'FindFirstObjectByType has been deprecated because it relies on instance ID ordering. Use FindAnyObjectByType instead, which does not depend on ordering.'
Assets/Tests/PlayMode/ShotReadbackLiveSceneTests.cs(144,65): warning CS0618: 'FindObjectsSortMode' is obsolete: 'FindObjectsSortMode has been deprecated. Use the FindObjectsByType overloads that do not take a FindObjectsSortMode parameter.'
Assets/Tests/PlayMode/ShotReadbackLiveSceneTests.cs(144,24): warning CS0618: 'Object.FindObjectsByType<T>(FindObjectsSortMode)' is obsolete: 'FindObjectsByType with FindObjectsSortMode parameter has been deprecated. Use FindObjectsByType<T>() or FindObjectsByType<T>(FindObjectsInactive) instead. InstanceID will be replaced in the future with EntityId and previous sort order cannot be maintained.'
Assets/Tests/PlayMode/OneShotCannonLiveSceneTests.cs(133,34): warning CS0618: 'Object.FindObjectsOfType<T>()' is obsolete: 'Object.FindObjectsOfType has been deprecated. Use Object.FindObjectsByType instead which lets you decide whether you need the results sorted or not.  FindObjectsOfType sorts the results by InstanceID but if you do not need this using FindObjectSortMode.None is considerably faster.'
Assets/Tests/PlayMode/UntouchedCoreIntegrityTests.cs(100,33): warning CS0618: 'Object.FindObjectOfType<T>()' is obsolete: 'Object.FindObjectOfType has been deprecated. Use Object.FindAnyObjectByType instead.'
Assets/Tests/PlayMode/OneShotCannonLiveSceneTests.cs(144,34): warning CS0618: 'Object.FindObjectsOfType<T>()' is obsolete: 'Object.FindObjectsOfType has been deprecated. Use Object.FindObjectsByType instead which lets you decide whether you need the results sorted or not.  FindObjectsOfType sorts the results by InstanceID but if you do not need this using FindObjectSortMode.None is considerably faster.'
Assets/Tests/PlayMode/ShotReadbackLiveSceneTests.cs(178,25): warning CS0618: 'Object.FindFirstObjectByType<T>()' is obsolete: 'FindFirstObjectByType has been deprecated because it relies on instance ID ordering. Use FindAnyObjectByType instead, which does not depend on ordering.'
Assets/Tests/PlayMode/ShotReachabilityProbe.cs(103,22): warning CS0618: 'Object.FindFirstObjectByType<T>()' is obsolete: 'FindFirstObjectByType has been deprecated because it relies on instance ID ordering. Use FindAnyObjectByType instead, which does not depend on ordering.'
Assets/Tests/PlayMode/ImpactVfxCaptureProbe.cs(299,22): warning CS0618: 'Object.FindFirstObjectByType<T>()' is obsolete: 'FindFirstObjectByType has been deprecated because it relies on instance ID ordering. Use FindAnyObjectByType instead, which does not depend on ordering.'
Assets/Tests/PlayMode/RuntimeReliabilityRegressionTests.cs(196,44): warning CS0618: 'Object.FindObjectsOfType<T>()' is obsolete: 'Object.FindObjectsOfType has been deprecated. Use Object.FindObjectsByType instead which lets you decide whether you need the results sorted or not.  FindObjectsOfType sorts the results by InstanceID but if you do not need this using FindObjectSortMode.None is considerably faster.'
Assets/Tests/PlayMode/RuntimeReliabilityRegressionTests.cs(205,48): warning CS0618: 'Object.FindObjectsOfType<T>()' is obsolete: 'Object.FindObjectsOfType has been deprecated. Use Object.FindObjectsByType instead which lets you decide whether you need the results sorted or not.  FindObjectsOfType sorts the results by InstanceID but if you do not need this using FindObjectSortMode.None is considerably faster.'
Assets/Tests/PlayMode/RuntimeReliabilityRegressionTests.cs(215,40): warning CS0618: 'Object.FindObjectsOfType<T>()' is obsolete: 'Object.FindObjectsOfType has been deprecated. Use Object.FindObjectsByType instead which lets you decide whether you need the results sorted or not.  FindObjectsOfType sorts the results by InstanceID but if you do not need this using FindObjectSortMode.None is considerably faster.'
Assets/Tests/PlayMode/RuntimeReliabilityRegressionTests.cs(256,44): warning CS0618: 'Object.FindObjectsOfType<T>()' is obsolete: 'Object.FindObjectsOfType has been deprecated. Use Object.FindObjectsByType instead which lets you decide whether you need the results sorted or not.  FindObjectsOfType sorts the results by InstanceID but if you do not need this using FindObjectSortMode.None is considerably faster.'
Assets/Tests/PlayMode/MatchLengthCalibrationProbe.cs(116,87): warning CS0618: 'FindObjectsSortMode' is obsolete: 'FindObjectsSortMode has been deprecated. Use the FindObjectsByType overloads that do not take a FindObjectsSortMode parameter.'
Assets/Tests/PlayMode/MatchLengthCalibrationProbe.cs(116,39): warning CS0618: 'Object.FindObjectsByType<T>(FindObjectsSortMode)' is obsolete: 'FindObjectsByType with FindObjectsSortMode parameter has been deprecated. Use FindObjectsByType<T>() or FindObjectsByType<T>(FindObjectsInactive) instead. InstanceID will be replaced in the future with EntityId and previous sort order cannot be maintained.'
Assets/Tests/PlayMode/MatchLengthCalibrationProbe.cs(118,87): warning CS0618: 'FindObjectsSortMode' is obsolete: 'FindObjectsSortMode has been deprecated. Use the FindObjectsByType overloads that do not take a FindObjectsSortMode parameter.'
Assets/Tests/PlayMode/MatchLengthCalibrationProbe.cs(118,35): warning CS0618: 'Object.FindObjectsByType<T>(FindObjectsSortMode)' is obsolete: 'FindObjectsByType with FindObjectsSortMode parameter has been deprecated. Use FindObjectsByType<T>() or FindObjectsByType<T>(FindObjectsInactive) instead. InstanceID will be replaced in the future with EntityId and previous sort order cannot be maintained.'
Assets/Tests/PlayMode/MatchLengthCalibrationProbe.cs(123,26): warning CS0618: 'Object.FindFirstObjectByType<T>()' is obsolete: 'FindFirstObjectByType has been deprecated because it relies on instance ID ordering. Use FindAnyObjectByType instead, which does not depend on ordering.'
Assets/Tests/PlayMode/RuntimeReliabilityRegressionTests.cs(270,44): warning CS0618: 'Object.FindObjectsOfType<T>()' is obsolete: 'Object.FindObjectsOfType has been deprecated. Use Object.FindObjectsByType instead which lets you decide whether you need the results sorted or not.  FindObjectsOfType sorts the results by InstanceID but if you do not need this using FindObjectSortMode.None is considerably faster.'
Assets/Tests/PlayMode/RuntimeReliabilityRegressionTests.cs(277,40): warning CS0618: 'Object.FindObjectsOfType<T>()' is obsolete: 'Object.FindObjectsOfType has been deprecated. Use Object.FindObjectsByType instead which lets you decide whether you need the results sorted or not.  FindObjectsOfType sorts the results by InstanceID but if you do not need this using FindObjectSortMode.None is considerably faster.'
Assets/Tests/PlayMode/RuntimeReliabilityRegressionTests.cs(305,48): warning CS0618: 'Object.FindObjectsOfType<T>()' is obsolete: 'Object.FindObjectsOfType has been deprecated. Use Object.FindObjectsByType instead which lets you decide whether you need the results sorted or not.  FindObjectsOfType sorts the results by InstanceID but if you do not need this using FindObjectSortMode.None is considerably faster.'
Assets/Tests/PlayMode/RuntimeReliabilityRegressionTests.cs(324,44): warning CS0618: 'Object.FindObjectsOfType<T>()' is obsolete: 'Object.FindObjectsOfType has been deprecated. Use Object.FindObjectsByType instead which lets you decide whether you need the results sorted or not.  FindObjectsOfType sorts the results by InstanceID but if you do not need this using FindObjectSortMode.None is considerably faster.'
Assets/Tests/PlayMode/BugFixVerificationTests.cs(441,36): warning CS0618: 'Object.FindObjectsOfType<T>()' is obsolete: 'Object.FindObjectsOfType has been deprecated. Use Object.FindObjectsByType instead which lets you decide whether you need the results sorted or not.  FindObjectsOfType sorts the results by InstanceID but if you do not need this using FindObjectSortMode.None is considerably faster.'
Assets/Tests/PlayMode/BugFixVerificationTests.cs(462,47): warning CS0618: 'Object.FindObjectsOfType<T>()' is obsolete: 'Object.FindObjectsOfType has been deprecated. Use Object.FindObjectsByType instead which lets you decide whether you need the results sorted or not.  FindObjectsOfType sorts the results by InstanceID but if you do not need this using FindObjectSortMode.None is considerably faster.'
Assets/Tests/PlayMode/BugFixVerificationTests.cs(474,43): warning CS0618: 'Object.FindObjectsOfType<T>()' is obsolete: 'Object.FindObjectsOfType has been deprecated. Use Object.FindObjectsByType instead which lets you decide whether you need the results sorted or not.  FindObjectsOfType sorts the results by InstanceID but if you do not need this using FindObjectSortMode.None is considerably faster.'
Assets/Tests/PlayMode/ShotReachabilityProbe.cs(243,26): warning CS0618: 'Object.FindFirstObjectByType<T>()' is obsolete: 'FindFirstObjectByType has been deprecated because it relies on instance ID ordering. Use FindAnyObjectByType instead, which does not depend on ordering.'
Assets/Tests/PlayMode/RuntimeReliabilityRegressionTests.cs(396,44): warning CS0618: 'Object.FindObjectsOfType<T>()' is obsolete: 'Object.FindObjectsOfType has been deprecated. Use Object.FindObjectsByType instead which lets you decide whether you need the results sorted or not.  FindObjectsOfType sorts the results by InstanceID but if you do not need this using FindObjectSortMode.None is considerably faster.'
Assets/Tests/PlayMode/ShotReachabilityProbe.cs(408,26): warning CS0618: 'Object.FindFirstObjectByType<T>()' is obsolete: 'FindFirstObjectByType has been deprecated because it relies on instance ID ordering. Use FindAnyObjectByType instead, which does not depend on ordering.'
Assets/Tests/PlayMode/RuntimeReliabilityRegressionTests.cs(408,17): warning CS0618: 'Object.FindObjectsOfType<T>()' is obsolete: 'Object.FindObjectsOfType has been deprecated. Use Object.FindObjectsByType instead which lets you decide whether you need the results sorted or not.  FindObjectsOfType sorts the results by InstanceID but if you do not need this using FindObjectSortMode.None is considerably faster.'
Assets/Tests/PlayMode/RuntimeReliabilityRegressionTests.cs(410,17): warning CS0618: 'Object.FindObjectsOfType<T>()' is obsolete: 'Object.FindObjectsOfType has been deprecated. Use Object.FindObjectsByType instead which lets you decide whether you need the results sorted or not.  FindObjectsOfType sorts the results by InstanceID but if you do not need this using FindObjectSortMode.None is considerably faster.'
Assets/Tests/PlayMode/RuntimeReliabilityRegressionTests.cs(462,38): warning CS0618: 'Object.FindObjectsOfType<T>()' is obsolete: 'Object.FindObjectsOfType has been deprecated. Use Object.FindObjectsByType instead which lets you decide whether you need the results sorted or not.  FindObjectsOfType sorts the results by InstanceID but if you do not need this using FindObjectSortMode.None is considerably faster.'
Assets/Tests/PlayMode/RuntimeReliabilityRegressionTests.cs(466,42): warning CS0618: 'Object.FindObjectsOfType<T>()' is obsolete: 'Object.FindObjectsOfType has been deprecated. Use Object.FindObjectsByType instead which lets you decide whether you need the results sorted or not.  FindObjectsOfType sorts the results by InstanceID but if you do not need this using FindObjectSortMode.None is considerably faster.'
Assets/Tests/PlayMode/RuntimeReliabilityRegressionTests.cs(519,25): warning CS0618: 'Object.FindObjectsOfType<T>()' is obsolete: 'Object.FindObjectsOfType has been deprecated. Use Object.FindObjectsByType instead which lets you decide whether you need the results sorted or not.  FindObjectsOfType sorts the results by InstanceID but if you do not need this using FindObjectSortMode.None is considerably faster.'
Assets/Tests/PlayMode/RuntimeReliabilityRegressionTests.cs(521,25): warning CS0618: 'Object.FindObjectsOfType<T>()' is obsolete: 'Object.FindObjectsOfType has been deprecated. Use Object.FindObjectsByType instead which lets you decide whether you need the results sorted or not.  FindObjectsOfType sorts the results by InstanceID but if you do not need this using FindObjectSortMode.None is considerably faster.'
Assets/Tests/PlayMode/BugFixVerificationTests.cs(624,34): warning CS0618: 'Object.FindObjectsOfType<T>()' is obsolete: 'Object.FindObjectsOfType has been deprecated. Use Object.FindObjectsByType instead which lets you decide whether you need the results sorted or not.  FindObjectsOfType sorts the results by InstanceID but if you do not need this using FindObjectSortMode.None is considerably faster.'
Assets/Tests/PlayMode/BugFixVerificationTests.cs(629,36): warning CS0618: 'Object.FindObjectsOfType<T>()' is obsolete: 'Object.FindObjectsOfType has been deprecated. Use Object.FindObjectsByType instead which lets you decide whether you need the results sorted or not.  FindObjectsOfType sorts the results by InstanceID but if you do not need this using FindObjectSortMode.None is considerably faster.'
Assets/Tests/PlayMode/RuntimeReliabilityRegressionTests.cs(541,33): warning CS0618: 'Object.FindObjectsOfType<T>()' is obsolete: 'Object.FindObjectsOfType has been deprecated. Use Object.FindObjectsByType instead which lets you decide whether you need the results sorted or not.  FindObjectsOfType sorts the results by InstanceID but if you do not need this using FindObjectSortMode.None is considerably faster.'
Assets/Tests/PlayMode/RuntimeReliabilityRegressionTests.cs(545,48): warning CS0618: 'Object.FindObjectsOfType<T>()' is obsolete: 'Object.FindObjectsOfType has been deprecated. Use Object.FindObjectsByType instead which lets you decide whether you need the results sorted or not.  FindObjectsOfType sorts the results by InstanceID but if you do not need this using FindObjectSortMode.None is considerably faster.'
Assets/Tests/PlayMode/RuntimeReliabilityRegressionTests.cs(549,48): warning CS0618: 'Object.FindObjectsOfType<T>()' is obsolete: 'Object.FindObjectsOfType has been deprecated. Use Object.FindObjectsByType instead which lets you decide whether you need the results sorted or not.  FindObjectsOfType sorts the results by InstanceID but if you do not need this using FindObjectSortMode.None is considerably faster.'
Assets/Tests/PlayMode/RuntimeReliabilityRegressionTests.cs(570,33): warning CS0618: 'Object.FindObjectOfType<T>()' is obsolete: 'Object.FindObjectOfType has been deprecated. Use Object.FindAnyObjectByType instead.'
Assets/Tests/PlayMode/RuntimeReliabilityRegressionTests.cs(594,34): warning CS0618: 'Object.FindObjectsOfType<T>()' is obsolete: 'Object.FindObjectsOfType has been deprecated. Use Object.FindObjectsByType instead which lets you decide whether you need the results sorted or not.  FindObjectsOfType sorts the results by InstanceID but if you do not need this using FindObjectSortMode.None is considerably faster.'
Assets/Tests/PlayMode/RuntimeReliabilityRegressionTests.cs(663,54): warning CS0618: 'Object.FindObjectOfType<T>()' is obsolete: 'Object.FindObjectOfType has been deprecated. Use Object.FindAnyObjectByType instead.'
Assets/Tests/PlayMode/RuntimeReliabilityRegressionTests.cs(741,17): warning CS0618: 'Object.FindObjectsOfType<T>()' is obsolete: 'Object.FindObjectsOfType has been deprecated. Use Object.FindObjectsByType instead which lets you decide whether you need the results sorted or not.  FindObjectsOfType sorts the results by InstanceID but if you do not need this using FindObjectSortMode.None is considerably faster.'
Assets/Tests/PlayMode/RuntimeReliabilityRegressionTests.cs(742,33): warning CS0618: 'Object.FindObjectOfType<T>()' is obsolete: 'Object.FindObjectOfType has been deprecated. Use Object.FindAnyObjectByType instead.'
Assets/Tests/PlayMode/RuntimeReliabilityRegressionTests.cs(754,34): warning CS0618: 'Object.FindObjectsOfType<T>()' is obsolete: 'Object.FindObjectsOfType has been deprecated. Use Object.FindObjectsByType instead which lets you decide whether you need the results sorted or not.  FindObjectsOfType sorts the results by InstanceID but if you do not need this using FindObjectSortMode.None is considerably faster.'
Assets/Tests/PlayMode/BugFixVerificationTests.cs(1103,36): warning CS0618: 'Object.FindObjectsOfType<T>()' is obsolete: 'Object.FindObjectsOfType has been deprecated. Use Object.FindObjectsByType instead which lets you decide whether you need the results sorted or not.  FindObjectsOfType sorts the results by InstanceID but if you do not need this using FindObjectSortMode.None is considerably faster.'
Assets/Tests/PlayMode/RuntimeReliabilityRegressionTests.cs(822,33): warning CS0618: 'Object.FindObjectOfType<T>()' is obsolete: 'Object.FindObjectOfType has been deprecated. Use Object.FindAnyObjectByType instead.'
Assets/Tests/PlayMode/RuntimeReliabilityRegressionTests.cs(960,38): warning CS0618: 'Object.FindObjectsOfType<T>()' is obsolete: 'Object.FindObjectsOfType has been deprecated. Use Object.FindObjectsByType instead which lets you decide whether you need the results sorted or not.  FindObjectsOfType sorts the results by InstanceID but if you do not need this using FindObjectSortMode.None is considerably faster.'
Assets/Tests/PlayMode/RuntimeReliabilityRegressionTests.cs(1018,34): warning CS0618: 'Object.FindObjectsOfType<T>()' is obsolete: 'Object.FindObjectsOfType has been deprecated. Use Object.FindObjectsByType instead which lets you decide whether you need the results sorted or not.  FindObjectsOfType sorts the results by InstanceID but if you do not need this using FindObjectSortMode.None is considerably faster.'
Assets/Tests/PlayMode/RuntimeReliabilityRegressionTests.cs(1043,33): warning CS0618: 'Object.FindObjectOfType<T>()' is obsolete: 'Object.FindObjectOfType has been deprecated. Use Object.FindAnyObjectByType instead.'
Assets/Tests/PlayMode/RuntimeReliabilityRegressionTests.cs(1203,36): warning CS0618: 'Object.FindObjectOfType<T>()' is obsolete: 'Object.FindObjectOfType has been deprecated. Use Object.FindAnyObjectByType instead.'
Assets/Tests/PlayMode/RuntimeReliabilityRegressionTests.cs(1205,33): warning CS0618: 'Object.FindObjectOfType<T>()' is obsolete: 'Object.FindObjectOfType has been deprecated. Use Object.FindAnyObjectByType instead.'
Assets/Tests/PlayMode/RuntimeReliabilityRegressionTests.cs(1253,54): warning CS0618: 'Object.FindObjectOfType<T>()' is obsolete: 'Object.FindObjectOfType has been deprecated. Use Object.FindAnyObjectByType instead.'
Assets/Tests/PlayMode/RuntimeReliabilityRegressionTests.cs(1285,50): warning CS0618: 'Object.FindObjectOfType<T>()' is obsolete: 'Object.FindObjectOfType has been deprecated. Use Object.FindAnyObjectByType instead.'
Assets/Tests/PlayMode/RuntimeReliabilityRegressionTests.cs(1402,41): warning CS0618: 'Object.FindObjectsOfType<T>()' is obsolete: 'Object.FindObjectsOfType has been deprecated. Use Object.FindObjectsByType instead which lets you decide whether you need the results sorted or not.  FindObjectsOfType sorts the results by InstanceID but if you do not need this using FindObjectSortMode.None is considerably faster.'
Assets/Tests/PlayMode/RuntimeReliabilityRegressionTests.cs(1437,39): warning CS0618: 'Object.FindObjectsOfType<T>()' is obsolete: 'Object.FindObjectsOfType has been deprecated. Use Object.FindObjectsByType instead which lets you decide whether you need the results sorted or not.  FindObjectsOfType sorts the results by InstanceID but if you do not need this using FindObjectSortMode.None is considerably faster.'
Assets/Tests/PlayMode/RuntimeReliabilityRegressionTests.cs(1566,26): warning CS0618: 'Object.FindObjectOfType<T>()' is obsolete: 'Object.FindObjectOfType has been deprecated. Use Object.FindAnyObjectByType instead.'
Assets/Tests/PlayMode/RuntimeReliabilityRegressionTests.cs(1731,33): warning CS0618: 'Object.FindObjectOfType<T>()' is obsolete: 'Object.FindObjectOfType has been deprecated. Use Object.FindAnyObjectByType instead.'
Assets/Tests/PlayMode/RuntimeReliabilityRegressionTests.cs(1732,36): warning CS0618: 'Object.FindObjectOfType<T>()' is obsolete: 'Object.FindObjectOfType has been deprecated. Use Object.FindAnyObjectByType instead.'
Assets/Tests/PlayMode/RuntimeReliabilityRegressionTests.cs(1740,33): warning CS0618: 'Object.FindObjectOfType<T>()' is obsolete: 'Object.FindObjectOfType has been deprecated. Use Object.FindAnyObjectByType instead.'
Assets/Tests/PlayMode/RuntimeReliabilityRegressionTests.cs(1741,36): warning CS0618: 'Object.FindObjectOfType<T>()' is obsolete: 'Object.FindObjectOfType has been deprecated. Use Object.FindAnyObjectByType instead.'
Assets/Tests/PlayMode/RuntimeReliabilityRegressionTests.cs(1776,20): warning CS0618: 'Object.FindObjectOfType<T>()' is obsolete: 'Object.FindObjectOfType has been deprecated. Use Object.FindAnyObjectByType instead.'
Assets/Tests/PlayMode/RuntimeReliabilityRegressionTests.cs(1782,35): warning CS0618: 'Object.FindObjectOfType<T>()' is obsolete: 'Object.FindObjectOfType has been deprecated. Use Object.FindAnyObjectByType instead.'
Assets/Tests/PlayMode/RuntimeReliabilityRegressionTests.cs(1798,20): warning CS0618: 'Object.FindObjectOfType<T>()' is obsolete: 'Object.FindObjectOfType has been deprecated. Use Object.FindAnyObjectByType instead.'
Assets/Tests/PlayMode/RuntimeReliabilityRegressionTests.cs(1804,33): warning CS0618: 'Object.FindObjectOfType<T>()' is obsolete: 'Object.FindObjectOfType has been deprecated. Use Object.FindAnyObjectByType instead.'
Assets/Tests/PlayMode/RuntimeReliabilityRegressionTests.cs(1821,34): warning CS0618: 'Object.FindObjectOfType<T>()' is obsolete: 'Object.FindObjectOfType has been deprecated. Use Object.FindAnyObjectByType instead.'
Assets/Tests/PlayMode/RuntimeReliabilityRegressionTests.cs(1842,33): warning CS0618: 'Object.FindObjectOfType<T>()' is obsolete: 'Object.FindObjectOfType has been deprecated. Use Object.FindAnyObjectByType instead.'
Assets/Tests/PlayMode/RuntimeReliabilityRegressionTests.cs(1897,32): warning CS0618: 'Object.FindObjectOfType<T>()' is obsolete: 'Object.FindObjectOfType has been deprecated. Use Object.FindAnyObjectByType instead.'
Assets/Tests/PlayMode/RuntimeReliabilityRegressionTests.cs(1920,33): warning CS0618: 'Object.FindObjectOfType<T>()' is obsolete: 'Object.FindObjectOfType has been deprecated. Use Object.FindAnyObjectByType instead.'
Assets/Tests/PlayMode/RuntimeReliabilityRegressionTests.cs(1979,34): warning CS0618: 'Object.FindObjectOfType<T>()' is obsolete: 'Object.FindObjectOfType has been deprecated. Use Object.FindAnyObjectByType instead.'
Assets/Tests/PlayMode/RuntimeReliabilityRegressionTests.cs(2008,33): warning CS0618: 'Object.FindObjectOfType<T>()' is obsolete: 'Object.FindObjectOfType has been deprecated. Use Object.FindAnyObjectByType instead.'
Assets/Tests/PlayMode/RuntimeReliabilityRegressionTests.cs(2024,34): warning CS0618: 'Object.FindObjectsOfType<T>()' is obsolete: 'Object.FindObjectsOfType has been deprecated. Use Object.FindObjectsByType instead which lets you decide whether you need the results sorted or not.  FindObjectsOfType sorts the results by InstanceID but if you do not need this using FindObjectSortMode.None is considerably faster.'
Assets/Tests/PlayMode/RuntimeReliabilityRegressionTests.cs(2080,20): warning CS0618: 'Object.FindObjectOfType<T>()' is obsolete: 'Object.FindObjectOfType has been deprecated. Use Object.FindAnyObjectByType instead.'
Assets/Tests/PlayMode/RuntimeReliabilityRegressionTests.cs(2086,30): warning CS0618: 'Object.FindObjectOfType<T>()' is obsolete: 'Object.FindObjectOfType has been deprecated. Use Object.FindAnyObjectByType instead.'
Assets/Tests/PlayMode/RuntimeReliabilityRegressionTests.cs(2122,34): warning CS0618: 'Object.FindObjectsOfType<T>()' is obsolete: 'Object.FindObjectsOfType has been deprecated. Use Object.FindObjectsByType instead which lets you decide whether you need the results sorted or not.  FindObjectsOfType sorts the results by InstanceID but if you do not need this using FindObjectSortMode.None is considerably faster.'
Assets/Tests/PlayMode/RuntimeReliabilityRegressionTests.cs(2190,43): warning CS0618: 'Object.FindObjectsOfType<T>()' is obsolete: 'Object.FindObjectsOfType has been deprecated. Use Object.FindObjectsByType instead which lets you decide whether you need the results sorted or not.  FindObjectsOfType sorts the results by InstanceID but if you do not need this using FindObjectSortMode.None is considerably faster.'
Assets/Tests/PlayMode/RuntimeReliabilityRegressionTests.cs(2198,36): warning CS0618: 'Object.FindObjectsOfType<T>()' is obsolete: 'Object.FindObjectsOfType has been deprecated. Use Object.FindObjectsByType instead which lets you decide whether you need the results sorted or not.  FindObjectsOfType sorts the results by InstanceID but if you do not need this using FindObjectSortMode.None is considerably faster.'
Assets/Tests/PlayMode/RuntimeReliabilityRegressionTests.cs(2212,34): warning CS0618: 'Object.FindObjectsOfType<T>()' is obsolete: 'Object.FindObjectsOfType has been deprecated. Use Object.FindObjectsByType instead which lets you decide whether you need the results sorted or not.  FindObjectsOfType sorts the results by InstanceID but if you do not need this using FindObjectSortMode.None is considerably faster.'
Assets/Tests/PlayMode/RuntimeReliabilityRegressionTests.cs(2241,43): warning CS0618: 'Object.FindObjectsOfType<T>()' is obsolete: 'Object.FindObjectsOfType has been deprecated. Use Object.FindObjectsByType instead which lets you decide whether you need the results sorted or not.  FindObjectsOfType sorts the results by InstanceID but if you do not need this using FindObjectSortMode.None is considerably faster.'
Assets/Tests/PlayMode/RuntimeReliabilityRegressionTests.cs(2252,43): warning CS0618: 'Object.FindObjectsOfType<T>()' is obsolete: 'Object.FindObjectsOfType has been deprecated. Use Object.FindObjectsByType instead which lets you decide whether you need the results sorted or not.  FindObjectsOfType sorts the results by InstanceID but if you do not need this using FindObjectSortMode.None is considerably faster.'
[1527/1540  0s] ILPostProcess Library/Bee/artifacts/2000b0aE.dag/post-processed/CastleBusters.EditModeTests.dll (+pdb)
Processing assembly Library/Bee/artifacts/2000b0aE.dag/CastleBusters.EditModeTests.dll, with 116 defines and 297 references
processors: Unity.Jobs.CodeGen.JobsILPostProcessor, zzzUnity.Burst.CodeGen.BurstILPostProcessor
running Unity.Jobs.CodeGen.JobsILPostProcessor
running zzzUnity.Burst.CodeGen.BurstILPostProcessor
[1528/1540  0s] ILPostProcess Library/Bee/artifacts/2000b0aE.dag/post-processed/CastleBusters.PlayModeTests.dll (+pdb)
Processing assembly Library/Bee/artifacts/2000b0aE.dag/CastleBusters.PlayModeTests.dll, with 118 defines and 282 references
processors: Unity.Jobs.CodeGen.JobsILPostProcessor, zzzUnity.Burst.CodeGen.BurstILPostProcessor
running Unity.Jobs.CodeGen.JobsILPostProcessor
running zzzUnity.Burst.CodeGen.BurstILPostProcessor
[1529/1540  0s] CopyFiles Library/ScriptAssemblies/CastleBusters.PlayModeTests.dll
[1530/1540  0s] CopyFiles Library/ScriptAssemblies/CastleBusters.EditModeTests.pdb
[1531/1540  0s] CopyFiles Library/ScriptAssemblies/CastleBusters.EditModeTests.dll
[1532/1540  0s] CopyFiles Library/ScriptAssemblies/CastleBusters.PlayModeTests.pdb
[1533/1540  0s] ILPostProcess Library/Bee/artifacts/2000b0aE.dag/post-processed/Assembly-CSharp.dll (+pdb)
Processing assembly Library/Bee/artifacts/2000b0aE.dag/Assembly-CSharp.dll, with 118 defines and 412 references
processors: Unity.Jobs.CodeGen.JobsILPostProcessor, zzzUnity.Burst.CodeGen.BurstILPostProcessor
running Unity.Jobs.CodeGen.JobsILPostProcessor
running zzzUnity.Burst.CodeGen.BurstILPostProcessor
[1534/1540  0s] CopyFiles Library/ScriptAssemblies/Assembly-CSharp.dll
[1535/1540  0s] CopyFiles Library/ScriptAssemblies/Assembly-CSharp.pdb
[1536/1540  0s] Csc Library/Bee/artifacts/2000b0aE.dag/Assembly-CSharp-Editor.dll (+2 others)
Assets/Editor/GamePlayTests.cs(14,22): warning CS0618: 'Object.FindObjectOfType<T>()' is obsolete: 'Object.FindObjectOfType has been deprecated. Use Object.FindAnyObjectByType instead.'
Assets/Editor/SetupSceneLayout.cs(19,31): warning CS0618: 'Object.FindObjectOfType<T>()' is obsolete: 'Object.FindObjectOfType has been deprecated. Use Object.FindAnyObjectByType instead.'
Assets/Editor/GameplayCapture.cs(30,31): warning CS0618: 'Object.FindObjectOfType<T>()' is obsolete: 'Object.FindObjectOfType has been deprecated. Use Object.FindAnyObjectByType instead.'
Assets/Editor/GameplayCapture.cs(31,33): warning CS0618: 'Object.FindObjectOfType<T>()' is obsolete: 'Object.FindObjectOfType has been deprecated. Use Object.FindAnyObjectByType instead.'
Assets/Editor/PlayModeCapture.cs(49,22): warning CS0618: 'Object.FindObjectOfType<T>()' is obsolete: 'Object.FindObjectOfType has been deprecated. Use Object.FindAnyObjectByType instead.'
Assets/Editor/PlayModeCapture.cs(50,22): warning CS0618: 'Object.FindObjectOfType<T>()' is obsolete: 'Object.FindObjectOfType has been deprecated. Use Object.FindAnyObjectByType instead.'
Assets/Editor/InspectSceneBlocks.cs(12,26): warning CS0618: 'Object.FindObjectsOfType<T>()' is obsolete: 'Object.FindObjectsOfType has been deprecated. Use Object.FindObjectsByType instead which lets you decide whether you need the results sorted or not.  FindObjectsOfType sorts the results by InstanceID but if you do not need this using FindObjectSortMode.None is considerably faster.'
Assets/Editor/MobileReleaseBuildSettings.cs(24,13): warning CS0618: 'PlayerSettings.SetScriptingBackend(BuildTargetGroup, ScriptingImplementation)' is obsolete: 'Use SetScriptingBackend(NamedBuildTarget buildTarget, ScriptingImplementation backend) instead'
Assets/Editor/MobileReleaseBuildSettings.cs(25,13): warning CS0618: 'PlayerSettings.SetScriptingBackend(BuildTargetGroup, ScriptingImplementation)' is obsolete: 'Use SetScriptingBackend(NamedBuildTarget buildTarget, ScriptingImplementation backend) instead'
Assets/Editor/SpriteApplyValidator.cs(177,34): warning CS0618: 'Object.FindObjectOfType<T>()' is obsolete: 'Object.FindObjectOfType has been deprecated. Use Object.FindAnyObjectByType instead.'
Assets/Editor/GamePlayTests.cs(351,22): warning CS0618: 'Object.FindObjectOfType<T>()' is obsolete: 'Object.FindObjectOfType has been deprecated. Use Object.FindAnyObjectByType instead.'
Assets/Editor/GamePlayTests.cs(366,22): warning CS0618: 'Object.FindObjectOfType<T>()' is obsolete: 'Object.FindObjectOfType has been deprecated. Use Object.FindAnyObjectByType instead.'
Assets/Editor/GamePlayTests.cs(371,26): warning CS0618: 'Object.FindObjectsOfType<T>()' is obsolete: 'Object.FindObjectsOfType has been deprecated. Use Object.FindObjectsByType instead which lets you decide whether you need the results sorted or not.  FindObjectsOfType sorts the results by InstanceID but if you do not need this using FindObjectSortMode.None is considerably faster.'
Assets/Editor/GamePlayTests.cs(395,32): warning CS0618: 'Object.FindObjectsOfType<T>()' is obsolete: 'Object.FindObjectsOfType has been deprecated. Use Object.FindObjectsByType instead which lets you decide whether you need the results sorted or not.  FindObjectsOfType sorts the results by InstanceID but if you do not need this using FindObjectSortMode.None is considerably faster.'
Assets/Editor/GamePlayTests.cs(900,29): warning CS0618: 'Object.FindObjectsOfType<T>()' is obsolete: 'Object.FindObjectsOfType has been deprecated. Use Object.FindObjectsByType instead which lets you decide whether you need the results sorted or not.  FindObjectsOfType sorts the results by InstanceID but if you do not need this using FindObjectSortMode.None is considerably faster.'
Assets/Editor/GamePlayTests.cs(1600,71): warning CS0618: 'Object.FindObjectsOfType<T>()' is obsolete: 'Object.FindObjectsOfType has been deprecated. Use Object.FindObjectsByType instead which lets you decide whether you need the results sorted or not.  FindObjectsOfType sorts the results by InstanceID but if you do not need this using FindObjectSortMode.None is considerably faster.'
Assets/Editor/GamePlayTests.cs(1612,64): warning CS0618: 'Object.FindObjectsOfType<T>()' is obsolete: 'Object.FindObjectsOfType has been deprecated. Use Object.FindObjectsByType instead which lets you decide whether you need the results sorted or not.  FindObjectsOfType sorts the results by InstanceID but if you do not need this using FindObjectSortMode.None is considerably faster.'
Assets/Editor/GamePlayTests.cs(1624,42): warning CS0618: 'Object.FindObjectsOfType<T>()' is obsolete: 'Object.FindObjectsOfType has been deprecated. Use Object.FindObjectsByType instead which lets you decide whether you need the results sorted or not.  FindObjectsOfType sorts the results by InstanceID but if you do not need this using FindObjectSortMode.None is considerably faster.'
Assets/Editor/GamePlayTests.cs(1812,26): warning CS0618: 'Object.FindObjectsOfType<T>()' is obsolete: 'Object.FindObjectsOfType has been deprecated. Use Object.FindObjectsByType instead which lets you decide whether you need the results sorted or not.  FindObjectsOfType sorts the results by InstanceID but if you do not need this using FindObjectSortMode.None is considerably faster.'
Assets/Editor/GamePlayTests.cs(2029,28): warning CS0618: 'Object.FindObjectsOfType<T>()' is obsolete: 'Object.FindObjectsOfType has been deprecated. Use Object.FindObjectsByType instead which lets you decide whether you need the results sorted or not.  FindObjectsOfType sorts the results by InstanceID but if you do not need this using FindObjectSortMode.None is considerably faster.'
Assets/Editor/GamePlayTests.cs(2376,35): warning CS0618: 'Object.FindObjectsOfType<T>()' is obsolete: 'Object.FindObjectsOfType has been deprecated. Use Object.FindObjectsByType instead which lets you decide whether you need the results sorted or not.  FindObjectsOfType sorts the results by InstanceID but if you do not need this using FindObjectSortMode.None is considerably faster.'
Assets/Editor/GamePlayTests.cs(2377,35): warning CS0618: 'Object.FindObjectsOfType<T>()' is obsolete: 'Object.FindObjectsOfType has been deprecated. Use Object.FindObjectsByType instead which lets you decide whether you need the results sorted or not.  FindObjectsOfType sorts the results by InstanceID but if you do not need this using FindObjectSortMode.None is considerably faster.'
Assets/Editor/GamePlayTests.cs(2862,64): warning CS0618: 'Object.FindObjectsOfType<T>()' is obsolete: 'Object.FindObjectsOfType has been deprecated. Use Object.FindObjectsByType instead which lets you decide whether you need the results sorted or not.  FindObjectsOfType sorts the results by InstanceID but if you do not need this using FindObjectSortMode.None is considerably faster.'
Assets/Editor/GamePlayTests.cs(2864,43): warning CS0618: 'Object.FindObjectsOfType<T>()' is obsolete: 'Object.FindObjectsOfType has been deprecated. Use Object.FindObjectsByType instead which lets you decide whether you need the results sorted or not.  FindObjectsOfType sorts the results by InstanceID but if you do not need this using FindObjectSortMode.None is considerably faster.'
Assets/Editor/GamePlayTests.cs(3157,17): warning CS0618: 'Object.FindObjectsOfType<T>()' is obsolete: 'Object.FindObjectsOfType has been deprecated. Use Object.FindObjectsByType instead which lets you decide whether you need the results sorted or not.  FindObjectsOfType sorts the results by InstanceID but if you do not need this using FindObjectSortMode.None is considerably faster.'
Assets/Editor/GamePlayTests.cs(3212,31): warning CS0618: 'Object.FindObjectOfType<T>()' is obsolete: 'Object.FindObjectOfType has been deprecated. Use Object.FindAnyObjectByType instead.'
Assets/Editor/GamePlayTests.cs(3229,41): warning CS0618: 'Object.FindObjectsOfType<T>()' is obsolete: 'Object.FindObjectsOfType has been deprecated. Use Object.FindObjectsByType instead which lets you decide whether you need the results sorted or not.  FindObjectsOfType sorts the results by InstanceID but if you do not need this using FindObjectSortMode.None is considerably faster.'
[1537/1540  0s] ILPostProcess Library/Bee/artifacts/2000b0aE.dag/post-processed/Assembly-CSharp-Editor.dll (+pdb)
Processing assembly Library/Bee/artifacts/2000b0aE.dag/Assembly-CSharp-Editor.dll, with 116 defines and 440 references
processors: Unity.Jobs.CodeGen.JobsILPostProcessor, zzzUnity.Burst.CodeGen.BurstILPostProcessor
running Unity.Jobs.CodeGen.JobsILPostProcessor
running zzzUnity.Burst.CodeGen.BurstILPostProcessor
[1538/1540  0s] CopyFiles Library/ScriptAssemblies/Assembly-CSharp-Editor.dll
[1539/1540  0s] CopyFiles Library/ScriptAssemblies/Assembly-CSharp-Editor.pdb
*** Tundra build success (3.13 seconds), 21 items updated, 1540 evaluated
Assets/Scripts/CannonController.cs(46,79): warning CS0618: 'Object.FindObjectsOfType<T>()' is obsolete: 'Object.FindObjectsOfType has been deprecated. Use Object.FindObjectsByType instead which lets you decide whether you need the results sorted or not.  FindObjectsOfType sorts the results by InstanceID but if you do not need this using FindObjectSortMode.None is considerably faster.'
Assets/Scripts/CannonController.cs(537,39): warning CS0618: 'Object.FindObjectsOfType<T>()' is obsolete: 'Object.FindObjectsOfType has been deprecated. Use Object.FindObjectsByType instead which lets you decide whether you need the results sorted or not.  FindObjectsOfType sorts the results by InstanceID but if you do not need this using FindObjectSortMode.None is considerably faster.'
Assets/Scripts/DestructibleBlock.cs(50,80): warning CS0618: 'Object.FindObjectsOfType<T>()' is obsolete: 'Object.FindObjectsOfType has been deprecated. Use Object.FindObjectsByType instead which lets you decide whether you need the results sorted or not.  FindObjectsOfType sorts the results by InstanceID but if you do not need this using FindObjectSortMode.None is considerably faster.'
Assets/Scripts/DeploymentController.cs(244,22): warning CS0618: 'Object.FindObjectOfType<T>()' is obsolete: 'Object.FindObjectOfType has been deprecated. Use Object.FindAnyObjectByType instead.'
Assets/Scripts/FirstPlayCoachController.cs(65,29): warning CS0618: 'Object.FindObjectOfType<T>()' is obsolete: 'Object.FindObjectOfType has been deprecated. Use Object.FindAnyObjectByType instead.'
Assets/Scripts/WebtoonPrologueController.cs(288,13): warning CS0618: 'TMP_Text.enableWordWrapping' is obsolete: 'The enabledWordWrapping property is now obsolete. Please use the textWrappingMode property instead.'
Assets/Scripts/WebtoonPrologueController.cs(307,13): warning CS0618: 'TMP_Text.enableWordWrapping' is obsolete: 'The enabledWordWrapping property is now obsolete. Please use the textWrappingMode property instead.'
Assets/Scripts/ExplosiveGimmick.cs(262,35): warning CS0618: 'Object.FindObjectsOfType<T>()' is obsolete: 'Object.FindObjectsOfType has been deprecated. Use Object.FindObjectsByType instead which lets you decide whether you need the results sorted or not.  FindObjectsOfType sorts the results by InstanceID but if you do not need this using FindObjectSortMode.None is considerably faster.'
Assets/Scripts/GameManager.cs(154,72): warning CS0618: 'Object.FindObjectOfType<T>()' is obsolete: 'Object.FindObjectOfType has been deprecated. Use Object.FindAnyObjectByType instead.'
Assets/Scripts/BgmManager.cs(129,34): warning CS0618: 'Object.FindObjectsOfType<T>()' is obsolete: 'Object.FindObjectsOfType has been deprecated. Use Object.FindObjectsByType instead which lets you decide whether you need the results sorted or not.  FindObjectsOfType sorts the results by InstanceID but if you do not need this using FindObjectSortMode.None is considerably faster.'
Assets/Scripts/DeploymentController.cs(633,13): warning CS0618: 'TMP_Text.enableWordWrapping' is obsolete: 'The enabledWordWrapping property is now obsolete. Please use the textWrappingMode property instead.'
Assets/Scripts/DeploymentController.cs(673,13): warning CS0618: 'TMP_Text.enableWordWrapping' is obsolete: 'The enabledWordWrapping property is now obsolete. Please use the textWrappingMode property instead.'
Assets/Scripts/GamePresentationDirector.cs(175,56): warning CS0618: 'Object.FindObjectOfType<T>()' is obsolete: 'Object.FindObjectOfType has been deprecated. Use Object.FindAnyObjectByType instead.'
Assets/Scripts/GameManager.cs(311,58): warning CS0618: 'Object.FindObjectOfType<T>()' is obsolete: 'Object.FindObjectOfType has been deprecated. Use Object.FindAnyObjectByType instead.'
Assets/Scripts/IntroScreenController.cs(224,13): warning CS0618: 'TMP_Text.enableWordWrapping' is obsolete: 'The enabledWordWrapping property is now obsolete. Please use the textWrappingMode property instead.'
Assets/Scripts/FirstPlayCoachController.cs(378,13): warning CS0618: 'TMP_Text.enableWordWrapping' is obsolete: 'The enabledWordWrapping property is now obsolete. Please use the textWrappingMode property instead.'
Assets/Scripts/IntroScreenController.cs(282,13): warning CS0618: 'TMP_Text.enableWordWrapping' is obsolete: 'The enabledWordWrapping property is now obsolete. Please use the textWrappingMode property instead.'
Assets/Scripts/IntroScreenController.cs(313,13): warning CS0618: 'TMP_Text.enableWordWrapping' is obsolete: 'The enabledWordWrapping property is now obsolete. Please use the textWrappingMode property instead.'
Assets/Scripts/GameManager.cs(505,17): warning CS0618: 'Object.FindObjectOfType<T>()' is obsolete: 'Object.FindObjectOfType has been deprecated. Use Object.FindAnyObjectByType instead.'
Assets/Scripts/MobileStorefront.cs(90,24): warning CS0618: 'Object.FindObjectOfType<T>()' is obsolete: 'Object.FindObjectOfType has been deprecated. Use Object.FindAnyObjectByType instead.'
Assets/Scripts/GameManager.cs(518,17): warning CS0618: 'Object.FindObjectOfType<T>()' is obsolete: 'Object.FindObjectOfType has been deprecated. Use Object.FindAnyObjectByType instead.'
Assets/Scripts/GameManager.cs(525,17): warning CS0618: 'Object.FindObjectOfType<T>()' is obsolete: 'Object.FindObjectOfType has been deprecated. Use Object.FindAnyObjectByType instead.'
Assets/Scripts/GameManager.cs(532,17): warning CS0618: 'Object.FindObjectOfType<T>()' is obsolete: 'Object.FindObjectOfType has been deprecated. Use Object.FindAnyObjectByType instead.'
Assets/Scripts/MobileStorefront.cs(485,13): warning CS0618: 'TMP_Text.enableWordWrapping' is obsolete: 'The enabledWordWrapping property is now obsolete. Please use the textWrappingMode property instead.'
Assets/Scripts/MobileStorefront.cs(498,13): warning CS0618: 'TMP_Text.enableWordWrapping' is obsolete: 'The enabledWordWrapping property is now obsolete. Please use the textWrappingMode property instead.'
Assets/Scripts/GameManager.cs(634,28): warning CS0618: 'Object.FindObjectOfType<T>()' is obsolete: 'Object.FindObjectOfType has been deprecated. Use Object.FindAnyObjectByType instead.'
Assets/Scripts/SiegeAlarmSystem.cs(85,13): warning CS0618: 'TMP_Text.enableWordWrapping' is obsolete: 'The enabledWordWrapping property is now obsolete. Please use the textWrappingMode property instead.'
Assets/Scripts/IntroScreenController.cs(431,13): warning CS0618: 'TMP_Text.enableWordWrapping' is obsolete: 'The enabledWordWrapping property is now obsolete. Please use the textWrappingMode property instead.'
Assets/Scripts/GameManager.cs(678,33): warning CS0618: 'Object.FindObjectsOfType<T>()' is obsolete: 'Object.FindObjectsOfType has been deprecated. Use Object.FindObjectsByType instead which lets you decide whether you need the results sorted or not.  FindObjectsOfType sorts the results by InstanceID but if you do not need this using FindObjectSortMode.None is considerably faster.'
Assets/Scripts/GameFeelVfx.cs(1030,13): warning CS0618: 'TMP_Text.enableWordWrapping' is obsolete: 'The enabledWordWrapping property is now obsolete. Please use the textWrappingMode property instead.'
Assets/Scripts/SiegeAlarmSystem.cs(132,13): warning CS0618: 'TMP_Text.enableWordWrapping' is obsolete: 'The enabledWordWrapping property is now obsolete. Please use the textWrappingMode property instead.'
Assets/Scripts/StageWeather.cs(25,28): warning CS0618: 'Object.FindObjectOfType<T>()' is obsolete: 'Object.FindObjectOfType has been deprecated. Use Object.FindAnyObjectByType instead.'
Assets/Scripts/StageInterludeController.cs(124,13): warning CS0618: 'TMP_Text.enableWordWrapping' is obsolete: 'The enabledWordWrapping property is now obsolete. Please use the textWrappingMode property instead.'
Assets/Scripts/GameFeelVfx.cs(1159,39): warning CS0618: 'Object.FindObjectsOfType<T>()' is obsolete: 'Object.FindObjectsOfType has been deprecated. Use Object.FindObjectsByType instead which lets you decide whether you need the results sorted or not.  FindObjectsOfType sorts the results by InstanceID but if you do not need this using FindObjectSortMode.None is considerably faster.'
Assets/Scripts/GameFeelVfx.cs(1163,36): warning CS0618: 'Object.FindObjectsOfType<T>()' is obsolete: 'Object.FindObjectsOfType has been deprecated. Use Object.FindObjectsByType instead which lets you decide whether you need the results sorted or not.  FindObjectsOfType sorts the results by InstanceID but if you do not need this using FindObjectSortMode.None is considerably faster.'
Assets/Scripts/GameFeelVfx.cs(1167,34): warning CS0618: 'Object.FindObjectsOfType<T>()' is obsolete: 'Object.FindObjectsOfType has been deprecated. Use Object.FindObjectsByType instead which lets you decide whether you need the results sorted or not.  FindObjectsOfType sorts the results by InstanceID but if you do not need this using FindObjectSortMode.None is considerably faster.'
Assets/Scripts/SpriteAtlasPacker.cs(158,38): warning CS0618: 'Object.FindObjectsOfType<T>(bool)' is obsolete: 'Object.FindObjectsOfType has been deprecated. Use Object.FindObjectsByType instead which lets you decide whether you need the results sorted or not.  FindObjectsOfType sorts the results by InstanceID but if you do not need this using FindObjectSortMode.None is considerably faster.'
Assets/Scripts/UnitController.cs(161,77): warning CS0618: 'Object.FindObjectsOfType<T>()' is obsolete: 'Object.FindObjectsOfType has been deprecated. Use Object.FindObjectsByType instead which lets you decide whether you need the results sorted or not.  FindObjectsOfType sorts the results by InstanceID but if you do not need this using FindObjectSortMode.None is considerably faster.'
Assets/Scripts/GameManager.cs(1042,22): warning CS0618: 'Object.FindObjectOfType<T>()' is obsolete: 'Object.FindObjectOfType has been deprecated. Use Object.FindAnyObjectByType instead.'
Assets/Scripts/GameManager.cs(1048,22): warning CS0618: 'Object.FindObjectOfType<T>()' is obsolete: 'Object.FindObjectOfType has been deprecated. Use Object.FindAnyObjectByType instead.'
Assets/Scripts/SpriteAtlasPacker.cs(246,38): warning CS0618: 'Object.FindObjectsOfType<T>(bool)' is obsolete: 'Object.FindObjectsOfType has been deprecated. Use Object.FindObjectsByType instead which lets you decide whether you need the results sorted or not.  FindObjectsOfType sorts the results by InstanceID but if you do not need this using FindObjectSortMode.None is considerably faster.'
Assets/Scripts/SiegeEcosystem.cs(349,13): warning CS0618: 'TMP_Text.enableWordWrapping' is obsolete: 'The enabledWordWrapping property is now obsolete. Please use the textWrappingMode property instead.'
Assets/Scripts/GameManager.cs(1089,31): warning CS0618: 'Object.FindObjectsOfType<T>()' is obsolete: 'Object.FindObjectsOfType has been deprecated. Use Object.FindObjectsByType instead which lets you decide whether you need the results sorted or not.  FindObjectsOfType sorts the results by InstanceID but if you do not need this using FindObjectSortMode.None is considerably faster.'
Assets/Scripts/GameManager.cs(1276,17): warning CS0618: 'TMP_Text.enableWordWrapping' is obsolete: 'The enabledWordWrapping property is now obsolete. Please use the textWrappingMode property instead.'
Assets/Scripts/LaunchManager.cs(991,27): warning CS0618: 'Physics2D.BoxCastNonAlloc(Vector2, Vector2, float, Vector2, RaycastHit2D[], float, int)' is obsolete: 'BoxCastNonAlloc has been deprecated. Please use BoxCast.'
Assets/Scripts/GameManager.cs(1454,17): warning CS0618: 'TMP_Text.enableWordWrapping' is obsolete: 'The enabledWordWrapping property is now obsolete. Please use the textWrappingMode property instead.'
Assets/Scripts/GameManager.cs(2277,22): warning CS0618: 'Object.FindObjectOfType<T>()' is obsolete: 'Object.FindObjectOfType has been deprecated. Use Object.FindAnyObjectByType instead.'
Assets/Scripts/GameManager.cs(2385,22): warning CS0618: 'Object.FindObjectOfType<T>()' is obsolete: 'Object.FindObjectOfType has been deprecated. Use Object.FindAnyObjectByType instead.'
Assets/Scripts/UnitController.cs(1353,34): warning CS0618: 'Object.FindObjectsOfType<T>()' is obsolete: 'Object.FindObjectsOfType has been deprecated. Use Object.FindObjectsByType instead which lets you decide whether you need the results sorted or not.  FindObjectsOfType sorts the results by InstanceID but if you do not need this using FindObjectSortMode.None is considerably faster.'
Assets/Scripts/UnitController.cs(136,22): warning CS0414: The field 'UnitController.hasStoredOriginalColor' is assigned but its value is never used
Assets/Tests/PlayMode/KeepSpawnIntegrityTests.cs(23,35): warning CS0618: 'Object.FindObjectsOfType<T>()' is obsolete: 'Object.FindObjectsOfType has been deprecated. Use Object.FindObjectsByType instead which lets you decide whether you need the results sorted or not.  FindObjectsOfType sorts the results by InstanceID but if you do not need this using FindObjectSortMode.None is considerably faster.'
Assets/Tests/PlayMode/ImpactVfxCaptureProbe.cs(41,83): warning CS0618: 'FindObjectsSortMode' is obsolete: 'FindObjectsSortMode has been deprecated. Use the FindObjectsByType overloads that do not take a FindObjectsSortMode parameter.'
Assets/Tests/PlayMode/ImpactVfxCaptureProbe.cs(41,35): warning CS0618: 'Object.FindObjectsByType<T>(FindObjectsSortMode)' is obsolete: 'FindObjectsByType with FindObjectsSortMode parameter has been deprecated. Use FindObjectsByType<T>() or FindObjectsByType<T>(FindObjectsInactive) instead. InstanceID will be replaced in the future with EntityId and previous sort order cannot be maintained.'
Assets/Tests/PlayMode/ImpactVfxCaptureProbe.cs(43,83): warning CS0618: 'FindObjectsSortMode' is obsolete: 'FindObjectsSortMode has been deprecated. Use the FindObjectsByType overloads that do not take a FindObjectsSortMode parameter.'
Assets/Tests/PlayMode/ImpactVfxCaptureProbe.cs(43,31): warning CS0618: 'Object.FindObjectsByType<T>(FindObjectsSortMode)' is obsolete: 'FindObjectsByType with FindObjectsSortMode parameter has been deprecated. Use FindObjectsByType<T>() or FindObjectsByType<T>(FindObjectsInactive) instead. InstanceID will be replaced in the future with EntityId and previous sort order cannot be maintained.'
Assets/Tests/PlayMode/LauncherMotionEvidenceCapture.cs(60,83): warning CS0618: 'FindObjectsSortMode' is obsolete: 'FindObjectsSortMode has been deprecated. Use the FindObjectsByType overloads that do not take a FindObjectsSortMode parameter.'
Assets/Tests/PlayMode/LauncherMotionEvidenceCapture.cs(60,35): warning CS0618: 'Object.FindObjectsByType<T>(FindObjectsSortMode)' is obsolete: 'FindObjectsByType with FindObjectsSortMode parameter has been deprecated. Use FindObjectsByType<T>() or FindObjectsByType<T>(FindObjectsInactive) instead. InstanceID will be replaced in the future with EntityId and previous sort order cannot be maintained.'
Assets/Tests/PlayMode/LauncherMotionEvidenceCapture.cs(64,90): warning CS0618: 'FindObjectsSortMode' is obsolete: 'FindObjectsSortMode has been deprecated. Use the FindObjectsByType overloads that do not take a FindObjectsSortMode parameter.'
Assets/Tests/PlayMode/LauncherMotionEvidenceCapture.cs(64,38): warning CS0618: 'Object.FindObjectsByType<T>(FindObjectsSortMode)' is obsolete: 'FindObjectsByType with FindObjectsSortMode parameter has been deprecated. Use FindObjectsByType<T>() or FindObjectsByType<T>(FindObjectsInactive) instead. InstanceID will be replaced in the future with EntityId and previous sort order cannot be maintained.'
Assets/Tests/PlayMode/BugFixVerificationTests.cs(41,33): warning CS0618: 'Object.FindObjectOfType<T>()' is obsolete: 'Object.FindObjectOfType has been deprecated. Use Object.FindAnyObjectByType instead.'
Assets/Tests/PlayMode/BugFixVerificationTests.cs(44,33): warning CS0618: 'Object.FindObjectsOfType<T>()' is obsolete: 'Object.FindObjectsOfType has been deprecated. Use Object.FindObjectsByType instead which lets you decide whether you need the results sorted or not.  FindObjectsOfType sorts the results by InstanceID but if you do not need this using FindObjectSortMode.None is considerably faster.'
Assets/Tests/PlayMode/BugFixVerificationTests.cs(54,32): warning CS0618: 'Object.FindObjectsOfType<T>()' is obsolete: 'Object.FindObjectsOfType has been deprecated. Use Object.FindObjectsByType instead which lets you decide whether you need the results sorted or not.  FindObjectsOfType sorts the results by InstanceID but if you do not need this using FindObjectSortMode.None is considerably faster.'
Assets/Tests/PlayMode/CastleBustersAnalysisTests.cs(50,29): warning CS0618: 'Object.FindObjectOfType<T>()' is obsolete: 'Object.FindObjectOfType has been deprecated. Use Object.FindAnyObjectByType instead.'
Assets/Tests/PlayMode/AutoPlayTest.cs(38,33): warning CS0618: 'Object.FindObjectOfType<T>()' is obsolete: 'Object.FindObjectOfType has been deprecated. Use Object.FindAnyObjectByType instead.'
Assets/Tests/PlayMode/CastleBustersAnalysisTests.cs(81,29): warning CS0618: 'Object.FindObjectOfType<T>()' is obsolete: 'Object.FindObjectOfType has been deprecated. Use Object.FindAnyObjectByType instead.'
Assets/Tests/PlayMode/ImpactVfxCaptureProbe.cs(54,68): warning CS0618: 'FindObjectsSortMode' is obsolete: 'FindObjectsSortMode has been deprecated. Use the FindObjectsByType overloads that do not take a FindObjectsSortMode parameter.'
Assets/Tests/PlayMode/ImpactVfxCaptureProbe.cs(54,35): warning CS0618: 'Object.FindObjectsByType<T>(FindObjectsSortMode)' is obsolete: 'FindObjectsByType with FindObjectsSortMode parameter has been deprecated. Use FindObjectsByType<T>() or FindObjectsByType<T>(FindObjectsInactive) instead. InstanceID will be replaced in the future with EntityId and previous sort order cannot be maintained.'
Assets/Tests/PlayMode/BestOfThreeAndRenderingFixTests.cs(103,26): warning CS0618: 'Object.FindObjectOfType<T>()' is obsolete: 'Object.FindObjectOfType has been deprecated. Use Object.FindAnyObjectByType instead.'
Assets/Tests/PlayMode/LauncherMotionLiveSceneTests.cs(66,22): warning CS0618: 'Object.FindFirstObjectByType<T>()' is obsolete: 'FindFirstObjectByType has been deprecated because it relies on instance ID ordering. Use FindAnyObjectByType instead, which does not depend on ordering.'
Assets/Tests/PlayMode/LauncherMotionEvidenceCapture.cs(87,68): warning CS0618: 'FindObjectsSortMode' is obsolete: 'FindObjectsSortMode has been deprecated. Use the FindObjectsByType overloads that do not take a FindObjectsSortMode parameter.'
Assets/Tests/PlayMode/LauncherMotionEvidenceCapture.cs(87,35): warning CS0618: 'Object.FindObjectsByType<T>(FindObjectsSortMode)' is obsolete: 'FindObjectsByType with FindObjectsSortMode parameter has been deprecated. Use FindObjectsByType<T>() or FindObjectsByType<T>(FindObjectsInactive) instead. InstanceID will be replaced in the future with EntityId and previous sort order cannot be maintained.'
Assets/Tests/PlayMode/LauncherMotionEvidenceCapture.cs(94,61): warning CS0618: 'FindObjectsSortMode' is obsolete: 'FindObjectsSortMode has been deprecated. Use the FindObjectsByType overloads that do not take a FindObjectsSortMode parameter.'
Assets/Tests/PlayMode/LauncherMotionEvidenceCapture.cs(94,28): warning CS0618: 'Object.FindObjectsByType<T>(FindObjectsSortMode)' is obsolete: 'FindObjectsByType with FindObjectsSortMode parameter has been deprecated. Use FindObjectsByType<T>() or FindObjectsByType<T>(FindObjectsInactive) instead. InstanceID will be replaced in the future with EntityId and previous sort order cannot be maintained.'
Assets/Tests/PlayMode/KeepSpawnIntegrityTests.cs(110,33): warning CS0618: 'Object.FindObjectsOfType<T>()' is obsolete: 'Object.FindObjectsOfType has been deprecated. Use Object.FindObjectsByType instead which lets you decide whether you need the results sorted or not.  FindObjectsOfType sorts the results by InstanceID but if you do not need this using FindObjectSortMode.None is considerably faster.'
Assets/Tests/PlayMode/LauncherIdentityProbe.cs(82,73): warning CS0618: 'FindObjectsSortMode' is obsolete: 'FindObjectsSortMode has been deprecated. Use the FindObjectsByType overloads that do not take a FindObjectsSortMode parameter.'
Assets/Tests/PlayMode/LauncherIdentityProbe.cs(82,34): warning CS0618: 'Object.FindObjectsByType<T>(FindObjectsSortMode)' is obsolete: 'FindObjectsByType with FindObjectsSortMode parameter has been deprecated. Use FindObjectsByType<T>() or FindObjectsByType<T>(FindObjectsInactive) instead. InstanceID will be replaced in the future with EntityId and previous sort order cannot be maintained.'
Assets/Tests/PlayMode/LauncherIdentityProbe.cs(87,22): warning CS0618: 'Object.FindFirstObjectByType<T>()' is obsolete: 'FindFirstObjectByType has been deprecated because it relies on instance ID ordering. Use FindAnyObjectByType instead, which does not depend on ordering.'
Assets/Tests/PlayMode/LauncherIdentityProbe.cs(100,73): warning CS0618: 'FindObjectsSortMode' is obsolete: 'FindObjectsSortMode has been deprecated. Use the FindObjectsByType overloads that do not take a FindObjectsSortMode parameter.'
Assets/Tests/PlayMode/LauncherIdentityProbe.cs(100,34): warning CS0618: 'Object.FindObjectsByType<T>(FindObjectsSortMode)' is obsolete: 'FindObjectsByType with FindObjectsSortMode parameter has been deprecated. Use FindObjectsByType<T>() or FindObjectsByType<T>(FindObjectsInactive) instead. InstanceID will be replaced in the future with EntityId and previous sort order cannot be maintained.'
Assets/Tests/PlayMode/LauncherMotionEvidenceCapture.cs(157,22): warning CS0618: 'Object.FindFirstObjectByType<T>()' is obsolete: 'FindFirstObjectByType has been deprecated because it relies on instance ID ordering. Use FindAnyObjectByType instead, which does not depend on ordering.'
Assets/Tests/PlayMode/LauncherMotionLiveSceneTests.cs(110,22): warning CS0618: 'Object.FindFirstObjectByType<T>()' is obsolete: 'FindFirstObjectByType has been deprecated because it relies on instance ID ordering. Use FindAnyObjectByType instead, which does not depend on ordering.'
Assets/Tests/PlayMode/LauncherMotionLiveSceneTests.cs(120,30): warning CS0618: 'Object.FindFirstObjectByType<T>()' is obsolete: 'FindFirstObjectByType has been deprecated because it relies on instance ID ordering. Use FindAnyObjectByType instead, which does not depend on ordering.'
Assets/Tests/PlayMode/CastleBustersAnalysisTests.cs(144,33): warning CS0618: 'Object.FindObjectOfType<T>()' is obsolete: 'Object.FindObjectOfType has been deprecated. Use Object.FindAnyObjectByType instead.'
Assets/Tests/PlayMode/CastleBustersAnalysisTests.cs(131,17): warning CS0219: The variable 'playerWins' is assigned but its value is never used
Assets/Tests/PlayMode/CastleBustersAnalysisTests.cs(132,17): warning CS0219: The variable 'aiWins' is assigned but its value is never used
Assets/Tests/PlayMode/HudCanvasContractTests.cs(249,30): warning CS0618: 'FindObjectsSortMode' is obsolete: 'FindObjectsSortMode has been deprecated. Use the FindObjectsByType overloads that do not take a FindObjectsSortMode parameter.'
Assets/Tests/PlayMode/HudCanvasContractTests.cs(247,43): warning CS0618: 'Object.FindObjectsByType<T>(FindObjectsInactive, FindObjectsSortMode)' is obsolete: 'FindObjectsByType with FindObjectsSortMode parameter has been deprecated. Use FindObjectsByType<T>() or FindObjectsByType<T>(FindObjectsInactive) instead. InstanceID will be replaced in the future with EntityId and previous sort order cannot be maintained.'
Assets/Tests/PlayMode/KeepSpawnIntegrityTests.cs(164,33): warning CS0618: 'Object.FindObjectsOfType<T>()' is obsolete: 'Object.FindObjectsOfType has been deprecated. Use Object.FindObjectsByType instead which lets you decide whether you need the results sorted or not.  FindObjectsOfType sorts the results by InstanceID but if you do not need this using FindObjectSortMode.None is considerably faster.'
Assets/Tests/PlayMode/CastleMaterialCensusProbe.cs(64,87): warning CS0618: 'FindObjectsSortMode' is obsolete: 'FindObjectsSortMode has been deprecated. Use the FindObjectsByType overloads that do not take a FindObjectsSortMode parameter.'
Assets/Tests/PlayMode/CastleMaterialCensusProbe.cs(64,39): warning CS0618: 'Object.FindObjectsByType<T>(FindObjectsSortMode)' is obsolete: 'FindObjectsByType with FindObjectsSortMode parameter has been deprecated. Use FindObjectsByType<T>() or FindObjectsByType<T>(FindObjectsInactive) instead. InstanceID will be replaced in the future with EntityId and previous sort order cannot be maintained.'
Assets/Tests/PlayMode/VisualEvidenceCapture.cs(140,68): warning CS0618: 'FindObjectsSortMode' is obsolete: 'FindObjectsSortMode has been deprecated. Use the FindObjectsByType overloads that do not take a FindObjectsSortMode parameter.'
Assets/Tests/PlayMode/VisualEvidenceCapture.cs(140,35): warning CS0618: 'Object.FindObjectsByType<T>(FindObjectsSortMode)' is obsolete: 'FindObjectsByType with FindObjectsSortMode parameter has been deprecated. Use FindObjectsByType<T>() or FindObjectsByType<T>(FindObjectsInactive) instead. InstanceID will be replaced in the future with EntityId and previous sort order cannot be maintained.'
Assets/Tests/PlayMode/VisualEvidenceCapture.cs(147,61): warning CS0618: 'FindObjectsSortMode' is obsolete: 'FindObjectsSortMode has been deprecated. Use the FindObjectsByType overloads that do not take a FindObjectsSortMode parameter.'
Assets/Tests/PlayMode/VisualEvidenceCapture.cs(147,28): warning CS0618: 'Object.FindObjectsByType<T>(FindObjectsSortMode)' is obsolete: 'FindObjectsByType with FindObjectsSortMode parameter has been deprecated. Use FindObjectsByType<T>() or FindObjectsByType<T>(FindObjectsInactive) instead. InstanceID will be replaced in the future with EntityId and previous sort order cannot be maintained.'
Assets/Tests/PlayMode/LauncherMotionLiveSceneTests.cs(163,24): warning CS0618: 'Object.FindFirstObjectByType<T>()' is obsolete: 'FindFirstObjectByType has been deprecated because it relies on instance ID ordering. Use FindAnyObjectByType instead, which does not depend on ordering.'
Assets/Tests/PlayMode/CastleBustersAnalysisTests.cs(226,29): warning CS0618: 'Object.FindObjectOfType<T>()' is obsolete: 'Object.FindObjectOfType has been deprecated. Use Object.FindAnyObjectByType instead.'
Assets/Tests/PlayMode/VisualEvidenceCapture.cs(211,75): warning CS0618: 'FindObjectsSortMode' is obsolete: 'FindObjectsSortMode has been deprecated. Use the FindObjectsByType overloads that do not take a FindObjectsSortMode parameter.'
Assets/Tests/PlayMode/VisualEvidenceCapture.cs(211,34): warning CS0618: 'Object.FindObjectsByType<T>(FindObjectsSortMode)' is obsolete: 'FindObjectsByType with FindObjectsSortMode parameter has been deprecated. Use FindObjectsByType<T>() or FindObjectsByType<T>(FindObjectsInactive) instead. InstanceID will be replaced in the future with EntityId and previous sort order cannot be maintained.'
Assets/Tests/PlayMode/HudFixEvidenceCapture.cs(144,77): warning CS0618: 'FindObjectsSortMode' is obsolete: 'FindObjectsSortMode has been deprecated. Use the FindObjectsByType overloads that do not take a FindObjectsSortMode parameter.'
Assets/Tests/PlayMode/HudFixEvidenceCapture.cs(144,35): warning CS0618: 'Object.FindObjectsByType<T>(FindObjectsSortMode)' is obsolete: 'FindObjectsByType with FindObjectsSortMode parameter has been deprecated. Use FindObjectsByType<T>() or FindObjectsByType<T>(FindObjectsInactive) instead. InstanceID will be replaced in the future with EntityId and previous sort order cannot be maintained.'
Assets/Tests/PlayMode/HudFontScaleDiagnosis.cs(131,75): warning CS0618: 'FindObjectsSortMode' is obsolete: 'FindObjectsSortMode has been deprecated. Use the FindObjectsByType overloads that do not take a FindObjectsSortMode parameter.'
Assets/Tests/PlayMode/HudFontScaleDiagnosis.cs(131,36): warning CS0618: 'Object.FindObjectsByType<T>(FindObjectsSortMode)' is obsolete: 'FindObjectsByType with FindObjectsSortMode parameter has been deprecated. Use FindObjectsByType<T>() or FindObjectsByType<T>(FindObjectsInactive) instead. InstanceID will be replaced in the future with EntityId and previous sort order cannot be maintained.'
Assets/Tests/PlayMode/HudFontScaleDiagnosis.cs(147,73): warning CS0618: 'FindObjectsSortMode' is obsolete: 'FindObjectsSortMode has been deprecated. Use the FindObjectsByType overloads that do not take a FindObjectsSortMode parameter.'
Assets/Tests/PlayMode/HudFontScaleDiagnosis.cs(147,31): warning CS0618: 'Object.FindObjectsByType<T>(FindObjectsSortMode)' is obsolete: 'FindObjectsByType with FindObjectsSortMode parameter has been deprecated. Use FindObjectsByType<T>() or FindObjectsByType<T>(FindObjectsInactive) instead. InstanceID will be replaced in the future with EntityId and previous sort order cannot be maintained.'
Assets/Tests/PlayMode/HudCanvasContractTests.cs(318,65): warning CS0618: 'FindObjectsSortMode' is obsolete: 'FindObjectsSortMode has been deprecated. Use the FindObjectsByType overloads that do not take a FindObjectsSortMode parameter.'
Assets/Tests/PlayMode/HudCanvasContractTests.cs(318,31): warning CS0618: 'Object.FindObjectsByType<T>(FindObjectsSortMode)' is obsolete: 'FindObjectsByType with FindObjectsSortMode parameter has been deprecated. Use FindObjectsByType<T>() or FindObjectsByType<T>(FindObjectsInactive) instead. InstanceID will be replaced in the future with EntityId and previous sort order cannot be maintained.'
Assets/Tests/PlayMode/LauncherMotionLiveSceneTests.cs(197,22): warning CS0618: 'Object.FindFirstObjectByType<T>()' is obsolete: 'FindFirstObjectByType has been deprecated because it relies on instance ID ordering. Use FindAnyObjectByType instead, which does not depend on ordering.'
Assets/Tests/PlayMode/MeleeLegibilityCapture.cs(39,68): warning CS0618: 'FindObjectsSortMode' is obsolete: 'FindObjectsSortMode has been deprecated. Use the FindObjectsByType overloads that do not take a FindObjectsSortMode parameter.'
Assets/Tests/PlayMode/MeleeLegibilityCapture.cs(39,35): warning CS0618: 'Object.FindObjectsByType<T>(FindObjectsSortMode)' is obsolete: 'FindObjectsByType with FindObjectsSortMode parameter has been deprecated. Use FindObjectsByType<T>() or FindObjectsByType<T>(FindObjectsInactive) instead. InstanceID will be replaced in the future with EntityId and previous sort order cannot be maintained.'
Assets/Tests/PlayMode/HudFixEvidenceCapture.cs(168,68): warning CS0618: 'FindObjectsSortMode' is obsolete: 'FindObjectsSortMode has been deprecated. Use the FindObjectsByType overloads that do not take a FindObjectsSortMode parameter.'
Assets/Tests/PlayMode/HudFixEvidenceCapture.cs(168,35): warning CS0618: 'Object.FindObjectsByType<T>(FindObjectsSortMode)' is obsolete: 'FindObjectsByType with FindObjectsSortMode parameter has been deprecated. Use FindObjectsByType<T>() or FindObjectsByType<T>(FindObjectsInactive) instead. InstanceID will be replaced in the future with EntityId and previous sort order cannot be maintained.'
Assets/Tests/PlayMode/HudFixEvidenceCapture.cs(177,61): warning CS0618: 'FindObjectsSortMode' is obsolete: 'FindObjectsSortMode has been deprecated. Use the FindObjectsByType overloads that do not take a FindObjectsSortMode parameter.'
Assets/Tests/PlayMode/HudFixEvidenceCapture.cs(177,28): warning CS0618: 'Object.FindObjectsByType<T>(FindObjectsSortMode)' is obsolete: 'FindObjectsByType with FindObjectsSortMode parameter has been deprecated. Use FindObjectsByType<T>() or FindObjectsByType<T>(FindObjectsInactive) instead. InstanceID will be replaced in the future with EntityId and previous sort order cannot be maintained.'
Assets/Tests/PlayMode/HudOverlapTests.cs(124,73): warning CS0618: 'FindObjectsSortMode' is obsolete: 'FindObjectsSortMode has been deprecated. Use the FindObjectsByType overloads that do not take a FindObjectsSortMode parameter.'
Assets/Tests/PlayMode/HudOverlapTests.cs(124,31): warning CS0618: 'Object.FindObjectsByType<T>(FindObjectsSortMode)' is obsolete: 'FindObjectsByType with FindObjectsSortMode parameter has been deprecated. Use FindObjectsByType<T>() or FindObjectsByType<T>(FindObjectsInactive) instead. InstanceID will be replaced in the future with EntityId and previous sort order cannot be maintained.'
Assets/Tests/PlayMode/VisualEvidenceCapture.cs(291,75): warning CS0618: 'FindObjectsSortMode' is obsolete: 'FindObjectsSortMode has been deprecated. Use the FindObjectsByType overloads that do not take a FindObjectsSortMode parameter.'
Assets/Tests/PlayMode/VisualEvidenceCapture.cs(291,34): warning CS0618: 'Object.FindObjectsByType<T>(FindObjectsSortMode)' is obsolete: 'FindObjectsByType with FindObjectsSortMode parameter has been deprecated. Use FindObjectsByType<T>() or FindObjectsByType<T>(FindObjectsInactive) instead. InstanceID will be replaced in the future with EntityId and previous sort order cannot be maintained.'
Assets/Tests/PlayMode/ImpactVfxCaptureProbe.cs(216,73): warning CS0618: 'FindObjectsSortMode' is obsolete: 'FindObjectsSortMode has been deprecated. Use the FindObjectsByType overloads that do not take a FindObjectsSortMode parameter.'
Assets/Tests/PlayMode/ImpactVfxCaptureProbe.cs(216,32): warning CS0618: 'Object.FindObjectsByType<T>(FindObjectsSortMode)' is obsolete: 'FindObjectsByType with FindObjectsSortMode parameter has been deprecated. Use FindObjectsByType<T>() or FindObjectsByType<T>(FindObjectsInactive) instead. InstanceID will be replaced in the future with EntityId and previous sort order cannot be maintained.'
Assets/Tests/PlayMode/ImpactVfxCaptureProbe.cs(226,73): warning CS0618: 'FindObjectsSortMode' is obsolete: 'FindObjectsSortMode has been deprecated. Use the FindObjectsByType overloads that do not take a FindObjectsSortMode parameter.'
Assets/Tests/PlayMode/ImpactVfxCaptureProbe.cs(226,32): warning CS0618: 'Object.FindObjectsByType<T>(FindObjectsSortMode)' is obsolete: 'FindObjectsByType with FindObjectsSortMode parameter has been deprecated. Use FindObjectsByType<T>() or FindObjectsByType<T>(FindObjectsInactive) instead. InstanceID will be replaced in the future with EntityId and previous sort order cannot be maintained.'
Assets/Tests/PlayMode/ImpactVfxCaptureProbe.cs(238,75): warning CS0618: 'FindObjectsSortMode' is obsolete: 'FindObjectsSortMode has been deprecated. Use the FindObjectsByType overloads that do not take a FindObjectsSortMode parameter.'
Assets/Tests/PlayMode/ImpactVfxCaptureProbe.cs(238,31): warning CS0618: 'Object.FindObjectsByType<T>(FindObjectsSortMode)' is obsolete: 'FindObjectsByType with FindObjectsSortMode parameter has been deprecated. Use FindObjectsByType<T>() or FindObjectsByType<T>(FindObjectsInactive) instead. InstanceID will be replaced in the future with EntityId and previous sort order cannot be maintained.'
Assets/Tests/PlayMode/HudCanvasContractTests.cs(371,73): warning CS0618: 'FindObjectsSortMode' is obsolete: 'FindObjectsSortMode has been deprecated. Use the FindObjectsByType overloads that do not take a FindObjectsSortMode parameter.'
Assets/Tests/PlayMode/HudCanvasContractTests.cs(371,31): warning CS0618: 'Object.FindObjectsByType<T>(FindObjectsSortMode)' is obsolete: 'FindObjectsByType with FindObjectsSortMode parameter has been deprecated. Use FindObjectsByType<T>() or FindObjectsByType<T>(FindObjectsInactive) instead. InstanceID will be replaced in the future with EntityId and previous sort order cannot be maintained.'
Assets/Tests/PlayMode/PlaytestQACapture.cs(64,33): warning CS0618: 'Object.FindObjectOfType<T>()' is obsolete: 'Object.FindObjectOfType has been deprecated. Use Object.FindAnyObjectByType instead.'
Assets/Tests/PlayMode/PlaytestQACapture.cs(69,25): warning CS0618: 'Object.FindObjectOfType<T>()' is obsolete: 'Object.FindObjectOfType has been deprecated. Use Object.FindAnyObjectByType instead.'
Assets/Tests/PlayMode/RuntimeReliabilityRegressionTests.cs(2296,17): warning CS0618: 'Object.FindObjectsOfType<T>()' is obsolete: 'Object.FindObjectsOfType has been deprecated. Use Object.FindObjectsByType instead which lets you decide whether you need the results sorted or not.  FindObjectsOfType sorts the results by InstanceID but if you do not need this using FindObjectSortMode.None is considerably faster.'
Assets/Tests/PlayMode/RuntimeReliabilityRegressionTests.cs(2306,47): warning CS0618: 'Object.FindObjectsOfType<T>()' is obsolete: 'Object.FindObjectsOfType has been deprecated. Use Object.FindObjectsByType instead which lets you decide whether you need the results sorted or not.  FindObjectsOfType sorts the results by InstanceID but if you do not need this using FindObjectSortMode.None is considerably faster.'
Assets/Tests/PlayMode/ImpactVfxCaptureProbe.cs(257,73): warning CS0618: 'FindObjectsSortMode' is obsolete: 'FindObjectsSortMode has been deprecated. Use the FindObjectsByType overloads that do not take a FindObjectsSortMode parameter.'
Assets/Tests/PlayMode/ImpactVfxCaptureProbe.cs(257,32): warning CS0618: 'Object.FindObjectsByType<T>(FindObjectsSortMode)' is obsolete: 'FindObjectsByType with FindObjectsSortMode parameter has been deprecated. Use FindObjectsByType<T>() or FindObjectsByType<T>(FindObjectsInactive) instead. InstanceID will be replaced in the future with EntityId and previous sort order cannot be maintained.'
Assets/Tests/PlayMode/VisualEvidenceCapture.cs(338,79): warning CS0618: 'FindObjectsSortMode' is obsolete: 'FindObjectsSortMode has been deprecated. Use the FindObjectsByType overloads that do not take a FindObjectsSortMode parameter.'
Assets/Tests/PlayMode/VisualEvidenceCapture.cs(338,31): warning CS0618: 'Object.FindObjectsByType<T>(FindObjectsSortMode)' is obsolete: 'FindObjectsByType with FindObjectsSortMode parameter has been deprecated. Use FindObjectsByType<T>() or FindObjectsByType<T>(FindObjectsInactive) instead. InstanceID will be replaced in the future with EntityId and previous sort order cannot be maintained.'
Assets/Tests/PlayMode/VisualEvidenceCapture.cs(343,79): warning CS0618: 'FindObjectsSortMode' is obsolete: 'FindObjectsSortMode has been deprecated. Use the FindObjectsByType overloads that do not take a FindObjectsSortMode parameter.'
Assets/Tests/PlayMode/VisualEvidenceCapture.cs(343,31): warning CS0618: 'Object.FindObjectsByType<T>(FindObjectsSortMode)' is obsolete: 'FindObjectsByType with FindObjectsSortMode parameter has been deprecated. Use FindObjectsByType<T>() or FindObjectsByType<T>(FindObjectsInactive) instead. InstanceID will be replaced in the future with EntityId and previous sort order cannot be maintained.'
Assets/Tests/PlayMode/MeleeLegibilityCapture.cs(88,83): warning CS0618: 'FindObjectsSortMode' is obsolete: 'FindObjectsSortMode has been deprecated. Use the FindObjectsByType overloads that do not take a FindObjectsSortMode parameter.'
Assets/Tests/PlayMode/MeleeLegibilityCapture.cs(88,35): warning CS0618: 'Object.FindObjectsByType<T>(FindObjectsSortMode)' is obsolete: 'FindObjectsByType with FindObjectsSortMode parameter has been deprecated. Use FindObjectsByType<T>() or FindObjectsByType<T>(FindObjectsInactive) instead. InstanceID will be replaced in the future with EntityId and previous sort order cannot be maintained.'
Assets/Tests/PlayMode/MeleeLegibilityCapture.cs(90,83): warning CS0618: 'FindObjectsSortMode' is obsolete: 'FindObjectsSortMode has been deprecated. Use the FindObjectsByType overloads that do not take a FindObjectsSortMode parameter.'
Assets/Tests/PlayMode/MeleeLegibilityCapture.cs(90,31): warning CS0618: 'Object.FindObjectsByType<T>(FindObjectsSortMode)' is obsolete: 'FindObjectsByType with FindObjectsSortMode parameter has been deprecated. Use FindObjectsByType<T>() or FindObjectsByType<T>(FindObjectsInactive) instead. InstanceID will be replaced in the future with EntityId and previous sort order cannot be maintained.'
Assets/Tests/PlayMode/ShotReadbackLiveSceneTests.cs(83,22): warning CS0618: 'Object.FindFirstObjectByType<T>()' is obsolete: 'FindFirstObjectByType has been deprecated because it relies on instance ID ordering. Use FindAnyObjectByType instead, which does not depend on ordering.'
Assets/Tests/PlayMode/ShotReadbackLiveSceneTests.cs(144,65): warning CS0618: 'FindObjectsSortMode' is obsolete: 'FindObjectsSortMode has been deprecated. Use the FindObjectsByType overloads that do not take a FindObjectsSortMode parameter.'
Assets/Tests/PlayMode/ShotReadbackLiveSceneTests.cs(144,24): warning CS0618: 'Object.FindObjectsByType<T>(FindObjectsSortMode)' is obsolete: 'FindObjectsByType with FindObjectsSortMode parameter has been deprecated. Use FindObjectsByType<T>() or FindObjectsByType<T>(FindObjectsInactive) instead. InstanceID will be replaced in the future with EntityId and previous sort order cannot be maintained.'
Assets/Tests/PlayMode/OneShotCannonLiveSceneTests.cs(133,34): warning CS0618: 'Object.FindObjectsOfType<T>()' is obsolete: 'Object.FindObjectsOfType has been deprecated. Use Object.FindObjectsByType instead which lets you decide whether you need the results sorted or not.  FindObjectsOfType sorts the results by InstanceID but if you do not need this using FindObjectSortMode.None is considerably faster.'
Assets/Tests/PlayMode/UntouchedCoreIntegrityTests.cs(100,33): warning CS0618: 'Object.FindObjectOfType<T>()' is obsolete: 'Object.FindObjectOfType has been deprecated. Use Object.FindAnyObjectByType instead.'
Assets/Tests/PlayMode/OneShotCannonLiveSceneTests.cs(144,34): warning CS0618: 'Object.FindObjectsOfType<T>()' is obsolete: 'Object.FindObjectsOfType has been deprecated. Use Object.FindObjectsByType instead which lets you decide whether you need the results sorted or not.  FindObjectsOfType sorts the results by InstanceID but if you do not need this using FindObjectSortMode.None is considerably faster.'
Assets/Tests/PlayMode/ShotReadbackLiveSceneTests.cs(178,25): warning CS0618: 'Object.FindFirstObjectByType<T>()' is obsolete: 'FindFirstObjectByType has been deprecated because it relies on instance ID ordering. Use FindAnyObjectByType instead, which does not depend on ordering.'
Assets/Tests/PlayMode/ShotReachabilityProbe.cs(103,22): warning CS0618: 'Object.FindFirstObjectByType<T>()' is obsolete: 'FindFirstObjectByType has been deprecated because it relies on instance ID ordering. Use FindAnyObjectByType instead, which does not depend on ordering.'
Assets/Tests/PlayMode/ImpactVfxCaptureProbe.cs(299,22): warning CS0618: 'Object.FindFirstObjectByType<T>()' is obsolete: 'FindFirstObjectByType has been deprecated because it relies on instance ID ordering. Use FindAnyObjectByType instead, which does not depend on ordering.'
Assets/Tests/PlayMode/RuntimeReliabilityRegressionTests.cs(196,44): warning CS0618: 'Object.FindObjectsOfType<T>()' is obsolete: 'Object.FindObjectsOfType has been deprecated. Use Object.FindObjectsByType instead which lets you decide whether you need the results sorted or not.  FindObjectsOfType sorts the results by InstanceID but if you do not need this using FindObjectSortMode.None is considerably faster.'
Assets/Tests/PlayMode/RuntimeReliabilityRegressionTests.cs(205,48): warning CS0618: 'Object.FindObjectsOfType<T>()' is obsolete: 'Object.FindObjectsOfType has been deprecated. Use Object.FindObjectsByType instead which lets you decide whether you need the results sorted or not.  FindObjectsOfType sorts the results by InstanceID but if you do not need this using FindObjectSortMode.None is considerably faster.'
Assets/Tests/PlayMode/RuntimeReliabilityRegressionTests.cs(215,40): warning CS0618: 'Object.FindObjectsOfType<T>()' is obsolete: 'Object.FindObjectsOfType has been deprecated. Use Object.FindObjectsByType instead which lets you decide whether you need the results sorted or not.  FindObjectsOfType sorts the results by InstanceID but if you do not need this using FindObjectSortMode.None is considerably faster.'
Assets/Tests/PlayMode/RuntimeReliabilityRegressionTests.cs(256,44): warning CS0618: 'Object.FindObjectsOfType<T>()' is obsolete: 'Object.FindObjectsOfType has been deprecated. Use Object.FindObjectsByType instead which lets you decide whether you need the results sorted or not.  FindObjectsOfType sorts the results by InstanceID but if you do not need this using FindObjectSortMode.None is considerably faster.'
Assets/Tests/PlayMode/MatchLengthCalibrationProbe.cs(116,87): warning CS0618: 'FindObjectsSortMode' is obsolete: 'FindObjectsSortMode has been deprecated. Use the FindObjectsByType overloads that do not take a FindObjectsSortMode parameter.'
Assets/Tests/PlayMode/MatchLengthCalibrationProbe.cs(116,39): warning CS0618: 'Object.FindObjectsByType<T>(FindObjectsSortMode)' is obsolete: 'FindObjectsByType with FindObjectsSortMode parameter has been deprecated. Use FindObjectsByType<T>() or FindObjectsByType<T>(FindObjectsInactive) instead. InstanceID will be replaced in the future with EntityId and previous sort order cannot be maintained.'
Assets/Tests/PlayMode/MatchLengthCalibrationProbe.cs(118,87): warning CS0618: 'FindObjectsSortMode' is obsolete: 'FindObjectsSortMode has been deprecated. Use the FindObjectsByType overloads that do not take a FindObjectsSortMode parameter.'
Assets/Tests/PlayMode/MatchLengthCalibrationProbe.cs(118,35): warning CS0618: 'Object.FindObjectsByType<T>(FindObjectsSortMode)' is obsolete: 'FindObjectsByType with FindObjectsSortMode parameter has been deprecated. Use FindObjectsByType<T>() or FindObjectsByType<T>(FindObjectsInactive) instead. InstanceID will be replaced in the future with EntityId and previous sort order cannot be maintained.'
Assets/Tests/PlayMode/MatchLengthCalibrationProbe.cs(123,26): warning CS0618: 'Object.FindFirstObjectByType<T>()' is obsolete: 'FindFirstObjectByType has been deprecated because it relies on instance ID ordering. Use FindAnyObjectByType instead, which does not depend on ordering.'
Assets/Tests/PlayMode/RuntimeReliabilityRegressionTests.cs(270,44): warning CS0618: 'Object.FindObjectsOfType<T>()' is obsolete: 'Object.FindObjectsOfType has been deprecated. Use Object.FindObjectsByType instead which lets you decide whether you need the results sorted or not.  FindObjectsOfType sorts the results by InstanceID but if you do not need this using FindObjectSortMode.None is considerably faster.'
Assets/Tests/PlayMode/RuntimeReliabilityRegressionTests.cs(277,40): warning CS0618: 'Object.FindObjectsOfType<T>()' is obsolete: 'Object.FindObjectsOfType has been deprecated. Use Object.FindObjectsByType instead which lets you decide whether you need the results sorted or not.  FindObjectsOfType sorts the results by InstanceID but if you do not need this using FindObjectSortMode.None is considerably faster.'
Assets/Tests/PlayMode/RuntimeReliabilityRegressionTests.cs(305,48): warning CS0618: 'Object.FindObjectsOfType<T>()' is obsolete: 'Object.FindObjectsOfType has been deprecated. Use Object.FindObjectsByType instead which lets you decide whether you need the results sorted or not.  FindObjectsOfType sorts the results by InstanceID but if you do not need this using FindObjectSortMode.None is considerably faster.'
Assets/Tests/PlayMode/RuntimeReliabilityRegressionTests.cs(324,44): warning CS0618: 'Object.FindObjectsOfType<T>()' is obsolete: 'Object.FindObjectsOfType has been deprecated. Use Object.FindObjectsByType instead which lets you decide whether you need the results sorted or not.  FindObjectsOfType sorts the results by InstanceID but if you do not need this using FindObjectSortMode.None is considerably faster.'
Assets/Tests/PlayMode/BugFixVerificationTests.cs(441,36): warning CS0618: 'Object.FindObjectsOfType<T>()' is obsolete: 'Object.FindObjectsOfType has been deprecated. Use Object.FindObjectsByType instead which lets you decide whether you need the results sorted or not.  FindObjectsOfType sorts the results by InstanceID but if you do not need this using FindObjectSortMode.None is considerably faster.'
Assets/Tests/PlayMode/BugFixVerificationTests.cs(462,47): warning CS0618: 'Object.FindObjectsOfType<T>()' is obsolete: 'Object.FindObjectsOfType has been deprecated. Use Object.FindObjectsByType instead which lets you decide whether you need the results sorted or not.  FindObjectsOfType sorts the results by InstanceID but if you do not need this using FindObjectSortMode.None is considerably faster.'
Assets/Tests/PlayMode/BugFixVerificationTests.cs(474,43): warning CS0618: 'Object.FindObjectsOfType<T>()' is obsolete: 'Object.FindObjectsOfType has been deprecated. Use Object.FindObjectsByType instead which lets you decide whether you need the results sorted or not.  FindObjectsOfType sorts the results by InstanceID but if you do not need this using FindObjectSortMode.None is considerably faster.'
Assets/Tests/PlayMode/ShotReachabilityProbe.cs(243,26): warning CS0618: 'Object.FindFirstObjectByType<T>()' is obsolete: 'FindFirstObjectByType has been deprecated because it relies on instance ID ordering. Use FindAnyObjectByType instead, which does not depend on ordering.'
Assets/Tests/PlayMode/RuntimeReliabilityRegressionTests.cs(396,44): warning CS0618: 'Object.FindObjectsOfType<T>()' is obsolete: 'Object.FindObjectsOfType has been deprecated. Use Object.FindObjectsByType instead which lets you decide whether you need the results sorted or not.  FindObjectsOfType sorts the results by InstanceID but if you do not need this using FindObjectSortMode.None is considerably faster.'
Assets/Tests/PlayMode/ShotReachabilityProbe.cs(408,26): warning CS0618: 'Object.FindFirstObjectByType<T>()' is obsolete: 'FindFirstObjectByType has been deprecated because it relies on instance ID ordering. Use FindAnyObjectByType instead, which does not depend on ordering.'
Assets/Tests/PlayMode/RuntimeReliabilityRegressionTests.cs(408,17): warning CS0618: 'Object.FindObjectsOfType<T>()' is obsolete: 'Object.FindObjectsOfType has been deprecated. Use Object.FindObjectsByType instead which lets you decide whether you need the results sorted or not.  FindObjectsOfType sorts the results by InstanceID but if you do not need this using FindObjectSortMode.None is considerably faster.'
Assets/Tests/PlayMode/RuntimeReliabilityRegressionTests.cs(410,17): warning CS0618: 'Object.FindObjectsOfType<T>()' is obsolete: 'Object.FindObjectsOfType has been deprecated. Use Object.FindObjectsByType instead which lets you decide whether you need the results sorted or not.  FindObjectsOfType sorts the results by InstanceID but if you do not need this using FindObjectSortMode.None is considerably faster.'
Assets/Tests/PlayMode/RuntimeReliabilityRegressionTests.cs(462,38): warning CS0618: 'Object.FindObjectsOfType<T>()' is obsolete: 'Object.FindObjectsOfType has been deprecated. Use Object.FindObjectsByType instead which lets you decide whether you need the results sorted or not.  FindObjectsOfType sorts the results by InstanceID but if you do not need this using FindObjectSortMode.None is considerably faster.'
Assets/Tests/PlayMode/RuntimeReliabilityRegressionTests.cs(466,42): warning CS0618: 'Object.FindObjectsOfType<T>()' is obsolete: 'Object.FindObjectsOfType has been deprecated. Use Object.FindObjectsByType instead which lets you decide whether you need the results sorted or not.  FindObjectsOfType sorts the results by InstanceID but if you do not need this using FindObjectSortMode.None is considerably faster.'
Assets/Tests/PlayMode/RuntimeReliabilityRegressionTests.cs(519,25): warning CS0618: 'Object.FindObjectsOfType<T>()' is obsolete: 'Object.FindObjectsOfType has been deprecated. Use Object.FindObjectsByType instead which lets you decide whether you need the results sorted or not.  FindObjectsOfType sorts the results by InstanceID but if you do not need this using FindObjectSortMode.None is considerably faster.'
Assets/Tests/PlayMode/RuntimeReliabilityRegressionTests.cs(521,25): warning CS0618: 'Object.FindObjectsOfType<T>()' is obsolete: 'Object.FindObjectsOfType has been deprecated. Use Object.FindObjectsByType instead which lets you decide whether you need the results sorted or not.  FindObjectsOfType sorts the results by InstanceID but if you do not need this using FindObjectSortMode.None is considerably faster.'
Assets/Tests/PlayMode/BugFixVerificationTests.cs(624,34): warning CS0618: 'Object.FindObjectsOfType<T>()' is obsolete: 'Object.FindObjectsOfType has been deprecated. Use Object.FindObjectsByType instead which lets you decide whether you need the results sorted or not.  FindObjectsOfType sorts the results by InstanceID but if you do not need this using FindObjectSortMode.None is considerably faster.'
Assets/Tests/PlayMode/BugFixVerificationTests.cs(629,36): warning CS0618: 'Object.FindObjectsOfType<T>()' is obsolete: 'Object.FindObjectsOfType has been deprecated. Use Object.FindObjectsByType instead which lets you decide whether you need the results sorted or not.  FindObjectsOfType sorts the results by InstanceID but if you do not need this using FindObjectSortMode.None is considerably faster.'
Assets/Tests/PlayMode/RuntimeReliabilityRegressionTests.cs(541,33): warning CS0618: 'Object.FindObjectsOfType<T>()' is obsolete: 'Object.FindObjectsOfType has been deprecated. Use Object.FindObjectsByType instead which lets you decide whether you need the results sorted or not.  FindObjectsOfType sorts the results by InstanceID but if you do not need this using FindObjectSortMode.None is considerably faster.'
Assets/Tests/PlayMode/RuntimeReliabilityRegressionTests.cs(545,48): warning CS0618: 'Object.FindObjectsOfType<T>()' is obsolete: 'Object.FindObjectsOfType has been deprecated. Use Object.FindObjectsByType instead which lets you decide whether you need the results sorted or not.  FindObjectsOfType sorts the results by InstanceID but if you do not need this using FindObjectSortMode.None is considerably faster.'
Assets/Tests/PlayMode/RuntimeReliabilityRegressionTests.cs(549,48): warning CS0618: 'Object.FindObjectsOfType<T>()' is obsolete: 'Object.FindObjectsOfType has been deprecated. Use Object.FindObjectsByType instead which lets you decide whether you need the results sorted or not.  FindObjectsOfType sorts the results by InstanceID but if you do not need this using FindObjectSortMode.None is considerably faster.'
Assets/Tests/PlayMode/RuntimeReliabilityRegressionTests.cs(570,33): warning CS0618: 'Object.FindObjectOfType<T>()' is obsolete: 'Object.FindObjectOfType has been deprecated. Use Object.FindAnyObjectByType instead.'
Assets/Tests/PlayMode/RuntimeReliabilityRegressionTests.cs(594,34): warning CS0618: 'Object.FindObjectsOfType<T>()' is obsolete: 'Object.FindObjectsOfType has been deprecated. Use Object.FindObjectsByType instead which lets you decide whether you need the results sorted or not.  FindObjectsOfType sorts the results by InstanceID but if you do not need this using FindObjectSortMode.None is considerably faster.'
Assets/Tests/PlayMode/RuntimeReliabilityRegressionTests.cs(663,54): warning CS0618: 'Object.FindObjectOfType<T>()' is obsolete: 'Object.FindObjectOfType has been deprecated. Use Object.FindAnyObjectByType instead.'
Assets/Tests/PlayMode/RuntimeReliabilityRegressionTests.cs(741,17): warning CS0618: 'Object.FindObjectsOfType<T>()' is obsolete: 'Object.FindObjectsOfType has been deprecated. Use Object.FindObjectsByType instead which lets you decide whether you need the results sorted or not.  FindObjectsOfType sorts the results by InstanceID but if you do not need this using FindObjectSortMode.None is considerably faster.'
Assets/Tests/PlayMode/RuntimeReliabilityRegressionTests.cs(742,33): warning CS0618: 'Object.FindObjectOfType<T>()' is obsolete: 'Object.FindObjectOfType has been deprecated. Use Object.FindAnyObjectByType instead.'
Assets/Tests/PlayMode/RuntimeReliabilityRegressionTests.cs(754,34): warning CS0618: 'Object.FindObjectsOfType<T>()' is obsolete: 'Object.FindObjectsOfType has been deprecated. Use Object.FindObjectsByType instead which lets you decide whether you need the results sorted or not.  FindObjectsOfType sorts the results by InstanceID but if you do not need this using FindObjectSortMode.None is considerably faster.'
Assets/Tests/PlayMode/BugFixVerificationTests.cs(1103,36): warning CS0618: 'Object.FindObjectsOfType<T>()' is obsolete: 'Object.FindObjectsOfType has been deprecated. Use Object.FindObjectsByType instead which lets you decide whether you need the results sorted or not.  FindObjectsOfType sorts the results by InstanceID but if you do not need this using FindObjectSortMode.None is considerably faster.'
Assets/Tests/PlayMode/RuntimeReliabilityRegressionTests.cs(822,33): warning CS0618: 'Object.FindObjectOfType<T>()' is obsolete: 'Object.FindObjectOfType has been deprecated. Use Object.FindAnyObjectByType instead.'
Assets/Tests/PlayMode/RuntimeReliabilityRegressionTests.cs(960,38): warning CS0618: 'Object.FindObjectsOfType<T>()' is obsolete: 'Object.FindObjectsOfType has been deprecated. Use Object.FindObjectsByType instead which lets you decide whether you need the results sorted or not.  FindObjectsOfType sorts the results by InstanceID but if you do not need this using FindObjectSortMode.None is considerably faster.'
Assets/Tests/PlayMode/RuntimeReliabilityRegressionTests.cs(1018,34): warning CS0618: 'Object.FindObjectsOfType<T>()' is obsolete: 'Object.FindObjectsOfType has been deprecated. Use Object.FindObjectsByType instead which lets you decide whether you need the results sorted or not.  FindObjectsOfType sorts the results by InstanceID but if you do not need this using FindObjectSortMode.None is considerably faster.'
Assets/Tests/PlayMode/RuntimeReliabilityRegressionTests.cs(1043,33): warning CS0618: 'Object.FindObjectOfType<T>()' is obsolete: 'Object.FindObjectOfType has been deprecated. Use Object.FindAnyObjectByType instead.'
Assets/Tests/PlayMode/RuntimeReliabilityRegressionTests.cs(1203,36): warning CS0618: 'Object.FindObjectOfType<T>()' is obsolete: 'Object.FindObjectOfType has been deprecated. Use Object.FindAnyObjectByType instead.'
Assets/Tests/PlayMode/RuntimeReliabilityRegressionTests.cs(1205,33): warning CS0618: 'Object.FindObjectOfType<T>()' is obsolete: 'Object.FindObjectOfType has been deprecated. Use Object.FindAnyObjectByType instead.'
Assets/Tests/PlayMode/RuntimeReliabilityRegressionTests.cs(1253,54): warning CS0618: 'Object.FindObjectOfType<T>()' is obsolete: 'Object.FindObjectOfType has been deprecated. Use Object.FindAnyObjectByType instead.'
Assets/Tests/PlayMode/RuntimeReliabilityRegressionTests.cs(1285,50): warning CS0618: 'Object.FindObjectOfType<T>()' is obsolete: 'Object.FindObjectOfType has been deprecated. Use Object.FindAnyObjectByType instead.'
Assets/Tests/PlayMode/RuntimeReliabilityRegressionTests.cs(1402,41): warning CS0618: 'Object.FindObjectsOfType<T>()' is obsolete: 'Object.FindObjectsOfType has been deprecated. Use Object.FindObjectsByType instead which lets you decide whether you need the results sorted or not.  FindObjectsOfType sorts the results by InstanceID but if you do not need this using FindObjectSortMode.None is considerably faster.'
Assets/Tests/PlayMode/RuntimeReliabilityRegressionTests.cs(1437,39): warning CS0618: 'Object.FindObjectsOfType<T>()' is obsolete: 'Object.FindObjectsOfType has been deprecated. Use Object.FindObjectsByType instead which lets you decide whether you need the results sorted or not.  FindObjectsOfType sorts the results by InstanceID but if you do not need this using FindObjectSortMode.None is considerably faster.'
Assets/Tests/PlayMode/RuntimeReliabilityRegressionTests.cs(1566,26): warning CS0618: 'Object.FindObjectOfType<T>()' is obsolete: 'Object.FindObjectOfType has been deprecated. Use Object.FindAnyObjectByType instead.'
Assets/Tests/PlayMode/RuntimeReliabilityRegressionTests.cs(1731,33): warning CS0618: 'Object.FindObjectOfType<T>()' is obsolete: 'Object.FindObjectOfType has been deprecated. Use Object.FindAnyObjectByType instead.'
Assets/Tests/PlayMode/RuntimeReliabilityRegressionTests.cs(1732,36): warning CS0618: 'Object.FindObjectOfType<T>()' is obsolete: 'Object.FindObjectOfType has been deprecated. Use Object.FindAnyObjectByType instead.'
Assets/Tests/PlayMode/RuntimeReliabilityRegressionTests.cs(1740,33): warning CS0618: 'Object.FindObjectOfType<T>()' is obsolete: 'Object.FindObjectOfType has been deprecated. Use Object.FindAnyObjectByType instead.'
Assets/Tests/PlayMode/RuntimeReliabilityRegressionTests.cs(1741,36): warning CS0618: 'Object.FindObjectOfType<T>()' is obsolete: 'Object.FindObjectOfType has been deprecated. Use Object.FindAnyObjectByType instead.'
Assets/Tests/PlayMode/RuntimeReliabilityRegressionTests.cs(1776,20): warning CS0618: 'Object.FindObjectOfType<T>()' is obsolete: 'Object.FindObjectOfType has been deprecated. Use Object.FindAnyObjectByType instead.'
Assets/Tests/PlayMode/RuntimeReliabilityRegressionTests.cs(1782,35): warning CS0618: 'Object.FindObjectOfType<T>()' is obsolete: 'Object.FindObjectOfType has been deprecated. Use Object.FindAnyObjectByType instead.'
Assets/Tests/PlayMode/RuntimeReliabilityRegressionTests.cs(1798,20): warning CS0618: 'Object.FindObjectOfType<T>()' is obsolete: 'Object.FindObjectOfType has been deprecated. Use Object.FindAnyObjectByType instead.'
Assets/Tests/PlayMode/RuntimeReliabilityRegressionTests.cs(1804,33): warning CS0618: 'Object.FindObjectOfType<T>()' is obsolete: 'Object.FindObjectOfType has been deprecated. Use Object.FindAnyObjectByType instead.'
Assets/Tests/PlayMode/RuntimeReliabilityRegressionTests.cs(1821,34): warning CS0618: 'Object.FindObjectOfType<T>()' is obsolete: 'Object.FindObjectOfType has been deprecated. Use Object.FindAnyObjectByType instead.'
Assets/Tests/PlayMode/RuntimeReliabilityRegressionTests.cs(1842,33): warning CS0618: 'Object.FindObjectOfType<T>()' is obsolete: 'Object.FindObjectOfType has been deprecated. Use Object.FindAnyObjectByType instead.'
Assets/Tests/PlayMode/RuntimeReliabilityRegressionTests.cs(1897,32): warning CS0618: 'Object.FindObjectOfType<T>()' is obsolete: 'Object.FindObjectOfType has been deprecated. Use Object.FindAnyObjectByType instead.'
Assets/Tests/PlayMode/RuntimeReliabilityRegressionTests.cs(1920,33): warning CS0618: 'Object.FindObjectOfType<T>()' is obsolete: 'Object.FindObjectOfType has been deprecated. Use Object.FindAnyObjectByType instead.'
Assets/Tests/PlayMode/RuntimeReliabilityRegressionTests.cs(1979,34): warning CS0618: 'Object.FindObjectOfType<T>()' is obsolete: 'Object.FindObjectOfType has been deprecated. Use Object.FindAnyObjectByType instead.'
Assets/Tests/PlayMode/RuntimeReliabilityRegressionTests.cs(2008,33): warning CS0618: 'Object.FindObjectOfType<T>()' is obsolete: 'Object.FindObjectOfType has been deprecated. Use Object.FindAnyObjectByType instead.'
Assets/Tests/PlayMode/RuntimeReliabilityRegressionTests.cs(2024,34): warning CS0618: 'Object.FindObjectsOfType<T>()' is obsolete: 'Object.FindObjectsOfType has been deprecated. Use Object.FindObjectsByType instead which lets you decide whether you need the results sorted or not.  FindObjectsOfType sorts the results by InstanceID but if you do not need this using FindObjectSortMode.None is considerably faster.'
Assets/Tests/PlayMode/RuntimeReliabilityRegressionTests.cs(2080,20): warning CS0618: 'Object.FindObjectOfType<T>()' is obsolete: 'Object.FindObjectOfType has been deprecated. Use Object.FindAnyObjectByType instead.'
Assets/Tests/PlayMode/RuntimeReliabilityRegressionTests.cs(2086,30): warning CS0618: 'Object.FindObjectOfType<T>()' is obsolete: 'Object.FindObjectOfType has been deprecated. Use Object.FindAnyObjectByType instead.'
Assets/Tests/PlayMode/RuntimeReliabilityRegressionTests.cs(2122,34): warning CS0618: 'Object.FindObjectsOfType<T>()' is obsolete: 'Object.FindObjectsOfType has been deprecated. Use Object.FindObjectsByType instead which lets you decide whether you need the results sorted or not.  FindObjectsOfType sorts the results by InstanceID but if you do not need this using FindObjectSortMode.None is considerably faster.'
Assets/Tests/PlayMode/RuntimeReliabilityRegressionTests.cs(2190,43): warning CS0618: 'Object.FindObjectsOfType<T>()' is obsolete: 'Object.FindObjectsOfType has been deprecated. Use Object.FindObjectsByType instead which lets you decide whether you need the results sorted or not.  FindObjectsOfType sorts the results by InstanceID but if you do not need this using FindObjectSortMode.None is considerably faster.'
Assets/Tests/PlayMode/RuntimeReliabilityRegressionTests.cs(2198,36): warning CS0618: 'Object.FindObjectsOfType<T>()' is obsolete: 'Object.FindObjectsOfType has been deprecated. Use Object.FindObjectsByType instead which lets you decide whether you need the results sorted or not.  FindObjectsOfType sorts the results by InstanceID but if you do not need this using FindObjectSortMode.None is considerably faster.'
Assets/Tests/PlayMode/RuntimeReliabilityRegressionTests.cs(2212,34): warning CS0618: 'Object.FindObjectsOfType<T>()' is obsolete: 'Object.FindObjectsOfType has been deprecated. Use Object.FindObjectsByType instead which lets you decide whether you need the results sorted or not.  FindObjectsOfType sorts the results by InstanceID but if you do not need this using FindObjectSortMode.None is considerably faster.'
Assets/Tests/PlayMode/RuntimeReliabilityRegressionTests.cs(2241,43): warning CS0618: 'Object.FindObjectsOfType<T>()' is obsolete: 'Object.FindObjectsOfType has been deprecated. Use Object.FindObjectsByType instead which lets you decide whether you need the results sorted or not.  FindObjectsOfType sorts the results by InstanceID but if you do not need this using FindObjectSortMode.None is considerably faster.'
Assets/Tests/PlayMode/RuntimeReliabilityRegressionTests.cs(2252,43): warning CS0618: 'Object.FindObjectsOfType<T>()' is obsolete: 'Object.FindObjectsOfType has been deprecated. Use Object.FindObjectsByType instead which lets you decide whether you need the results sorted or not.  FindObjectsOfType sorts the results by InstanceID but if you do not need this using FindObjectSortMode.None is considerably faster.'
Assets/Tests/EditMode/CastleMaterialCensusTests.cs(119,75): warning CS0618: 'FindObjectsSortMode' is obsolete: 'FindObjectsSortMode has been deprecated. Use the FindObjectsByType overloads that do not take a FindObjectsSortMode parameter.'
Assets/Tests/EditMode/CastleMaterialCensusTests.cs(119,31): warning CS0618: 'Object.FindObjectsByType<T>(FindObjectsSortMode)' is obsolete: 'FindObjectsByType with FindObjectsSortMode parameter has been deprecated. Use FindObjectsByType<T>() or FindObjectsByType<T>(FindObjectsInactive) instead. InstanceID will be replaced in the future with EntityId and previous sort order cannot be maintained.'
Assets/Tests/EditMode/CastleMaterialCensusTests.cs(121,74): warning CS0618: 'FindObjectsSortMode' is obsolete: 'FindObjectsSortMode has been deprecated. Use the FindObjectsByType overloads that do not take a FindObjectsSortMode parameter.'
Assets/Tests/EditMode/CastleMaterialCensusTests.cs(121,31): warning CS0618: 'Object.FindObjectsByType<T>(FindObjectsSortMode)' is obsolete: 'FindObjectsByType with FindObjectsSortMode parameter has been deprecated. Use FindObjectsByType<T>() or FindObjectsByType<T>(FindObjectsInactive) instead. InstanceID will be replaced in the future with EntityId and previous sort order cannot be maintained.'
Assets/Tests/EditMode/GroundAtlasBudgetTests.cs(151,79): warning CS0618: 'FindObjectsSortMode' is obsolete: 'FindObjectsSortMode has been deprecated. Use the FindObjectsByType overloads that do not take a FindObjectsSortMode parameter.'
Assets/Tests/EditMode/GroundAtlasBudgetTests.cs(151,35): warning CS0618: 'Object.FindObjectsByType<T>(FindObjectsSortMode)' is obsolete: 'FindObjectsByType with FindObjectsSortMode parameter has been deprecated. Use FindObjectsByType<T>() or FindObjectsByType<T>(FindObjectsInactive) instead. InstanceID will be replaced in the future with EntityId and previous sort order cannot be maintained.'
Assets/Tests/EditMode/GroundAtlasBudgetTests.cs(160,79): warning CS0618: 'FindObjectsSortMode' is obsolete: 'FindObjectsSortMode has been deprecated. Use the FindObjectsByType overloads that do not take a FindObjectsSortMode parameter.'
Assets/Tests/EditMode/GroundAtlasBudgetTests.cs(160,35): warning CS0618: 'Object.FindObjectsByType<T>(FindObjectsSortMode)' is obsolete: 'FindObjectsByType with FindObjectsSortMode parameter has been deprecated. Use FindObjectsByType<T>() or FindObjectsByType<T>(FindObjectsInactive) instead. InstanceID will be replaced in the future with EntityId and previous sort order cannot be maintained.'
Assets/Tests/EditMode/PreviewParityRegressionTests.cs(175,65): warning CS0618: 'Object.FindObjectsOfType<T>()' is obsolete: 'Object.FindObjectsOfType has been deprecated. Use Object.FindObjectsByType instead which lets you decide whether you need the results sorted or not.  FindObjectsOfType sorts the results by InstanceID but if you do not need this using FindObjectSortMode.None is considerably faster.'
Assets/Tests/EditMode/ProductionPathRegressionTests.cs(121,66): warning CS0618: 'Object.FindObjectsOfType<T>()' is obsolete: 'Object.FindObjectsOfType has been deprecated. Use Object.FindObjectsByType instead which lets you decide whether you need the results sorted or not.  FindObjectsOfType sorts the results by InstanceID but if you do not need this using FindObjectSortMode.None is considerably faster.'
Assets/Tests/EditMode/ProductionPathRegressionTests.cs(139,50): warning CS0618: 'Object.FindObjectsOfType<T>()' is obsolete: 'Object.FindObjectsOfType has been deprecated. Use Object.FindObjectsByType instead which lets you decide whether you need the results sorted or not.  FindObjectsOfType sorts the results by InstanceID but if you do not need this using FindObjectSortMode.None is considerably faster.'
Assets/Tests/EditMode/PreviewParityRegressionTests.cs(271,50): warning CS0618: 'Object.FindObjectsOfType<T>()' is obsolete: 'Object.FindObjectsOfType has been deprecated. Use Object.FindObjectsByType instead which lets you decide whether you need the results sorted or not.  FindObjectsOfType sorts the results by InstanceID but if you do not need this using FindObjectSortMode.None is considerably faster.'
Assets/Editor/GamePlayTests.cs(14,22): warning CS0618: 'Object.FindObjectOfType<T>()' is obsolete: 'Object.FindObjectOfType has been deprecated. Use Object.FindAnyObjectByType instead.'
Assets/Editor/SetupSceneLayout.cs(19,31): warning CS0618: 'Object.FindObjectOfType<T>()' is obsolete: 'Object.FindObjectOfType has been deprecated. Use Object.FindAnyObjectByType instead.'
Assets/Editor/GameplayCapture.cs(30,31): warning CS0618: 'Object.FindObjectOfType<T>()' is obsolete: 'Object.FindObjectOfType has been deprecated. Use Object.FindAnyObjectByType instead.'
Assets/Editor/GameplayCapture.cs(31,33): warning CS0618: 'Object.FindObjectOfType<T>()' is obsolete: 'Object.FindObjectOfType has been deprecated. Use Object.FindAnyObjectByType instead.'
Assets/Editor/PlayModeCapture.cs(49,22): warning CS0618: 'Object.FindObjectOfType<T>()' is obsolete: 'Object.FindObjectOfType has been deprecated. Use Object.FindAnyObjectByType instead.'
Assets/Editor/PlayModeCapture.cs(50,22): warning CS0618: 'Object.FindObjectOfType<T>()' is obsolete: 'Object.FindObjectOfType has been deprecated. Use Object.FindAnyObjectByType instead.'
Assets/Editor/InspectSceneBlocks.cs(12,26): warning CS0618: 'Object.FindObjectsOfType<T>()' is obsolete: 'Object.FindObjectsOfType has been deprecated. Use Object.FindObjectsByType instead which lets you decide whether you need the results sorted or not.  FindObjectsOfType sorts the results by InstanceID but if you do not need this using FindObjectSortMode.None is considerably faster.'
Assets/Editor/MobileReleaseBuildSettings.cs(24,13): warning CS0618: 'PlayerSettings.SetScriptingBackend(BuildTargetGroup, ScriptingImplementation)' is obsolete: 'Use SetScriptingBackend(NamedBuildTarget buildTarget, ScriptingImplementation backend) instead'
Assets/Editor/MobileReleaseBuildSettings.cs(25,13): warning CS0618: 'PlayerSettings.SetScriptingBackend(BuildTargetGroup, ScriptingImplementation)' is obsolete: 'Use SetScriptingBackend(NamedBuildTarget buildTarget, ScriptingImplementation backend) instead'
Assets/Editor/SpriteApplyValidator.cs(177,34): warning CS0618: 'Object.FindObjectOfType<T>()' is obsolete: 'Object.FindObjectOfType has been deprecated. Use Object.FindAnyObjectByType instead.'
Assets/Editor/GamePlayTests.cs(351,22): warning CS0618: 'Object.FindObjectOfType<T>()' is obsolete: 'Object.FindObjectOfType has been deprecated. Use Object.FindAnyObjectByType instead.'
Assets/Editor/GamePlayTests.cs(366,22): warning CS0618: 'Object.FindObjectOfType<T>()' is obsolete: 'Object.FindObjectOfType has been deprecated. Use Object.FindAnyObjectByType instead.'
Assets/Editor/GamePlayTests.cs(371,26): warning CS0618: 'Object.FindObjectsOfType<T>()' is obsolete: 'Object.FindObjectsOfType has been deprecated. Use Object.FindObjectsByType instead which lets you decide whether you need the results sorted or not.  FindObjectsOfType sorts the results by InstanceID but if you do not need this using FindObjectSortMode.None is considerably faster.'
Assets/Editor/GamePlayTests.cs(395,32): warning CS0618: 'Object.FindObjectsOfType<T>()' is obsolete: 'Object.FindObjectsOfType has been deprecated. Use Object.FindObjectsByType instead which lets you decide whether you need the results sorted or not.  FindObjectsOfType sorts the results by InstanceID but if you do not need this using FindObjectSortMode.None is considerably faster.'
Assets/Editor/GamePlayTests.cs(900,29): warning CS0618: 'Object.FindObjectsOfType<T>()' is obsolete: 'Object.FindObjectsOfType has been deprecated. Use Object.FindObjectsByType instead which lets you decide whether you need the results sorted or not.  FindObjectsOfType sorts the results by InstanceID but if you do not need this using FindObjectSortMode.None is considerably faster.'
Assets/Editor/GamePlayTests.cs(1600,71): warning CS0618: 'Object.FindObjectsOfType<T>()' is obsolete: 'Object.FindObjectsOfType has been deprecated. Use Object.FindObjectsByType instead which lets you decide whether you need the results sorted or not.  FindObjectsOfType sorts the results by InstanceID but if you do not need this using FindObjectSortMode.None is considerably faster.'
Assets/Editor/GamePlayTests.cs(1612,64): warning CS0618: 'Object.FindObjectsOfType<T>()' is obsolete: 'Object.FindObjectsOfType has been deprecated. Use Object.FindObjectsByType instead which lets you decide whether you need the results sorted or not.  FindObjectsOfType sorts the results by InstanceID but if you do not need this using FindObjectSortMode.None is considerably faster.'
Assets/Editor/GamePlayTests.cs(1624,42): warning CS0618: 'Object.FindObjectsOfType<T>()' is obsolete: 'Object.FindObjectsOfType has been deprecated. Use Object.FindObjectsByType instead which lets you decide whether you need the results sorted or not.  FindObjectsOfType sorts the results by InstanceID but if you do not need this using FindObjectSortMode.None is considerably faster.'
Assets/Editor/GamePlayTests.cs(1812,26): warning CS0618: 'Object.FindObjectsOfType<T>()' is obsolete: 'Object.FindObjectsOfType has been deprecated. Use Object.FindObjectsByType instead which lets you decide whether you need the results sorted or not.  FindObjectsOfType sorts the results by InstanceID but if you do not need this using FindObjectSortMode.None is considerably faster.'
Assets/Editor/GamePlayTests.cs(2029,28): warning CS0618: 'Object.FindObjectsOfType<T>()' is obsolete: 'Object.FindObjectsOfType has been deprecated. Use Object.FindObjectsByType instead which lets you decide whether you need the results sorted or not.  FindObjectsOfType sorts the results by InstanceID but if you do not need this using FindObjectSortMode.None is considerably faster.'
Assets/Editor/GamePlayTests.cs(2376,35): warning CS0618: 'Object.FindObjectsOfType<T>()' is obsolete: 'Object.FindObjectsOfType has been deprecated. Use Object.FindObjectsByType instead which lets you decide whether you need the results sorted or not.  FindObjectsOfType sorts the results by InstanceID but if you do not need this using FindObjectSortMode.None is considerably faster.'
Assets/Editor/GamePlayTests.cs(2377,35): warning CS0618: 'Object.FindObjectsOfType<T>()' is obsolete: 'Object.FindObjectsOfType has been deprecated. Use Object.FindObjectsByType instead which lets you decide whether you need the results sorted or not.  FindObjectsOfType sorts the results by InstanceID but if you do not need this using FindObjectSortMode.None is considerably faster.'
Assets/Editor/GamePlayTests.cs(2862,64): warning CS0618: 'Object.FindObjectsOfType<T>()' is obsolete: 'Object.FindObjectsOfType has been deprecated. Use Object.FindObjectsByType instead which lets you decide whether you need the results sorted or not.  FindObjectsOfType sorts the results by InstanceID but if you do not need this using FindObjectSortMode.None is considerably faster.'
Assets/Editor/GamePlayTests.cs(2864,43): warning CS0618: 'Object.FindObjectsOfType<T>()' is obsolete: 'Object.FindObjectsOfType has been deprecated. Use Object.FindObjectsByType instead which lets you decide whether you need the results sorted or not.  FindObjectsOfType sorts the results by InstanceID but if you do not need this using FindObjectSortMode.None is considerably faster.'
Assets/Editor/GamePlayTests.cs(3157,17): warning CS0618: 'Object.FindObjectsOfType<T>()' is obsolete: 'Object.FindObjectsOfType has been deprecated. Use Object.FindObjectsByType instead which lets you decide whether you need the results sorted or not.  FindObjectsOfType sorts the results by InstanceID but if you do not need this using FindObjectSortMode.None is considerably faster.'
Assets/Editor/GamePlayTests.cs(3212,31): warning CS0618: 'Object.FindObjectOfType<T>()' is obsolete: 'Object.FindObjectOfType has been deprecated. Use Object.FindAnyObjectByType instead.'
Assets/Editor/GamePlayTests.cs(3229,41): warning CS0618: 'Object.FindObjectsOfType<T>()' is obsolete: 'Object.FindObjectsOfType has been deprecated. Use Object.FindObjectsByType instead which lets you decide whether you need the results sorted or not.  FindObjectsOfType sorts the results by InstanceID but if you do not need this using FindObjectSortMode.None is considerably faster.'
Assets/Editor/GameplayCapture.cs(30,31): warning CS0618: 'Object.FindObjectOfType<T>()' is obsolete: 'Object.FindObjectOfType has been deprecated. Use Object.FindAnyObjectByType instead.'
Assets/Editor/GameplayCapture.cs(31,33): warning CS0618: 'Object.FindObjectOfType<T>()' is obsolete: 'Object.FindObjectOfType has been deprecated. Use Object.FindAnyObjectByType instead.'
Assets/Editor/PlayModeCapture.cs(49,22): warning CS0618: 'Object.FindObjectOfType<T>()' is obsolete: 'Object.FindObjectOfType has been deprecated. Use Object.FindAnyObjectByType instead.'
Assets/Editor/PlayModeCapture.cs(50,22): warning CS0618: 'Object.FindObjectOfType<T>()' is obsolete: 'Object.FindObjectOfType has been deprecated. Use Object.FindAnyObjectByType instead.'
Assets/Editor/InspectSceneBlocks.cs(12,26): warning CS0618: 'Object.FindObjectsOfType<T>()' is obsolete: 'Object.FindObjectsOfType has been deprecated. Use Object.FindObjectsByType instead which lets you decide whether you need the results sorted or not.  FindObjectsOfType sorts the results by InstanceID but if you do not need this using FindObjectSortMode.None is considerably faster.'
Assets/Editor/MobileReleaseBuildSettings.cs(24,13): warning CS0618: 'PlayerSettings.SetScriptingBackend(BuildTargetGroup, ScriptingImplementation)' is obsolete: 'Use SetScriptingBackend(NamedBuildTarget buildTarget, ScriptingImplementation backend) instead'
Assets/Editor/MobileReleaseBuildSettings.cs(25,13): warning CS0618: 'PlayerSettings.SetScriptingBackend(BuildTargetGroup, ScriptingImplementation)' is obsolete: 'Use SetScriptingBackend(NamedBuildTarget buildTarget, ScriptingImplementation backend) instead'
Assets/Editor/SpriteApplyValidator.cs(177,34): warning CS0618: 'Object.FindObjectOfType<T>()' is obsolete: 'Object.FindObjectOfType has been deprecated. Use Object.FindAnyObjectByType instead.'
Assets/Editor/GamePlayTests.cs(351,22): warning CS0618: 'Object.FindObjectOfType<T>()' is obsolete: 'Object.FindObjectOfType has been deprecated. Use Object.FindAnyObjectByType instead.'
Assets/Editor/GamePlayTests.cs(366,22): warning CS0618: 'Object.FindObjectOfType<T>()' is obsolete: 'Object.FindObjectOfType has been deprecated. Use Object.FindAnyObjectByType instead.'
Assets/Editor/GamePlayTests.cs(371,26): warning CS0618: 'Object.FindObjectsOfType<T>()' is obsolete: 'Object.FindObjectsOfType has been deprecated. Use Object.FindObjectsByType instead which lets you decide whether you need the results sorted or not.  FindObjectsOfType sorts the results by InstanceID but if you do not need this using FindObjectSortMode.None is considerably faster.'
Assets/Editor/GamePlayTests.cs(395,32): warning CS0618: 'Object.FindObjectsOfType<T>()' is obsolete: 'Object.FindObjectsOfType has been deprecated. Use Object.FindObjectsByType instead which lets you decide whether you need the results sorted or not.  FindObjectsOfType sorts the results by InstanceID but if you do not need this using FindObjectSortMode.None is considerably faster.'
Assets/Editor/GamePlayTests.cs(900,29): warning CS0618: 'Object.FindObjectsOfType<T>()' is obsolete: 'Object.FindObjectsOfType has been deprecated. Use Object.FindObjectsByType instead which lets you decide whether you need the results sorted or not.  FindObjectsOfType sorts the results by InstanceID but if you do not need this using FindObjectSortMode.None is considerably faster.'
Assets/Editor/GamePlayTests.cs(1600,71): warning CS0618: 'Object.FindObjectsOfType<T>()' is obsolete: 'Object.FindObjectsOfType has been deprecated. Use Object.FindObjectsByType instead which lets you decide whether you need the results sorted or not.  FindObjectsOfType sorts the results by InstanceID but if you do not need this using FindObjectSortMode.None is considerably faster.'
Assets/Editor/GamePlayTests.cs(1612,64): warning CS0618: 'Object.FindObjectsOfType<T>()' is obsolete: 'Object.FindObjectsOfType has been deprecated. Use Object.FindObjectsByType instead which lets you decide whether you need the results sorted or not.  FindObjectsOfType sorts the results by InstanceID but if you do not need this using FindObjectSortMode.None is considerably faster.'
Assets/Editor/GamePlayTests.cs(1624,42): warning CS0618: 'Object.FindObjectsOfType<T>()' is obsolete: 'Object.FindObjectsOfType has been deprecated. Use Object.FindObjectsByType instead which lets you decide whether you need the results sorted or not.  FindObjectsOfType sorts the results by InstanceID but if you do not need this using FindObjectSortMode.None is considerably faster.'
Assets/Editor/GamePlayTests.cs(1812,26): warning CS0618: 'Object.FindObjectsOfType<T>()' is obsolete: 'Object.FindObjectsOfType has been deprecated. Use Object.FindObjectsByType instead which lets you decide whether you need the results sorted or not.  FindObjectsOfType sorts the results by InstanceID but if you do not need this using FindObjectSortMode.None is considerably faster.'
Assets/Editor/GamePlayTests.cs(2029,28): warning CS0618: 'Object.FindObjectsOfType<T>()' is obsolete: 'Object.FindObjectsOfType has been deprecated. Use Object.FindObjectsByType instead which lets you decide whether you need the results sorted or not.  FindObjectsOfType sorts the results by InstanceID but if you do not need this using FindObjectSortMode.None is considerably faster.'
Assets/Editor/GamePlayTests.cs(2376,35): warning CS0618: 'Object.FindObjectsOfType<T>()' is obsolete: 'Object.FindObjectsOfType has been deprecated. Use Object.FindObjectsByType instead which lets you decide whether you need the results sorted or not.  FindObjectsOfType sorts the results by InstanceID but if you do not need this using FindObjectSortMode.None is considerably faster.'
Assets/Editor/GamePlayTests.cs(2377,35): warning CS0618: 'Object.FindObjectsOfType<T>()' is obsolete: 'Object.FindObjectsOfType has been deprecated. Use Object.FindObjectsByType instead which lets you decide whether you need the results sorted or not.  FindObjectsOfType sorts the results by InstanceID but if you do not need this using FindObjectSortMode.None is considerably faster.'
Assets/Editor/GamePlayTests.cs(2862,64): warning CS0618: 'Object.FindObjectsOfType<T>()' is obsolete: 'Object.FindObjectsOfType has been deprecated. Use Object.FindObjectsByType instead which lets you decide whether you need the results sorted or not.  FindObjectsOfType sorts the results by InstanceID but if you do not need this using FindObjectSortMode.None is considerably faster.'
Assets/Editor/GamePlayTests.cs(2864,43): warning CS0618: 'Object.FindObjectsOfType<T>()' is obsolete: 'Object.FindObjectsOfType has been deprecated. Use Object.FindObjectsByType instead which lets you decide whether you need the results sorted or not.  FindObjectsOfType sorts the results by InstanceID but if you do not need this using FindObjectSortMode.None is considerably faster.'
Assets/Editor/GamePlayTests.cs(3157,17): warning CS0618: 'Object.FindObjectsOfType<T>()' is obsolete: 'Object.FindObjectsOfType has been deprecated. Use Object.FindObjectsByType instead which lets you decide whether you need the results sorted or not.  FindObjectsOfType sorts the results by InstanceID but if you do not need this using FindObjectSortMode.None is considerably faster.'
Assets/Editor/GamePlayTests.cs(3212,31): warning CS0618: 'Object.FindObjectOfType<T>()' is obsolete: 'Object.FindObjectOfType has been deprecated. Use Object.FindAnyObjectByType instead.'
Assets/Editor/GamePlayTests.cs(3229,41): warning CS0618: 'Object.FindObjectsOfType<T>()' is obsolete: 'Object.FindObjectsOfType has been deprecated. Use Object.FindObjectsByType instead which lets you decide whether you need the results sorted or not.  FindObjectsOfType sorts the results by InstanceID but if you do not need this using FindObjectSortMode.None is considerably faster.'
AssetDatabase: script compilation time: 3.538368s
Total cache size 268398918
Total cache size after purge 268398918, took 00:00:00.1394905
Begin MonoManager ReloadAssembly
Symbol file LoadedFromMemory is not a mono symbol file
Assembly reference Packages/com.unity.cinemachine/Editor/Samples/ExposeHDRPInternals/HDRP-Editor-ref.asmref has no target assembly definition
'Packages/com.unity.cinemachine/Editor/Editors/CinemachineVirtualCameraBaseEditor.cs' contains partial class of Unity.Object, exactly 1 of the partial classes needs to be in a file with the same filename. This is to know the one that can be referenced from ie. GameObjects
'Packages/com.unity.cinemachine/Editor/Obsolete/CinemachineVirtualCameraBaseEditor.cs' contains partial class of Unity.Object, exactly 1 of the partial classes needs to be in a file with the same filename. This is to know the one that can be referenced from ie. GameObjects
Refreshing native plugins compatible for Editor in 2.82 ms, found 2 plugins.
Native extension for OSXStandalone target not found
Native extension for WebGL target not found
<color=#ffaa00>warn:</color> [21:08:46:9701] <color=#B4FF32>[AI]</color> <color=#48C9B0><b>McpManagerClientHub</b></color> ConnectionManager[4daa421e-a80f-469c-9c39-aa588367ca1e] EnsureConnection Connection not available and auto-reconnect disabled for endpoint: /hub/mcp-server
UnityEngine.Debug:ExtractStackTraceNoAlloc (byte*,int,string)
UnityEngine.StackTraceUtility:ExtractStackTrace () (at /Users/bokken/build/output/unity/unity/Runtime/Export/Scripting/StackTrace.cs:35)
UnityEngine.DebugLogHandler:Internal_Log (UnityEngine.LogType,UnityEngine.LogOption,string,UnityEngine.Object)
UnityEngine.DebugLogHandler:LogFormat (UnityEngine.LogType,UnityEngine.Object,string,object[])
UnityEngine.Logger:Log (UnityEngine.LogType,object)
UnityEngine.Debug:LogWarning (object)
com.IvanMurzak.Unity.MCP.Utils.UnityLogger:Log<Microsoft.Extensions.Logging.FormattedLogValues> (Microsoft.Extensions.Logging.LogLevel,Microsoft.Extensions.Logging.EventId,Microsoft.Extensions.Logging.FormattedLogValues,System.Exception,System.Func`3<Microsoft.Extensions.Logging.FormattedLogValues, System.Exception, string>) (at ./Library/PackageCache/com.ivanmurzak.unity.mcp@11c0818bd649/Runtime/Logger/UnityLogger.cs:125)
Microsoft.Extensions.Logging.Logger:<Log>g__LoggerLog|14_0<Microsoft.Extensions.Logging.FormattedLogValues> (Microsoft.Extensions.Logging.LogLevel,Microsoft.Extensions.Logging.EventId,Microsoft.Extensions.Logging.ILogger,System.Exception,System.Func`3<Microsoft.Extensions.Logging.FormattedLogValues, System.Exception, string>,System.Collections.Generic.List`1<System.Exception>&,Microsoft.Extensions.Logging.FormattedLogValues&)
Microsoft.Extensions.Logging.Logger:Log<Microsoft.Extensions.Logging.FormattedLogValues> (Microsoft.Extensions.Logging.LogLevel,Microsoft.Extensions.Logging.EventId,Microsoft.Extensions.Logging.FormattedLogValues,System.Exception,System.Func`3<Microsoft.Extensions.Logging.FormattedLogValues, System.Exception, string>)
Microsoft.Extensions.Logging.Logger`1<com.IvanMurzak.McpPlugin.McpManagerClientHub>:Microsoft.Extensions.Logging.ILogger.Log<Microsoft.Extensions.Logging.FormattedLogValues> (Microsoft.Extensions.Logging.LogLevel,Microsoft.Extensions.Logging.EventId,Microsoft.Extensions.Logging.FormattedLogValues,System.Exception,System.Func`3<Microsoft.Extensions.Logging.FormattedLogValues, System.Exception, string>)
Microsoft.Extensions.Logging.LoggerExtensions:Log (Microsoft.Extensions.Logging.ILogger,Microsoft.Extensions.Logging.LogLevel,Microsoft.Extensions.Logging.EventId,System.Exception,string,object[])
Microsoft.Extensions.Logging.LoggerExtensions:Log (Microsoft.Extensions.Logging.ILogger,Microsoft.Extensions.Logging.LogLevel,string,object[])
Microsoft.Extensions.Logging.LoggerExtensions:LogWarning (Microsoft.Extensions.Logging.ILogger,string,object[])
com.IvanMurzak.McpPlugin.ConnectionManager/<EnsureConnection>d__3:MoveNext ()
System.Runtime.CompilerServices.AsyncTaskMethodBuilder`1<bool>:Start<com.IvanMurzak.McpPlugin.ConnectionManager/<EnsureConnection>d__3> (com.IvanMurzak.McpPlugin.ConnectionManager/<EnsureConnection>d__3&)
com.IvanMurzak.McpPlugin.ConnectionManager:EnsureConnection (System.Threading.CancellationToken)
com.IvanMurzak.McpPlugin.ConnectionManager/<InvokeAsync>d__58`2<com.IvanMurzak.McpPlugin.Common.Model.RequestToolsUpdated, com.IvanMurzak.McpPlugin.Common.Model.ResponseData>:MoveNext ()
System.Runtime.CompilerServices.AsyncTaskMethodBuilder`1<com.IvanMurzak.McpPlugin.Common.Model.ResponseData>:Start<com.IvanMurzak.McpPlugin.ConnectionManager/<InvokeAsync>d__58`2<com.IvanMurzak.McpPlugin.Common.Model.RequestToolsUpdated, com.IvanMurzak.McpPlugin.Common.Model.ResponseData>> (com.IvanMurzak.McpPlugin.ConnectionManager/<InvokeAsync>d__58`2<com.IvanMurzak.McpPlugin.Common.Model.RequestToolsUpdated, com.IvanMurzak.McpPlugin.Common.Model.ResponseData>&)
com.IvanMurzak.McpPlugin.ConnectionManager:InvokeAsync<com.IvanMurzak.McpPlugin.Common.Model.RequestToolsUpdated, com.IvanMurzak.McpPlugin.Common.Model.ResponseData> (string,com.IvanMurzak.McpPlugin.Common.Model.RequestToolsUpdated,System.Threading.CancellationToken)
com.IvanMurzak.McpPlugin.McpManagerClientHub:NotifyAboutUpdatedTools (com.IvanMurzak.McpPlugin.Common.Model.RequestToolsUpdated,System.Threading.CancellationToken)
com.IvanMurzak.McpPlugin.McpManagerClientHub:NotifyAboutUpdatedTools (com.IvanMurzak.McpPlugin.Common.Model.RequestToolsUpdated)
com.IvanMurzak.McpPlugin.McpPlugin/<<-ctor>b__29_4>d:MoveNext ()
System.Runtime.CompilerServices.AsyncVoidMethodBuilder:Start<com.IvanMurzak.McpPlugin.McpPlugin/<<-ctor>b__29_4>d> (com.IvanMurzak.McpPlugin.McpPlugin/<<-ctor>b__29_4>d&)
com.IvanMurzak.McpPlugin.McpPlugin:<.ctor>b__29_4 (R3.Unit)
R3.AnonymousObserver`1<R3.Unit>:OnNextCore (R3.Unit)
R3.Observer`1<R3.Unit>:OnNext (R3.Unit)
R3.ThrottleFirst`1/_ThrottleFirst<R3.Unit>:OnNextCore (R3.Unit)
R3.Observer`1<R3.Unit>:OnNext (R3.Unit)
R3.Subject`1<R3.Unit>:OnNext (R3.Unit)
com.IvanMurzak.McpPlugin.McpToolManager:SetToolEnabled (string,bool)
com.IvanMurzak.Unity.MCP.UnityMcpPlugin:ApplyConfigToMcpPlugin (com.IvanMurzak.McpPlugin.IMcpPlugin) (at ./Library/PackageCache/com.ivanmurzak.unity.mcp@11c0818bd649/Runtime/UnityMcpPlugin.Build.cs:211)
com.IvanMurzak.Unity.MCP.UnityMcpPluginEditor:BuildMcpPluginIfNeeded () (at ./Library/PackageCache/com.ivanmurzak.unity.mcp@11c0818bd649/Editor/Scripts/UnityMcpPluginEditor.Build.cs:74)
com.IvanMurzak.Unity.MCP.Editor.Startup:.cctor () (at ./Library/PackageCache/com.ivanmurzak.unity.mcp@11c0818bd649/Editor/Scripts/Startup.cs:29)
System.Runtime.CompilerServices.RuntimeHelpers:RunClassConstructor (System.RuntimeTypeHandle)
UnityEditor.EditorAssemblies:ProcessInitializeOnLoadAttributes (System.ReadOnlySpan`1<intptr>) (at /Users/bokken/build/output/unity/unity/Editor/Mono/EditorAssemblies.cs:155)

(Filename: ./Library/PackageCache/com.ivanmurzak.unity.mcp@11c0818bd649/Runtime/UnityMcpPlugin.Build.cs Line: 211)

<color=#ffaa00>warn:</color> [21:08:46:9844] <color=#B4FF32>[AI]</color> <color=#48C9B0><b>McpManagerClientHub</b></color> ConnectionManager[4daa421e-a80f-469c-9c39-aa588367ca1e] EnsureConnection Connection not available and auto-reconnect disabled for endpoint: /hub/mcp-server
UnityEngine.Debug:ExtractStackTraceNoAlloc (byte*,int,string)
UnityEngine.StackTraceUtility:ExtractStackTrace () (at /Users/bokken/build/output/unity/unity/Runtime/Export/Scripting/StackTrace.cs:35)
UnityEngine.DebugLogHandler:Internal_Log (UnityEngine.LogType,UnityEngine.LogOption,string,UnityEngine.Object)
UnityEngine.DebugLogHandler:LogFormat (UnityEngine.LogType,UnityEngine.Object,string,object[])
UnityEngine.Logger:Log (UnityEngine.LogType,object)
UnityEngine.Debug:LogWarning (object)
com.IvanMurzak.Unity.MCP.Utils.UnityLogger:Log<Microsoft.Extensions.Logging.FormattedLogValues> (Microsoft.Extensions.Logging.LogLevel,Microsoft.Extensions.Logging.EventId,Microsoft.Extensions.Logging.FormattedLogValues,System.Exception,System.Func`3<Microsoft.Extensions.Logging.FormattedLogValues, System.Exception, string>) (at ./Library/PackageCache/com.ivanmurzak.unity.mcp@11c0818bd649/Runtime/Logger/UnityLogger.cs:125)
Microsoft.Extensions.Logging.Logger:<Log>g__LoggerLog|14_0<Microsoft.Extensions.Logging.FormattedLogValues> (Microsoft.Extensions.Logging.LogLevel,Microsoft.Extensions.Logging.EventId,Microsoft.Extensions.Logging.ILogger,System.Exception,System.Func`3<Microsoft.Extensions.Logging.FormattedLogValues, System.Exception, string>,System.Collections.Generic.List`1<System.Exception>&,Microsoft.Extensions.Logging.FormattedLogValues&)
Microsoft.Extensions.Logging.Logger:Log<Microsoft.Extensions.Logging.FormattedLogValues> (Microsoft.Extensions.Logging.LogLevel,Microsoft.Extensions.Logging.EventId,Microsoft.Extensions.Logging.FormattedLogValues,System.Exception,System.Func`3<Microsoft.Extensions.Logging.FormattedLogValues, System.Exception, string>)
Microsoft.Extensions.Logging.Logger`1<com.IvanMurzak.McpPlugin.McpManagerClientHub>:Microsoft.Extensions.Logging.ILogger.Log<Microsoft.Extensions.Logging.FormattedLogValues> (Microsoft.Extensions.Logging.LogLevel,Microsoft.Extensions.Logging.EventId,Microsoft.Extensions.Logging.FormattedLogValues,System.Exception,System.Func`3<Microsoft.Extensions.Logging.FormattedLogValues, System.Exception, string>)
Microsoft.Extensions.Logging.LoggerExtensions:Log (Microsoft.Extensions.Logging.ILogger,Microsoft.Extensions.Logging.LogLevel,Microsoft.Extensions.Logging.EventId,System.Exception,string,object[])
Microsoft.Extensions.Logging.LoggerExtensions:Log (Microsoft.Extensions.Logging.ILogger,Microsoft.Extensions.Logging.LogLevel,string,object[])
Microsoft.Extensions.Logging.LoggerExtensions:LogWarning (Microsoft.Extensions.Logging.ILogger,string,object[])
com.IvanMurzak.McpPlugin.ConnectionManager/<EnsureConnection>d__3:MoveNext ()
System.Runtime.CompilerServices.AsyncTaskMethodBuilder`1<bool>:Start<com.IvanMurzak.McpPlugin.ConnectionManager/<EnsureConnection>d__3> (com.IvanMurzak.McpPlugin.ConnectionManager/<EnsureConnection>d__3&)
com.IvanMurzak.McpPlugin.ConnectionManager:EnsureConnection (System.Threading.CancellationToken)
com.IvanMurzak.McpPlugin.ConnectionManager/<InvokeAsync>d__58`2<com.IvanMurzak.McpPlugin.Common.Model.RequestPromptsUpdated, com.IvanMurzak.McpPlugin.Common.Model.ResponseData>:MoveNext ()
System.Runtime.CompilerServices.AsyncTaskMethodBuilder`1<com.IvanMurzak.McpPlugin.Common.Model.ResponseData>:Start<com.IvanMurzak.McpPlugin.ConnectionManager/<InvokeAsync>d__58`2<com.IvanMurzak.McpPlugin.Common.Model.RequestPromptsUpdated, com.IvanMurzak.McpPlugin.Common.Model.ResponseData>> (com.IvanMurzak.McpPlugin.ConnectionManager/<InvokeAsync>d__58`2<com.IvanMurzak.McpPlugin.Common.Model.RequestPromptsUpdated, com.IvanMurzak.McpPlugin.Common.Model.ResponseData>&)
com.IvanMurzak.McpPlugin.ConnectionManager:InvokeAsync<com.IvanMurzak.McpPlugin.Common.Model.RequestPromptsUpdated, com.IvanMurzak.McpPlugin.Common.Model.ResponseData> (string,com.IvanMurzak.McpPlugin.Common.Model.RequestPromptsUpdated,System.Threading.CancellationToken)
com.IvanMurzak.McpPlugin.McpManagerClientHub:NotifyAboutUpdatedPrompts (com.IvanMurzak.McpPlugin.Common.Model.RequestPromptsUpdated,System.Threading.CancellationToken)
com.IvanMurzak.McpPlugin.McpManagerClientHub:NotifyAboutUpdatedPrompts (com.IvanMurzak.McpPlugin.Common.Model.RequestPromptsUpdated)
com.IvanMurzak.McpPlugin.McpPlugin/<<-ctor>b__29_5>d:MoveNext ()
System.Runtime.CompilerServices.AsyncVoidMethodBuilder:Start<com.IvanMurzak.McpPlugin.McpPlugin/<<-ctor>b__29_5>d> (com.IvanMurzak.McpPlugin.McpPlugin/<<-ctor>b__29_5>d&)
com.IvanMurzak.McpPlugin.McpPlugin:<.ctor>b__29_5 (R3.Unit)
R3.AnonymousObserver`1<R3.Unit>:OnNextCore (R3.Unit)
R3.Observer`1<R3.Unit>:OnNext (R3.Unit)
R3.ThrottleFirst`1/_ThrottleFirst<R3.Unit>:OnNextCore (R3.Unit)
R3.Observer`1<R3.Unit>:OnNext (R3.Unit)
R3.Subject`1<R3.Unit>:OnNext (R3.Unit)
com.IvanMurzak.McpPlugin.McpPromptManager:SetPromptEnabled (string,bool)
com.IvanMurzak.Unity.MCP.UnityMcpPlugin:ApplyConfigToMcpPlugin (com.IvanMurzak.McpPlugin.IMcpPlugin) (at ./Library/PackageCache/com.ivanmurzak.unity.mcp@11c0818bd649/Runtime/UnityMcpPlugin.Build.cs:226)
com.IvanMurzak.Unity.MCP.UnityMcpPluginEditor:BuildMcpPluginIfNeeded () (at ./Library/PackageCache/com.ivanmurzak.unity.mcp@11c0818bd649/Editor/Scripts/UnityMcpPluginEditor.Build.cs:74)
com.IvanMurzak.Unity.MCP.Editor.Startup:.cctor () (at ./Library/PackageCache/com.ivanmurzak.unity.mcp@11c0818bd649/Editor/Scripts/Startup.cs:29)
System.Runtime.CompilerServices.RuntimeHelpers:RunClassConstructor (System.RuntimeTypeHandle)
UnityEditor.EditorAssemblies:ProcessInitializeOnLoadAttributes (System.ReadOnlySpan`1<intptr>) (at /Users/bokken/build/output/unity/unity/Editor/Mono/EditorAssemblies.cs:155)

(Filename: ./Library/PackageCache/com.ivanmurzak.unity.mcp@11c0818bd649/Runtime/UnityMcpPlugin.Build.cs Line: 226)

<color=#ffaa00>warn:</color> [21:08:46:9853] <color=#B4FF32>[AI]</color> <color=#48C9B0><b>McpManagerClientHub</b></color> ConnectionManager[4daa421e-a80f-469c-9c39-aa588367ca1e] EnsureConnection Connection not available and auto-reconnect disabled for endpoint: /hub/mcp-server
UnityEngine.Debug:ExtractStackTraceNoAlloc (byte*,int,string)
UnityEngine.StackTraceUtility:ExtractStackTrace () (at /Users/bokken/build/output/unity/unity/Runtime/Export/Scripting/StackTrace.cs:35)
UnityEngine.DebugLogHandler:Internal_Log (UnityEngine.LogType,UnityEngine.LogOption,string,UnityEngine.Object)
UnityEngine.DebugLogHandler:LogFormat (UnityEngine.LogType,UnityEngine.Object,string,object[])
UnityEngine.Logger:Log (UnityEngine.LogType,object)
UnityEngine.Debug:LogWarning (object)
com.IvanMurzak.Unity.MCP.Utils.UnityLogger:Log<Microsoft.Extensions.Logging.FormattedLogValues> (Microsoft.Extensions.Logging.LogLevel,Microsoft.Extensions.Logging.EventId,Microsoft.Extensions.Logging.FormattedLogValues,System.Exception,System.Func`3<Microsoft.Extensions.Logging.FormattedLogValues, System.Exception, string>) (at ./Library/PackageCache/com.ivanmurzak.unity.mcp@11c0818bd649/Runtime/Logger/UnityLogger.cs:125)
Microsoft.Extensions.Logging.Logger:<Log>g__LoggerLog|14_0<Microsoft.Extensions.Logging.FormattedLogValues> (Microsoft.Extensions.Logging.LogLevel,Microsoft.Extensions.Logging.EventId,Microsoft.Extensions.Logging.ILogger,System.Exception,System.Func`3<Microsoft.Extensions.Logging.FormattedLogValues, System.Exception, string>,System.Collections.Generic.List`1<System.Exception>&,Microsoft.Extensions.Logging.FormattedLogValues&)
Microsoft.Extensions.Logging.Logger:Log<Microsoft.Extensions.Logging.FormattedLogValues> (Microsoft.Extensions.Logging.LogLevel,Microsoft.Extensions.Logging.EventId,Microsoft.Extensions.Logging.FormattedLogValues,System.Exception,System.Func`3<Microsoft.Extensions.Logging.FormattedLogValues, System.Exception, string>)
Microsoft.Extensions.Logging.Logger`1<com.IvanMurzak.McpPlugin.McpManagerClientHub>:Microsoft.Extensions.Logging.ILogger.Log<Microsoft.Extensions.Logging.FormattedLogValues> (Microsoft.Extensions.Logging.LogLevel,Microsoft.Extensions.Logging.EventId,Microsoft.Extensions.Logging.FormattedLogValues,System.Exception,System.Func`3<Microsoft.Extensions.Logging.FormattedLogValues, System.Exception, string>)
Microsoft.Extensions.Logging.LoggerExtensions:Log (Microsoft.Extensions.Logging.ILogger,Microsoft.Extensions.Logging.LogLevel,Microsoft.Extensions.Logging.EventId,System.Exception,string,object[])
Microsoft.Extensions.Logging.LoggerExtensions:Log (Microsoft.Extensions.Logging.ILogger,Microsoft.Extensions.Logging.LogLevel,string,object[])
Microsoft.Extensions.Logging.LoggerExtensions:LogWarning (Microsoft.Extensions.Logging.ILogger,string,object[])
com.IvanMurzak.McpPlugin.ConnectionManager/<EnsureConnection>d__3:MoveNext ()
System.Runtime.CompilerServices.AsyncTaskMethodBuilder`1<bool>:Start<com.IvanMurzak.McpPlugin.ConnectionManager/<EnsureConnection>d__3> (com.IvanMurzak.McpPlugin.ConnectionManager/<EnsureConnection>d__3&)
com.IvanMurzak.McpPlugin.ConnectionManager:EnsureConnection (System.Threading.CancellationToken)
com.IvanMurzak.McpPlugin.ConnectionManager/<InvokeAsync>d__58`2<com.IvanMurzak.McpPlugin.Common.Model.RequestResourcesUpdated, com.IvanMurzak.McpPlugin.Common.Model.ResponseData>:MoveNext ()
System.Runtime.CompilerServices.AsyncTaskMethodBuilder`1<com.IvanMurzak.McpPlugin.Common.Model.ResponseData>:Start<com.IvanMurzak.McpPlugin.ConnectionManager/<InvokeAsync>d__58`2<com.IvanMurzak.McpPlugin.Common.Model.RequestResourcesUpdated, com.IvanMurzak.McpPlugin.Common.Model.ResponseData>> (com.IvanMurzak.McpPlugin.ConnectionManager/<InvokeAsync>d__58`2<com.IvanMurzak.McpPlugin.Common.Model.RequestResourcesUpdated, com.IvanMurzak.McpPlugin.Common.Model.ResponseData>&)
com.IvanMurzak.McpPlugin.ConnectionManager:InvokeAsync<com.IvanMurzak.McpPlugin.Common.Model.RequestResourcesUpdated, com.IvanMurzak.McpPlugin.Common.Model.ResponseData> (string,com.IvanMurzak.McpPlugin.Common.Model.RequestResourcesUpdated,System.Threading.CancellationToken)
com.IvanMurzak.McpPlugin.McpManagerClientHub:NotifyAboutUpdatedResources (com.IvanMurzak.McpPlugin.Common.Model.RequestResourcesUpdated,System.Threading.CancellationToken)
com.IvanMurzak.McpPlugin.McpManagerClientHub:NotifyAboutUpdatedResources (com.IvanMurzak.McpPlugin.Common.Model.RequestResourcesUpdated)
com.IvanMurzak.McpPlugin.McpPlugin/<<-ctor>b__29_6>d:MoveNext ()
System.Runtime.CompilerServices.AsyncVoidMethodBuilder:Start<com.IvanMurzak.McpPlugin.McpPlugin/<<-ctor>b__29_6>d> (com.IvanMurzak.McpPlugin.McpPlugin/<<-ctor>b__29_6>d&)
com.IvanMurzak.McpPlugin.McpPlugin:<.ctor>b__29_6 (R3.Unit)
R3.AnonymousObserver`1<R3.Unit>:OnNextCore (R3.Unit)
R3.Observer`1<R3.Unit>:OnNext (R3.Unit)
R3.ThrottleFirst`1/_ThrottleFirst<R3.Unit>:OnNextCore (R3.Unit)
R3.Observer`1<R3.Unit>:OnNext (R3.Unit)
R3.Subject`1<R3.Unit>:OnNext (R3.Unit)
com.IvanMurzak.McpPlugin.McpResourceManager:SetResourceEnabled (string,bool)
com.IvanMurzak.Unity.MCP.UnityMcpPlugin:ApplyConfigToMcpPlugin (com.IvanMurzak.McpPlugin.IMcpPlugin) (at ./Library/PackageCache/com.ivanmurzak.unity.mcp@11c0818bd649/Runtime/UnityMcpPlugin.Build.cs:240)
com.IvanMurzak.Unity.MCP.UnityMcpPluginEditor:BuildMcpPluginIfNeeded () (at ./Library/PackageCache/com.ivanmurzak.unity.mcp@11c0818bd649/Editor/Scripts/UnityMcpPluginEditor.Build.cs:74)
com.IvanMurzak.Unity.MCP.Editor.Startup:.cctor () (at ./Library/PackageCache/com.ivanmurzak.unity.mcp@11c0818bd649/Editor/Scripts/Startup.cs:29)
System.Runtime.CompilerServices.RuntimeHelpers:RunClassConstructor (System.RuntimeTypeHandle)
UnityEditor.EditorAssemblies:ProcessInitializeOnLoadAttributes (System.ReadOnlySpan`1<intptr>) (at /Users/bokken/build/output/unity/unity/Editor/Mono/EditorAssemblies.cs:155)

(Filename: ./Library/PackageCache/com.ivanmurzak.unity.mcp@11c0818bd649/Runtime/UnityMcpPlugin.Build.cs Line: 240)

Refreshing native plugins compatible for Editor in 2.49 ms, found 2 plugins.
[MODES] ModeService[none].Initialize
[MODES] ModeService[none].LoadModes
[MODES] Loading mode Default (0) for mode-current-id-castle-war
ScheduleIndexationOnStartup MainProcess:True IndexOnStartup:True
Mono: successfully reloaded assembly
- Finished resetting the current domain, in  2.915 seconds
Domain Reload Profiling: 3605ms
	BeginReloadAssembly (119ms)
		DisableScriptedObjects (11ms)
		CreateAndSetChildDomain (35ms)
	RebuildCommonClasses (5ms)
	RebuildNativeTypeToScriptingClass (11ms)
	initialDomainReloadingComplete (31ms)
	LoadAllAssembliesAndSetupDomain (523ms)
		LoadAssemblies (186ms)
		AnalyzeDomain (294ms)
			TypeCache.Refresh (225ms)
				TypeCache.ScanAssembly (207ms)
			BuildScriptInfoCaches (62ms)
			ResolveRequiredComponents (5ms)
	FinalizeReload (2916ms)
		SetupLoadedEditorAssemblies (0ms)
			BeforeProcessingInitializeOnLoad (52ms)
			ProcessInitializeOnLoadAttributes (2293ms)
			ProcessInitializeOnLoadMethodAttributes (319ms)
		AwakeInstancesAfterBackupRestoration (13ms)
Starting new worker id: 0 with log in /Users/seokcmin/Desktop/castle-war/Logs/AssetImportWorkerHW0.log
Refreshing native plugins compatible for Editor in 3.50 ms, found 2 plugins.

Asset Pipeline Refresh (id=76008b2592ea0478980220d519d83c74): Total: 8.424 seconds - Initiated by InitialRefreshV2(ForceSynchronousImport)
	(Values over 0.05ms)
	Summary:
		Imports: total=0 (actual=0, local cache=0, cache server=0)
		Asset DB Process Time: managed=0 ms, native=3894 ms
		Asset DB Callback time: managed=157 ms, native=63 ms
		Scripting: domain reloads=1, domain reload time=716 ms, compile time=3539 ms, other=52 ms
		Project Asset Count: scripts=2303, non-scripts=3755
		Asset File Changes: new=0, changed=2, moved=0, deleted=0
		Scan Filter Count: 1
	InvokePackagesCallback: 13.424ms
	ApplyChangesToAssetFolders: 0.291ms
	Scan: 619.979ms
	Collect global state as custom dependencies: 11.077ms
	OnSourceAssetsModified: 0.432ms
	CategorizeScriptCompilationAssets: 53.303ms
	ProcessAssetsWithTransientArtifactChanges: 73.577ms
	CategorizeAssets: 60.529ms
	CompileScripts: 3539.136ms
	ImportOutOfDateAssets: 2983.197ms (2940.097ms without children)
		UnloadImportedAssets: 0.628ms
		EnsureUptoDateAssetsAreRegisteredWithGuidPM: 0.765ms
		ImportSchedulerStart: 41.667ms
	PostProcessAllAssets: 203.315ms
		VCAutoAddAssetPostprocess 40.541ms
		XRBuildSystem.XRAssetImported 0.394ms
		MonoPostProcessAllAssets: 156.810ms
			AssetPostprocessor.OnPostprocessAllAssets 66.000ms
			StyleCatalogPostProcessor.OnPostprocessAllAssets 23.432ms
			UniversalRenderPipelineGlobalSettingsPostprocessor.OnPostprocessAllAssets 7.950ms
			SyncVS.PostprocessSyncProject 6.664ms
			BuilderAssetPostprocessor.OnPostprocessAllAssets 3.974ms
			WindowAssetPostprocessingWatcher.OnPostprocessAllAssets 1.086ms
			SpeedTree9Postprocessor.OnPostprocessAllAssets 1.050ms
			RetainedModeAssetPostprocessor.OnPostprocessAllAssets 0.941ms
			ShaderGraphAssetPostProcessor.OnPostprocessAllAssets 0.936ms
			AssetChangedListener.OnPostprocessAllAssets 0.773ms
			EditModeScopePostprocessor.OnPostprocessAllAssets 0.580ms
			MaterialPostprocessor.OnPostprocessAllAssets 0.437ms
			RenderPipelineGlobalSettingsPostprocessor.OnPostprocessAllAssets 0.380ms
			ArtifactBrowserPostProcessor.OnPostprocessAllAssets 0.289ms
			AudioMixerPostprocessor.OnPostprocessAllAssets 0.279ms
			UVCSAssetPostprocessor.OnPostprocessAllAssets 0.240ms
			SampleDependencyImporterPostProcessor.OnPostprocessAllAssets 0.214ms
			AssetProcessor.OnPostprocessAllAssets 0.206ms
			TextAssetPostProcessor.OnPostprocessAllAssets 0.183ms
			ShaderReflectionAssetPostProcessor.OnPostprocessAllAssets 0.181ms
			InputActionAssetPostprocessor.OnPostprocessAllAssets 0.181ms
			TMPro_TexturePostProcessor.OnPostprocessAllAssets 0.172ms
			AssetEvents.OnPostprocessAllAssets 0.168ms
			CinemachineSettings.OnPostprocessAllAssets 0.165ms
			PostProcessor.OnPostprocessAllAssets 0.156ms
			ReferencedClipsPostProcessor.OnPostprocessAllAssets 0.156ms
			InputActionJsonNameModifierAssetProcessor.OnPostprocessAllAssets 0.150ms
			TerrainToolbarOverlayPostProcessor.OnPostprocessAllAssets 0.112ms
			DomainReloadProcessor.OnPostprocessAllAssets 0.100ms
			ProjectSettingsPostprocessor.OnPostprocessAllAssets 0.079ms
			AssetPostprocessorProxy.OnPostprocessAllAssets 0.078ms
			AssetDatabaseCallbacks.OnPostprocessAllAssets 0.078ms
			SpeedTreePostProcessor.OnPostprocessAllAssets 0.077ms
			SamplePostprocessor.OnPostprocessAllAssets 0.064ms
			ConfigAssetsTracker.OnPostprocessAllAssets 0.063ms
			ScenarioDriftAssetsTracker.OnPostprocessAllAssets 0.060ms
			AssetReloadNotifier.OnPostprocessAllAssets 0.052ms
	PostAssetChangesProfiler: 4.488ms
	UnloadStreamsBegin: 1.753ms
	PersistCurrentRevisions: 0.166ms
	GenerateScriptTypeHashes: 1.059ms
	GenerateScriptTypeSerializationHashes: 2.042ms
	Untracked: 857.337ms

Application.AssetDatabase Initial Refresh End
Shader Hidden/ChartRasterizerHardware is not supported: GPU does not support conservative rasterization
Shader Hidden/ChartRasterizerHardware is not supported: GPU does not support conservative rasterization
Scanning for USB devices : 0.029ms
Initializing Unity extensions:
Unloading 32 Unused Serialized files (Serialized files now loaded: 0)
Unloading 10075 unused Assets / (2.7 MB). Loaded Objects now: 10922.
Memory consumption went from 292.7 MB to 290.0 MB.
Total: 85.040958 ms (FindLiveObjects: 0.332000 ms CreateObjectMapping: 3.001208 ms MarkObjects: 79.956417 ms  DeleteObjects: 1.750458 ms)

[Project] Loading completed in 10.464 seconds
	Project init time: 				10.197 seconds
		Template init time: 		0.000 seconds
		Package Manager init time: 		0.411 seconds
		Asset Database init time: 		0.262 seconds
		Global illumination init time: 	0.001 seconds
		Assemblies load time: 			0.537 seconds
		Unity extensions init time: 	0.020 seconds
		Asset Database refresh time: 	8.424 seconds
	Scene opening time: 			0.219 seconds
##utp:{"type":"ProjectInfo","version":2,"phase":"Immediate","time":1786709330237,"processId":75257,"projectLoad":10.464418834,"projectInit":10.197095459,"templateInit":0.0,"packageManagerInit":0.411184583,"assetDatabaseInit":0.262498209,"globalIlluminationInit":0.000627084,"assembliesLoad":0.53719375,"unityExtensionsInit":0.019736291,"assetDatabaseRefresh":8.424020334,"sceneOpening":0.218950625}
##utp:{"type":"EditorInfo","version":2,"phase":"Immediate","time":1786709330237,"processId":75257,"editorVersion":"6000.5.6f1 (0e0577a1a2ac)","branch":"6000.5/staging","buildType":"Release","platform":"OSX"}
[Licensing::Client] Successfully resolved entitlement details
Worker ready: AssetImportWorkerHW0 0
Asset Pipeline Refresh (id=1ecbba4f47b4243b180675ad4d176413): Total: 0.095 seconds - Initiated by StopAssetImportingV2(NoUpdateAssetOptions)
[Licensing::Client] Successfully resolved entitlement details
Running tests for ExecutionSettings with details:
targetPlatform = 
playerHeartbeatTimeout = 600
filters[0] = 
   Filter with settings:
   testMode = EditMode
   targetPlatform = 
   testNames = null
   groupNames = CastleBusters.Tests.SkillGradingTests
   categoryNames = null
   assemblyNames = null
ignoreTests = {}
featureFlags = null

UnityEngine.Debug:ExtractStackTraceNoAlloc (byte*,int,string)
UnityEngine.StackTraceUtility:ExtractStackTrace () (at /Users/bokken/build/output/unity/unity/Runtime/Export/Scripting/StackTrace.cs:35)
UnityEngine.DebugLogHandler:Internal_Log (UnityEngine.LogType,UnityEngine.LogOption,string,UnityEngine.Object)
UnityEngine.DebugLogHandler:LogFormat (UnityEngine.LogType,UnityEngine.Object,string,object[])
UnityEngine.Logger:Log (UnityEngine.LogType,object)
UnityEngine.Debug:Log (object)
UnityEditor.TestTools.TestRunner.CommandLineTest.Executer:InitializeAndExecuteRun (string[]) (at ./Library/PackageCache/com.unity.test-framework@1405238725ab/UnityEditor.TestRunner/CommandLineTest/Executer.cs:53)
UnityEditor.TestTools.TestRunner.CommandLineTest.TestStarter:InitializeAndExecuteRun () (at ./Library/PackageCache/com.unity.test-framework@1405238725ab/UnityEditor.TestRunner/CommandLineTest/TestStarter.cs:64)
UnityEditor.EditorApplication:Internal_CallUpdateFunctions () (at /Users/bokken/build/output/unity/unity/Editor/Mono/EditorApplication.cs:403)

(Filename: ./Library/PackageCache/com.unity.test-framework@1405238725ab/UnityEditor.TestRunner/CommandLineTest/Executer.cs Line: 53)

Start Indexing on Editor startup
[Indexing] Starting Initial Indexing for Assets
[UnityConnectServicesConfig] config is NOT valid, switching to default
Created GICache directory at /Users/seokcmin/Library/Caches/com.unity3d.UnityEditor/GiCache. Took: 0.002s, timestamps: [10.466 - 10.469]
[Licensing::Client] Successfully resolved entitlement details
Refreshing native plugins compatible for Editor in 3.00 ms, found 2 plugins.
<color=#ff6b6b>fail:</color> [21:08:51:6780] <color=#B4FF32>[AI]</color> <color=#48C9B0><b>McpManagerClientHub</b></color> Server forcefully disconnected this plugin. Reason: Authorization failed. Token may be missing, invalid, or revoked.
UnityEngine.Debug:ExtractStackTraceNoAlloc (byte*,int,string)
UnityEngine.StackTraceUtility:ExtractStackTrace () (at /Users/bokken/build/output/unity/unity/Runtime/Export/Scripting/StackTrace.cs:35)
UnityEngine.DebugLogHandler:Internal_Log (UnityEngine.LogType,UnityEngine.LogOption,string,UnityEngine.Object)
UnityEngine.DebugLogHandler:LogFormat (UnityEngine.LogType,UnityEngine.Object,string,object[])
UnityEngine.Logger:Log (UnityEngine.LogType,object)
UnityEngine.Debug:LogError (object)
com.IvanMurzak.Unity.MCP.Utils.UnityLogger:Log<Microsoft.Extensions.Logging.FormattedLogValues> (Microsoft.Extensions.Logging.LogLevel,Microsoft.Extensions.Logging.EventId,Microsoft.Extensions.Logging.FormattedLogValues,System.Exception,System.Func`3<Microsoft.Extensions.Logging.FormattedLogValues, System.Exception, string>) (at ./Library/PackageCache/com.ivanmurzak.unity.mcp@11c0818bd649/Runtime/Logger/UnityLogger.cs:119)
Microsoft.Extensions.Logging.Logger:<Log>g__LoggerLog|14_0<Microsoft.Extensions.Logging.FormattedLogValues> (Microsoft.Extensions.Logging.LogLevel,Microsoft.Extensions.Logging.EventId,Microsoft.Extensions.Logging.ILogger,System.Exception,System.Func`3<Microsoft.Extensions.Logging.FormattedLogValues, System.Exception, string>,System.Collections.Generic.List`1<System.Exception>&,Microsoft.Extensions.Logging.FormattedLogValues&)
Microsoft.Extensions.Logging.Logger:Log<Microsoft.Extensions.Logging.FormattedLogValues> (Microsoft.Extensions.Logging.LogLevel,Microsoft.Extensions.Logging.EventId,Microsoft.Extensions.Logging.FormattedLogValues,System.Exception,System.Func`3<Microsoft.Extensions.Logging.FormattedLogValues, System.Exception, string>)
Microsoft.Extensions.Logging.Logger`1<com.IvanMurzak.McpPlugin.McpManagerClientHub>:Microsoft.Extensions.Logging.ILogger.Log<Microsoft.Extensions.Logging.FormattedLogValues> (Microsoft.Extensions.Logging.LogLevel,Microsoft.Extensions.Logging.EventId,Microsoft.Extensions.Logging.FormattedLogValues,System.Exception,System.Func`3<Microsoft.Extensions.Logging.FormattedLogValues, System.Exception, string>)
Microsoft.Extensions.Logging.LoggerExtensions:Log (Microsoft.Extensions.Logging.ILogger,Microsoft.Extensions.Logging.LogLevel,Microsoft.Extensions.Logging.EventId,System.Exception,string,object[])
Microsoft.Extensions.Logging.LoggerExtensions:Log (Microsoft.Extensions.Logging.ILogger,Microsoft.Extensions.Logging.LogLevel,string,object[])
Microsoft.Extensions.Logging.LoggerExtensions:LogError (Microsoft.Extensions.Logging.ILogger,string,object[])
com.IvanMurzak.McpPlugin.McpManagerClientHub/<>c__DisplayClass4_0/<<SubscribeOnServerEvents>b__3>d:MoveNext ()
System.Runtime.CompilerServices.AsyncTaskMethodBuilder:Start<com.IvanMurzak.McpPlugin.McpManagerClientHub/<>c__DisplayClass4_0/<<SubscribeOnServerEvents>b__3>d> (com.IvanMurzak.McpPlugin.McpManagerClientHub/<>c__DisplayClass4_0/<<SubscribeOnServerEvents>b__3>d&)
com.IvanMurzak.McpPlugin.McpManagerClientHub/<>c__DisplayClass4_0:<SubscribeOnServerEvents>b__3 (string)
Microsoft.AspNetCore.SignalR.Client.HubConnectionExtensions/<>c__DisplayClass12_0`1<string>:<On>b__0 (object[])
Microsoft.AspNetCore.SignalR.Client.HubConnectionExtensions/<>c:<On>b__10_0 (object[],object)
Microsoft.AspNetCore.SignalR.Client.HubConnection/InvocationHandler:InvokeAsync (object[])
Microsoft.AspNetCore.SignalR.Client.HubConnection/<DispatchInvocationAsync>d__77:MoveNext ()
System.Runtime.CompilerServices.AsyncTaskMethodBuilder:Start<Microsoft.AspNetCore.SignalR.Client.HubConnection/<DispatchInvocationAsync>d__77> (Microsoft.AspNetCore.SignalR.Client.HubConnection/<DispatchInvocationAsync>d__77&)
Microsoft.AspNetCore.SignalR.Client.HubConnection:DispatchInvocationAsync (Microsoft.AspNetCore.SignalR.Protocol.InvocationMessage,Microsoft.AspNetCore.SignalR.Client.HubConnection/ConnectionState)
Microsoft.AspNetCore.SignalR.Client.HubConnection/<>c__DisplayClass82_0/<<ReceiveLoop>g__StartProcessingInvocationMessages|0>d:MoveNext ()
System.Runtime.CompilerServices.AsyncMethodBuilderCore/MoveNextRunner:InvokeMoveNext (object)
System.Threading.ExecutionContext:RunInternal (System.Threading.ExecutionContext,System.Threading.ContextCallback,object,bool)
System.Threading.ExecutionContext:Run (System.Threading.ExecutionContext,System.Threading.ContextCallback,object,bool)
System.Runtime.CompilerServices.AsyncMethodBuilderCore/MoveNextRunner:Run ()
System.Runtime.CompilerServices.ValueTaskAwaiter/<>c:<.cctor>b__9_0 (object)
System.Threading.Channels.AsyncOperation`1<bool>:SetCompletionAndInvokeContinuation ()
System.Threading.Channels.AsyncOperation`1/<>c<bool>:<UnsafeQueueSetCompletionAndInvokeContinuation>b__37_0 (object)
System.Threading.QueueUserWorkItemCallback:System.Threading.IThreadPoolWorkItem.ExecuteWorkItem ()
System.Threading.ThreadPoolWorkQueue:Dispatch ()
System.Threading._ThreadPoolWaitCallback:PerformWaitCallback ()

<color=#ffaa00>warn:</color> [21:08:51:8393] <color=#B4FF32>[AI]</color> <color=#48C9B0><b>McpManagerClientHub</b></color> ConnectionManager[4daa421e-a80f-469c-9c39-aa588367ca1e] EnsureConnection Connection not available and auto-reconnect disabled for endpoint: /hub/mcp-server
UnityEngine.Debug:ExtractStackTraceNoAlloc (byte*,int,string)
UnityEngine.StackTraceUtility:ExtractStackTrace () (at /Users/bokken/build/output/unity/unity/Runtime/Export/Scripting/StackTrace.cs:35)
UnityEngine.DebugLogHandler:Internal_Log (UnityEngine.LogType,UnityEngine.LogOption,string,UnityEngine.Object)
UnityEngine.DebugLogHandler:LogFormat (UnityEngine.LogType,UnityEngine.Object,string,object[])
UnityEngine.Logger:Log (UnityEngine.LogType,object)
UnityEngine.Debug:LogWarning (object)
com.IvanMurzak.Unity.MCP.Utils.UnityLogger:Log<Microsoft.Extensions.Logging.FormattedLogValues> (Microsoft.Extensions.Logging.LogLevel,Microsoft.Extensions.Logging.EventId,Microsoft.Extensions.Logging.FormattedLogValues,System.Exception,System.Func`3<Microsoft.Extensions.Logging.FormattedLogValues, System.Exception, string>) (at ./Library/PackageCache/com.ivanmurzak.unity.mcp@11c0818bd649/Runtime/Logger/UnityLogger.cs:125)
Microsoft.Extensions.Logging.Logger:<Log>g__LoggerLog|14_0<Microsoft.Extensions.Logging.FormattedLogValues> (Microsoft.Extensions.Logging.LogLevel,Microsoft.Extensions.Logging.EventId,Microsoft.Extensions.Logging.ILogger,System.Exception,System.Func`3<Microsoft.Extensions.Logging.FormattedLogValues, System.Exception, string>,System.Collections.Generic.List`1<System.Exception>&,Microsoft.Extensions.Logging.FormattedLogValues&)
Microsoft.Extensions.Logging.Logger:Log<Microsoft.Extensions.Logging.FormattedLogValues> (Microsoft.Extensions.Logging.LogLevel,Microsoft.Extensions.Logging.EventId,Microsoft.Extensions.Logging.FormattedLogValues,System.Exception,System.Func`3<Microsoft.Extensions.Logging.FormattedLogValues, System.Exception, string>)
Microsoft.Extensions.Logging.Logger`1<com.IvanMurzak.McpPlugin.McpManagerClientHub>:Microsoft.Extensions.Logging.ILogger.Log<Microsoft.Extensions.Logging.FormattedLogValues> (Microsoft.Extensions.Logging.LogLevel,Microsoft.Extensions.Logging.EventId,Microsoft.Extensions.Logging.FormattedLogValues,System.Exception,System.Func`3<Microsoft.Extensions.Logging.FormattedLogValues, System.Exception, string>)
Microsoft.Extensions.Logging.LoggerExtensions:Log (Microsoft.Extensions.Logging.ILogger,Microsoft.Extensions.Logging.LogLevel,Microsoft.Extensions.Logging.EventId,System.Exception,string,object[])
Microsoft.Extensions.Logging.LoggerExtensions:Log (Microsoft.Extensions.Logging.ILogger,Microsoft.Extensions.Logging.LogLevel,string,object[])
Microsoft.Extensions.Logging.LoggerExtensions:LogWarning (Microsoft.Extensions.Logging.ILogger,string,object[])
com.IvanMurzak.McpPlugin.ConnectionManager/<EnsureConnection>d__3:MoveNext ()
System.Runtime.CompilerServices.AsyncTaskMethodBuilder`1<bool>:Start<com.IvanMurzak.McpPlugin.ConnectionManager/<EnsureConnection>d__3> (com.IvanMurzak.McpPlugin.ConnectionManager/<EnsureConnection>d__3&)
com.IvanMurzak.McpPlugin.ConnectionManager:EnsureConnection (System.Threading.CancellationToken)
com.IvanMurzak.McpPlugin.ConnectionManager/<InvokeAsync>d__58`2<com.IvanMurzak.McpPlugin.Common.Model.RequestVersionHandshake, com.IvanMurzak.McpPlugin.Common.Model.VersionHandshakeResponse>:MoveNext ()
System.Runtime.CompilerServices.AsyncTaskMethodBuilder`1<com.IvanMurzak.McpPlugin.Common.Model.VersionHandshakeResponse>:Start<com.IvanMurzak.McpPlugin.ConnectionManager/<InvokeAsync>d__58`2<com.IvanMurzak.McpPlugin.Common.Model.RequestVersionHandshake, com.IvanMurzak.McpPlugin.Common.Model.VersionHandshakeResponse>> (com.IvanMurzak.McpPlugin.ConnectionManager/<InvokeAsync>d__58`2<com.IvanMurzak.McpPlugin.Common.Model.RequestVersionHandshake, com.IvanMurzak.McpPlugin.Common.Model.VersionHandshakeResponse>&)
com.IvanMurzak.McpPlugin.ConnectionManager:InvokeAsync<com.IvanMurzak.McpPlugin.Common.Model.RequestVersionHandshake, com.IvanMurzak.McpPlugin.Common.Model.VersionHandshakeResponse> (string,com.IvanMurzak.McpPlugin.Common.Model.RequestVersionHandshake,System.Threading.CancellationToken)
com.IvanMurzak.McpPlugin.BaseHubConnector/<PerformVersionHandshake>d__26:MoveNext ()
System.Runtime.CompilerServices.AsyncTaskMethodBuilder`1<com.IvanMurzak.McpPlugin.Common.Model.VersionHandshakeResponse>:Start<com.IvanMurzak.McpPlugin.BaseHubConnector/<PerformVersionHandshake>d__26> (com.IvanMurzak.McpPlugin.BaseHubConnector/<PerformVersionHandshake>d__26&)
com.IvanMurzak.McpPlugin.BaseHubConnector:PerformVersionHandshake (com.IvanMurzak.McpPlugin.Common.Model.RequestVersionHandshake,System.Threading.CancellationToken)
com.IvanMurzak.McpPlugin.BaseHubConnector/<OnConnectionEstablishedCore>d__29:MoveNext ()
System.Runtime.CompilerServices.AsyncTaskMethodBuilder:Start<com.IvanMurzak.McpPlugin.BaseHubConnector/<OnConnectionEstablishedCore>d__29> (com.IvanMurzak.McpPlugin.BaseHubConnector/<OnConnectionEstablishedCore>d__29&)
com.IvanMurzak.McpPlugin.BaseHubConnector:OnConnectionEstablishedCore ()
com.IvanMurzak.McpPlugin.BaseHubConnector/<OnConnectionEstablished>d__28:MoveNext ()
System.Runtime.CompilerServices.AsyncVoidMethodBuilder:Start<com.IvanMurzak.McpPlugin.BaseHubConnector/<OnConnectionEstablished>d__28> (com.IvanMurzak.McpPlugin.BaseHubConnector/<OnConnectionEstablished>d__28&)
com.IvanMurzak.McpPlugin.BaseHubConnector:OnConnectionEstablished ()
com.IvanMurzak.McpPlugin.BaseHubConnector:<.ctor>b__19_0 (R3.Unit)
R3.AnonymousObserver`1<R3.Unit>:OnNextCore (R3.Unit)
R3.Observer`1<R3.Unit>:OnNext (R3.Unit)
R3.Subject`1<R3.Unit>:OnNext (R3.Unit)
com.IvanMurzak.McpPlugin.ConnectionManager/<AttemptConnection>d__12:MoveNext ()
System.Runtime.CompilerServices.AsyncMethodBuilderCore/MoveNextRunner:InvokeMoveNext (object)
System.Threading.ExecutionContext:RunInternal (System.Threading.ExecutionContext,System.Threading.ContextCallback,object,bool)
System.Threading.ExecutionContext:Run (System.Threading.ExecutionContext,System.Threading.ContextCallback,object,bool)
System.Runtime.CompilerServices.AsyncMethodBuilderCore/MoveNextRunner:Run ()
System.Threading.Tasks.SynchronizationContextAwaitTaskContinuation/<>c:<.cctor>b__7_0 (object)
UnityEngine.UnitySynchronizationContext/WorkRequest:Invoke () (at /Users/bokken/build/output/unity/unity/Runtime/Export/Scripting/UnitySynchronizationContext.cs:156)
UnityEngine.UnitySynchronizationContext:Exec () (at /Users/bokken/build/output/unity/unity/Runtime/Export/Scripting/UnitySynchronizationContext.cs:84)
UnityEngine.UnitySynchronizationContext:ExecuteTasks () (at /Users/bokken/build/output/unity/unity/Runtime/Export/Scripting/UnitySynchronizationContext.cs:110)

(Filename: /Users/bokken/build/output/unity/unity/Runtime/Export/Scripting/UnitySynchronizationContext.cs Line: 156)

<color=#ff6b6b>fail:</color> [21:08:51:8399] <color=#B4FF32>[AI]</color> <color=#48C9B0><b>McpManagerClientHub</b></color> McpManagerClientHub Version handshake failed: No response from server.
UnityEngine.Debug:ExtractStackTraceNoAlloc (byte*,int,string)
UnityEngine.StackTraceUtility:ExtractStackTrace () (at /Users/bokken/build/output/unity/unity/Runtime/Export/Scripting/StackTrace.cs:35)
UnityEngine.DebugLogHandler:Internal_Log (UnityEngine.LogType,UnityEngine.LogOption,string,UnityEngine.Object)
UnityEngine.DebugLogHandler:LogFormat (UnityEngine.LogType,UnityEngine.Object,string,object[])
UnityEngine.Logger:Log (UnityEngine.LogType,object)
UnityEngine.Debug:LogError (object)
com.IvanMurzak.Unity.MCP.Utils.UnityLogger:Log<Microsoft.Extensions.Logging.FormattedLogValues> (Microsoft.Extensions.Logging.LogLevel,Microsoft.Extensions.Logging.EventId,Microsoft.Extensions.Logging.FormattedLogValues,System.Exception,System.Func`3<Microsoft.Extensions.Logging.FormattedLogValues, System.Exception, string>) (at ./Library/PackageCache/com.ivanmurzak.unity.mcp@11c0818bd649/Runtime/Logger/UnityLogger.cs:119)
Microsoft.Extensions.Logging.Logger:<Log>g__LoggerLog|14_0<Microsoft.Extensions.Logging.FormattedLogValues> (Microsoft.Extensions.Logging.LogLevel,Microsoft.Extensions.Logging.EventId,Microsoft.Extensions.Logging.ILogger,System.Exception,System.Func`3<Microsoft.Extensions.Logging.FormattedLogValues, System.Exception, string>,System.Collections.Generic.List`1<System.Exception>&,Microsoft.Extensions.Logging.FormattedLogValues&)
Microsoft.Extensions.Logging.Logger:Log<Microsoft.Extensions.Logging.FormattedLogValues> (Microsoft.Extensions.Logging.LogLevel,Microsoft.Extensions.Logging.EventId,Microsoft.Extensions.Logging.FormattedLogValues,System.Exception,System.Func`3<Microsoft.Extensions.Logging.FormattedLogValues, System.Exception, string>)
Microsoft.Extensions.Logging.Logger`1<com.IvanMurzak.McpPlugin.McpManagerClientHub>:Microsoft.Extensions.Logging.ILogger.Log<Microsoft.Extensions.Logging.FormattedLogValues> (Microsoft.Extensions.Logging.LogLevel,Microsoft.Extensions.Logging.EventId,Microsoft.Extensions.Logging.FormattedLogValues,System.Exception,System.Func`3<Microsoft.Extensions.Logging.FormattedLogValues, System.Exception, string>)
Microsoft.Extensions.Logging.LoggerExtensions:Log (Microsoft.Extensions.Logging.ILogger,Microsoft.Extensions.Logging.LogLevel,Microsoft.Extensions.Logging.EventId,System.Exception,string,object[])
Microsoft.Extensions.Logging.LoggerExtensions:Log (Microsoft.Extensions.Logging.ILogger,Microsoft.Extensions.Logging.LogLevel,string,object[])
Microsoft.Extensions.Logging.LoggerExtensions:LogError (Microsoft.Extensions.Logging.ILogger,string,object[])
com.IvanMurzak.McpPlugin.BaseHubConnector/<PerformVersionHandshake>d__26:MoveNext ()
System.Runtime.CompilerServices.AsyncTaskMethodBuilder`1<com.IvanMurzak.McpPlugin.Common.Model.VersionHandshakeResponse>:Start<com.IvanMurzak.McpPlugin.BaseHubConnector/<PerformVersionHandshake>d__26> (com.IvanMurzak.McpPlugin.BaseHubConnector/<PerformVersionHandshake>d__26&)
com.IvanMurzak.McpPlugin.BaseHubConnector:PerformVersionHandshake (com.IvanMurzak.McpPlugin.Common.Model.RequestVersionHandshake,System.Threading.CancellationToken)
com.IvanMurzak.McpPlugin.BaseHubConnector/<OnConnectionEstablishedCore>d__29:MoveNext ()
System.Runtime.CompilerServices.AsyncTaskMethodBuilder:Start<com.IvanMurzak.McpPlugin.BaseHubConnector/<OnConnectionEstablishedCore>d__29> (com.IvanMurzak.McpPlugin.BaseHubConnector/<OnConnectionEstablishedCore>d__29&)
com.IvanMurzak.McpPlugin.BaseHubConnector:OnConnectionEstablishedCore ()
com.IvanMurzak.McpPlugin.BaseHubConnector/<OnConnectionEstablished>d__28:MoveNext ()
System.Runtime.CompilerServices.AsyncVoidMethodBuilder:Start<com.IvanMurzak.McpPlugin.BaseHubConnector/<OnConnectionEstablished>d__28> (com.IvanMurzak.McpPlugin.BaseHubConnector/<OnConnectionEstablished>d__28&)
com.IvanMurzak.McpPlugin.BaseHubConnector:OnConnectionEstablished ()
com.IvanMurzak.McpPlugin.BaseHubConnector:<.ctor>b__19_0 (R3.Unit)
R3.AnonymousObserver`1<R3.Unit>:OnNextCore (R3.Unit)
R3.Observer`1<R3.Unit>:OnNext (R3.Unit)
R3.Subject`1<R3.Unit>:OnNext (R3.Unit)
com.IvanMurzak.McpPlugin.ConnectionManager/<AttemptConnection>d__12:MoveNext ()
System.Runtime.CompilerServices.AsyncMethodBuilderCore/MoveNextRunner:InvokeMoveNext (object)
System.Threading.ExecutionContext:RunInternal (System.Threading.ExecutionContext,System.Threading.ContextCallback,object,bool)
System.Threading.ExecutionContext:Run (System.Threading.ExecutionContext,System.Threading.ContextCallback,object,bool)
System.Runtime.CompilerServices.AsyncMethodBuilderCore/MoveNextRunner:Run ()
System.Threading.Tasks.SynchronizationContextAwaitTaskContinuation/<>c:<.cctor>b__7_0 (object)
UnityEngine.UnitySynchronizationContext/WorkRequest:Invoke () (at /Users/bokken/build/output/unity/unity/Runtime/Export/Scripting/UnitySynchronizationContext.cs:156)
UnityEngine.UnitySynchronizationContext:Exec () (at /Users/bokken/build/output/unity/unity/Runtime/Export/Scripting/UnitySynchronizationContext.cs:84)
UnityEngine.UnitySynchronizationContext:ExecuteTasks () (at /Users/bokken/build/output/unity/unity/Runtime/Export/Scripting/UnitySynchronizationContext.cs:110)

(Filename: /Users/bokken/build/output/unity/unity/Runtime/Export/Scripting/UnitySynchronizationContext.cs Line: 156)

<color=#ffaa00>warn:</color> [21:08:51:8404] <color=#B4FF32>[AI]</color> <color=#48C9B0><b>McpManagerClientHub</b></color> McpManagerClientHub Version handshake failed (1/3). Reason: Version handshake failed with null response.
UnityEngine.Debug:ExtractStackTraceNoAlloc (byte*,int,string)
UnityEngine.StackTraceUtility:ExtractStackTrace () (at /Users/bokken/build/output/unity/unity/Runtime/Export/Scripting/StackTrace.cs:35)
UnityEngine.DebugLogHandler:Internal_Log (UnityEngine.LogType,UnityEngine.LogOption,string,UnityEngine.Object)
UnityEngine.DebugLogHandler:LogFormat (UnityEngine.LogType,UnityEngine.Object,string,object[])
UnityEngine.Logger:Log (UnityEngine.LogType,object)
UnityEngine.Debug:LogWarning (object)
com.IvanMurzak.Unity.MCP.Utils.UnityLogger:Log<Microsoft.Extensions.Logging.FormattedLogValues> (Microsoft.Extensions.Logging.LogLevel,Microsoft.Extensions.Logging.EventId,Microsoft.Extensions.Logging.FormattedLogValues,System.Exception,System.Func`3<Microsoft.Extensions.Logging.FormattedLogValues, System.Exception, string>) (at ./Library/PackageCache/com.ivanmurzak.unity.mcp@11c0818bd649/Runtime/Logger/UnityLogger.cs:125)
Microsoft.Extensions.Logging.Logger:<Log>g__LoggerLog|14_0<Microsoft.Extensions.Logging.FormattedLogValues> (Microsoft.Extensions.Logging.LogLevel,Microsoft.Extensions.Logging.EventId,Microsoft.Extensions.Logging.ILogger,System.Exception,System.Func`3<Microsoft.Extensions.Logging.FormattedLogValues, System.Exception, string>,System.Collections.Generic.List`1<System.Exception>&,Microsoft.Extensions.Logging.FormattedLogValues&)
Microsoft.Extensions.Logging.Logger:Log<Microsoft.Extensions.Logging.FormattedLogValues> (Microsoft.Extensions.Logging.LogLevel,Microsoft.Extensions.Logging.EventId,Microsoft.Extensions.Logging.FormattedLogValues,System.Exception,System.Func`3<Microsoft.Extensions.Logging.FormattedLogValues, System.Exception, string>)
Microsoft.Extensions.Logging.Logger`1<com.IvanMurzak.McpPlugin.McpManagerClientHub>:Microsoft.Extensions.Logging.ILogger.Log<Microsoft.Extensions.Logging.FormattedLogValues> (Microsoft.Extensions.Logging.LogLevel,Microsoft.Extensions.Logging.EventId,Microsoft.Extensions.Logging.FormattedLogValues,System.Exception,System.Func`3<Microsoft.Extensions.Logging.FormattedLogValues, System.Exception, string>)
Microsoft.Extensions.Logging.LoggerExtensions:Log (Microsoft.Extensions.Logging.ILogger,Microsoft.Extensions.Logging.LogLevel,Microsoft.Extensions.Logging.EventId,System.Exception,string,object[])
Microsoft.Extensions.Logging.LoggerExtensions:Log (Microsoft.Extensions.Logging.ILogger,Microsoft.Extensions.Logging.LogLevel,string,object[])
Microsoft.Extensions.Logging.LoggerExtensions:LogWarning (Microsoft.Extensions.Logging.ILogger,string,object[])
com.IvanMurzak.McpPlugin.BaseHubConnector/<OnConnectionEstablishedCore>d__29:MoveNext ()
System.Runtime.CompilerServices.AsyncTaskMethodBuilder:Start<com.IvanMurzak.McpPlugin.BaseHubConnector/<OnConnectionEstablishedCore>d__29> (com.IvanMurzak.McpPlugin.BaseHubConnector/<OnConnectionEstablishedCore>d__29&)
com.IvanMurzak.McpPlugin.BaseHubConnector:OnConnectionEstablishedCore ()
com.IvanMurzak.McpPlugin.BaseHubConnector/<OnConnectionEstablished>d__28:MoveNext ()
System.Runtime.CompilerServices.AsyncVoidMethodBuilder:Start<com.IvanMurzak.McpPlugin.BaseHubConnector/<OnConnectionEstablished>d__28> (com.IvanMurzak.McpPlugin.BaseHubConnector/<OnConnectionEstablished>d__28&)
com.IvanMurzak.McpPlugin.BaseHubConnector:OnConnectionEstablished ()
com.IvanMurzak.McpPlugin.BaseHubConnector:<.ctor>b__19_0 (R3.Unit)
R3.AnonymousObserver`1<R3.Unit>:OnNextCore (R3.Unit)
R3.Observer`1<R3.Unit>:OnNext (R3.Unit)
R3.Subject`1<R3.Unit>:OnNext (R3.Unit)
com.IvanMurzak.McpPlugin.ConnectionManager/<AttemptConnection>d__12:MoveNext ()
System.Runtime.CompilerServices.AsyncMethodBuilderCore/MoveNextRunner:InvokeMoveNext (object)
System.Threading.ExecutionContext:RunInternal (System.Threading.ExecutionContext,System.Threading.ContextCallback,object,bool)
System.Threading.ExecutionContext:Run (System.Threading.ExecutionContext,System.Threading.ContextCallback,object,bool)
System.Runtime.CompilerServices.AsyncMethodBuilderCore/MoveNextRunner:Run ()
System.Threading.Tasks.SynchronizationContextAwaitTaskContinuation/<>c:<.cctor>b__7_0 (object)
UnityEngine.UnitySynchronizationContext/WorkRequest:Invoke () (at /Users/bokken/build/output/unity/unity/Runtime/Export/Scripting/UnitySynchronizationContext.cs:156)
UnityEngine.UnitySynchronizationContext:Exec () (at /Users/bokken/build/output/unity/unity/Runtime/Export/Scripting/UnitySynchronizationContext.cs:84)
UnityEngine.UnitySynchronizationContext:ExecuteTasks () (at /Users/bokken/build/output/unity/unity/Runtime/Export/Scripting/UnitySynchronizationContext.cs:110)

(Filename: /Users/bokken/build/output/unity/unity/Runtime/Export/Scripting/UnitySynchronizationContext.cs Line: 156)

<color=#ffaa00>warn:</color> [21:08:51:8519] <color=#B4FF32>[AI]</color> <color=#48C9B0><b>McpManagerClientHub</b></color> Server rejected authorization. Firing OnAuthorizationRejected event.
UnityEngine.Debug:ExtractStackTraceNoAlloc (byte*,int,string)
UnityEngine.StackTraceUtility:ExtractStackTrace () (at /Users/bokken/build/output/unity/unity/Runtime/Export/Scripting/StackTrace.cs:35)
UnityEngine.DebugLogHandler:Internal_Log (UnityEngine.LogType,UnityEngine.LogOption,string,UnityEngine.Object)
UnityEngine.DebugLogHandler:LogFormat (UnityEngine.LogType,UnityEngine.Object,string,object[])
UnityEngine.Logger:Log (UnityEngine.LogType,object)
UnityEngine.Debug:LogWarning (object)
com.IvanMurzak.Unity.MCP.Utils.UnityLogger:Log<Microsoft.Extensions.Logging.FormattedLogValues> (Microsoft.Extensions.Logging.LogLevel,Microsoft.Extensions.Logging.EventId,Microsoft.Extensions.Logging.FormattedLogValues,System.Exception,System.Func`3<Microsoft.Extensions.Logging.FormattedLogValues, System.Exception, string>) (at ./Library/PackageCache/com.ivanmurzak.unity.mcp@11c0818bd649/Runtime/Logger/UnityLogger.cs:125)
Microsoft.Extensions.Logging.Logger:<Log>g__LoggerLog|14_0<Microsoft.Extensions.Logging.FormattedLogValues> (Microsoft.Extensions.Logging.LogLevel,Microsoft.Extensions.Logging.EventId,Microsoft.Extensions.Logging.ILogger,System.Exception,System.Func`3<Microsoft.Extensions.Logging.FormattedLogValues, System.Exception, string>,System.Collections.Generic.List`1<System.Exception>&,Microsoft.Extensions.Logging.FormattedLogValues&)
Microsoft.Extensions.Logging.Logger:Log<Microsoft.Extensions.Logging.FormattedLogValues> (Microsoft.Extensions.Logging.LogLevel,Microsoft.Extensions.Logging.EventId,Microsoft.Extensions.Logging.FormattedLogValues,System.Exception,System.Func`3<Microsoft.Extensions.Logging.FormattedLogValues, System.Exception, string>)
Microsoft.Extensions.Logging.Logger`1<com.IvanMurzak.McpPlugin.McpManagerClientHub>:Microsoft.Extensions.Logging.ILogger.Log<Microsoft.Extensions.Logging.FormattedLogValues> (Microsoft.Extensions.Logging.LogLevel,Microsoft.Extensions.Logging.EventId,Microsoft.Extensions.Logging.FormattedLogValues,System.Exception,System.Func`3<Microsoft.Extensions.Logging.FormattedLogValues, System.Exception, string>)
Microsoft.Extensions.Logging.LoggerExtensions:Log (Microsoft.Extensions.Logging.ILogger,Microsoft.Extensions.Logging.LogLevel,Microsoft.Extensions.Logging.EventId,System.Exception,string,object[])
Microsoft.Extensions.Logging.LoggerExtensions:Log (Microsoft.Extensions.Logging.ILogger,Microsoft.Extensions.Logging.LogLevel,string,object[])
Microsoft.Extensions.Logging.LoggerExtensions:LogWarning (Microsoft.Extensions.Logging.ILogger,string,object[])
com.IvanMurzak.McpPlugin.McpManagerClientHub/<>c__DisplayClass4_0/<<SubscribeOnServerEvents>b__3>d:MoveNext ()
System.Runtime.CompilerServices.AsyncMethodBuilderCore/MoveNextRunner:InvokeMoveNext (object)
System.Threading.ExecutionContext:RunInternal (System.Threading.ExecutionContext,System.Threading.ContextCallback,object,bool)
System.Threading.ExecutionContext:Run (System.Threading.ExecutionContext,System.Threading.ContextCallback,object,bool)
System.Runtime.CompilerServices.AsyncMethodBuilderCore/MoveNextRunner:Run ()
System.Threading.Tasks.AwaitTaskContinuation:RunOrScheduleAction (System.Action,bool,System.Threading.Tasks.Task&)
System.Threading.Tasks.Task:FinishContinuations ()
System.Threading.Tasks.Task:FinishStageThree ()
System.Threading.Tasks.Task`1<System.Threading.Tasks.VoidTaskResult>:TrySetResult (System.Threading.Tasks.VoidTaskResult)
System.Runtime.CompilerServices.AsyncTaskMethodBuilder`1<System.Threading.Tasks.VoidTaskResult>:SetResult (System.Threading.Tasks.VoidTaskResult)
System.Runtime.CompilerServices.AsyncTaskMethodBuilder`1<System.Threading.Tasks.VoidTaskResult>:SetResult (System.Threading.Tasks.Task`1<System.Threading.Tasks.VoidTaskResult>)
System.Runtime.CompilerServices.AsyncTaskMethodBuilder:SetResult ()
com.IvanMurzak.McpPlugin.ConnectionManager/<Disconnect>d__66:MoveNext ()
System.Runtime.CompilerServices.AsyncMethodBuilderCore/MoveNextRunner:InvokeMoveNext (object)
System.Threading.ExecutionContext:RunInternal (System.Threading.ExecutionContext,System.Threading.ContextCallback,object,bool)
System.Threading.ExecutionContext:Run (System.Threading.ExecutionContext,System.Threading.ContextCallback,object,bool)
System.Runtime.CompilerServices.AsyncMethodBuilderCore/MoveNextRunner:Run ()
System.Threading.Tasks.AwaitTaskContinuation:RunOrScheduleAction (System.Action,bool,System.Threading.Tasks.Task&)
System.Threading.Tasks.Task:FinishContinuations ()
System.Threading.Tasks.Task:FinishStageThree ()
System.Threading.Tasks.Task`1<bool>:TrySetResult (bool)
System.Threading.SemaphoreSlim/TaskNode:System.Threading.IThreadPoolWorkItem.ExecuteWorkItem ()
System.Threading.ThreadPoolWorkQueue:Dispatch ()
System.Threading._ThreadPoolWaitCallback:PerformWaitCallback ()

Starting new worker id: 1 with log in /Users/seokcmin/Desktop/castle-war/Logs/AssetImportWorkerHW1.log
Unloading 42 Unused Serialized files (Serialized files now loaded: 0)
Unloading 109 unused Assets / (155.5 KB). Loaded Objects now: 10954.
Memory consumption went from 287.1 MB to 287.0 MB.
Total: 83.712542 ms (FindLiveObjects: 0.167417 ms CreateObjectMapping: 1.090166 ms MarkObjects: 82.316542 ms  DeleteObjects: 0.137833 ms)

Executing IPrebuildSetup for: Unity.PerformanceTesting.Editor.TestRunBuilder.
UnityEngine.Debug:ExtractStackTraceNoAlloc (byte*,int,string)
UnityEngine.StackTraceUtility:ExtractStackTrace () (at /Users/bokken/build/output/unity/unity/Runtime/Export/Scripting/StackTrace.cs:35)
UnityEngine.DebugLogHandler:Internal_Log (UnityEngine.LogType,UnityEngine.LogOption,string,UnityEngine.Object)
UnityEngine.DebugLogHandler:LogFormat (UnityEngine.LogType,UnityEngine.Object,string,object[])
UnityEngine.Logger:Log (UnityEngine.LogType,object)
UnityEngine.Debug:Log (object)
UnityEditor.TestTools.TestRunner.TestRun.Tasks.BuildActionTaskBase`1/<ExecuteMethods>d__8<UnityEngine.TestTools.IPrebuildSetup>:MoveNext () (at ./Library/PackageCache/com.unity.test-framework@1405238725ab/UnityEditor.TestRunner/TestRun/Tasks/BuildActionTaskBase.cs:48)
UnityEditor.TestTools.TestRunner.TestRun.Tasks.BuildActionTaskBase`1/<Execute>d__7<UnityEngine.TestTools.IPrebuildSetup>:MoveNext () (at ./Library/PackageCache/com.unity.test-framework@1405238725ab/UnityEditor.TestRunner/TestRun/Tasks/BuildActionTaskBase.cs:34)
UnityEditor.TestTools.TestRunner.TestRun.TestJobRunner:ExecuteStep () (at ./Library/PackageCache/com.unity.test-framework@1405238725ab/UnityEditor.TestRunner/TestRun/TestJobRunner.cs:194)
UnityEditor.TestTools.TestRunner.TestRun.TestJobRunner:ExecuteCallback () (at ./Library/PackageCache/com.unity.test-framework@1405238725ab/UnityEditor.TestRunner/TestRun/TestJobRunner.cs:129)
UnityEditor.EditorApplication:Internal_CallUpdateFunctions () (at /Users/bokken/build/output/unity/unity/Editor/Mono/EditorApplication.cs:403)

(Filename: ./Library/PackageCache/com.unity.test-framework@1405238725ab/UnityEditor.TestRunner/TestRun/Tasks/BuildActionTaskBase.cs Line: 48)

<color=#ff6b6b>fail:</color> [21:08:52:6960] <color=#B4FF32>[AI]</color> <color=#58D68D><b>TestResultCollector</b></color> Test run finished, but the pending MCP request id was missing. The test results cannot be delivered to the client.
UnityEngine.Debug:ExtractStackTraceNoAlloc (byte*,int,string)
UnityEngine.StackTraceUtility:ExtractStackTrace () (at /Users/bokken/build/output/unity/unity/Runtime/Export/Scripting/StackTrace.cs:35)
UnityEngine.DebugLogHandler:Internal_Log (UnityEngine.LogType,UnityEngine.LogOption,string,UnityEngine.Object)
UnityEngine.DebugLogHandler:LogFormat (UnityEngine.LogType,UnityEngine.Object,string,object[])
UnityEngine.Logger:Log (UnityEngine.LogType,object)
UnityEngine.Debug:LogError (object)
com.IvanMurzak.Unity.MCP.Utils.UnityLogger:Log<Microsoft.Extensions.Logging.FormattedLogValues> (Microsoft.Extensions.Logging.LogLevel,Microsoft.Extensions.Logging.EventId,Microsoft.Extensions.Logging.FormattedLogValues,System.Exception,System.Func`3<Microsoft.Extensions.Logging.FormattedLogValues, System.Exception, string>) (at ./Library/PackageCache/com.ivanmurzak.unity.mcp@11c0818bd649/Runtime/Logger/UnityLogger.cs:119)
Microsoft.Extensions.Logging.Logger:<Log>g__LoggerLog|14_0<Microsoft.Extensions.Logging.FormattedLogValues> (Microsoft.Extensions.Logging.LogLevel,Microsoft.Extensions.Logging.EventId,Microsoft.Extensions.Logging.ILogger,System.Exception,System.Func`3<Microsoft.Extensions.Logging.FormattedLogValues, System.Exception, string>,System.Collections.Generic.List`1<System.Exception>&,Microsoft.Extensions.Logging.FormattedLogValues&)
Microsoft.Extensions.Logging.Logger:Log<Microsoft.Extensions.Logging.FormattedLogValues> (Microsoft.Extensions.Logging.LogLevel,Microsoft.Extensions.Logging.EventId,Microsoft.Extensions.Logging.FormattedLogValues,System.Exception,System.Func`3<Microsoft.Extensions.Logging.FormattedLogValues, System.Exception, string>)
Microsoft.Extensions.Logging.LoggerExtensions:Log (Microsoft.Extensions.Logging.ILogger,Microsoft.Extensions.Logging.LogLevel,Microsoft.Extensions.Logging.EventId,System.Exception,string,object[])
Microsoft.Extensions.Logging.LoggerExtensions:Log (Microsoft.Extensions.Logging.ILogger,Microsoft.Extensions.Logging.LogLevel,string,object[])
Microsoft.Extensions.Logging.LoggerExtensions:LogError (Microsoft.Extensions.Logging.ILogger,string,object[])
com.IvanMurzak.Unity.MCP.UnityMcpPlugin:LogError (string,System.Type,object[]) (at ./Library/PackageCache/com.ivanmurzak.unity.mcp@11c0818bd649/Runtime/UnityMcpPlugin.Log.cs:48)
com.IvanMurzak.Unity.MCP.Editor.API.TestRunner.TestResultCollector:RunFinished (UnityEditor.TestTools.TestRunner.Api.ITestResultAdaptor) (at ./Library/PackageCache/com.ivanmurzak.unity.mcp@11c0818bd649/Editor/Scripts/API/Tool/Tests/TestResultCollector.cs:154)
UnityEditor.TestTools.TestRunner.Api.CallbacksDelegator/<>c__DisplayClass9_0:<RunFinished>b__0 (UnityEditor.TestTools.TestRunner.Api.ICallbacks) (at ./Library/PackageCache/com.unity.test-framework@1405238725ab/UnityEditor.TestRunner/Api/CallbacksDelegator.cs:55)
UnityEditor.TestTools.TestRunner.Api.CallbacksDelegator:TryInvokeAllCallbacks (System.Action`1<UnityEditor.TestTools.TestRunner.Api.ICallbacks>) (at ./Library/PackageCache/com.unity.test-framework@1405238725ab/UnityEditor.TestRunner/Api/CallbacksDelegator.cs:135)
UnityEditor.TestTools.TestRunner.Api.CallbacksDelegator:RunFinished (NUnit.Framework.Interfaces.ITestResult) (at ./Library/PackageCache/com.unity.test-framework@1405238725ab/UnityEditor.TestRunner/Api/CallbacksDelegator.cs:55)
UnityEngine.Events.InvokableCall`1<NUnit.Framework.Interfaces.ITestResult>:Invoke (NUnit.Framework.Interfaces.ITestResult) (at /Users/bokken/build/output/unity/unity/Runtime/Export/UnityEvent/UnityEvent.cs:222)
UnityEngine.Events.UnityEvent`1<NUnit.Framework.Interfaces.ITestResult>:Invoke (NUnit.Framework.Interfaces.ITestResult) (at /Users/bokken/build/output/unity/unity/artifacts/generated/UnityEvent/UnityEvent_1.cs:59)
UnityEditor.TestTools.TestRunner.TestRun.Tasks.Events.RunFinishedInvocationEvent/<Execute>d__0:MoveNext () (at ./Library/PackageCache/com.unity.test-framework@1405238725ab/UnityEditor.TestRunner/TestRun/Tasks/Events/RunFinishedInvocationEvent.cs:24)
UnityEditor.TestTools.TestRunner.TestRun.TestJobRunner:ExecuteStep () (at ./Library/PackageCache/com.unity.test-framework@1405238725ab/UnityEditor.TestRunner/TestRun/TestJobRunner.cs:194)
UnityEditor.TestTools.TestRunner.TestRun.TestJobRunner:ExecuteCallback () (at ./Library/PackageCache/com.unity.test-framework@1405238725ab/UnityEditor.TestRunner/TestRun/TestJobRunner.cs:129)
UnityEditor.EditorApplication:Internal_CallUpdateFunctions () (at /Users/bokken/build/output/unity/unity/Editor/Mono/EditorApplication.cs:403)

(Filename: ./Library/PackageCache/com.ivanmurzak.unity.mcp@11c0818bd649/Runtime/UnityMcpPlugin.Log.cs Line: 48)

Saving results to: /Users/seokcmin/Library/Application Support/DefaultCompany/castle-war/TestResults.xml
Saving results to: ./_workspace/current/qa/evidence/g2/grade-mutation-flat035.xml
Executing IPostBuildCleanup for: Unity.PerformanceTesting.Editor.TestRunBuilder.
UnityEngine.Debug:ExtractStackTraceNoAlloc (byte*,int,string)
UnityEngine.StackTraceUtility:ExtractStackTrace () (at /Users/bokken/build/output/unity/unity/Runtime/Export/Scripting/StackTrace.cs:35)
UnityEngine.DebugLogHandler:Internal_Log (UnityEngine.LogType,UnityEngine.LogOption,string,UnityEngine.Object)
UnityEngine.DebugLogHandler:LogFormat (UnityEngine.LogType,UnityEngine.Object,string,object[])
UnityEngine.Logger:Log (UnityEngine.LogType,object)
UnityEngine.Debug:Log (object)
UnityEditor.TestTools.TestRunner.TestRun.Tasks.BuildActionTaskBase`1/<ExecuteMethods>d__8<UnityEngine.TestTools.IPostBuildCleanup>:MoveNext () (at ./Library/PackageCache/com.unity.test-framework@1405238725ab/UnityEditor.TestRunner/TestRun/Tasks/BuildActionTaskBase.cs:48)
UnityEditor.TestTools.TestRunner.TestRun.Tasks.BuildActionTaskBase`1/<Execute>d__7<UnityEngine.TestTools.IPostBuildCleanup>:MoveNext () (at ./Library/PackageCache/com.unity.test-framework@1405238725ab/UnityEditor.TestRunner/TestRun/Tasks/BuildActionTaskBase.cs:34)
UnityEditor.TestTools.TestRunner.TestRun.TestJobRunner:ExecuteStep () (at ./Library/PackageCache/com.unity.test-framework@1405238725ab/UnityEditor.TestRunner/TestRun/TestJobRunner.cs:194)
UnityEditor.TestTools.TestRunner.TestRun.TestJobRunner:ExecuteCallback () (at ./Library/PackageCache/com.unity.test-framework@1405238725ab/UnityEditor.TestRunner/TestRun/TestJobRunner.cs:129)
UnityEditor.EditorApplication:Internal_CallUpdateFunctions () (at /Users/bokken/build/output/unity/unity/Editor/Mono/EditorApplication.cs:403)

(Filename: ./Library/PackageCache/com.unity.test-framework@1405238725ab/UnityEditor.TestRunner/TestRun/Tasks/BuildActionTaskBase.cs Line: 48)

Unloading 7 Unused Serialized files (Serialized files now loaded: 0)
Unloading 13 unused Assets / (186.6 KB). Loaded Objects now: 10955.
Memory consumption went from 276.9 MB to 276.7 MB.
Total: 84.801709 ms (FindLiveObjects: 0.149750 ms CreateObjectMapping: 1.054917 ms MarkObjects: 83.554208 ms  DeleteObjects: 0.042167 ms)

DisplayProgressbar: Undo
Test run completed. Exiting with code 2 (Failed). One or more tests failed.
UnityEngine.Debug:ExtractStackTraceNoAlloc (byte*,int,string)
UnityEngine.StackTraceUtility:ExtractStackTrace () (at /Users/bokken/build/output/unity/unity/Runtime/Export/Scripting/StackTrace.cs:35)
UnityEngine.DebugLogHandler:Internal_Log (UnityEngine.LogType,UnityEngine.LogOption,string,UnityEngine.Object)
UnityEngine.DebugLogHandler:LogFormat (UnityEngine.LogType,UnityEngine.Object,string,object[])
UnityEngine.Logger:Log (UnityEngine.LogType,object)
UnityEngine.Debug:Log (object)
UnityEditor.TestTools.TestRunner.CommandLineTest.Executer:ExitApplication (UnityEditor.TestTools.TestRunner.CommandLineTest.Executer/ReturnCodes,string) (at ./Library/PackageCache/com.unity.test-framework@1405238725ab/UnityEditor.TestRunner/CommandLineTest/Executer.cs:81)
UnityEditor.TestTools.TestRunner.CommandLineTest.Executer:ExitIfRunIsCompleted () (at ./Library/PackageCache/com.unity.test-framework@1405238725ab/UnityEditor.TestRunner/CommandLineTest/Executer.cs:74)
UnityEditor.EditorApplication:Internal_CallUpdateFunctions () (at /Users/bokken/build/output/unity/unity/Editor/Mono/EditorApplication.cs:403)

(Filename: ./Library/PackageCache/com.unity.test-framework@1405238725ab/UnityEditor.TestRunner/CommandLineTest/Executer.cs Line: 81)

MonoPathRemapper: Attempts to remap: 103643; Successful remaps: 37814
Serialized file version minimum: 23, current 23
Thread 0x16e587000 may have been prematurely finalized
Shutting down MSBuild server...
Shutting down VB/C# compiler server...
VB/C# compiler server shut down successfully.
MSBuild server shut down successfully.
Worker ready: AssetImportWorkerHW1 1
Input System module state changed to: ShutdownInProgress.
Input Polling Thread exited.
Input System module state changed to: Shutdown.
[Physics::Module] Cleanup current backend.
[Physics::Module] Id: 0xf2b8ea05
[Licensing::IpcConnector] LicenseClient-seokcmin-notifications channel disconnected successfully.
[Licensing::IpcConnector] LicenseClient-seokcmin channel disconnected successfully.
Thread 0x16cb03000 may have been prematurely finalized
Thread 0x16cb8f000 may have been prematurely finalized
Thread 0x16cc1b000 may have been prematurely finalized
Thread 0x16ca77000 may have been prematurely finalized
Thread 0x16cd33000 may have been prematurely finalized
Thread 0x16cca7000 may have been prematurely finalized
AcceleratorClientConnectionCallback - disconnected - :0
Thread 0x17797f000 may have been prematurely finalized
info: Microsoft.Hosting.Lifetime[0]
      Application is shutting down...
Cleanup mono
CodeReloadManager destroyed
info: Unity.ILPP.Runner.PostProcessingAssemblyLoadContext[0]
      ALC ILPP context 1 is unloading
<color=#ffaa00>warn:</color> [21:08:56:9246] <color=#B4FF32>[AI]</color> <color=#48C9B0><b>McpManagerClientHub</b></color> ConnectionManager[4daa421e-a80f-469c-9c39-aa588367ca1e] DisconnectImmediate Could not acquire gate within timeout. Proceeding without gate protection.
<color=#ffaa00>warn:</color> [21:09:01:9281] <color=#B4FF32>[AI]</color> <color=#48C9B0><b>McpManagerClientHub</b></color> ConnectionManager[4daa421e-a80f-469c-9c39-aa588367ca1e] Dispose Could not acquire gate within timeout during Dispose. Proceeding with cleanup anyway.
<color=#ffaa00>warn:</color> [21:09:01:9300] <color=#B4FF32>[AI]</color> <color=#85C1E2><b>BufferedFileLogStorage</b></color> Flush called but already disposed, ignored.
debugger-agent: Unable to listen on 44
