Unity Editor version:    6000.5.6f1 (0e0577a1a2ac)
Branch:                  6000.5/staging
Build type:              Release
Batch mode:              YES
macOS version:           Version 26.4.1 (Build 25E253)
Darwin version:          25.4.0
Architecture:            arm64
Running under Rosetta:   NO
Available memory:        24576 MB
Date:                    2026-08-14T12:07:06Z
[Licensing::Module] Trying to connect to existing licensing client channel...
[Licensing::IpcConnector] Channel LicenseClient-seokcmin doesn't exist
Launching external process: /Applications/Unity/Hub/Editor/6000.5.6f1/Unity.app/Contents/Helpers/UnityLicensingClient.app/Contents/MacOS/Unity.Licensing.Client
[Licensing::Module] Successfully launched the LicensingClient (PId: 73775)
Launching external process: /Applications/Unity/Hub/Editor/6000.5.6f1/Unity.app/Contents/Helpers/PackageManager/Server/UnityPackageManager

COMMAND LINE ARGUMENTS:
/Applications/Unity/Hub/Editor/6000.5.6f1/Unity.app/Contents/MacOS/Unity
-batchmode
-nographics
-projectPath
.
-runTests
-testPlatform
EditMode
-testFilter
CastleBusters.Tests.SkillGradingTests
-testResults
./_workspace/current/qa/evidence/g2/grade-mutation-halved.xml
-logFile
./_workspace/current/qa/evidence/g2/grade-mutation-halved.log
Successfully changed project path to: /Users/seokcmin/Desktop/castle-war
/Users/seokcmin/Desktop/castle-war
[UnityMemory] Configuration Parameters - Can be set up in boot.config
    "memorysetup-temp-allocator-size-gi-baking-worker=262144"
    "memorysetup-temp-allocator-size-gi-baking-worker=262144"
    "memorysetup-temp-allocator-size-gi-baking-worker=262144"
    "memorysetup-temp-allocator-size-gi-baking-worker=262144"
    "memorysetup-temp-allocator-size-gi-baking-worker=262144"
    "memorysetup-temp-allocator-size-nav-mesh-worker=65536"
    "memorysetup-temp-allocator-size-audio-worker=65536"
    "memorysetup-temp-allocator-size-cloud-worker=32768"
    "memorysetup-allocator-temp-initial-block-size-main=262144"
    "memorysetup-allocator-temp-initial-block-size-worker=262144"
    "memorysetup-temp-allocator-size-preload-manager=33554432"
    "memorysetup-temp-allocator-size-gfx=262144"
    "memorysetup-temp-allocator-size-background-worker=32768"
    "memorysetup-temp-allocator-size-job-worker=262144"
    "memorysetup-bucket-allocator-granularity=16"
    "memorysetup-bucket-allocator-bucket-count=8"
    "memorysetup-bucket-allocator-block-size=33554432"
    "memorysetup-bucket-allocator-block-count=8"
    "memorysetup-main-allocator-block-size=16777216"
    "memorysetup-thread-allocator-block-size=16777216"
    "memorysetup-main-allocator-mimalloc-enabled=0"
    "memorysetup-gfx-main-allocator-block-size=16777216"
    "memorysetup-gfx-thread-allocator-block-size=16777216"
    "memorysetup-cache-allocator-block-size=4194304"
    "memorysetup-typetree-allocator-block-size=2097152"
    "memorysetup-profiler-bucket-allocator-granularity=16"
    "memorysetup-profiler-bucket-allocator-bucket-count=8"
    "memorysetup-profiler-bucket-allocator-block-size=33554432"
    "memorysetup-profiler-bucket-allocator-block-count=8"
    "memorysetup-profiler-allocator-block-size=16777216"
    "memorysetup-profiler-editor-allocator-block-size=1048576"
    "memorysetup-temp-allocator-size-main=16777216"
    "memorysetup-job-temp-allocator-block-size=2097152"
    "memorysetup-job-temp-allocator-block-size-background=1048576"
    "memorysetup-job-temp-allocator-reduction-small-platforms=262144"
Logging is directed to a specific file, skipping project log.Player connection [8368937152]  Target information:

Player connection [8368937152]  * "[IP] 192.168.200.106 [Port] 55504 [Flags] 2 [Guid] 2445532494 [EditorId] 2445532494 [Version] 1048832 [Id] OSXEditor(0,lees-MacBook-Pro.local) [Debug] 1 [PackageName] OSXEditor [ProjectName] Editor" 

Player connection [8368937152] Host joined multi-casting on [225.0.0.222:54997]...
Player connection [8368937152] Host joined alternative multi-casting on [225.0.0.222:34997]...
Input System module state changed to: Initialized.
[Physics::Module] Initialized fallback backend.
[Physics::Module] Id: 0xdecafbad
[Licensing::IpcConnector] Successfully connected to: "LicenseClient-seokcmin" at "2026-08-14T12:07:06.296099Z"
[Package Manager] Connected to IPC stream "Upm-73774" after 0.1 seconds.
[Licensing::Module] Licensing is not yet initialized.
[Licensing::Client] Handshaking with LicensingClient:
  Version:                 1.18.1+9fbee8e
  Session Id:              77d631f8af104f14bd715da7466538e7
  Correlation Id:          2ce02f5df69ddec23a5ac85e15056034
  External correlation Id: 8728055630572574863
  Machine Id:              mmgjKV7I9bmNbARakwD9dObxMjc=
[Licensing::Module] Successfully connected to LicensingClient on channel: "LicenseClient-seokcmin" (connect: 0.17s, validation: 0.02s, handshake: 0.28s)
[Licensing::IpcConnector] Successfully connected to: "LicenseClient-seokcmin-notifications" at "2026-08-14T12:07:06.592647Z"
[Licensing::Module] Connected to LicensingClient (PId: 73775, launch time: 0.00, total connection time: 0.47s)
[Licensing::Module] Error: Access token is unavailable; failed to update
[Licensing::Client] Successfully resolved entitlement details
[Licensing::Module] License group:
  Id: 14568811032478-UnityPersXXXX
  Product: Unity Personal
  Type: Assigned
  Expiration: Unlimited
[Licensing::Client] Successfully updated license, isAsync: True, time: 0.00
[Licensing::Module] Licensing Background thread has ended after 0.48s
[Licensing::Module] Licensing is initialized (took 0.27s).
[Licensing::Client] Successfully resolved entitlement details
Library Redirect Path: Library/
[Physics::Module] Selected backend.
[Physics::Module] Name: PhysX
[Physics::Module] Id: 0xf2b8ea05
[Physics::Module] SDK Version: 4.1.2
[Physics::Module] Integration Version: 1.0.0
[Physics::Module] Threading Mode: Multi-Threaded
Initialize engine version: 6000.5.6f1 (0e0577a1a2ac)
[Subsystems] Discovering subsystems at path /Applications/Unity/Hub/Editor/6000.5.6f1/Unity.app/Contents/Resources/UnitySubsystems
[Subsystems] Discovering subsystems at path /Users/seokcmin/Desktop/castle-war/Assets
Forcing GfxDevice: Null
GfxDevice: creating device client; kGfxThreadingModeNonThreaded
NullGfxDevice:
    Version:  NULL 1.0 [1.0]
    Renderer: Null Device
    Vendor:   Unity Technologies
Initialize mono
Mono path[0] = '/Applications/Unity/Hub/Editor/6000.5.6f1/Unity.app/Contents/Resources/Scripting/Managed'
Mono path[1] = '/Applications/Unity/Hub/Editor/6000.5.6f1/Unity.app/Contents/Resources/Scripting/BCLExtensions/runtime/netstandard2.1'
Mono path[2] = '/Applications/Unity/Hub/Editor/6000.5.6f1/Unity.app/Contents/Resources/Scripting/MonoBleedingEdge/lib/mono/unityjit-macos'
Mono config path = '/Applications/Unity/Hub/Editor/6000.5.6f1/Unity.app/Contents/Resources/Scripting/MonoBleedingEdge/etc'
Using monoOptions --debugger-agent=transport=dt_socket,embedding=1,server=y,suspend=n,address=127.0.0.1:56774
CodeReloadManager initialized
ImportWorker Server TCP listen port: 0
AcceleratorClientConnectionCallback - disconnected - :0
Begin MonoManager ReloadAssembly
Registering precompiled unity dll's ...
Register platform support module: /Applications/Unity/Hub/Editor/6000.5.6f1/PlaybackEngines/WebGLSupport/UnityEditor.WebGL.Extensions.dll
Register platform support module: /Applications/Unity/Hub/Editor/6000.5.6f1/PlaybackEngines/MacStandaloneSupport/UnityEditor.OSXStandalone.Extensions.dll
Registered in 0.000483 seconds.
Native extension for OSXStandalone target not found
Native extension for WebGL target not found
Package Manager log level set to [2]
ScheduleIndexationOnStartup MainProcess:False IndexOnStartup:True
Mono: successfully reloaded assembly
- Finished resetting the current domain, in  0.239 seconds
Domain Reload Profiling: 534ms
	BeginReloadAssembly (68ms)
		CreateAndSetChildDomain (20ms)
	RebuildCommonClasses (3ms)
	RebuildNativeTypeToScriptingClass (11ms)
	initialDomainReloadingComplete (31ms)
	LoadAllAssembliesAndSetupDomain (180ms)
		LoadAssemblies (48ms)
		AnalyzeDomain (135ms)
			TypeCache.Refresh (134ms)
				TypeCache.ScanAssembly (123ms)
	FinalizeReload (240ms)
		SetupLoadedEditorAssemblies (0ms)
			BeforeProcessingInitializeOnLoad (53ms)
			ProcessInitializeOnLoadAttributes (58ms)
			ProcessInitializeOnLoadMethodAttributes (78ms)
[Licensing::Client] Successfully resolved entitlement details
Application.AssetDatabase Initial Refresh Start
[Package Manager] Restoring resolved packages state from cache
[Licensing::Client] Successfully resolved entitlement details
[Package Manager] Registered 80 packages:
  Packages from [https://package.openupm.com]:
    com.ivanmurzak.unity.mcp@0.87.0 (location: /Users/seokcmin/Desktop/castle-war/Library/PackageCache/com.ivanmurzak.unity.mcp@11c0818bd649)
    com.ivanmurzak.unity.mcp.animation@1.2.30 (location: /Users/seokcmin/Desktop/castle-war/Library/PackageCache/com.ivanmurzak.unity.mcp.animation@54766229f3e1)
    com.ivanmurzak.unity.mcp.cinemachine@1.0.16 (location: /Users/seokcmin/Desktop/castle-war/Library/PackageCache/com.ivanmurzak.unity.mcp.cinemachine@192c86521800)
    com.ivanmurzak.unity.mcp.inputsystem@1.0.16 (location: /Users/seokcmin/Desktop/castle-war/Library/PackageCache/com.ivanmurzak.unity.mcp.inputsystem@e3fce422ffeb)
    com.ivanmurzak.unity.mcp.navigation@1.0.16 (location: /Users/seokcmin/Desktop/castle-war/Library/PackageCache/com.ivanmurzak.unity.mcp.navigation@86ff9b78e7cc)
    com.ivanmurzak.unity.mcp.particlesystem@1.2.30 (location: /Users/seokcmin/Desktop/castle-war/Library/PackageCache/com.ivanmurzak.unity.mcp.particlesystem@65f0e40b7dd0)
    com.ivanmurzak.unity.mcp.probuilder@1.2.30 (location: /Users/seokcmin/Desktop/castle-war/Library/PackageCache/com.ivanmurzak.unity.mcp.probuilder@6bae66ba1cf3)
    com.ivanmurzak.unity.mcp.splines@1.0.15 (location: /Users/seokcmin/Desktop/castle-war/Library/PackageCache/com.ivanmurzak.unity.mcp.splines@3b7be612e47a)
    com.ivanmurzak.unity.mcp.terrain@1.0.16 (location: /Users/seokcmin/Desktop/castle-war/Library/PackageCache/com.ivanmurzak.unity.mcp.terrain@34c9a5e1fb49)
    com.ivanmurzak.unity.mcp.tilemap@1.0.15 (location: /Users/seokcmin/Desktop/castle-war/Library/PackageCache/com.ivanmurzak.unity.mcp.tilemap@f59902d9e0fe)
    com.ivanmurzak.unity.mcp.timeline@1.0.16 (location: /Users/seokcmin/Desktop/castle-war/Library/PackageCache/com.ivanmurzak.unity.mcp.timeline@a8dca05ccec2)
    extensions.unity.playerprefsex@2.1.5 (location: /Users/seokcmin/Desktop/castle-war/Library/PackageCache/extensions.unity.playerprefsex@14b8441b831c)
  Packages from [https://packages.unity.com]:
    com.unity.2d.pixel-perfect@6.0.0 (location: /Users/seokcmin/Desktop/castle-war/Library/PackageCache/com.unity.2d.pixel-perfect@a860cb24a0cc)
    com.unity.2d.tilemap.extras@8.0.3 (location: /Users/seokcmin/Desktop/castle-war/Library/PackageCache/com.unity.2d.tilemap.extras@a80140457adc)
    com.unity.collab-proxy@2.13.3 (location: /Users/seokcmin/Desktop/castle-war/Library/PackageCache/com.unity.collab-proxy@4f3be89e8675)
    com.unity.ide.rider@3.0.40 (location: /Users/seokcmin/Desktop/castle-war/Library/PackageCache/com.unity.ide.rider@e4950c6d131b)
    com.unity.ide.visualstudio@2.0.27 (location: /Users/seokcmin/Desktop/castle-war/Library/PackageCache/com.unity.ide.visualstudio@dc1ddd4f09b6)
    com.unity.ide.vscode@1.2.5 (location: /Users/seokcmin/Desktop/castle-war/Library/PackageCache/com.unity.ide.vscode@82e68656b7bd)
    com.unity.purchasing@5.4.2 (location: /Users/seokcmin/Desktop/castle-war/Library/PackageCache/com.unity.purchasing@290a16a9a099)
    com.unity.timeline@1.8.12 (location: /Users/seokcmin/Desktop/castle-war/Library/PackageCache/com.unity.timeline@8cd8509afae5)
    com.unity.visualscripting@1.9.11 (location: /Users/seokcmin/Desktop/castle-war/Library/PackageCache/com.unity.visualscripting@8bed5ad90189)
    com.unity.services.core@1.18.0 (location: /Users/seokcmin/Desktop/castle-war/Library/PackageCache/com.unity.services.core@3464cb68d709)
    com.unity.splines@2.9.0 (location: /Users/seokcmin/Desktop/castle-war/Library/PackageCache/com.unity.splines@e6e1d5900acc)
    com.unity.probuilder@6.1.2 (location: /Users/seokcmin/Desktop/castle-war/Library/PackageCache/com.unity.probuilder@8be9724b2335)
    com.unity.ai.navigation@2.0.14 (location: /Users/seokcmin/Desktop/castle-war/Library/PackageCache/com.unity.ai.navigation@134dd6a3b97b)
    com.unity.inputsystem@1.20.0 (location: /Users/seokcmin/Desktop/castle-war/Library/PackageCache/com.unity.inputsystem@7a4e1a2a8194)
    com.unity.cinemachine@3.1.6 (location: /Users/seokcmin/Desktop/castle-war/Library/PackageCache/com.unity.cinemachine@285f38545487)
    com.unity.searcher@4.9.4 (location: /Users/seokcmin/Desktop/castle-war/Library/PackageCache/com.unity.searcher@d45a78918735)
    com.unity.burst@1.8.29 (location: /Users/seokcmin/Desktop/castle-war/Library/PackageCache/com.unity.burst@6bb9aca3ef38)
    com.unity.nuget.newtonsoft-json@3.2.2 (location: /Users/seokcmin/Desktop/castle-war/Library/PackageCache/com.unity.nuget.newtonsoft-json@4dfd81071c64)
    com.unity.nuget.mono-cecil@1.11.6 (location: /Users/seokcmin/Desktop/castle-war/Library/PackageCache/com.unity.nuget.mono-cecil@ecb9724e46ff)
    com.unity.test-framework.performance@3.5.0 (location: /Users/seokcmin/Desktop/castle-war/Library/PackageCache/com.unity.test-framework.performance@8b56083ec0f0)
    com.unity.settings-manager@2.1.1 (location: /Users/seokcmin/Desktop/castle-war/Library/PackageCache/com.unity.settings-manager@0b8638c5ce86)
  Built-in packages:
    com.unity.modules.accessibility@1.0.0 (location: /Users/seokcmin/Desktop/castle-war/Library/PackageCache/com.unity.modules.accessibility)
    com.unity.modules.adaptiveperformance@1.0.0 (location: /Users/seokcmin/Desktop/castle-war/Library/PackageCache/com.unity.modules.adaptiveperformance)
    com.unity.modules.ai@1.0.0 (location: /Users/seokcmin/Desktop/castle-war/Library/PackageCache/com.unity.modules.ai)
    com.unity.modules.androidjni@1.0.0 (location: /Users/seokcmin/Desktop/castle-war/Library/PackageCache/com.unity.modules.androidjni)
    com.unity.modules.animation@1.0.0 (location: /Users/seokcmin/Desktop/castle-war/Library/PackageCache/com.unity.modules.animation)
    com.unity.modules.assetbundle@1.0.0 (location: /Users/seokcmin/Desktop/castle-war/Library/PackageCache/com.unity.modules.assetbundle)
    com.unity.modules.audio@1.0.0 (location: /Users/seokcmin/Desktop/castle-war/Library/PackageCache/com.unity.modules.audio)
    com.unity.modules.cloth@1.0.0 (location: /Users/seokcmin/Desktop/castle-war/Library/PackageCache/com.unity.modules.cloth)
    com.unity.modules.director@1.0.0 (location: /Users/seokcmin/Desktop/castle-war/Library/PackageCache/com.unity.modules.director)
    com.unity.modules.imageconversion@1.0.0 (location: /Users/seokcmin/Desktop/castle-war/Library/PackageCache/com.unity.modules.imageconversion)
    com.unity.modules.imgui@1.0.0 (location: /Users/seokcmin/Desktop/castle-war/Library/PackageCache/com.unity.modules.imgui)
    com.unity.modules.jsonserialize@1.0.0 (location: /Users/seokcmin/Desktop/castle-war/Library/PackageCache/com.unity.modules.jsonserialize)
    com.unity.modules.particlesystem@1.0.0 (location: /Users/seokcmin/Desktop/castle-war/Library/PackageCache/com.unity.modules.particlesystem)
    com.unity.modules.physics@1.0.0 (location: /Users/seokcmin/Desktop/castle-war/Library/PackageCache/com.unity.modules.physics)
    com.unity.modules.physics2d@1.0.0 (location: /Users/seokcmin/Desktop/castle-war/Library/PackageCache/com.unity.modules.physics2d)
    com.unity.modules.physicscore2d@1.0.0 (location: /Users/seokcmin/Desktop/castle-war/Library/PackageCache/com.unity.modules.physicscore2d)
    com.unity.modules.screencapture@1.0.0 (location: /Users/seokcmin/Desktop/castle-war/Library/PackageCache/com.unity.modules.screencapture)
    com.unity.modules.terrain@1.0.0 (location: /Users/seokcmin/Desktop/castle-war/Library/PackageCache/com.unity.modules.terrain)
    com.unity.modules.terrainphysics@1.0.0 (location: /Users/seokcmin/Desktop/castle-war/Library/PackageCache/com.unity.modules.terrainphysics)
    com.unity.modules.tilemap@1.0.0 (location: /Users/seokcmin/Desktop/castle-war/Library/PackageCache/com.unity.modules.tilemap)
    com.unity.modules.ui@1.0.0 (location: /Users/seokcmin/Desktop/castle-war/Library/PackageCache/com.unity.modules.ui)
    com.unity.modules.uielements@1.0.0 (location: /Users/seokcmin/Desktop/castle-war/Library/PackageCache/com.unity.modules.uielements)
    com.unity.modules.umbra@1.0.0 (location: /Users/seokcmin/Desktop/castle-war/Library/PackageCache/com.unity.modules.umbra)
    com.unity.modules.unityanalytics@1.0.0 (location: /Users/seokcmin/Desktop/castle-war/Library/PackageCache/com.unity.modules.unityanalytics)
    com.unity.modules.unitywebrequest@1.0.0 (location: /Users/seokcmin/Desktop/castle-war/Library/PackageCache/com.unity.modules.unitywebrequest)
    com.unity.modules.unitywebrequestassetbundle@1.0.0 (location: /Users/seokcmin/Desktop/castle-war/Library/PackageCache/com.unity.modules.unitywebrequestassetbundle)
    com.unity.modules.unitywebrequestaudio@1.0.0 (location: /Users/seokcmin/Desktop/castle-war/Library/PackageCache/com.unity.modules.unitywebrequestaudio)
    com.unity.modules.unitywebrequesttexture@1.0.0 (location: /Users/seokcmin/Desktop/castle-war/Library/PackageCache/com.unity.modules.unitywebrequesttexture)
    com.unity.modules.unitywebrequestwww@1.0.0 (location: /Users/seokcmin/Desktop/castle-war/Library/PackageCache/com.unity.modules.unitywebrequestwww)
    com.unity.modules.vectorgraphics@1.0.0 (location: /Users/seokcmin/Desktop/castle-war/Library/PackageCache/com.unity.modules.vectorgraphics)
    com.unity.modules.vehicles@1.0.0 (location: /Users/seokcmin/Desktop/castle-war/Library/PackageCache/com.unity.modules.vehicles)
    com.unity.modules.video@1.0.0 (location: /Users/seokcmin/Desktop/castle-war/Library/PackageCache/com.unity.modules.video)
    com.unity.modules.wind@1.0.0 (location: /Users/seokcmin/Desktop/castle-war/Library/PackageCache/com.unity.modules.wind)
    com.unity.modules.xr@1.0.0 (location: /Users/seokcmin/Desktop/castle-war/Library/PackageCache/com.unity.modules.xr)
    com.unity.multiplayer.center@1.0.1 (location: /Users/seokcmin/Desktop/castle-war/Library/PackageCache/com.unity.multiplayer.center@b860850997d0)
    com.unity.render-pipelines.universal@17.5.0 (location: /Users/seokcmin/Desktop/castle-war/Library/PackageCache/com.unity.render-pipelines.universal@73b4c4ff130e)
    com.unity.test-framework@1.7.0 (location: /Users/seokcmin/Desktop/castle-war/Library/PackageCache/com.unity.test-framework@1405238725ab)
    com.unity.ugui@2.5.0 (location: /Users/seokcmin/Desktop/castle-war/Library/PackageCache/com.unity.ugui@67707a67a4ab)
    com.unity.ext.nunit@2.1.0 (location: /Users/seokcmin/Desktop/castle-war/Library/PackageCache/com.unity.ext.nunit@44f7d31723bd)
    com.unity.render-pipelines.core@17.5.0 (location: /Users/seokcmin/Desktop/castle-war/Library/PackageCache/com.unity.render-pipelines.core@645717f21c5f)
    com.unity.shadergraph@17.5.0 (location: /Users/seokcmin/Desktop/castle-war/Library/PackageCache/com.unity.shadergraph@8d7376ec43ee)
    com.unity.render-pipelines.universal-config@17.5.0 (location: /Users/seokcmin/Desktop/castle-war/Library/PackageCache/com.unity.render-pipelines.universal-config@fdda01c80fe3)
    com.unity.modules.subsystems@1.0.0 (location: /Users/seokcmin/Desktop/castle-war/Library/PackageCache/com.unity.modules.subsystems)
    com.unity.modules.hierarchycore@1.0.0 (location: /Users/seokcmin/Desktop/castle-war/Library/PackageCache/com.unity.modules.hierarchycore)
    com.unity.collections@6.5.0 (location: /Users/seokcmin/Desktop/castle-war/Library/PackageCache/com.unity.collections@a43cabe808ca)
    com.unity.2d.tilemap@1.0.0 (location: /Users/seokcmin/Desktop/castle-war/Library/PackageCache/com.unity.2d.tilemap@b959501fd678)
    com.unity.mathematics@1.4.0 (location: /Users/seokcmin/Desktop/castle-war/Library/PackageCache/com.unity.mathematics@981956d94fb6)
[Package Manager] com.unity.ide.vscode is deprecated: Visual Studio Code package is not supported anymore. You can continue to use it, but we won't provide any update anymore.
[Subsystems] No new subsystems found in resolved package list.
[Package Manager] Done registering packages in 0.01 seconds
Assembly reference Packages/com.unity.cinemachine/Editor/Samples/ExposeHDRPInternals/HDRP-Editor-ref.asmref has no target assembly definition
Assembly reference Packages/com.unity.cinemachine/Editor/Samples/ExposeHDRPInternals/HDRP-Editor-ref.asmref has no target assembly definition
[ScriptCompilation] Requested script compilation because: AssetDatabase observed changes in script compilation related files
info: Microsoft.Hosting.Lifetime[14]
      Now listening on: http://unix:/tmp/ilpp.sock-3ee3d3e3e5b495cf713dd649cbc20234
info: Microsoft.Hosting.Lifetime[0]
      Application started. Press Ctrl+C to shut down.
info: Microsoft.Hosting.Lifetime[0]
      Hosting environment: Production
info: Microsoft.Hosting.Lifetime[0]
      Content root path: /Users/seokcmin/Desktop/castle-war
info: Microsoft.AspNetCore.Hosting.Diagnostics[1]
      Request starting HTTP/2 POST http://ilpp/UnityILPP.PostProcessing/Ping - application/grpc -
info: Microsoft.AspNetCore.Routing.EndpointMiddleware[0]
      Executing endpoint 'gRPC - /UnityILPP.PostProcessing/Ping'
info: Microsoft.AspNetCore.Routing.EndpointMiddleware[1]
      Executed endpoint 'gRPC - /UnityILPP.PostProcessing/Ping'
info: Microsoft.AspNetCore.Hosting.Diagnostics[2]
      Request finished HTTP/2 POST http://ilpp/UnityILPP.PostProcessing/Ping - 200 - application/grpc 17.0025ms
Starting: /Applications/Unity/Hub/Editor/6000.5.6f1/Unity.app/Contents/Resources/BuildPipeline/bee_backend --ipc --defer-dag-verification --dagfile="Library/Bee/2000b0aE.dag" --continue-on-failure --profile="Library/Bee/backend1.traceevents" ScriptAssemblies
WorkingDir: /Users/seokcmin/Desktop/castle-war
DisplayProgressbar: Compiling Scripts
info: Microsoft.AspNetCore.Hosting.Diagnostics[1]
      Request starting HTTP/2 POST http://ilpp/UnityILPP.PostProcessing/ConfigurePostProcessors - application/grpc -
info: Microsoft.AspNetCore.Routing.EndpointMiddleware[0]
      Executing endpoint 'gRPC - /UnityILPP.PostProcessing/ConfigurePostProcessors'
warn: Unity.ILPP.Runner.PostProcessingAssemblyLoadContext[0]
      Assembly system.runtime.interopservices.windowsruntime has duplicate hint path. Ignoring "/Applications/Unity/Hub/Editor/6000.5.6f1/Unity.app/Contents/Resources/Scripting/UnityReferenceAssemblies/unity-4.8-api/Facades/System.Runtime.InteropServices.WindowsRuntime.dll" in favor of "/Applications/Unity/Hub/Editor/6000.5.6f1/Unity.app/Contents/Resources/Scripting/NetStandard/Extensions/2.0.0/System.Runtime.InteropServices.WindowsRuntime.dll"
warn: Unity.ILPP.Runner.PostProcessingAssemblyLoadContext[0]
      Assembly system.componentmodel.composition has duplicate hint path. Ignoring "/Applications/Unity/Hub/Editor/6000.5.6f1/Unity.app/Contents/Resources/Scripting/UnityReferenceAssemblies/unity-4.8-api/System.ComponentModel.Composition.dll" in favor of "/Applications/Unity/Hub/Editor/6000.5.6f1/Unity.app/Contents/Resources/Scripting/NetStandard/compat/2.1.0/shims/netfx/System.ComponentModel.Composition.dll"
info: Unity.ILPP.Runner.PostProcessingAssemblyLoadContext[0]
      Resolved Unity.Burst.Cecil, Version=0.11.6.0, Culture=neutral, PublicKeyToken=50cebf1cceb9d05e with Library/PackageCache/com.unity.burst@6bb9aca3ef38/Unity.Burst.CodeGen/Unity.Burst.Cecil.dll
info: Unity.ILPP.Runner.PostProcessingAssemblyLoadContext[0]
      Resolved Mono.Cecil, Version=0.11.5.0, Culture=neutral, PublicKeyToken=50cebf1cceb9d05e with Library/PackageCache/com.unity.nuget.mono-cecil@ecb9724e46ff/Mono.Cecil.dll
info: Microsoft.AspNetCore.Routing.EndpointMiddleware[1]
      Executed endpoint 'gRPC - /UnityILPP.PostProcessing/ConfigurePostProcessors'
info: Microsoft.AspNetCore.Hosting.Diagnostics[2]
      Request finished HTTP/2 POST http://ilpp/UnityILPP.PostProcessing/ConfigurePostProcessors - 200 - application/grpc 17.7674ms
info: Microsoft.AspNetCore.Hosting.Diagnostics[1]
      Request starting HTTP/2 POST http://ilpp/UnityILPP.PostProcessing/PostProcessAssembly - application/grpc -
info: Microsoft.AspNetCore.Hosting.Diagnostics[1]
      Request starting HTTP/2 POST http://ilpp/UnityILPP.PostProcessing/PostProcessAssembly - application/grpc -
info: Microsoft.AspNetCore.Hosting.Diagnostics[1]
      Request starting HTTP/2 POST http://ilpp/UnityILPP.PostProcessing/PostProcessAssembly - application/grpc -
info: Microsoft.AspNetCore.Routing.EndpointMiddleware[0]
      Executing endpoint 'gRPC - /UnityILPP.PostProcessing/PostProcessAssembly'
info: Microsoft.AspNetCore.Routing.EndpointMiddleware[0]
      Executing endpoint 'gRPC - /UnityILPP.PostProcessing/PostProcessAssembly'
info: Microsoft.AspNetCore.Routing.EndpointMiddleware[0]
      Executing endpoint 'gRPC - /UnityILPP.PostProcessing/PostProcessAssembly'
info: Microsoft.AspNetCore.Hosting.Diagnostics[1]
      Request starting HTTP/2 POST http://ilpp/UnityILPP.PostProcessing/PostProcessAssembly - application/grpc -
info: Microsoft.AspNetCore.Routing.EndpointMiddleware[0]
      Executing endpoint 'gRPC - /UnityILPP.PostProcessing/PostProcessAssembly'
info: Microsoft.AspNetCore.Hosting.Diagnostics[1]
      Request starting HTTP/2 POST http://ilpp/UnityILPP.PostProcessing/PostProcessAssembly - application/grpc -
info: Microsoft.AspNetCore.Routing.EndpointMiddleware[0]
      Executing endpoint 'gRPC - /UnityILPP.PostProcessing/PostProcessAssembly'
info: Unity.ILPP.Runner.PostProcessingPipeline[0]
      Processing assembly Library/Bee/artifacts/2000b0aE.dag/CastleBusters.PlayModeTests.dll, with 118 defines and 282 references
info: Unity.ILPP.Runner.PostProcessingPipeline[0]
      Processing assembly Library/Bee/artifacts/2000b0aE.dag/CastleBusters.EditModeTests.dll, with 116 defines and 297 references
info: Unity.ILPP.Runner.PostProcessingPipeline[0]
      Processing assembly Library/Bee/artifacts/2000b0aE.dag/Assembly-CSharp-Editor.dll, with 116 defines and 440 references
info: Unity.ILPP.Runner.PostProcessingPipeline[0]
      Processing assembly Library/Bee/artifacts/2000b0aE.dag/CastleBusters.dll, with 118 defines and 326 references
info: Unity.ILPP.Runner.PostProcessingPipeline[0]
      Processing assembly Library/Bee/artifacts/2000b0aE.dag/Assembly-CSharp.dll, with 118 defines and 412 references
info: Unity.ILPP.Runner.PostProcessingPipeline[0]
      processors: Unity.Jobs.CodeGen.JobsILPostProcessor, zzzUnity.Burst.CodeGen.BurstILPostProcessor
info: Unity.ILPP.Runner.PostProcessingPipeline[0]
      processors: Unity.Jobs.CodeGen.JobsILPostProcessor, zzzUnity.Burst.CodeGen.BurstILPostProcessor
info: Unity.ILPP.Runner.PostProcessingPipeline[0]
      processors: Unity.Jobs.CodeGen.JobsILPostProcessor, zzzUnity.Burst.CodeGen.BurstILPostProcessor
info: Unity.ILPP.Runner.PostProcessingPipeline[0]
      processors: Unity.Jobs.CodeGen.JobsILPostProcessor, zzzUnity.Burst.CodeGen.BurstILPostProcessor
info: Unity.ILPP.Runner.PostProcessingPipeline[0]
      processors: Unity.Jobs.CodeGen.JobsILPostProcessor, zzzUnity.Burst.CodeGen.BurstILPostProcessor
info: Unity.ILPP.Runner.PostProcessingPipeline[0]
      running Unity.Jobs.CodeGen.JobsILPostProcessor
info: Unity.ILPP.Runner.PostProcessingPipeline[0]
      running Unity.Jobs.CodeGen.JobsILPostProcessor
info: Unity.ILPP.Runner.PostProcessingPipeline[0]
      running Unity.Jobs.CodeGen.JobsILPostProcessor
info: Unity.ILPP.Runner.PostProcessingPipeline[0]
      running Unity.Jobs.CodeGen.JobsILPostProcessor
info: Unity.ILPP.Runner.PostProcessingPipeline[0]
      running Unity.Jobs.CodeGen.JobsILPostProcessor
info: Unity.ILPP.Runner.PostProcessingPipeline[0]
      running zzzUnity.Burst.CodeGen.BurstILPostProcessor
info: Unity.ILPP.Runner.PostProcessingPipeline[0]
      running zzzUnity.Burst.CodeGen.BurstILPostProcessor
info: Unity.ILPP.Runner.PostProcessingPipeline[0]
      running zzzUnity.Burst.CodeGen.BurstILPostProcessor
info: Unity.ILPP.Runner.PostProcessingAssemblyLoadContext[0]
      Resolved Unity.Collections, Version=0.0.0.0, Culture=neutral, PublicKeyToken=null with Library/Bee/artifacts/2000b0aE.dag/Unity.Collections.dll
info: Microsoft.AspNetCore.Routing.EndpointMiddleware[1]
      Executed endpoint 'gRPC - /UnityILPP.PostProcessing/PostProcessAssembly'
info: Microsoft.AspNetCore.Routing.EndpointMiddleware[1]
      Executed endpoint 'gRPC - /UnityILPP.PostProcessing/PostProcessAssembly'
info: Microsoft.AspNetCore.Routing.EndpointMiddleware[1]
      Executed endpoint 'gRPC - /UnityILPP.PostProcessing/PostProcessAssembly'
info: Microsoft.AspNetCore.Hosting.Diagnostics[2]
      Request finished HTTP/2 POST http://ilpp/UnityILPP.PostProcessing/PostProcessAssembly - 200 - application/grpc 10.7170ms
info: Microsoft.AspNetCore.Hosting.Diagnostics[2]
      Request finished HTTP/2 POST http://ilpp/UnityILPP.PostProcessing/PostProcessAssembly - 200 - application/grpc 11.0103ms
info: Microsoft.AspNetCore.Hosting.Diagnostics[2]
      Request finished HTTP/2 POST http://ilpp/UnityILPP.PostProcessing/PostProcessAssembly - 200 - application/grpc 10.6819ms
info: Unity.ILPP.Runner.PostProcessingAssemblyLoadContext[0]
      Resolved UnityEditor.CoreModule, Version=0.0.0.0, Culture=neutral, PublicKeyToken=null with /Applications/Unity/Hub/Editor/6000.5.6f1/Unity.app/Contents/Resources/Scripting/Managed/UnityEngine/UnityEditor.CoreModule.dll
info: Unity.ILPP.Runner.PostProcessingAssemblyLoadContext[0]
      Resolved UnityEngine.CoreModule, Version=0.0.0.0, Culture=neutral, PublicKeyToken=null with /Applications/Unity/Hub/Editor/6000.5.6f1/Unity.app/Contents/Resources/Scripting/Managed/UnityEngine/UnityEngine.CoreModule.dll
info: Unity.ILPP.Runner.PostProcessingAssemblyLoadContext[0]
      Resolved Unity.Scripting, Version=0.0.0.0, Culture=neutral, PublicKeyToken=null with /Applications/Unity/Hub/Editor/6000.5.6f1/Unity.app/Contents/Resources/Scripting/Managed/UnityEngine/Unity.Scripting.dll
info: Unity.ILPP.Runner.PostProcessingPipeline[0]
      running zzzUnity.Burst.CodeGen.BurstILPostProcessor
info: Unity.ILPP.Runner.PostProcessingPipeline[0]
      running zzzUnity.Burst.CodeGen.BurstILPostProcessor
info: Unity.ILPP.Runner.PostProcessingAssemblyLoadContext[0]
      Resolved Unity.Burst.Cecil.Rocks, Version=0.11.6.0, Culture=neutral, PublicKeyToken=50cebf1cceb9d05e with Library/PackageCache/com.unity.burst@6bb9aca3ef38/Unity.Burst.CodeGen/Unity.Burst.Cecil.Rocks.dll
info: Microsoft.AspNetCore.Routing.EndpointMiddleware[1]
      Executed endpoint 'gRPC - /UnityILPP.PostProcessing/PostProcessAssembly'
info: Microsoft.AspNetCore.Hosting.Diagnostics[2]
      Request finished HTTP/2 POST http://ilpp/UnityILPP.PostProcessing/PostProcessAssembly - 200 - application/grpc 220.8020ms
info: Microsoft.AspNetCore.Routing.EndpointMiddleware[1]
      Executed endpoint 'gRPC - /UnityILPP.PostProcessing/PostProcessAssembly'
info: Microsoft.AspNetCore.Hosting.Diagnostics[2]
      Request finished HTTP/2 POST http://ilpp/UnityILPP.PostProcessing/PostProcessAssembly - 200 - application/grpc 227.3042ms
ExitCode: 0 Duration: 2s457ms
[1132/1540  0s] ILPP-Configuration Library/ilpp-configuration.nevergeneratedoutput
[1520/1540  1s] Csc Library/Bee/artifacts/2000b0aE.dag/CastleBusters.dll (+2 others)
Assets/Scripts/CannonController.cs(46,79): warning CS0618: 'Object.FindObjectsOfType<T>()' is obsolete: 'Object.FindObjectsOfType has been deprecated. Use Object.FindObjectsByType instead which lets you decide whether you need the results sorted or not.  FindObjectsOfType sorts the results by InstanceID but if you do not need this using FindObjectSortMode.None is considerably faster.'
Assets/Scripts/CannonController.cs(537,39): warning CS0618: 'Object.FindObjectsOfType<T>()' is obsolete: 'Object.FindObjectsOfType has been deprecated. Use Object.FindObjectsByType instead which lets you decide whether you need the results sorted or not.  FindObjectsOfType sorts the results by InstanceID but if you do not need this using FindObjectSortMode.None is considerably faster.'
Assets/Scripts/DestructibleBlock.cs(50,80): warning CS0618: 'Object.FindObjectsOfType<T>()' is obsolete: 'Object.FindObjectsOfType has been deprecated. Use Object.FindObjectsByType instead which lets you decide whether you need the results sorted or not.  FindObjectsOfType sorts the results by InstanceID but if you do not need this using FindObjectSortMode.None is considerably faster.'
Assets/Scripts/DeploymentController.cs(244,22): warning CS0618: 'Object.FindObjectOfType<T>()' is obsolete: 'Object.FindObjectOfType has been deprecated. Use Object.FindAnyObjectByType instead.'
Assets/Scripts/FirstPlayCoachController.cs(65,29): warning CS0618: 'Object.FindObjectOfType<T>()' is obsolete: 'Object.FindObjectOfType has been deprecated. Use Object.FindAnyObjectByType instead.'
Assets/Scripts/WebtoonPrologueController.cs(288,13): warning CS0618: 'TMP_Text.enableWordWrapping' is obsolete: 'The enabledWordWrapping property is now obsolete. Please use the textWrappingMode property instead.'
Assets/Scripts/WebtoonPrologueController.cs(307,13): warning CS0618: 'TMP_Text.enableWordWrapping' is obsolete: 'The enabledWordWrapping property is now obsolete. Please use the textWrappingMode property instead.'
Assets/Scripts/ExplosiveGimmick.cs(262,35): warning CS0618: 'Object.FindObjectsOfType<T>()' is obsolete: 'Object.FindObjectsOfType has been deprecated. Use Object.FindObjectsByType instead which lets you decide whether you need the results sorted or not.  FindObjectsOfType sorts the results by InstanceID but if you do not need this using FindObjectSortMode.None is considerably faster.'
Assets/Scripts/BgmManager.cs(129,34): warning CS0618: 'Object.FindObjectsOfType<T>()' is obsolete: 'Object.FindObjectsOfType has been deprecated. Use Object.FindObjectsByType instead which lets you decide whether you need the results sorted or not.  FindObjectsOfType sorts the results by InstanceID but if you do not need this using FindObjectSortMode.None is considerably faster.'
Assets/Scripts/DeploymentController.cs(633,13): warning CS0618: 'TMP_Text.enableWordWrapping' is obsolete: 'The enabledWordWrapping property is now obsolete. Please use the textWrappingMode property instead.'
Assets/Scripts/DeploymentController.cs(673,13): warning CS0618: 'TMP_Text.enableWordWrapping' is obsolete: 'The enabledWordWrapping property is now obsolete. Please use the textWrappingMode property instead.'
Assets/Scripts/GamePresentationDirector.cs(175,56): warning CS0618: 'Object.FindObjectOfType<T>()' is obsolete: 'Object.FindObjectOfType has been deprecated. Use Object.FindAnyObjectByType instead.'
Assets/Scripts/GameManager.cs(154,72): warning CS0618: 'Object.FindObjectOfType<T>()' is obsolete: 'Object.FindObjectOfType has been deprecated. Use Object.FindAnyObjectByType instead.'
Assets/Scripts/IntroScreenController.cs(224,13): warning CS0618: 'TMP_Text.enableWordWrapping' is obsolete: 'The enabledWordWrapping property is now obsolete. Please use the textWrappingMode property instead.'
Assets/Scripts/FirstPlayCoachController.cs(378,13): warning CS0618: 'TMP_Text.enableWordWrapping' is obsolete: 'The enabledWordWrapping property is now obsolete. Please use the textWrappingMode property instead.'
Assets/Scripts/IntroScreenController.cs(282,13): warning CS0618: 'TMP_Text.enableWordWrapping' is obsolete: 'The enabledWordWrapping property is now obsolete. Please use the textWrappingMode property instead.'
Assets/Scripts/GameManager.cs(311,58): warning CS0618: 'Object.FindObjectOfType<T>()' is obsolete: 'Object.FindObjectOfType has been deprecated. Use Object.FindAnyObjectByType instead.'
Assets/Scripts/MobileStorefront.cs(90,24): warning CS0618: 'Object.FindObjectOfType<T>()' is obsolete: 'Object.FindObjectOfType has been deprecated. Use Object.FindAnyObjectByType instead.'
Assets/Scripts/IntroScreenController.cs(313,13): warning CS0618: 'TMP_Text.enableWordWrapping' is obsolete: 'The enabledWordWrapping property is now obsolete. Please use the textWrappingMode property instead.'
Assets/Scripts/MobileStorefront.cs(485,13): warning CS0618: 'TMP_Text.enableWordWrapping' is obsolete: 'The enabledWordWrapping property is now obsolete. Please use the textWrappingMode property instead.'
Assets/Scripts/MobileStorefront.cs(498,13): warning CS0618: 'TMP_Text.enableWordWrapping' is obsolete: 'The enabledWordWrapping property is now obsolete. Please use the textWrappingMode property instead.'
Assets/Scripts/GameFeelVfx.cs(1030,13): warning CS0618: 'TMP_Text.enableWordWrapping' is obsolete: 'The enabledWordWrapping property is now obsolete. Please use the textWrappingMode property instead.'
Assets/Scripts/GameManager.cs(505,17): warning CS0618: 'Object.FindObjectOfType<T>()' is obsolete: 'Object.FindObjectOfType has been deprecated. Use Object.FindAnyObjectByType instead.'
Assets/Scripts/GameManager.cs(518,17): warning CS0618: 'Object.FindObjectOfType<T>()' is obsolete: 'Object.FindObjectOfType has been deprecated. Use Object.FindAnyObjectByType instead.'
Assets/Scripts/GameManager.cs(525,17): warning CS0618: 'Object.FindObjectOfType<T>()' is obsolete: 'Object.FindObjectOfType has been deprecated. Use Object.FindAnyObjectByType instead.'
Assets/Scripts/GameManager.cs(532,17): warning CS0618: 'Object.FindObjectOfType<T>()' is obsolete: 'Object.FindObjectOfType has been deprecated. Use Object.FindAnyObjectByType instead.'
Assets/Scripts/SiegeAlarmSystem.cs(85,13): warning CS0618: 'TMP_Text.enableWordWrapping' is obsolete: 'The enabledWordWrapping property is now obsolete. Please use the textWrappingMode property instead.'
Assets/Scripts/IntroScreenController.cs(431,13): warning CS0618: 'TMP_Text.enableWordWrapping' is obsolete: 'The enabledWordWrapping property is now obsolete. Please use the textWrappingMode property instead.'
Assets/Scripts/SiegeAlarmSystem.cs(132,13): warning CS0618: 'TMP_Text.enableWordWrapping' is obsolete: 'The enabledWordWrapping property is now obsolete. Please use the textWrappingMode property instead.'
Assets/Scripts/GameManager.cs(634,28): warning CS0618: 'Object.FindObjectOfType<T>()' is obsolete: 'Object.FindObjectOfType has been deprecated. Use Object.FindAnyObjectByType instead.'
Assets/Scripts/GameFeelVfx.cs(1159,39): warning CS0618: 'Object.FindObjectsOfType<T>()' is obsolete: 'Object.FindObjectsOfType has been deprecated. Use Object.FindObjectsByType instead which lets you decide whether you need the results sorted or not.  FindObjectsOfType sorts the results by InstanceID but if you do not need this using FindObjectSortMode.None is considerably faster.'
Assets/Scripts/GameFeelVfx.cs(1163,36): warning CS0618: 'Object.FindObjectsOfType<T>()' is obsolete: 'Object.FindObjectsOfType has been deprecated. Use Object.FindObjectsByType instead which lets you decide whether you need the results sorted or not.  FindObjectsOfType sorts the results by InstanceID but if you do not need this using FindObjectSortMode.None is considerably faster.'
Assets/Scripts/GameFeelVfx.cs(1167,34): warning CS0618: 'Object.FindObjectsOfType<T>()' is obsolete: 'Object.FindObjectsOfType has been deprecated. Use Object.FindObjectsByType instead which lets you decide whether you need the results sorted or not.  FindObjectsOfType sorts the results by InstanceID but if you do not need this using FindObjectSortMode.None is considerably faster.'
Assets/Scripts/StageWeather.cs(25,28): warning CS0618: 'Object.FindObjectOfType<T>()' is obsolete: 'Object.FindObjectOfType has been deprecated. Use Object.FindAnyObjectByType instead.'
Assets/Scripts/GameManager.cs(678,33): warning CS0618: 'Object.FindObjectsOfType<T>()' is obsolete: 'Object.FindObjectsOfType has been deprecated. Use Object.FindObjectsByType instead which lets you decide whether you need the results sorted or not.  FindObjectsOfType sorts the results by InstanceID but if you do not need this using FindObjectSortMode.None is considerably faster.'
Assets/Scripts/StageInterludeController.cs(124,13): warning CS0618: 'TMP_Text.enableWordWrapping' is obsolete: 'The enabledWordWrapping property is now obsolete. Please use the textWrappingMode property instead.'
Assets/Scripts/SpriteAtlasPacker.cs(158,38): warning CS0618: 'Object.FindObjectsOfType<T>(bool)' is obsolete: 'Object.FindObjectsOfType has been deprecated. Use Object.FindObjectsByType instead which lets you decide whether you need the results sorted or not.  FindObjectsOfType sorts the results by InstanceID but if you do not need this using FindObjectSortMode.None is considerably faster.'
Assets/Scripts/UnitController.cs(161,77): warning CS0618: 'Object.FindObjectsOfType<T>()' is obsolete: 'Object.FindObjectsOfType has been deprecated. Use Object.FindObjectsByType instead which lets you decide whether you need the results sorted or not.  FindObjectsOfType sorts the results by InstanceID but if you do not need this using FindObjectSortMode.None is considerably faster.'
Assets/Scripts/SiegeEcosystem.cs(349,13): warning CS0618: 'TMP_Text.enableWordWrapping' is obsolete: 'The enabledWordWrapping property is now obsolete. Please use the textWrappingMode property instead.'
Assets/Scripts/SpriteAtlasPacker.cs(246,38): warning CS0618: 'Object.FindObjectsOfType<T>(bool)' is obsolete: 'Object.FindObjectsOfType has been deprecated. Use Object.FindObjectsByType instead which lets you decide whether you need the results sorted or not.  FindObjectsOfType sorts the results by InstanceID but if you do not need this using FindObjectSortMode.None is considerably faster.'
Assets/Scripts/GameManager.cs(1042,22): warning CS0618: 'Object.FindObjectOfType<T>()' is obsolete: 'Object.FindObjectOfType has been deprecated. Use Object.FindAnyObjectByType instead.'
Assets/Scripts/GameManager.cs(1048,22): warning CS0618: 'Object.FindObjectOfType<T>()' is obsolete: 'Object.FindObjectOfType has been deprecated. Use Object.FindAnyObjectByType instead.'
Assets/Scripts/LaunchManager.cs(991,27): warning CS0618: 'Physics2D.BoxCastNonAlloc(Vector2, Vector2, float, Vector2, RaycastHit2D[], float, int)' is obsolete: 'BoxCastNonAlloc has been deprecated. Please use BoxCast.'
Assets/Scripts/GameManager.cs(1089,31): warning CS0618: 'Object.FindObjectsOfType<T>()' is obsolete: 'Object.FindObjectsOfType has been deprecated. Use Object.FindObjectsByType instead which lets you decide whether you need the results sorted or not.  FindObjectsOfType sorts the results by InstanceID but if you do not need this using FindObjectSortMode.None is considerably faster.'
Assets/Scripts/GameManager.cs(1276,17): warning CS0618: 'TMP_Text.enableWordWrapping' is obsolete: 'The enabledWordWrapping property is now obsolete. Please use the textWrappingMode property instead.'
Assets/Scripts/GameManager.cs(1454,17): warning CS0618: 'TMP_Text.enableWordWrapping' is obsolete: 'The enabledWordWrapping property is now obsolete. Please use the textWrappingMode property instead.'
Assets/Scripts/UnitController.cs(1353,34): warning CS0618: 'Object.FindObjectsOfType<T>()' is obsolete: 'Object.FindObjectsOfType has been deprecated. Use Object.FindObjectsByType instead which lets you decide whether you need the results sorted or not.  FindObjectsOfType sorts the results by InstanceID but if you do not need this using FindObjectSortMode.None is considerably faster.'
Assets/Scripts/GameManager.cs(2277,22): warning CS0618: 'Object.FindObjectOfType<T>()' is obsolete: 'Object.FindObjectOfType has been deprecated. Use Object.FindAnyObjectByType instead.'
Assets/Scripts/GameManager.cs(2385,22): warning CS0618: 'Object.FindObjectOfType<T>()' is obsolete: 'Object.FindObjectOfType has been deprecated. Use Object.FindAnyObjectByType instead.'
Assets/Scripts/UnitController.cs(136,22): warning CS0414: The field 'UnitController.hasStoredOriginalColor' is assigned but its value is never used
[1525/1540  0s] ILPostProcess Library/Bee/artifacts/2000b0aE.dag/post-processed/CastleBusters.EditModeTests.dll (+pdb)
Processing assembly Library/Bee/artifacts/2000b0aE.dag/CastleBusters.EditModeTests.dll, with 116 defines and 297 references
processors: Unity.Jobs.CodeGen.JobsILPostProcessor, zzzUnity.Burst.CodeGen.BurstILPostProcessor
running Unity.Jobs.CodeGen.JobsILPostProcessor
running zzzUnity.Burst.CodeGen.BurstILPostProcessor
[1526/1540  0s] ILPostProcess Library/Bee/artifacts/2000b0aE.dag/post-processed/CastleBusters.PlayModeTests.dll (+pdb)
Processing assembly Library/Bee/artifacts/2000b0aE.dag/CastleBusters.PlayModeTests.dll, with 118 defines and 282 references
processors: Unity.Jobs.CodeGen.JobsILPostProcessor, zzzUnity.Burst.CodeGen.BurstILPostProcessor
running Unity.Jobs.CodeGen.JobsILPostProcessor
running zzzUnity.Burst.CodeGen.BurstILPostProcessor
[1527/1540  0s] ILPostProcess Library/Bee/artifacts/2000b0aE.dag/post-processed/Assembly-CSharp.dll (+pdb)
Processing assembly Library/Bee/artifacts/2000b0aE.dag/Assembly-CSharp.dll, with 118 defines and 412 references
processors: Unity.Jobs.CodeGen.JobsILPostProcessor, zzzUnity.Burst.CodeGen.BurstILPostProcessor
running Unity.Jobs.CodeGen.JobsILPostProcessor
running zzzUnity.Burst.CodeGen.BurstILPostProcessor
[1528/1540  0s] ILPostProcess Library/Bee/artifacts/2000b0aE.dag/post-processed/CastleBusters.dll (+pdb)
Processing assembly Library/Bee/artifacts/2000b0aE.dag/CastleBusters.dll, with 118 defines and 326 references
processors: Unity.Jobs.CodeGen.JobsILPostProcessor, zzzUnity.Burst.CodeGen.BurstILPostProcessor
running Unity.Jobs.CodeGen.JobsILPostProcessor
running zzzUnity.Burst.CodeGen.BurstILPostProcessor
[1529/1540  0s] ILPostProcess Library/Bee/artifacts/2000b0aE.dag/post-processed/Assembly-CSharp-Editor.dll (+pdb)
Processing assembly Library/Bee/artifacts/2000b0aE.dag/Assembly-CSharp-Editor.dll, with 116 defines and 440 references
processors: Unity.Jobs.CodeGen.JobsILPostProcessor, zzzUnity.Burst.CodeGen.BurstILPostProcessor
running Unity.Jobs.CodeGen.JobsILPostProcessor
running zzzUnity.Burst.CodeGen.BurstILPostProcessor
[1538/1540  0s] CopyFiles Library/ScriptAssemblies/CastleBusters.pdb
[1539/1540  0s] CopyFiles Library/ScriptAssemblies/CastleBusters.dll
*** Tundra build success (2.44 seconds), 9 items updated, 1540 evaluated
Assets/Scripts/CannonController.cs(46,79): warning CS0618: 'Object.FindObjectsOfType<T>()' is obsolete: 'Object.FindObjectsOfType has been deprecated. Use Object.FindObjectsByType instead which lets you decide whether you need the results sorted or not.  FindObjectsOfType sorts the results by InstanceID but if you do not need this using FindObjectSortMode.None is considerably faster.'
Assets/Scripts/CannonController.cs(537,39): warning CS0618: 'Object.FindObjectsOfType<T>()' is obsolete: 'Object.FindObjectsOfType has been deprecated. Use Object.FindObjectsByType instead which lets you decide whether you need the results sorted or not.  FindObjectsOfType sorts the results by InstanceID but if you do not need this using FindObjectSortMode.None is considerably faster.'
Assets/Scripts/DestructibleBlock.cs(50,80): warning CS0618: 'Object.FindObjectsOfType<T>()' is obsolete: 'Object.FindObjectsOfType has been deprecated. Use Object.FindObjectsByType instead which lets you decide whether you need the results sorted or not.  FindObjectsOfType sorts the results by InstanceID but if you do not need this using FindObjectSortMode.None is considerably faster.'
Assets/Scripts/DeploymentController.cs(244,22): warning CS0618: 'Object.FindObjectOfType<T>()' is obsolete: 'Object.FindObjectOfType has been deprecated. Use Object.FindAnyObjectByType instead.'
Assets/Scripts/FirstPlayCoachController.cs(65,29): warning CS0618: 'Object.FindObjectOfType<T>()' is obsolete: 'Object.FindObjectOfType has been deprecated. Use Object.FindAnyObjectByType instead.'
Assets/Scripts/WebtoonPrologueController.cs(288,13): warning CS0618: 'TMP_Text.enableWordWrapping' is obsolete: 'The enabledWordWrapping property is now obsolete. Please use the textWrappingMode property instead.'
Assets/Scripts/WebtoonPrologueController.cs(307,13): warning CS0618: 'TMP_Text.enableWordWrapping' is obsolete: 'The enabledWordWrapping property is now obsolete. Please use the textWrappingMode property instead.'
Assets/Scripts/ExplosiveGimmick.cs(262,35): warning CS0618: 'Object.FindObjectsOfType<T>()' is obsolete: 'Object.FindObjectsOfType has been deprecated. Use Object.FindObjectsByType instead which lets you decide whether you need the results sorted or not.  FindObjectsOfType sorts the results by InstanceID but if you do not need this using FindObjectSortMode.None is considerably faster.'
Assets/Scripts/BgmManager.cs(129,34): warning CS0618: 'Object.FindObjectsOfType<T>()' is obsolete: 'Object.FindObjectsOfType has been deprecated. Use Object.FindObjectsByType instead which lets you decide whether you need the results sorted or not.  FindObjectsOfType sorts the results by InstanceID but if you do not need this using FindObjectSortMode.None is considerably faster.'
Assets/Scripts/DeploymentController.cs(633,13): warning CS0618: 'TMP_Text.enableWordWrapping' is obsolete: 'The enabledWordWrapping property is now obsolete. Please use the textWrappingMode property instead.'
Assets/Scripts/DeploymentController.cs(673,13): warning CS0618: 'TMP_Text.enableWordWrapping' is obsolete: 'The enabledWordWrapping property is now obsolete. Please use the textWrappingMode property instead.'
Assets/Scripts/GamePresentationDirector.cs(175,56): warning CS0618: 'Object.FindObjectOfType<T>()' is obsolete: 'Object.FindObjectOfType has been deprecated. Use Object.FindAnyObjectByType instead.'
Assets/Scripts/GameManager.cs(154,72): warning CS0618: 'Object.FindObjectOfType<T>()' is obsolete: 'Object.FindObjectOfType has been deprecated. Use Object.FindAnyObjectByType instead.'
Assets/Scripts/IntroScreenController.cs(224,13): warning CS0618: 'TMP_Text.enableWordWrapping' is obsolete: 'The enabledWordWrapping property is now obsolete. Please use the textWrappingMode property instead.'
Assets/Scripts/FirstPlayCoachController.cs(378,13): warning CS0618: 'TMP_Text.enableWordWrapping' is obsolete: 'The enabledWordWrapping property is now obsolete. Please use the textWrappingMode property instead.'
Assets/Scripts/IntroScreenController.cs(282,13): warning CS0618: 'TMP_Text.enableWordWrapping' is obsolete: 'The enabledWordWrapping property is now obsolete. Please use the textWrappingMode property instead.'
Assets/Scripts/GameManager.cs(311,58): warning CS0618: 'Object.FindObjectOfType<T>()' is obsolete: 'Object.FindObjectOfType has been deprecated. Use Object.FindAnyObjectByType instead.'
Assets/Scripts/MobileStorefront.cs(90,24): warning CS0618: 'Object.FindObjectOfType<T>()' is obsolete: 'Object.FindObjectOfType has been deprecated. Use Object.FindAnyObjectByType instead.'
Assets/Scripts/IntroScreenController.cs(313,13): warning CS0618: 'TMP_Text.enableWordWrapping' is obsolete: 'The enabledWordWrapping property is now obsolete. Please use the textWrappingMode property instead.'
Assets/Scripts/MobileStorefront.cs(485,13): warning CS0618: 'TMP_Text.enableWordWrapping' is obsolete: 'The enabledWordWrapping property is now obsolete. Please use the textWrappingMode property instead.'
Assets/Scripts/MobileStorefront.cs(498,13): warning CS0618: 'TMP_Text.enableWordWrapping' is obsolete: 'The enabledWordWrapping property is now obsolete. Please use the textWrappingMode property instead.'
Assets/Scripts/GameFeelVfx.cs(1030,13): warning CS0618: 'TMP_Text.enableWordWrapping' is obsolete: 'The enabledWordWrapping property is now obsolete. Please use the textWrappingMode property instead.'
Assets/Scripts/GameManager.cs(505,17): warning CS0618: 'Object.FindObjectOfType<T>()' is obsolete: 'Object.FindObjectOfType has been deprecated. Use Object.FindAnyObjectByType instead.'
Assets/Scripts/GameManager.cs(518,17): warning CS0618: 'Object.FindObjectOfType<T>()' is obsolete: 'Object.FindObjectOfType has been deprecated. Use Object.FindAnyObjectByType instead.'
Assets/Scripts/GameManager.cs(525,17): warning CS0618: 'Object.FindObjectOfType<T>()' is obsolete: 'Object.FindObjectOfType has been deprecated. Use Object.FindAnyObjectByType instead.'
Assets/Scripts/GameManager.cs(532,17): warning CS0618: 'Object.FindObjectOfType<T>()' is obsolete: 'Object.FindObjectOfType has been deprecated. Use Object.FindAnyObjectByType instead.'
Assets/Scripts/SiegeAlarmSystem.cs(85,13): warning CS0618: 'TMP_Text.enableWordWrapping' is obsolete: 'The enabledWordWrapping property is now obsolete. Please use the textWrappingMode property instead.'
Assets/Scripts/IntroScreenController.cs(431,13): warning CS0618: 'TMP_Text.enableWordWrapping' is obsolete: 'The enabledWordWrapping property is now obsolete. Please use the textWrappingMode property instead.'
Assets/Scripts/SiegeAlarmSystem.cs(132,13): warning CS0618: 'TMP_Text.enableWordWrapping' is obsolete: 'The enabledWordWrapping property is now obsolete. Please use the textWrappingMode property instead.'
Assets/Scripts/GameManager.cs(634,28): warning CS0618: 'Object.FindObjectOfType<T>()' is obsolete: 'Object.FindObjectOfType has been deprecated. Use Object.FindAnyObjectByType instead.'
Assets/Scripts/GameFeelVfx.cs(1159,39): warning CS0618: 'Object.FindObjectsOfType<T>()' is obsolete: 'Object.FindObjectsOfType has been deprecated. Use Object.FindObjectsByType instead which lets you decide whether you need the results sorted or not.  FindObjectsOfType sorts the results by InstanceID but if you do not need this using FindObjectSortMode.None is considerably faster.'
Assets/Scripts/GameFeelVfx.cs(1163,36): warning CS0618: 'Object.FindObjectsOfType<T>()' is obsolete: 'Object.FindObjectsOfType has been deprecated. Use Object.FindObjectsByType instead which lets you decide whether you need the results sorted or not.  FindObjectsOfType sorts the results by InstanceID but if you do not need this using FindObjectSortMode.None is considerably faster.'
Assets/Scripts/GameFeelVfx.cs(1167,34): warning CS0618: 'Object.FindObjectsOfType<T>()' is obsolete: 'Object.FindObjectsOfType has been deprecated. Use Object.FindObjectsByType instead which lets you decide whether you need the results sorted or not.  FindObjectsOfType sorts the results by InstanceID but if you do not need this using FindObjectSortMode.None is considerably faster.'
Assets/Scripts/StageWeather.cs(25,28): warning CS0618: 'Object.FindObjectOfType<T>()' is obsolete: 'Object.FindObjectOfType has been deprecated. Use Object.FindAnyObjectByType instead.'
Assets/Scripts/GameManager.cs(678,33): warning CS0618: 'Object.FindObjectsOfType<T>()' is obsolete: 'Object.FindObjectsOfType has been deprecated. Use Object.FindObjectsByType instead which lets you decide whether you need the results sorted or not.  FindObjectsOfType sorts the results by InstanceID but if you do not need this using FindObjectSortMode.None is considerably faster.'
Assets/Scripts/StageInterludeController.cs(124,13): warning CS0618: 'TMP_Text.enableWordWrapping' is obsolete: 'The enabledWordWrapping property is now obsolete. Please use the textWrappingMode property instead.'
Assets/Scripts/SpriteAtlasPacker.cs(158,38): warning CS0618: 'Object.FindObjectsOfType<T>(bool)' is obsolete: 'Object.FindObjectsOfType has been deprecated. Use Object.FindObjectsByType instead which lets you decide whether you need the results sorted or not.  FindObjectsOfType sorts the results by InstanceID but if you do not need this using FindObjectSortMode.None is considerably faster.'
Assets/Scripts/UnitController.cs(161,77): warning CS0618: 'Object.FindObjectsOfType<T>()' is obsolete: 'Object.FindObjectsOfType has been deprecated. Use Object.FindObjectsByType instead which lets you decide whether you need the results sorted or not.  FindObjectsOfType sorts the results by InstanceID but if you do not need this using FindObjectSortMode.None is considerably faster.'
Assets/Scripts/SiegeEcosystem.cs(349,13): warning CS0618: 'TMP_Text.enableWordWrapping' is obsolete: 'The enabledWordWrapping property is now obsolete. Please use the textWrappingMode property instead.'
Assets/Scripts/SpriteAtlasPacker.cs(246,38): warning CS0618: 'Object.FindObjectsOfType<T>(bool)' is obsolete: 'Object.FindObjectsOfType has been deprecated. Use Object.FindObjectsByType instead which lets you decide whether you need the results sorted or not.  FindObjectsOfType sorts the results by InstanceID but if you do not need this using FindObjectSortMode.None is considerably faster.'
Assets/Scripts/GameManager.cs(1042,22): warning CS0618: 'Object.FindObjectOfType<T>()' is obsolete: 'Object.FindObjectOfType has been deprecated. Use Object.FindAnyObjectByType instead.'
Assets/Scripts/GameManager.cs(1048,22): warning CS0618: 'Object.FindObjectOfType<T>()' is obsolete: 'Object.FindObjectOfType has been deprecated. Use Object.FindAnyObjectByType instead.'
Assets/Scripts/LaunchManager.cs(991,27): warning CS0618: 'Physics2D.BoxCastNonAlloc(Vector2, Vector2, float, Vector2, RaycastHit2D[], float, int)' is obsolete: 'BoxCastNonAlloc has been deprecated. Please use BoxCast.'
Assets/Scripts/GameManager.cs(1089,31): warning CS0618: 'Object.FindObjectsOfType<T>()' is obsolete: 'Object.FindObjectsOfType has been deprecated. Use Object.FindObjectsByType instead which lets you decide whether you need the results sorted or not.  FindObjectsOfType sorts the results by InstanceID but if you do not need this using FindObjectSortMode.None is considerably faster.'
Assets/Scripts/GameManager.cs(1276,17): warning CS0618: 'TMP_Text.enableWordWrapping' is obsolete: 'The enabledWordWrapping property is now obsolete. Please use the textWrappingMode property instead.'
Assets/Scripts/GameManager.cs(1454,17): warning CS0618: 'TMP_Text.enableWordWrapping' is obsolete: 'The enabledWordWrapping property is now obsolete. Please use the textWrappingMode property instead.'
Assets/Scripts/UnitController.cs(1353,34): warning CS0618: 'Object.FindObjectsOfType<T>()' is obsolete: 'Object.FindObjectsOfType has been deprecated. Use Object.FindObjectsByType instead which lets you decide whether you need the results sorted or not.  FindObjectsOfType sorts the results by InstanceID but if you do not need this using FindObjectSortMode.None is considerably faster.'
Assets/Scripts/GameManager.cs(2277,22): warning CS0618: 'Object.FindObjectOfType<T>()' is obsolete: 'Object.FindObjectOfType has been deprecated. Use Object.FindAnyObjectByType instead.'
Assets/Scripts/GameManager.cs(2385,22): warning CS0618: 'Object.FindObjectOfType<T>()' is obsolete: 'Object.FindObjectOfType has been deprecated. Use Object.FindAnyObjectByType instead.'
Assets/Scripts/UnitController.cs(136,22): warning CS0414: The field 'UnitController.hasStoredOriginalColor' is assigned but its value is never used
AssetDatabase: script compilation time: 2.852189s
Total cache size 268398918
Total cache size after purge 268398918, took 00:00:00.1195187
Begin MonoManager ReloadAssembly
Symbol file LoadedFromMemory is not a mono symbol file
Assembly reference Packages/com.unity.cinemachine/Editor/Samples/ExposeHDRPInternals/HDRP-Editor-ref.asmref has no target assembly definition
'Packages/com.unity.cinemachine/Editor/Editors/CinemachineVirtualCameraBaseEditor.cs' contains partial class of Unity.Object, exactly 1 of the partial classes needs to be in a file with the same filename. This is to know the one that can be referenced from ie. GameObjects
'Packages/com.unity.cinemachine/Editor/Obsolete/CinemachineVirtualCameraBaseEditor.cs' contains partial class of Unity.Object, exactly 1 of the partial classes needs to be in a file with the same filename. This is to know the one that can be referenced from ie. GameObjects
Refreshing native plugins compatible for Editor in 2.79 ms, found 2 plugins.
Native extension for OSXStandalone target not found
Native extension for WebGL target not found
<color=#ffaa00>warn:</color> [21:07:12:6304] <color=#B4FF32>[AI]</color> <color=#48C9B0><b>McpManagerClientHub</b></color> ConnectionManager[f440bf8b-7412-41ee-b3e0-adddd73b1e07] EnsureConnection Connection not available and auto-reconnect disabled for endpoint: /hub/mcp-server
UnityEngine.Debug:ExtractStackTraceNoAlloc (byte*,int,string)
UnityEngine.StackTraceUtility:ExtractStackTrace () (at /Users/bokken/build/output/unity/unity/Runtime/Export/Scripting/StackTrace.cs:35)
UnityEngine.DebugLogHandler:Internal_Log (UnityEngine.LogType,UnityEngine.LogOption,string,UnityEngine.Object)
UnityEngine.DebugLogHandler:LogFormat (UnityEngine.LogType,UnityEngine.Object,string,object[])
UnityEngine.Logger:Log (UnityEngine.LogType,object)
UnityEngine.Debug:LogWarning (object)
com.IvanMurzak.Unity.MCP.Utils.UnityLogger:Log<Microsoft.Extensions.Logging.FormattedLogValues> (Microsoft.Extensions.Logging.LogLevel,Microsoft.Extensions.Logging.EventId,Microsoft.Extensions.Logging.FormattedLogValues,System.Exception,System.Func`3<Microsoft.Extensions.Logging.FormattedLogValues, System.Exception, string>) (at ./Library/PackageCache/com.ivanmurzak.unity.mcp@11c0818bd649/Runtime/Logger/UnityLogger.cs:125)
Microsoft.Extensions.Logging.Logger:<Log>g__LoggerLog|14_0<Microsoft.Extensions.Logging.FormattedLogValues> (Microsoft.Extensions.Logging.LogLevel,Microsoft.Extensions.Logging.EventId,Microsoft.Extensions.Logging.ILogger,System.Exception,System.Func`3<Microsoft.Extensions.Logging.FormattedLogValues, System.Exception, string>,System.Collections.Generic.List`1<System.Exception>&,Microsoft.Extensions.Logging.FormattedLogValues&)
Microsoft.Extensions.Logging.Logger:Log<Microsoft.Extensions.Logging.FormattedLogValues> (Microsoft.Extensions.Logging.LogLevel,Microsoft.Extensions.Logging.EventId,Microsoft.Extensions.Logging.FormattedLogValues,System.Exception,System.Func`3<Microsoft.Extensions.Logging.FormattedLogValues, System.Exception, string>)
Microsoft.Extensions.Logging.Logger`1<com.IvanMurzak.McpPlugin.McpManagerClientHub>:Microsoft.Extensions.Logging.ILogger.Log<Microsoft.Extensions.Logging.FormattedLogValues> (Microsoft.Extensions.Logging.LogLevel,Microsoft.Extensions.Logging.EventId,Microsoft.Extensions.Logging.FormattedLogValues,System.Exception,System.Func`3<Microsoft.Extensions.Logging.FormattedLogValues, System.Exception, string>)
Microsoft.Extensions.Logging.LoggerExtensions:Log (Microsoft.Extensions.Logging.ILogger,Microsoft.Extensions.Logging.LogLevel,Microsoft.Extensions.Logging.EventId,System.Exception,string,object[])
Microsoft.Extensions.Logging.LoggerExtensions:Log (Microsoft.Extensions.Logging.ILogger,Microsoft.Extensions.Logging.LogLevel,string,object[])
Microsoft.Extensions.Logging.LoggerExtensions:LogWarning (Microsoft.Extensions.Logging.ILogger,string,object[])
com.IvanMurzak.McpPlugin.ConnectionManager/<EnsureConnection>d__3:MoveNext ()
System.Runtime.CompilerServices.AsyncTaskMethodBuilder`1<bool>:Start<com.IvanMurzak.McpPlugin.ConnectionManager/<EnsureConnection>d__3> (com.IvanMurzak.McpPlugin.ConnectionManager/<EnsureConnection>d__3&)
com.IvanMurzak.McpPlugin.ConnectionManager:EnsureConnection (System.Threading.CancellationToken)
com.IvanMurzak.McpPlugin.ConnectionManager/<InvokeAsync>d__58`2<com.IvanMurzak.McpPlugin.Common.Model.RequestToolsUpdated, com.IvanMurzak.McpPlugin.Common.Model.ResponseData>:MoveNext ()
System.Runtime.CompilerServices.AsyncTaskMethodBuilder`1<com.IvanMurzak.McpPlugin.Common.Model.ResponseData>:Start<com.IvanMurzak.McpPlugin.ConnectionManager/<InvokeAsync>d__58`2<com.IvanMurzak.McpPlugin.Common.Model.RequestToolsUpdated, com.IvanMurzak.McpPlugin.Common.Model.ResponseData>> (com.IvanMurzak.McpPlugin.ConnectionManager/<InvokeAsync>d__58`2<com.IvanMurzak.McpPlugin.Common.Model.RequestToolsUpdated, com.IvanMurzak.McpPlugin.Common.Model.ResponseData>&)
com.IvanMurzak.McpPlugin.ConnectionManager:InvokeAsync<com.IvanMurzak.McpPlugin.Common.Model.RequestToolsUpdated, com.IvanMurzak.McpPlugin.Common.Model.ResponseData> (string,com.IvanMurzak.McpPlugin.Common.Model.RequestToolsUpdated,System.Threading.CancellationToken)
com.IvanMurzak.McpPlugin.McpManagerClientHub:NotifyAboutUpdatedTools (com.IvanMurzak.McpPlugin.Common.Model.RequestToolsUpdated,System.Threading.CancellationToken)
com.IvanMurzak.McpPlugin.McpManagerClientHub:NotifyAboutUpdatedTools (com.IvanMurzak.McpPlugin.Common.Model.RequestToolsUpdated)
com.IvanMurzak.McpPlugin.McpPlugin/<<-ctor>b__29_4>d:MoveNext ()
System.Runtime.CompilerServices.AsyncVoidMethodBuilder:Start<com.IvanMurzak.McpPlugin.McpPlugin/<<-ctor>b__29_4>d> (com.IvanMurzak.McpPlugin.McpPlugin/<<-ctor>b__29_4>d&)
com.IvanMurzak.McpPlugin.McpPlugin:<.ctor>b__29_4 (R3.Unit)
R3.AnonymousObserver`1<R3.Unit>:OnNextCore (R3.Unit)
R3.Observer`1<R3.Unit>:OnNext (R3.Unit)
R3.ThrottleFirst`1/_ThrottleFirst<R3.Unit>:OnNextCore (R3.Unit)
R3.Observer`1<R3.Unit>:OnNext (R3.Unit)
R3.Subject`1<R3.Unit>:OnNext (R3.Unit)
com.IvanMurzak.McpPlugin.McpToolManager:SetToolEnabled (string,bool)
com.IvanMurzak.Unity.MCP.UnityMcpPlugin:ApplyConfigToMcpPlugin (com.IvanMurzak.McpPlugin.IMcpPlugin) (at ./Library/PackageCache/com.ivanmurzak.unity.mcp@11c0818bd649/Runtime/UnityMcpPlugin.Build.cs:211)
com.IvanMurzak.Unity.MCP.UnityMcpPluginEditor:BuildMcpPluginIfNeeded () (at ./Library/PackageCache/com.ivanmurzak.unity.mcp@11c0818bd649/Editor/Scripts/UnityMcpPluginEditor.Build.cs:74)
com.IvanMurzak.Unity.MCP.Editor.Startup:.cctor () (at ./Library/PackageCache/com.ivanmurzak.unity.mcp@11c0818bd649/Editor/Scripts/Startup.cs:29)
System.Runtime.CompilerServices.RuntimeHelpers:RunClassConstructor (System.RuntimeTypeHandle)
UnityEditor.EditorAssemblies:ProcessInitializeOnLoadAttributes (System.ReadOnlySpan`1<intptr>) (at /Users/bokken/build/output/unity/unity/Editor/Mono/EditorAssemblies.cs:155)

(Filename: ./Library/PackageCache/com.ivanmurzak.unity.mcp@11c0818bd649/Runtime/UnityMcpPlugin.Build.cs Line: 211)

<color=#ffaa00>warn:</color> [21:07:12:6443] <color=#B4FF32>[AI]</color> <color=#48C9B0><b>McpManagerClientHub</b></color> ConnectionManager[f440bf8b-7412-41ee-b3e0-adddd73b1e07] EnsureConnection Connection not available and auto-reconnect disabled for endpoint: /hub/mcp-server
UnityEngine.Debug:ExtractStackTraceNoAlloc (byte*,int,string)
UnityEngine.StackTraceUtility:ExtractStackTrace () (at /Users/bokken/build/output/unity/unity/Runtime/Export/Scripting/StackTrace.cs:35)
UnityEngine.DebugLogHandler:Internal_Log (UnityEngine.LogType,UnityEngine.LogOption,string,UnityEngine.Object)
UnityEngine.DebugLogHandler:LogFormat (UnityEngine.LogType,UnityEngine.Object,string,object[])
UnityEngine.Logger:Log (UnityEngine.LogType,object)
UnityEngine.Debug:LogWarning (object)
com.IvanMurzak.Unity.MCP.Utils.UnityLogger:Log<Microsoft.Extensions.Logging.FormattedLogValues> (Microsoft.Extensions.Logging.LogLevel,Microsoft.Extensions.Logging.EventId,Microsoft.Extensions.Logging.FormattedLogValues,System.Exception,System.Func`3<Microsoft.Extensions.Logging.FormattedLogValues, System.Exception, string>) (at ./Library/PackageCache/com.ivanmurzak.unity.mcp@11c0818bd649/Runtime/Logger/UnityLogger.cs:125)
Microsoft.Extensions.Logging.Logger:<Log>g__LoggerLog|14_0<Microsoft.Extensions.Logging.FormattedLogValues> (Microsoft.Extensions.Logging.LogLevel,Microsoft.Extensions.Logging.EventId,Microsoft.Extensions.Logging.ILogger,System.Exception,System.Func`3<Microsoft.Extensions.Logging.FormattedLogValues, System.Exception, string>,System.Collections.Generic.List`1<System.Exception>&,Microsoft.Extensions.Logging.FormattedLogValues&)
Microsoft.Extensions.Logging.Logger:Log<Microsoft.Extensions.Logging.FormattedLogValues> (Microsoft.Extensions.Logging.LogLevel,Microsoft.Extensions.Logging.EventId,Microsoft.Extensions.Logging.FormattedLogValues,System.Exception,System.Func`3<Microsoft.Extensions.Logging.FormattedLogValues, System.Exception, string>)
Microsoft.Extensions.Logging.Logger`1<com.IvanMurzak.McpPlugin.McpManagerClientHub>:Microsoft.Extensions.Logging.ILogger.Log<Microsoft.Extensions.Logging.FormattedLogValues> (Microsoft.Extensions.Logging.LogLevel,Microsoft.Extensions.Logging.EventId,Microsoft.Extensions.Logging.FormattedLogValues,System.Exception,System.Func`3<Microsoft.Extensions.Logging.FormattedLogValues, System.Exception, string>)
Microsoft.Extensions.Logging.LoggerExtensions:Log (Microsoft.Extensions.Logging.ILogger,Microsoft.Extensions.Logging.LogLevel,Microsoft.Extensions.Logging.EventId,System.Exception,string,object[])
Microsoft.Extensions.Logging.LoggerExtensions:Log (Microsoft.Extensions.Logging.ILogger,Microsoft.Extensions.Logging.LogLevel,string,object[])
Microsoft.Extensions.Logging.LoggerExtensions:LogWarning (Microsoft.Extensions.Logging.ILogger,string,object[])
com.IvanMurzak.McpPlugin.ConnectionManager/<EnsureConnection>d__3:MoveNext ()
System.Runtime.CompilerServices.AsyncTaskMethodBuilder`1<bool>:Start<com.IvanMurzak.McpPlugin.ConnectionManager/<EnsureConnection>d__3> (com.IvanMurzak.McpPlugin.ConnectionManager/<EnsureConnection>d__3&)
com.IvanMurzak.McpPlugin.ConnectionManager:EnsureConnection (System.Threading.CancellationToken)
com.IvanMurzak.McpPlugin.ConnectionManager/<InvokeAsync>d__58`2<com.IvanMurzak.McpPlugin.Common.Model.RequestPromptsUpdated, com.IvanMurzak.McpPlugin.Common.Model.ResponseData>:MoveNext ()
System.Runtime.CompilerServices.AsyncTaskMethodBuilder`1<com.IvanMurzak.McpPlugin.Common.Model.ResponseData>:Start<com.IvanMurzak.McpPlugin.ConnectionManager/<InvokeAsync>d__58`2<com.IvanMurzak.McpPlugin.Common.Model.RequestPromptsUpdated, com.IvanMurzak.McpPlugin.Common.Model.ResponseData>> (com.IvanMurzak.McpPlugin.ConnectionManager/<InvokeAsync>d__58`2<com.IvanMurzak.McpPlugin.Common.Model.RequestPromptsUpdated, com.IvanMurzak.McpPlugin.Common.Model.ResponseData>&)
com.IvanMurzak.McpPlugin.ConnectionManager:InvokeAsync<com.IvanMurzak.McpPlugin.Common.Model.RequestPromptsUpdated, com.IvanMurzak.McpPlugin.Common.Model.ResponseData> (string,com.IvanMurzak.McpPlugin.Common.Model.RequestPromptsUpdated,System.Threading.CancellationToken)
com.IvanMurzak.McpPlugin.McpManagerClientHub:NotifyAboutUpdatedPrompts (com.IvanMurzak.McpPlugin.Common.Model.RequestPromptsUpdated,System.Threading.CancellationToken)
com.IvanMurzak.McpPlugin.McpManagerClientHub:NotifyAboutUpdatedPrompts (com.IvanMurzak.McpPlugin.Common.Model.RequestPromptsUpdated)
com.IvanMurzak.McpPlugin.McpPlugin/<<-ctor>b__29_5>d:MoveNext ()
System.Runtime.CompilerServices.AsyncVoidMethodBuilder:Start<com.IvanMurzak.McpPlugin.McpPlugin/<<-ctor>b__29_5>d> (com.IvanMurzak.McpPlugin.McpPlugin/<<-ctor>b__29_5>d&)
com.IvanMurzak.McpPlugin.McpPlugin:<.ctor>b__29_5 (R3.Unit)
R3.AnonymousObserver`1<R3.Unit>:OnNextCore (R3.Unit)
R3.Observer`1<R3.Unit>:OnNext (R3.Unit)
R3.ThrottleFirst`1/_ThrottleFirst<R3.Unit>:OnNextCore (R3.Unit)
R3.Observer`1<R3.Unit>:OnNext (R3.Unit)
R3.Subject`1<R3.Unit>:OnNext (R3.Unit)
com.IvanMurzak.McpPlugin.McpPromptManager:SetPromptEnabled (string,bool)
com.IvanMurzak.Unity.MCP.UnityMcpPlugin:ApplyConfigToMcpPlugin (com.IvanMurzak.McpPlugin.IMcpPlugin) (at ./Library/PackageCache/com.ivanmurzak.unity.mcp@11c0818bd649/Runtime/UnityMcpPlugin.Build.cs:226)
com.IvanMurzak.Unity.MCP.UnityMcpPluginEditor:BuildMcpPluginIfNeeded () (at ./Library/PackageCache/com.ivanmurzak.unity.mcp@11c0818bd649/Editor/Scripts/UnityMcpPluginEditor.Build.cs:74)
com.IvanMurzak.Unity.MCP.Editor.Startup:.cctor () (at ./Library/PackageCache/com.ivanmurzak.unity.mcp@11c0818bd649/Editor/Scripts/Startup.cs:29)
System.Runtime.CompilerServices.RuntimeHelpers:RunClassConstructor (System.RuntimeTypeHandle)
UnityEditor.EditorAssemblies:ProcessInitializeOnLoadAttributes (System.ReadOnlySpan`1<intptr>) (at /Users/bokken/build/output/unity/unity/Editor/Mono/EditorAssemblies.cs:155)

(Filename: ./Library/PackageCache/com.ivanmurzak.unity.mcp@11c0818bd649/Runtime/UnityMcpPlugin.Build.cs Line: 226)

<color=#ffaa00>warn:</color> [21:07:12:6452] <color=#B4FF32>[AI]</color> <color=#48C9B0><b>McpManagerClientHub</b></color> ConnectionManager[f440bf8b-7412-41ee-b3e0-adddd73b1e07] EnsureConnection Connection not available and auto-reconnect disabled for endpoint: /hub/mcp-server
UnityEngine.Debug:ExtractStackTraceNoAlloc (byte*,int,string)
UnityEngine.StackTraceUtility:ExtractStackTrace () (at /Users/bokken/build/output/unity/unity/Runtime/Export/Scripting/StackTrace.cs:35)
UnityEngine.DebugLogHandler:Internal_Log (UnityEngine.LogType,UnityEngine.LogOption,string,UnityEngine.Object)
UnityEngine.DebugLogHandler:LogFormat (UnityEngine.LogType,UnityEngine.Object,string,object[])
UnityEngine.Logger:Log (UnityEngine.LogType,object)
UnityEngine.Debug:LogWarning (object)
com.IvanMurzak.Unity.MCP.Utils.UnityLogger:Log<Microsoft.Extensions.Logging.FormattedLogValues> (Microsoft.Extensions.Logging.LogLevel,Microsoft.Extensions.Logging.EventId,Microsoft.Extensions.Logging.FormattedLogValues,System.Exception,System.Func`3<Microsoft.Extensions.Logging.FormattedLogValues, System.Exception, string>) (at ./Library/PackageCache/com.ivanmurzak.unity.mcp@11c0818bd649/Runtime/Logger/UnityLogger.cs:125)
Microsoft.Extensions.Logging.Logger:<Log>g__LoggerLog|14_0<Microsoft.Extensions.Logging.FormattedLogValues> (Microsoft.Extensions.Logging.LogLevel,Microsoft.Extensions.Logging.EventId,Microsoft.Extensions.Logging.ILogger,System.Exception,System.Func`3<Microsoft.Extensions.Logging.FormattedLogValues, System.Exception, string>,System.Collections.Generic.List`1<System.Exception>&,Microsoft.Extensions.Logging.FormattedLogValues&)
Microsoft.Extensions.Logging.Logger:Log<Microsoft.Extensions.Logging.FormattedLogValues> (Microsoft.Extensions.Logging.LogLevel,Microsoft.Extensions.Logging.EventId,Microsoft.Extensions.Logging.FormattedLogValues,System.Exception,System.Func`3<Microsoft.Extensions.Logging.FormattedLogValues, System.Exception, string>)
Microsoft.Extensions.Logging.Logger`1<com.IvanMurzak.McpPlugin.McpManagerClientHub>:Microsoft.Extensions.Logging.ILogger.Log<Microsoft.Extensions.Logging.FormattedLogValues> (Microsoft.Extensions.Logging.LogLevel,Microsoft.Extensions.Logging.EventId,Microsoft.Extensions.Logging.FormattedLogValues,System.Exception,System.Func`3<Microsoft.Extensions.Logging.FormattedLogValues, System.Exception, string>)
Microsoft.Extensions.Logging.LoggerExtensions:Log (Microsoft.Extensions.Logging.ILogger,Microsoft.Extensions.Logging.LogLevel,Microsoft.Extensions.Logging.EventId,System.Exception,string,object[])
Microsoft.Extensions.Logging.LoggerExtensions:Log (Microsoft.Extensions.Logging.ILogger,Microsoft.Extensions.Logging.LogLevel,string,object[])
Microsoft.Extensions.Logging.LoggerExtensions:LogWarning (Microsoft.Extensions.Logging.ILogger,string,object[])
com.IvanMurzak.McpPlugin.ConnectionManager/<EnsureConnection>d__3:MoveNext ()
System.Runtime.CompilerServices.AsyncTaskMethodBuilder`1<bool>:Start<com.IvanMurzak.McpPlugin.ConnectionManager/<EnsureConnection>d__3> (com.IvanMurzak.McpPlugin.ConnectionManager/<EnsureConnection>d__3&)
com.IvanMurzak.McpPlugin.ConnectionManager:EnsureConnection (System.Threading.CancellationToken)
com.IvanMurzak.McpPlugin.ConnectionManager/<InvokeAsync>d__58`2<com.IvanMurzak.McpPlugin.Common.Model.RequestResourcesUpdated, com.IvanMurzak.McpPlugin.Common.Model.ResponseData>:MoveNext ()
System.Runtime.CompilerServices.AsyncTaskMethodBuilder`1<com.IvanMurzak.McpPlugin.Common.Model.ResponseData>:Start<com.IvanMurzak.McpPlugin.ConnectionManager/<InvokeAsync>d__58`2<com.IvanMurzak.McpPlugin.Common.Model.RequestResourcesUpdated, com.IvanMurzak.McpPlugin.Common.Model.ResponseData>> (com.IvanMurzak.McpPlugin.ConnectionManager/<InvokeAsync>d__58`2<com.IvanMurzak.McpPlugin.Common.Model.RequestResourcesUpdated, com.IvanMurzak.McpPlugin.Common.Model.ResponseData>&)
com.IvanMurzak.McpPlugin.ConnectionManager:InvokeAsync<com.IvanMurzak.McpPlugin.Common.Model.RequestResourcesUpdated, com.IvanMurzak.McpPlugin.Common.Model.ResponseData> (string,com.IvanMurzak.McpPlugin.Common.Model.RequestResourcesUpdated,System.Threading.CancellationToken)
com.IvanMurzak.McpPlugin.McpManagerClientHub:NotifyAboutUpdatedResources (com.IvanMurzak.McpPlugin.Common.Model.RequestResourcesUpdated,System.Threading.CancellationToken)
com.IvanMurzak.McpPlugin.McpManagerClientHub:NotifyAboutUpdatedResources (com.IvanMurzak.McpPlugin.Common.Model.RequestResourcesUpdated)
com.IvanMurzak.McpPlugin.McpPlugin/<<-ctor>b__29_6>d:MoveNext ()
System.Runtime.CompilerServices.AsyncVoidMethodBuilder:Start<com.IvanMurzak.McpPlugin.McpPlugin/<<-ctor>b__29_6>d> (com.IvanMurzak.McpPlugin.McpPlugin/<<-ctor>b__29_6>d&)
com.IvanMurzak.McpPlugin.McpPlugin:<.ctor>b__29_6 (R3.Unit)
R3.AnonymousObserver`1<R3.Unit>:OnNextCore (R3.Unit)
R3.Observer`1<R3.Unit>:OnNext (R3.Unit)
R3.ThrottleFirst`1/_ThrottleFirst<R3.Unit>:OnNextCore (R3.Unit)
R3.Observer`1<R3.Unit>:OnNext (R3.Unit)
R3.Subject`1<R3.Unit>:OnNext (R3.Unit)
com.IvanMurzak.McpPlugin.McpResourceManager:SetResourceEnabled (string,bool)
com.IvanMurzak.Unity.MCP.UnityMcpPlugin:ApplyConfigToMcpPlugin (com.IvanMurzak.McpPlugin.IMcpPlugin) (at ./Library/PackageCache/com.ivanmurzak.unity.mcp@11c0818bd649/Runtime/UnityMcpPlugin.Build.cs:240)
com.IvanMurzak.Unity.MCP.UnityMcpPluginEditor:BuildMcpPluginIfNeeded () (at ./Library/PackageCache/com.ivanmurzak.unity.mcp@11c0818bd649/Editor/Scripts/UnityMcpPluginEditor.Build.cs:74)
com.IvanMurzak.Unity.MCP.Editor.Startup:.cctor () (at ./Library/PackageCache/com.ivanmurzak.unity.mcp@11c0818bd649/Editor/Scripts/Startup.cs:29)
System.Runtime.CompilerServices.RuntimeHelpers:RunClassConstructor (System.RuntimeTypeHandle)
UnityEditor.EditorAssemblies:ProcessInitializeOnLoadAttributes (System.ReadOnlySpan`1<intptr>) (at /Users/bokken/build/output/unity/unity/Editor/Mono/EditorAssemblies.cs:155)

(Filename: ./Library/PackageCache/com.ivanmurzak.unity.mcp@11c0818bd649/Runtime/UnityMcpPlugin.Build.cs Line: 240)

Refreshing native plugins compatible for Editor in 2.44 ms, found 2 plugins.
[MODES] ModeService[none].Initialize
[MODES] ModeService[none].LoadModes
[MODES] Loading mode Default (0) for mode-current-id-castle-war
ScheduleIndexationOnStartup MainProcess:True IndexOnStartup:True
Mono: successfully reloaded assembly
- Finished resetting the current domain, in  3.060 seconds
Domain Reload Profiling: 3729ms
	BeginReloadAssembly (103ms)
		DisableScriptedObjects (10ms)
		CreateAndSetChildDomain (22ms)
	RebuildCommonClasses (5ms)
	RebuildNativeTypeToScriptingClass (11ms)
	initialDomainReloadingComplete (31ms)
	LoadAllAssembliesAndSetupDomain (519ms)
		LoadAssemblies (185ms)
		AnalyzeDomain (290ms)
			TypeCache.Refresh (221ms)
				TypeCache.ScanAssembly (203ms)
			BuildScriptInfoCaches (62ms)
			ResolveRequiredComponents (5ms)
	FinalizeReload (3061ms)
		SetupLoadedEditorAssemblies (0ms)
			BeforeProcessingInitializeOnLoad (53ms)
			ProcessInitializeOnLoadAttributes (2519ms)
			ProcessInitializeOnLoadMethodAttributes (245ms)
		AwakeInstancesAfterBackupRestoration (11ms)
Starting new worker id: 0 with log in /Users/seokcmin/Desktop/castle-war/Logs/AssetImportWorkerHW0.log
Refreshing native plugins compatible for Editor in 3.98 ms, found 2 plugins.

Asset Pipeline Refresh (id=674ad4bd4a9e84363813f9d6825ba3e7): Total: 7.862 seconds - Initiated by InitialRefreshV2(ForceSynchronousImport)
	(Values over 0.05ms)
	Summary:
		Imports: total=0 (actual=0, local cache=0, cache server=0)
		Asset DB Process Time: managed=0 ms, native=4092 ms
		Asset DB Callback time: managed=148 ms, native=19 ms
		Scripting: domain reloads=1, domain reload time=695 ms, compile time=2853 ms, other=52 ms
		Project Asset Count: scripts=2303, non-scripts=3755
		Asset File Changes: new=0, changed=1, moved=0, deleted=0
		Scan Filter Count: 1
	InvokePackagesCallback: 13.728ms
	ApplyChangesToAssetFolders: 0.294ms
	Scan: 647.803ms
	Collect global state as custom dependencies: 25.512ms
	OnSourceAssetsModified: 0.435ms
	CategorizeScriptCompilationAssets: 52.869ms
	ProcessAssetsWithTransientArtifactChanges: 73.571ms
	CategorizeAssets: 61.198ms
	CompileScripts: 2853.281ms
	ImportOutOfDateAssets: 3138.056ms (3087.188ms without children)
		UnloadImportedAssets: 0.611ms
		EnsureUptoDateAssetsAreRegisteredWithGuidPM: 0.820ms
		ImportSchedulerStart: 49.391ms
	PostProcessAllAssets: 149.398ms
		VCAutoAddAssetPostprocess 0.847ms
		XRBuildSystem.XRAssetImported 0.403ms
		MonoPostProcessAllAssets: 147.867ms
			AssetPostprocessor.OnPostprocessAllAssets 66.246ms
			StyleCatalogPostProcessor.OnPostprocessAllAssets 18.721ms
			UniversalRenderPipelineGlobalSettingsPostprocessor.OnPostprocessAllAssets 8.368ms
			SyncVS.PostprocessSyncProject 5.923ms
			BuilderAssetPostprocessor.OnPostprocessAllAssets 4.271ms
			SpeedTree9Postprocessor.OnPostprocessAllAssets 1.241ms
			WindowAssetPostprocessingWatcher.OnPostprocessAllAssets 1.139ms
			RetainedModeAssetPostprocessor.OnPostprocessAllAssets 0.977ms
			ShaderGraphAssetPostProcessor.OnPostprocessAllAssets 0.966ms
			AssetChangedListener.OnPostprocessAllAssets 0.797ms
			EditModeScopePostprocessor.OnPostprocessAllAssets 0.701ms
			MaterialPostprocessor.OnPostprocessAllAssets 0.531ms
			ArtifactBrowserPostProcessor.OnPostprocessAllAssets 0.376ms
			RenderPipelineGlobalSettingsPostprocessor.OnPostprocessAllAssets 0.361ms
			AudioMixerPostprocessor.OnPostprocessAllAssets 0.294ms
			UVCSAssetPostprocessor.OnPostprocessAllAssets 0.285ms
			ShaderReflectionAssetPostProcessor.OnPostprocessAllAssets 0.252ms
			AssetProcessor.OnPostprocessAllAssets 0.247ms
			SampleDependencyImporterPostProcessor.OnPostprocessAllAssets 0.231ms
			InputActionAssetPostprocessor.OnPostprocessAllAssets 0.215ms
			TMPro_TexturePostProcessor.OnPostprocessAllAssets 0.188ms
			TextAssetPostProcessor.OnPostprocessAllAssets 0.186ms
			AssetEvents.OnPostprocessAllAssets 0.167ms
			CinemachineSettings.OnPostprocessAllAssets 0.167ms
			InputActionJsonNameModifierAssetProcessor.OnPostprocessAllAssets 0.162ms
			ReferencedClipsPostProcessor.OnPostprocessAllAssets 0.159ms
			PostProcessor.OnPostprocessAllAssets 0.130ms
			ScenarioDriftAssetsTracker.OnPostprocessAllAssets 0.123ms
			TerrainToolbarOverlayPostProcessor.OnPostprocessAllAssets 0.116ms
			DomainReloadProcessor.OnPostprocessAllAssets 0.107ms
			SamplePostprocessor.OnPostprocessAllAssets 0.088ms
			AssetPostprocessorProxy.OnPostprocessAllAssets 0.085ms
			SpeedTreePostProcessor.OnPostprocessAllAssets 0.084ms
			AssetDatabaseCallbacks.OnPostprocessAllAssets 0.083ms
			ProjectSettingsPostprocessor.OnPostprocessAllAssets 0.080ms
			ConfigAssetsTracker.OnPostprocessAllAssets 0.071ms
			AssetReloadNotifier.OnPostprocessAllAssets 0.062ms
	PostAssetChangesProfiler: 4.946ms
	UnloadStreamsBegin: 1.725ms
	PersistCurrentRevisions: 0.164ms
	GenerateScriptTypeHashes: 2.687ms
	GenerateScriptTypeSerializationHashes: 6.751ms
	Untracked: 837.072ms

Application.AssetDatabase Initial Refresh End
Shader Hidden/ChartRasterizerHardware is not supported: GPU does not support conservative rasterization
Shader Hidden/ChartRasterizerHardware is not supported: GPU does not support conservative rasterization
Scanning for USB devices : 0.028ms
Initializing Unity extensions:
Unloading 32 Unused Serialized files (Serialized files now loaded: 0)
Unloading 10075 unused Assets / (3.9 MB). Loaded Objects now: 10922.
Memory consumption went from 295.6 MB to 291.7 MB.
Total: 86.868333 ms (FindLiveObjects: 0.333000 ms CreateObjectMapping: 3.012625 ms MarkObjects: 81.737500 ms  DeleteObjects: 1.784750 ms)

[Project] Loading completed in 9.863 seconds
	Project init time: 				9.638 seconds
		Template init time: 		0.000 seconds
		Package Manager init time: 		0.402 seconds
		Asset Database init time: 		0.269 seconds
		Global illumination init time: 	0.001 seconds
		Assemblies load time: 			0.550 seconds
		Unity extensions init time: 	0.019 seconds
		Asset Database refresh time: 	7.862 seconds
	Scene opening time: 			0.176 seconds
##utp:{"type":"ProjectInfo","version":2,"phase":"Immediate","time":1786709235982,"processId":73774,"projectLoad":9.863453208,"projectInit":9.638405666,"templateInit":0.0,"packageManagerInit":0.402356708,"assetDatabaseInit":0.268796959,"globalIlluminationInit":0.000620916,"assembliesLoad":0.549762042,"unityExtensionsInit":0.019360875,"assetDatabaseRefresh":7.862161708,"sceneOpening":0.175995166}
##utp:{"type":"EditorInfo","version":2,"phase":"Immediate","time":1786709235982,"processId":73774,"editorVersion":"6000.5.6f1 (0e0577a1a2ac)","branch":"6000.5/staging","buildType":"Release","platform":"OSX"}
[Licensing::Client] Successfully resolved entitlement details
Worker ready: AssetImportWorkerHW0 0
Asset Pipeline Refresh (id=f4ac54fd6042e43f6bb5cb7dd3e69a14): Total: 0.096 seconds - Initiated by StopAssetImportingV2(NoUpdateAssetOptions)
[Licensing::Client] Successfully resolved entitlement details
Running tests for ExecutionSettings with details:
targetPlatform = 
playerHeartbeatTimeout = 600
filters[0] = 
   Filter with settings:
   testMode = EditMode
   targetPlatform = 
   testNames = null
   groupNames = CastleBusters.Tests.SkillGradingTests
   categoryNames = null
   assemblyNames = null
ignoreTests = {}
featureFlags = null

UnityEngine.Debug:ExtractStackTraceNoAlloc (byte*,int,string)
UnityEngine.StackTraceUtility:ExtractStackTrace () (at /Users/bokken/build/output/unity/unity/Runtime/Export/Scripting/StackTrace.cs:35)
UnityEngine.DebugLogHandler:Internal_Log (UnityEngine.LogType,UnityEngine.LogOption,string,UnityEngine.Object)
UnityEngine.DebugLogHandler:LogFormat (UnityEngine.LogType,UnityEngine.Object,string,object[])
UnityEngine.Logger:Log (UnityEngine.LogType,object)
UnityEngine.Debug:Log (object)
UnityEditor.TestTools.TestRunner.CommandLineTest.Executer:InitializeAndExecuteRun (string[]) (at ./Library/PackageCache/com.unity.test-framework@1405238725ab/UnityEditor.TestRunner/CommandLineTest/Executer.cs:53)
UnityEditor.TestTools.TestRunner.CommandLineTest.TestStarter:InitializeAndExecuteRun () (at ./Library/PackageCache/com.unity.test-framework@1405238725ab/UnityEditor.TestRunner/CommandLineTest/TestStarter.cs:64)
UnityEditor.EditorApplication:Internal_CallUpdateFunctions () (at /Users/bokken/build/output/unity/unity/Editor/Mono/EditorApplication.cs:403)

(Filename: ./Library/PackageCache/com.unity.test-framework@1405238725ab/UnityEditor.TestRunner/CommandLineTest/Executer.cs Line: 53)

Start Indexing on Editor startup
[Indexing] Starting Initial Indexing for Assets
[UnityConnectServicesConfig] config is NOT valid, switching to default
Created GICache directory at /Users/seokcmin/Library/Caches/com.unity3d.UnityEditor/GiCache. Took: 0.002s, timestamps: [9.865 - 9.866]
[Licensing::Client] Successfully resolved entitlement details
Refreshing native plugins compatible for Editor in 3.04 ms, found 2 plugins.
<color=#ff6b6b>fail:</color> [21:07:17:8662] <color=#B4FF32>[AI]</color> <color=#48C9B0><b>McpManagerClientHub</b></color> Server forcefully disconnected this plugin. Reason: Authorization failed. Token may be missing, invalid, or revoked.
UnityEngine.Debug:ExtractStackTraceNoAlloc (byte*,int,string)
UnityEngine.StackTraceUtility:ExtractStackTrace () (at /Users/bokken/build/output/unity/unity/Runtime/Export/Scripting/StackTrace.cs:35)
UnityEngine.DebugLogHandler:Internal_Log (UnityEngine.LogType,UnityEngine.LogOption,string,UnityEngine.Object)
UnityEngine.DebugLogHandler:LogFormat (UnityEngine.LogType,UnityEngine.Object,string,object[])
UnityEngine.Logger:Log (UnityEngine.LogType,object)
UnityEngine.Debug:LogError (object)
com.IvanMurzak.Unity.MCP.Utils.UnityLogger:Log<Microsoft.Extensions.Logging.FormattedLogValues> (Microsoft.Extensions.Logging.LogLevel,Microsoft.Extensions.Logging.EventId,Microsoft.Extensions.Logging.FormattedLogValues,System.Exception,System.Func`3<Microsoft.Extensions.Logging.FormattedLogValues, System.Exception, string>) (at ./Library/PackageCache/com.ivanmurzak.unity.mcp@11c0818bd649/Runtime/Logger/UnityLogger.cs:119)
Microsoft.Extensions.Logging.Logger:<Log>g__LoggerLog|14_0<Microsoft.Extensions.Logging.FormattedLogValues> (Microsoft.Extensions.Logging.LogLevel,Microsoft.Extensions.Logging.EventId,Microsoft.Extensions.Logging.ILogger,System.Exception,System.Func`3<Microsoft.Extensions.Logging.FormattedLogValues, System.Exception, string>,System.Collections.Generic.List`1<System.Exception>&,Microsoft.Extensions.Logging.FormattedLogValues&)
Microsoft.Extensions.Logging.Logger:Log<Microsoft.Extensions.Logging.FormattedLogValues> (Microsoft.Extensions.Logging.LogLevel,Microsoft.Extensions.Logging.EventId,Microsoft.Extensions.Logging.FormattedLogValues,System.Exception,System.Func`3<Microsoft.Extensions.Logging.FormattedLogValues, System.Exception, string>)
Microsoft.Extensions.Logging.Logger`1<com.IvanMurzak.McpPlugin.McpManagerClientHub>:Microsoft.Extensions.Logging.ILogger.Log<Microsoft.Extensions.Logging.FormattedLogValues> (Microsoft.Extensions.Logging.LogLevel,Microsoft.Extensions.Logging.EventId,Microsoft.Extensions.Logging.FormattedLogValues,System.Exception,System.Func`3<Microsoft.Extensions.Logging.FormattedLogValues, System.Exception, string>)
Microsoft.Extensions.Logging.LoggerExtensions:Log (Microsoft.Extensions.Logging.ILogger,Microsoft.Extensions.Logging.LogLevel,Microsoft.Extensions.Logging.EventId,System.Exception,string,object[])
Microsoft.Extensions.Logging.LoggerExtensions:Log (Microsoft.Extensions.Logging.ILogger,Microsoft.Extensions.Logging.LogLevel,string,object[])
Microsoft.Extensions.Logging.LoggerExtensions:LogError (Microsoft.Extensions.Logging.ILogger,string,object[])
com.IvanMurzak.McpPlugin.McpManagerClientHub/<>c__DisplayClass4_0/<<SubscribeOnServerEvents>b__3>d:MoveNext ()
System.Runtime.CompilerServices.AsyncTaskMethodBuilder:Start<com.IvanMurzak.McpPlugin.McpManagerClientHub/<>c__DisplayClass4_0/<<SubscribeOnServerEvents>b__3>d> (com.IvanMurzak.McpPlugin.McpManagerClientHub/<>c__DisplayClass4_0/<<SubscribeOnServerEvents>b__3>d&)
com.IvanMurzak.McpPlugin.McpManagerClientHub/<>c__DisplayClass4_0:<SubscribeOnServerEvents>b__3 (string)
Microsoft.AspNetCore.SignalR.Client.HubConnectionExtensions/<>c__DisplayClass12_0`1<string>:<On>b__0 (object[])
Microsoft.AspNetCore.SignalR.Client.HubConnectionExtensions/<>c:<On>b__10_0 (object[],object)
Microsoft.AspNetCore.SignalR.Client.HubConnection/InvocationHandler:InvokeAsync (object[])
Microsoft.AspNetCore.SignalR.Client.HubConnection/<DispatchInvocationAsync>d__77:MoveNext ()
System.Runtime.CompilerServices.AsyncTaskMethodBuilder:Start<Microsoft.AspNetCore.SignalR.Client.HubConnection/<DispatchInvocationAsync>d__77> (Microsoft.AspNetCore.SignalR.Client.HubConnection/<DispatchInvocationAsync>d__77&)
Microsoft.AspNetCore.SignalR.Client.HubConnection:DispatchInvocationAsync (Microsoft.AspNetCore.SignalR.Protocol.InvocationMessage,Microsoft.AspNetCore.SignalR.Client.HubConnection/ConnectionState)
Microsoft.AspNetCore.SignalR.Client.HubConnection/<>c__DisplayClass82_0/<<ReceiveLoop>g__StartProcessingInvocationMessages|0>d:MoveNext ()
System.Runtime.CompilerServices.AsyncMethodBuilderCore/MoveNextRunner:InvokeMoveNext (object)
System.Threading.ExecutionContext:RunInternal (System.Threading.ExecutionContext,System.Threading.ContextCallback,object,bool)
System.Threading.ExecutionContext:Run (System.Threading.ExecutionContext,System.Threading.ContextCallback,object,bool)
System.Runtime.CompilerServices.AsyncMethodBuilderCore/MoveNextRunner:Run ()
System.Runtime.CompilerServices.ValueTaskAwaiter/<>c:<.cctor>b__9_0 (object)
System.Threading.Channels.AsyncOperation`1<bool>:SetCompletionAndInvokeContinuation ()
System.Threading.Channels.AsyncOperation`1/<>c<bool>:<UnsafeQueueSetCompletionAndInvokeContinuation>b__37_0 (object)
System.Threading.QueueUserWorkItemCallback:System.Threading.IThreadPoolWorkItem.ExecuteWorkItem ()
System.Threading.ThreadPoolWorkQueue:Dispatch ()
System.Threading._ThreadPoolWaitCallback:PerformWaitCallback ()

<color=#ffaa00>warn:</color> [21:07:17:9847] <color=#B4FF32>[AI]</color> <color=#48C9B0><b>McpManagerClientHub</b></color> Server rejected authorization. Firing OnAuthorizationRejected event.
UnityEngine.Debug:ExtractStackTraceNoAlloc (byte*,int,string)
UnityEngine.StackTraceUtility:ExtractStackTrace () (at /Users/bokken/build/output/unity/unity/Runtime/Export/Scripting/StackTrace.cs:35)
UnityEngine.DebugLogHandler:Internal_Log (UnityEngine.LogType,UnityEngine.LogOption,string,UnityEngine.Object)
UnityEngine.DebugLogHandler:LogFormat (UnityEngine.LogType,UnityEngine.Object,string,object[])
UnityEngine.Logger:Log (UnityEngine.LogType,object)
UnityEngine.Debug:LogWarning (object)
com.IvanMurzak.Unity.MCP.Utils.UnityLogger:Log<Microsoft.Extensions.Logging.FormattedLogValues> (Microsoft.Extensions.Logging.LogLevel,Microsoft.Extensions.Logging.EventId,Microsoft.Extensions.Logging.FormattedLogValues,System.Exception,System.Func`3<Microsoft.Extensions.Logging.FormattedLogValues, System.Exception, string>) (at ./Library/PackageCache/com.ivanmurzak.unity.mcp@11c0818bd649/Runtime/Logger/UnityLogger.cs:125)
Microsoft.Extensions.Logging.Logger:<Log>g__LoggerLog|14_0<Microsoft.Extensions.Logging.FormattedLogValues> (Microsoft.Extensions.Logging.LogLevel,Microsoft.Extensions.Logging.EventId,Microsoft.Extensions.Logging.ILogger,System.Exception,System.Func`3<Microsoft.Extensions.Logging.FormattedLogValues, System.Exception, string>,System.Collections.Generic.List`1<System.Exception>&,Microsoft.Extensions.Logging.FormattedLogValues&)
Microsoft.Extensions.Logging.Logger:Log<Microsoft.Extensions.Logging.FormattedLogValues> (Microsoft.Extensions.Logging.LogLevel,Microsoft.Extensions.Logging.EventId,Microsoft.Extensions.Logging.FormattedLogValues,System.Exception,System.Func`3<Microsoft.Extensions.Logging.FormattedLogValues, System.Exception, string>)
Microsoft.Extensions.Logging.Logger`1<com.IvanMurzak.McpPlugin.McpManagerClientHub>:Microsoft.Extensions.Logging.ILogger.Log<Microsoft.Extensions.Logging.FormattedLogValues> (Microsoft.Extensions.Logging.LogLevel,Microsoft.Extensions.Logging.EventId,Microsoft.Extensions.Logging.FormattedLogValues,System.Exception,System.Func`3<Microsoft.Extensions.Logging.FormattedLogValues, System.Exception, string>)
Microsoft.Extensions.Logging.LoggerExtensions:Log (Microsoft.Extensions.Logging.ILogger,Microsoft.Extensions.Logging.LogLevel,Microsoft.Extensions.Logging.EventId,System.Exception,string,object[])
Microsoft.Extensions.Logging.LoggerExtensions:Log (Microsoft.Extensions.Logging.ILogger,Microsoft.Extensions.Logging.LogLevel,string,object[])
Microsoft.Extensions.Logging.LoggerExtensions:LogWarning (Microsoft.Extensions.Logging.ILogger,string,object[])
com.IvanMurzak.McpPlugin.McpManagerClientHub/<>c__DisplayClass4_0/<<SubscribeOnServerEvents>b__3>d:MoveNext ()
System.Runtime.CompilerServices.AsyncMethodBuilderCore/MoveNextRunner:InvokeMoveNext (object)
System.Threading.ExecutionContext:RunInternal (System.Threading.ExecutionContext,System.Threading.ContextCallback,object,bool)
System.Threading.ExecutionContext:Run (System.Threading.ExecutionContext,System.Threading.ContextCallback,object,bool)
System.Runtime.CompilerServices.AsyncMethodBuilderCore/MoveNextRunner:Run ()
System.Threading.Tasks.AwaitTaskContinuation:RunOrScheduleAction (System.Action,bool,System.Threading.Tasks.Task&)
System.Threading.Tasks.Task:FinishContinuations ()
System.Threading.Tasks.Task:FinishStageThree ()
System.Threading.Tasks.Task`1<System.Threading.Tasks.VoidTaskResult>:TrySetResult (System.Threading.Tasks.VoidTaskResult)
System.Runtime.CompilerServices.AsyncTaskMethodBuilder`1<System.Threading.Tasks.VoidTaskResult>:SetResult (System.Threading.Tasks.VoidTaskResult)
System.Runtime.CompilerServices.AsyncTaskMethodBuilder`1<System.Threading.Tasks.VoidTaskResult>:SetResult (System.Threading.Tasks.Task`1<System.Threading.Tasks.VoidTaskResult>)
System.Runtime.CompilerServices.AsyncTaskMethodBuilder:SetResult ()
com.IvanMurzak.McpPlugin.ConnectionManager/<Disconnect>d__66:MoveNext ()
System.Runtime.CompilerServices.AsyncMethodBuilderCore/MoveNextRunner:InvokeMoveNext (object)
System.Threading.ExecutionContext:RunInternal (System.Threading.ExecutionContext,System.Threading.ContextCallback,object,bool)
System.Threading.ExecutionContext:Run (System.Threading.ExecutionContext,System.Threading.ContextCallback,object,bool)
System.Runtime.CompilerServices.AsyncMethodBuilderCore/MoveNextRunner:Run ()
System.Threading.Tasks.AwaitTaskContinuation:RunOrScheduleAction (System.Action,bool,System.Threading.Tasks.Task&)
System.Threading.Tasks.Task:FinishContinuations ()
System.Threading.Tasks.Task:FinishStageThree ()
System.Threading.Tasks.Task`1<bool>:TrySetResult (bool)
System.Threading.SemaphoreSlim/TaskNode:System.Threading.IThreadPoolWorkItem.ExecuteWorkItem ()
System.Threading.ThreadPoolWorkQueue:Dispatch ()
System.Threading._ThreadPoolWaitCallback:PerformWaitCallback ()

Starting new worker id: 1 with log in /Users/seokcmin/Desktop/castle-war/Logs/AssetImportWorkerHW1.log
<color=#ffaa00>warn:</color> [21:07:18:0480] <color=#B4FF32>[AI]</color> <color=#48C9B0><b>McpManagerClientHub</b></color> ConnectionManager[f440bf8b-7412-41ee-b3e0-adddd73b1e07] ExecuteHubMethodAsync Connection became inactive while invoking 'PerformVersionHandshake' on endpoint: /hub/mcp-server. Error: The 'InvokeCoreAsync' method cannot be called if the connection is not active
UnityEngine.Debug:ExtractStackTraceNoAlloc (byte*,int,string)
UnityEngine.StackTraceUtility:ExtractStackTrace () (at /Users/bokken/build/output/unity/unity/Runtime/Export/Scripting/StackTrace.cs:35)
UnityEngine.DebugLogHandler:Internal_Log (UnityEngine.LogType,UnityEngine.LogOption,string,UnityEngine.Object)
UnityEngine.DebugLogHandler:LogFormat (UnityEngine.LogType,UnityEngine.Object,string,object[])
UnityEngine.Logger:Log (UnityEngine.LogType,object)
UnityEngine.Debug:LogWarning (object)
com.IvanMurzak.Unity.MCP.Utils.UnityLogger:Log<Microsoft.Extensions.Logging.FormattedLogValues> (Microsoft.Extensions.Logging.LogLevel,Microsoft.Extensions.Logging.EventId,Microsoft.Extensions.Logging.FormattedLogValues,System.Exception,System.Func`3<Microsoft.Extensions.Logging.FormattedLogValues, System.Exception, string>) (at ./Library/PackageCache/com.ivanmurzak.unity.mcp@11c0818bd649/Runtime/Logger/UnityLogger.cs:125)
Microsoft.Extensions.Logging.Logger:<Log>g__LoggerLog|14_0<Microsoft.Extensions.Logging.FormattedLogValues> (Microsoft.Extensions.Logging.LogLevel,Microsoft.Extensions.Logging.EventId,Microsoft.Extensions.Logging.ILogger,System.Exception,System.Func`3<Microsoft.Extensions.Logging.FormattedLogValues, System.Exception, string>,System.Collections.Generic.List`1<System.Exception>&,Microsoft.Extensions.Logging.FormattedLogValues&)
Microsoft.Extensions.Logging.Logger:Log<Microsoft.Extensions.Logging.FormattedLogValues> (Microsoft.Extensions.Logging.LogLevel,Microsoft.Extensions.Logging.EventId,Microsoft.Extensions.Logging.FormattedLogValues,System.Exception,System.Func`3<Microsoft.Extensions.Logging.FormattedLogValues, System.Exception, string>)
Microsoft.Extensions.Logging.Logger`1<com.IvanMurzak.McpPlugin.McpManagerClientHub>:Microsoft.Extensions.Logging.ILogger.Log<Microsoft.Extensions.Logging.FormattedLogValues> (Microsoft.Extensions.Logging.LogLevel,Microsoft.Extensions.Logging.EventId,Microsoft.Extensions.Logging.FormattedLogValues,System.Exception,System.Func`3<Microsoft.Extensions.Logging.FormattedLogValues, System.Exception, string>)
Microsoft.Extensions.Logging.LoggerExtensions:Log (Microsoft.Extensions.Logging.ILogger,Microsoft.Extensions.Logging.LogLevel,Microsoft.Extensions.Logging.EventId,System.Exception,string,object[])
Microsoft.Extensions.Logging.LoggerExtensions:Log (Microsoft.Extensions.Logging.ILogger,Microsoft.Extensions.Logging.LogLevel,string,object[])
Microsoft.Extensions.Logging.LoggerExtensions:LogWarning (Microsoft.Extensions.Logging.ILogger,string,object[])
com.IvanMurzak.McpPlugin.ConnectionManager/<ExecuteHubMethodAsync>d__64`1<com.IvanMurzak.McpPlugin.Common.Model.VersionHandshakeResponse>:MoveNext ()
System.Runtime.CompilerServices.AsyncMethodBuilderCore/MoveNextRunner:InvokeMoveNext (object)
System.Threading.ExecutionContext:RunInternal (System.Threading.ExecutionContext,System.Threading.ContextCallback,object,bool)
System.Threading.ExecutionContext:Run (System.Threading.ExecutionContext,System.Threading.ContextCallback,object,bool)
System.Runtime.CompilerServices.AsyncMethodBuilderCore/MoveNextRunner:Run ()
System.Threading.Tasks.SynchronizationContextAwaitTaskContinuation/<>c:<.cctor>b__7_0 (object)
UnityEngine.UnitySynchronizationContext/WorkRequest:Invoke () (at /Users/bokken/build/output/unity/unity/Runtime/Export/Scripting/UnitySynchronizationContext.cs:156)
UnityEngine.UnitySynchronizationContext:Exec () (at /Users/bokken/build/output/unity/unity/Runtime/Export/Scripting/UnitySynchronizationContext.cs:84)
UnityEngine.UnitySynchronizationContext:ExecuteTasks () (at /Users/bokken/build/output/unity/unity/Runtime/Export/Scripting/UnitySynchronizationContext.cs:110)

(Filename: /Users/bokken/build/output/unity/unity/Runtime/Export/Scripting/UnitySynchronizationContext.cs Line: 156)

<color=#ff6b6b>fail:</color> [21:07:18:0485] <color=#B4FF32>[AI]</color> <color=#48C9B0><b>McpManagerClientHub</b></color> McpManagerClientHub Version handshake failed: No response from server.
UnityEngine.Debug:ExtractStackTraceNoAlloc (byte*,int,string)
UnityEngine.StackTraceUtility:ExtractStackTrace () (at /Users/bokken/build/output/unity/unity/Runtime/Export/Scripting/StackTrace.cs:35)
UnityEngine.DebugLogHandler:Internal_Log (UnityEngine.LogType,UnityEngine.LogOption,string,UnityEngine.Object)
UnityEngine.DebugLogHandler:LogFormat (UnityEngine.LogType,UnityEngine.Object,string,object[])
UnityEngine.Logger:Log (UnityEngine.LogType,object)
UnityEngine.Debug:LogError (object)
com.IvanMurzak.Unity.MCP.Utils.UnityLogger:Log<Microsoft.Extensions.Logging.FormattedLogValues> (Microsoft.Extensions.Logging.LogLevel,Microsoft.Extensions.Logging.EventId,Microsoft.Extensions.Logging.FormattedLogValues,System.Exception,System.Func`3<Microsoft.Extensions.Logging.FormattedLogValues, System.Exception, string>) (at ./Library/PackageCache/com.ivanmurzak.unity.mcp@11c0818bd649/Runtime/Logger/UnityLogger.cs:119)
Microsoft.Extensions.Logging.Logger:<Log>g__LoggerLog|14_0<Microsoft.Extensions.Logging.FormattedLogValues> (Microsoft.Extensions.Logging.LogLevel,Microsoft.Extensions.Logging.EventId,Microsoft.Extensions.Logging.ILogger,System.Exception,System.Func`3<Microsoft.Extensions.Logging.FormattedLogValues, System.Exception, string>,System.Collections.Generic.List`1<System.Exception>&,Microsoft.Extensions.Logging.FormattedLogValues&)
Microsoft.Extensions.Logging.Logger:Log<Microsoft.Extensions.Logging.FormattedLogValues> (Microsoft.Extensions.Logging.LogLevel,Microsoft.Extensions.Logging.EventId,Microsoft.Extensions.Logging.FormattedLogValues,System.Exception,System.Func`3<Microsoft.Extensions.Logging.FormattedLogValues, System.Exception, string>)
Microsoft.Extensions.Logging.Logger`1<com.IvanMurzak.McpPlugin.McpManagerClientHub>:Microsoft.Extensions.Logging.ILogger.Log<Microsoft.Extensions.Logging.FormattedLogValues> (Microsoft.Extensions.Logging.LogLevel,Microsoft.Extensions.Logging.EventId,Microsoft.Extensions.Logging.FormattedLogValues,System.Exception,System.Func`3<Microsoft.Extensions.Logging.FormattedLogValues, System.Exception, string>)
Microsoft.Extensions.Logging.LoggerExtensions:Log (Microsoft.Extensions.Logging.ILogger,Microsoft.Extensions.Logging.LogLevel,Microsoft.Extensions.Logging.EventId,System.Exception,string,object[])
Microsoft.Extensions.Logging.LoggerExtensions:Log (Microsoft.Extensions.Logging.ILogger,Microsoft.Extensions.Logging.LogLevel,string,object[])
Microsoft.Extensions.Logging.LoggerExtensions:LogError (Microsoft.Extensions.Logging.ILogger,string,object[])
com.IvanMurzak.McpPlugin.BaseHubConnector/<PerformVersionHandshake>d__26:MoveNext ()
System.Runtime.CompilerServices.AsyncMethodBuilderCore/MoveNextRunner:InvokeMoveNext (object)
System.Threading.ExecutionContext:RunInternal (System.Threading.ExecutionContext,System.Threading.ContextCallback,object,bool)
System.Threading.ExecutionContext:Run (System.Threading.ExecutionContext,System.Threading.ContextCallback,object,bool)
System.Runtime.CompilerServices.AsyncMethodBuilderCore/MoveNextRunner:Run ()
System.Threading.Tasks.AwaitTaskContinuation:InvokeAction (object)
System.Threading.Tasks.AwaitTaskContinuation:RunCallback (System.Threading.ContextCallback,object,System.Threading.Tasks.Task&)
System.Threading.Tasks.SynchronizationContextAwaitTaskContinuation:Run (System.Threading.Tasks.Task,bool)
System.Threading.Tasks.Task:FinishContinuations ()
System.Threading.Tasks.Task:FinishStageThree ()
System.Threading.Tasks.Task`1<com.IvanMurzak.McpPlugin.Common.Model.VersionHandshakeResponse>:TrySetResult (com.IvanMurzak.McpPlugin.Common.Model.VersionHandshakeResponse)
System.Runtime.CompilerServices.AsyncTaskMethodBuilder`1<com.IvanMurzak.McpPlugin.Common.Model.VersionHandshakeResponse>:SetResult (com.IvanMurzak.McpPlugin.Common.Model.VersionHandshakeResponse)
com.IvanMurzak.McpPlugin.ConnectionManager/<InvokeAsync>d__58`2<com.IvanMurzak.McpPlugin.Common.Model.RequestVersionHandshake, com.IvanMurzak.McpPlugin.Common.Model.VersionHandshakeResponse>:MoveNext ()
System.Runtime.CompilerServices.AsyncMethodBuilderCore/MoveNextRunner:InvokeMoveNext (object)
System.Threading.ExecutionContext:RunInternal (System.Threading.ExecutionContext,System.Threading.ContextCallback,object,bool)
System.Threading.ExecutionContext:Run (System.Threading.ExecutionContext,System.Threading.ContextCallback,object,bool)
System.Runtime.CompilerServices.AsyncMethodBuilderCore/MoveNextRunner:Run ()
System.Threading.Tasks.AwaitTaskContinuation:InvokeAction (object)
System.Threading.Tasks.AwaitTaskContinuation:RunCallback (System.Threading.ContextCallback,object,System.Threading.Tasks.Task&)
System.Threading.Tasks.SynchronizationContextAwaitTaskContinuation:Run (System.Threading.Tasks.Task,bool)
System.Threading.Tasks.Task:FinishContinuations ()
System.Threading.Tasks.Task:FinishStageThree ()
System.Threading.Tasks.Task`1<com.IvanMurzak.McpPlugin.Common.Model.VersionHandshakeResponse>:TrySetResult (com.IvanMurzak.McpPlugin.Common.Model.VersionHandshakeResponse)
System.Runtime.CompilerServices.AsyncTaskMethodBuilder`1<com.IvanMurzak.McpPlugin.Common.Model.VersionHandshakeResponse>:SetResult (com.IvanMurzak.McpPlugin.Common.Model.VersionHandshakeResponse)
com.IvanMurzak.McpPlugin.ConnectionManager/<ExecuteHubMethodAsync>d__64`1<com.IvanMurzak.McpPlugin.Common.Model.VersionHandshakeResponse>:MoveNext ()
System.Runtime.CompilerServices.AsyncMethodBuilderCore/MoveNextRunner:InvokeMoveNext (object)
System.Threading.ExecutionContext:RunInternal (System.Threading.ExecutionContext,System.Threading.ContextCallback,object,bool)
System.Threading.ExecutionContext:Run (System.Threading.ExecutionContext,System.Threading.ContextCallback,object,bool)
System.Runtime.CompilerServices.AsyncMethodBuilderCore/MoveNextRunner:Run ()
System.Threading.Tasks.SynchronizationContextAwaitTaskContinuation/<>c:<.cctor>b__7_0 (object)
UnityEngine.UnitySynchronizationContext/WorkRequest:Invoke () (at /Users/bokken/build/output/unity/unity/Runtime/Export/Scripting/UnitySynchronizationContext.cs:156)
UnityEngine.UnitySynchronizationContext:Exec () (at /Users/bokken/build/output/unity/unity/Runtime/Export/Scripting/UnitySynchronizationContext.cs:84)
UnityEngine.UnitySynchronizationContext:ExecuteTasks () (at /Users/bokken/build/output/unity/unity/Runtime/Export/Scripting/UnitySynchronizationContext.cs:110)

(Filename: /Users/bokken/build/output/unity/unity/Runtime/Export/Scripting/UnitySynchronizationContext.cs Line: 156)

<color=#ffaa00>warn:</color> [21:07:18:0490] <color=#B4FF32>[AI]</color> <color=#48C9B0><b>McpManagerClientHub</b></color> McpManagerClientHub Version handshake failed (1/3). Reason: Version handshake failed with null response.
UnityEngine.Debug:ExtractStackTraceNoAlloc (byte*,int,string)
UnityEngine.StackTraceUtility:ExtractStackTrace () (at /Users/bokken/build/output/unity/unity/Runtime/Export/Scripting/StackTrace.cs:35)
UnityEngine.DebugLogHandler:Internal_Log (UnityEngine.LogType,UnityEngine.LogOption,string,UnityEngine.Object)
UnityEngine.DebugLogHandler:LogFormat (UnityEngine.LogType,UnityEngine.Object,string,object[])
UnityEngine.Logger:Log (UnityEngine.LogType,object)
UnityEngine.Debug:LogWarning (object)
com.IvanMurzak.Unity.MCP.Utils.UnityLogger:Log<Microsoft.Extensions.Logging.FormattedLogValues> (Microsoft.Extensions.Logging.LogLevel,Microsoft.Extensions.Logging.EventId,Microsoft.Extensions.Logging.FormattedLogValues,System.Exception,System.Func`3<Microsoft.Extensions.Logging.FormattedLogValues, System.Exception, string>) (at ./Library/PackageCache/com.ivanmurzak.unity.mcp@11c0818bd649/Runtime/Logger/UnityLogger.cs:125)
Microsoft.Extensions.Logging.Logger:<Log>g__LoggerLog|14_0<Microsoft.Extensions.Logging.FormattedLogValues> (Microsoft.Extensions.Logging.LogLevel,Microsoft.Extensions.Logging.EventId,Microsoft.Extensions.Logging.ILogger,System.Exception,System.Func`3<Microsoft.Extensions.Logging.FormattedLogValues, System.Exception, string>,System.Collections.Generic.List`1<System.Exception>&,Microsoft.Extensions.Logging.FormattedLogValues&)
Microsoft.Extensions.Logging.Logger:Log<Microsoft.Extensions.Logging.FormattedLogValues> (Microsoft.Extensions.Logging.LogLevel,Microsoft.Extensions.Logging.EventId,Microsoft.Extensions.Logging.FormattedLogValues,System.Exception,System.Func`3<Microsoft.Extensions.Logging.FormattedLogValues, System.Exception, string>)
Microsoft.Extensions.Logging.Logger`1<com.IvanMurzak.McpPlugin.McpManagerClientHub>:Microsoft.Extensions.Logging.ILogger.Log<Microsoft.Extensions.Logging.FormattedLogValues> (Microsoft.Extensions.Logging.LogLevel,Microsoft.Extensions.Logging.EventId,Microsoft.Extensions.Logging.FormattedLogValues,System.Exception,System.Func`3<Microsoft.Extensions.Logging.FormattedLogValues, System.Exception, string>)
Microsoft.Extensions.Logging.LoggerExtensions:Log (Microsoft.Extensions.Logging.ILogger,Microsoft.Extensions.Logging.LogLevel,Microsoft.Extensions.Logging.EventId,System.Exception,string,object[])
Microsoft.Extensions.Logging.LoggerExtensions:Log (Microsoft.Extensions.Logging.ILogger,Microsoft.Extensions.Logging.LogLevel,string,object[])
Microsoft.Extensions.Logging.LoggerExtensions:LogWarning (Microsoft.Extensions.Logging.ILogger,string,object[])
com.IvanMurzak.McpPlugin.BaseHubConnector/<OnConnectionEstablishedCore>d__29:MoveNext ()
System.Runtime.CompilerServices.AsyncMethodBuilderCore/MoveNextRunner:InvokeMoveNext (object)
System.Threading.ExecutionContext:RunInternal (System.Threading.ExecutionContext,System.Threading.ContextCallback,object,bool)
System.Threading.ExecutionContext:Run (System.Threading.ExecutionContext,System.Threading.ContextCallback,object,bool)
System.Runtime.CompilerServices.AsyncMethodBuilderCore/MoveNextRunner:Run ()
System.Threading.Tasks.AwaitTaskContinuation:InvokeAction (object)
System.Threading.Tasks.AwaitTaskContinuation:RunCallback (System.Threading.ContextCallback,object,System.Threading.Tasks.Task&)
System.Threading.Tasks.SynchronizationContextAwaitTaskContinuation:Run (System.Threading.Tasks.Task,bool)
System.Threading.Tasks.Task:FinishContinuations ()
System.Threading.Tasks.Task:FinishStageThree ()
System.Threading.Tasks.Task`1<com.IvanMurzak.McpPlugin.Common.Model.VersionHandshakeResponse>:TrySetResult (com.IvanMurzak.McpPlugin.Common.Model.VersionHandshakeResponse)
System.Runtime.CompilerServices.AsyncTaskMethodBuilder`1<com.IvanMurzak.McpPlugin.Common.Model.VersionHandshakeResponse>:SetResult (com.IvanMurzak.McpPlugin.Common.Model.VersionHandshakeResponse)
com.IvanMurzak.McpPlugin.BaseHubConnector/<PerformVersionHandshake>d__26:MoveNext ()
System.Runtime.CompilerServices.AsyncMethodBuilderCore/MoveNextRunner:InvokeMoveNext (object)
System.Threading.ExecutionContext:RunInternal (System.Threading.ExecutionContext,System.Threading.ContextCallback,object,bool)
System.Threading.ExecutionContext:Run (System.Threading.ExecutionContext,System.Threading.ContextCallback,object,bool)
System.Runtime.CompilerServices.AsyncMethodBuilderCore/MoveNextRunner:Run ()
System.Threading.Tasks.AwaitTaskContinuation:InvokeAction (object)
System.Threading.Tasks.AwaitTaskContinuation:RunCallback (System.Threading.ContextCallback,object,System.Threading.Tasks.Task&)
System.Threading.Tasks.SynchronizationContextAwaitTaskContinuation:Run (System.Threading.Tasks.Task,bool)
System.Threading.Tasks.Task:FinishContinuations ()
System.Threading.Tasks.Task:FinishStageThree ()
System.Threading.Tasks.Task`1<com.IvanMurzak.McpPlugin.Common.Model.VersionHandshakeResponse>:TrySetResult (com.IvanMurzak.McpPlugin.Common.Model.VersionHandshakeResponse)
System.Runtime.CompilerServices.AsyncTaskMethodBuilder`1<com.IvanMurzak.McpPlugin.Common.Model.VersionHandshakeResponse>:SetResult (com.IvanMurzak.McpPlugin.Common.Model.VersionHandshakeResponse)
com.IvanMurzak.McpPlugin.ConnectionManager/<InvokeAsync>d__58`2<com.IvanMurzak.McpPlugin.Common.Model.RequestVersionHandshake, com.IvanMurzak.McpPlugin.Common.Model.VersionHandshakeResponse>:MoveNext ()
System.Runtime.CompilerServices.AsyncMethodBuilderCore/MoveNextRunner:InvokeMoveNext (object)
System.Threading.ExecutionContext:RunInternal (System.Threading.ExecutionContext,System.Threading.ContextCallback,object,bool)
System.Threading.ExecutionContext:Run (System.Threading.ExecutionContext,System.Threading.ContextCallback,object,bool)
System.Runtime.CompilerServices.AsyncMethodBuilderCore/MoveNextRunner:Run ()
System.Threading.Tasks.AwaitTaskContinuation:InvokeAction (object)
System.Threading.Tasks.AwaitTaskContinuation:RunCallback (System.Threading.ContextCallback,object,System.Threading.Tasks.Task&)
System.Threading.Tasks.SynchronizationContextAwaitTaskContinuation:Run (System.Threading.Tasks.Task,bool)
System.Threading.Tasks.Task:FinishContinuations ()
System.Threading.Tasks.Task:FinishStageThree ()
System.Threading.Tasks.Task`1<com.IvanMurzak.McpPlugin.Common.Model.VersionHandshakeResponse>:TrySetResult (com.IvanMurzak.McpPlugin.Common.Model.VersionHandshakeResponse)
System.Runtime.CompilerServices.AsyncTaskMethodBuilder`1<com.IvanMurzak.McpPlugin.Common.Model.VersionHandshakeResponse>:SetResult (com.IvanMurzak.McpPlugin.Common.Model.VersionHandshakeResponse)
com.IvanMurzak.McpPlugin.ConnectionManager/<ExecuteHubMethodAsync>d__64`1<com.IvanMurzak.McpPlugin.Common.Model.VersionHandshakeResponse>:MoveNext ()
System.Runtime.CompilerServices.AsyncMethodBuilderCore/MoveNextRunner:InvokeMoveNext (object)
System.Threading.ExecutionContext:RunInternal (System.Threading.ExecutionContext,System.Threading.ContextCallback,object,bool)
System.Threading.ExecutionContext:Run (System.Threading.ExecutionContext,System.Threading.ContextCallback,object,bool)
System.Runtime.CompilerServices.AsyncMethodBuilderCore/MoveNextRunner:Run ()
System.Threading.Tasks.SynchronizationContextAwaitTaskContinuation/<>c:<.cctor>b__7_0 (object)
UnityEngine.UnitySynchronizationContext/WorkRequest:Invoke () (at /Users/bokken/build/output/unity/unity/Runtime/Export/Scripting/UnitySynchronizationContext.cs:156)
UnityEngine.UnitySynchronizationContext:Exec () (at /Users/bokken/build/output/unity/unity/Runtime/Export/Scripting/UnitySynchronizationContext.cs:84)
UnityEngine.UnitySynchronizationContext:ExecuteTasks () (at /Users/bokken/build/output/unity/unity/Runtime/Export/Scripting/UnitySynchronizationContext.cs:110)

(Filename: /Users/bokken/build/output/unity/unity/Runtime/Export/Scripting/UnitySynchronizationContext.cs Line: 156)

Unloading 42 Unused Serialized files (Serialized files now loaded: 0)
Unloading 109 unused Assets / (100.1 KB). Loaded Objects now: 10954.
Memory consumption went from 290.6 MB to 290.5 MB.
Total: 83.730250 ms (FindLiveObjects: 0.173458 ms CreateObjectMapping: 1.193125 ms MarkObjects: 82.217542 ms  DeleteObjects: 0.145542 ms)

Executing IPrebuildSetup for: Unity.PerformanceTesting.Editor.TestRunBuilder.
UnityEngine.Debug:ExtractStackTraceNoAlloc (byte*,int,string)
UnityEngine.StackTraceUtility:ExtractStackTrace () (at /Users/bokken/build/output/unity/unity/Runtime/Export/Scripting/StackTrace.cs:35)
UnityEngine.DebugLogHandler:Internal_Log (UnityEngine.LogType,UnityEngine.LogOption,string,UnityEngine.Object)
UnityEngine.DebugLogHandler:LogFormat (UnityEngine.LogType,UnityEngine.Object,string,object[])
UnityEngine.Logger:Log (UnityEngine.LogType,object)
UnityEngine.Debug:Log (object)
UnityEditor.TestTools.TestRunner.TestRun.Tasks.BuildActionTaskBase`1/<ExecuteMethods>d__8<UnityEngine.TestTools.IPrebuildSetup>:MoveNext () (at ./Library/PackageCache/com.unity.test-framework@1405238725ab/UnityEditor.TestRunner/TestRun/Tasks/BuildActionTaskBase.cs:48)
UnityEditor.TestTools.TestRunner.TestRun.Tasks.BuildActionTaskBase`1/<Execute>d__7<UnityEngine.TestTools.IPrebuildSetup>:MoveNext () (at ./Library/PackageCache/com.unity.test-framework@1405238725ab/UnityEditor.TestRunner/TestRun/Tasks/BuildActionTaskBase.cs:34)
UnityEditor.TestTools.TestRunner.TestRun.TestJobRunner:ExecuteStep () (at ./Library/PackageCache/com.unity.test-framework@1405238725ab/UnityEditor.TestRunner/TestRun/TestJobRunner.cs:194)
UnityEditor.TestTools.TestRunner.TestRun.TestJobRunner:ExecuteCallback () (at ./Library/PackageCache/com.unity.test-framework@1405238725ab/UnityEditor.TestRunner/TestRun/TestJobRunner.cs:129)
UnityEditor.EditorApplication:Internal_CallUpdateFunctions () (at /Users/bokken/build/output/unity/unity/Editor/Mono/EditorApplication.cs:403)

(Filename: ./Library/PackageCache/com.unity.test-framework@1405238725ab/UnityEditor.TestRunner/TestRun/Tasks/BuildActionTaskBase.cs Line: 48)

<color=#ff6b6b>fail:</color> [21:07:18:3713] <color=#B4FF32>[AI]</color> <color=#58D68D><b>TestResultCollector</b></color> Test run finished, but the pending MCP request id was missing. The test results cannot be delivered to the client.
UnityEngine.Debug:ExtractStackTraceNoAlloc (byte*,int,string)
UnityEngine.StackTraceUtility:ExtractStackTrace () (at /Users/bokken/build/output/unity/unity/Runtime/Export/Scripting/StackTrace.cs:35)
UnityEngine.DebugLogHandler:Internal_Log (UnityEngine.LogType,UnityEngine.LogOption,string,UnityEngine.Object)
UnityEngine.DebugLogHandler:LogFormat (UnityEngine.LogType,UnityEngine.Object,string,object[])
UnityEngine.Logger:Log (UnityEngine.LogType,object)
UnityEngine.Debug:LogError (object)
com.IvanMurzak.Unity.MCP.Utils.UnityLogger:Log<Microsoft.Extensions.Logging.FormattedLogValues> (Microsoft.Extensions.Logging.LogLevel,Microsoft.Extensions.Logging.EventId,Microsoft.Extensions.Logging.FormattedLogValues,System.Exception,System.Func`3<Microsoft.Extensions.Logging.FormattedLogValues, System.Exception, string>) (at ./Library/PackageCache/com.ivanmurzak.unity.mcp@11c0818bd649/Runtime/Logger/UnityLogger.cs:119)
Microsoft.Extensions.Logging.Logger:<Log>g__LoggerLog|14_0<Microsoft.Extensions.Logging.FormattedLogValues> (Microsoft.Extensions.Logging.LogLevel,Microsoft.Extensions.Logging.EventId,Microsoft.Extensions.Logging.ILogger,System.Exception,System.Func`3<Microsoft.Extensions.Logging.FormattedLogValues, System.Exception, string>,System.Collections.Generic.List`1<System.Exception>&,Microsoft.Extensions.Logging.FormattedLogValues&)
Microsoft.Extensions.Logging.Logger:Log<Microsoft.Extensions.Logging.FormattedLogValues> (Microsoft.Extensions.Logging.LogLevel,Microsoft.Extensions.Logging.EventId,Microsoft.Extensions.Logging.FormattedLogValues,System.Exception,System.Func`3<Microsoft.Extensions.Logging.FormattedLogValues, System.Exception, string>)
Microsoft.Extensions.Logging.LoggerExtensions:Log (Microsoft.Extensions.Logging.ILogger,Microsoft.Extensions.Logging.LogLevel,Microsoft.Extensions.Logging.EventId,System.Exception,string,object[])
Microsoft.Extensions.Logging.LoggerExtensions:Log (Microsoft.Extensions.Logging.ILogger,Microsoft.Extensions.Logging.LogLevel,string,object[])
Microsoft.Extensions.Logging.LoggerExtensions:LogError (Microsoft.Extensions.Logging.ILogger,string,object[])
com.IvanMurzak.Unity.MCP.UnityMcpPlugin:LogError (string,System.Type,object[]) (at ./Library/PackageCache/com.ivanmurzak.unity.mcp@11c0818bd649/Runtime/UnityMcpPlugin.Log.cs:48)
com.IvanMurzak.Unity.MCP.Editor.API.TestRunner.TestResultCollector:RunFinished (UnityEditor.TestTools.TestRunner.Api.ITestResultAdaptor) (at ./Library/PackageCache/com.ivanmurzak.unity.mcp@11c0818bd649/Editor/Scripts/API/Tool/Tests/TestResultCollector.cs:154)
UnityEditor.TestTools.TestRunner.Api.CallbacksDelegator/<>c__DisplayClass9_0:<RunFinished>b__0 (UnityEditor.TestTools.TestRunner.Api.ICallbacks) (at ./Library/PackageCache/com.unity.test-framework@1405238725ab/UnityEditor.TestRunner/Api/CallbacksDelegator.cs:55)
UnityEditor.TestTools.TestRunner.Api.CallbacksDelegator:TryInvokeAllCallbacks (System.Action`1<UnityEditor.TestTools.TestRunner.Api.ICallbacks>) (at ./Library/PackageCache/com.unity.test-framework@1405238725ab/UnityEditor.TestRunner/Api/CallbacksDelegator.cs:135)
UnityEditor.TestTools.TestRunner.Api.CallbacksDelegator:RunFinished (NUnit.Framework.Interfaces.ITestResult) (at ./Library/PackageCache/com.unity.test-framework@1405238725ab/UnityEditor.TestRunner/Api/CallbacksDelegator.cs:55)
UnityEngine.Events.InvokableCall`1<NUnit.Framework.Interfaces.ITestResult>:Invoke (NUnit.Framework.Interfaces.ITestResult) (at /Users/bokken/build/output/unity/unity/Runtime/Export/UnityEvent/UnityEvent.cs:222)
UnityEngine.Events.UnityEvent`1<NUnit.Framework.Interfaces.ITestResult>:Invoke (NUnit.Framework.Interfaces.ITestResult) (at /Users/bokken/build/output/unity/unity/artifacts/generated/UnityEvent/UnityEvent_1.cs:59)
UnityEditor.TestTools.TestRunner.TestRun.Tasks.Events.RunFinishedInvocationEvent/<Execute>d__0:MoveNext () (at ./Library/PackageCache/com.unity.test-framework@1405238725ab/UnityEditor.TestRunner/TestRun/Tasks/Events/RunFinishedInvocationEvent.cs:24)
UnityEditor.TestTools.TestRunner.TestRun.TestJobRunner:ExecuteStep () (at ./Library/PackageCache/com.unity.test-framework@1405238725ab/UnityEditor.TestRunner/TestRun/TestJobRunner.cs:194)
UnityEditor.TestTools.TestRunner.TestRun.TestJobRunner:ExecuteCallback () (at ./Library/PackageCache/com.unity.test-framework@1405238725ab/UnityEditor.TestRunner/TestRun/TestJobRunner.cs:129)
UnityEditor.EditorApplication:Internal_CallUpdateFunctions () (at /Users/bokken/build/output/unity/unity/Editor/Mono/EditorApplication.cs:403)

(Filename: ./Library/PackageCache/com.ivanmurzak.unity.mcp@11c0818bd649/Runtime/UnityMcpPlugin.Log.cs Line: 48)

Saving results to: /Users/seokcmin/Library/Application Support/DefaultCompany/castle-war/TestResults.xml
Saving results to: ./_workspace/current/qa/evidence/g2/grade-mutation-halved.xml
Executing IPostBuildCleanup for: Unity.PerformanceTesting.Editor.TestRunBuilder.
UnityEngine.Debug:ExtractStackTraceNoAlloc (byte*,int,string)
UnityEngine.StackTraceUtility:ExtractStackTrace () (at /Users/bokken/build/output/unity/unity/Runtime/Export/Scripting/StackTrace.cs:35)
UnityEngine.DebugLogHandler:Internal_Log (UnityEngine.LogType,UnityEngine.LogOption,string,UnityEngine.Object)
UnityEngine.DebugLogHandler:LogFormat (UnityEngine.LogType,UnityEngine.Object,string,object[])
UnityEngine.Logger:Log (UnityEngine.LogType,object)
UnityEngine.Debug:Log (object)
UnityEditor.TestTools.TestRunner.TestRun.Tasks.BuildActionTaskBase`1/<ExecuteMethods>d__8<UnityEngine.TestTools.IPostBuildCleanup>:MoveNext () (at ./Library/PackageCache/com.unity.test-framework@1405238725ab/UnityEditor.TestRunner/TestRun/Tasks/BuildActionTaskBase.cs:48)
UnityEditor.TestTools.TestRunner.TestRun.Tasks.BuildActionTaskBase`1/<Execute>d__7<UnityEngine.TestTools.IPostBuildCleanup>:MoveNext () (at ./Library/PackageCache/com.unity.test-framework@1405238725ab/UnityEditor.TestRunner/TestRun/Tasks/BuildActionTaskBase.cs:34)
UnityEditor.TestTools.TestRunner.TestRun.TestJobRunner:ExecuteStep () (at ./Library/PackageCache/com.unity.test-framework@1405238725ab/UnityEditor.TestRunner/TestRun/TestJobRunner.cs:194)
UnityEditor.TestTools.TestRunner.TestRun.TestJobRunner:ExecuteCallback () (at ./Library/PackageCache/com.unity.test-framework@1405238725ab/UnityEditor.TestRunner/TestRun/TestJobRunner.cs:129)
UnityEditor.EditorApplication:Internal_CallUpdateFunctions () (at /Users/bokken/build/output/unity/unity/Editor/Mono/EditorApplication.cs:403)

(Filename: ./Library/PackageCache/com.unity.test-framework@1405238725ab/UnityEditor.TestRunner/TestRun/Tasks/BuildActionTaskBase.cs Line: 48)

Unloading 7 Unused Serialized files (Serialized files now loaded: 0)
Unloading 13 unused Assets / (186.6 KB). Loaded Objects now: 10955.
Memory consumption went from 280.5 MB to 280.3 MB.
Total: 81.057291 ms (FindLiveObjects: 0.143833 ms CreateObjectMapping: 1.056167 ms MarkObjects: 79.813500 ms  DeleteObjects: 0.043333 ms)

DisplayProgressbar: Undo
Test run completed. Exiting with code 2 (Failed). One or more tests failed.
UnityEngine.Debug:ExtractStackTraceNoAlloc (byte*,int,string)
UnityEngine.StackTraceUtility:ExtractStackTrace () (at /Users/bokken/build/output/unity/unity/Runtime/Export/Scripting/StackTrace.cs:35)
UnityEngine.DebugLogHandler:Internal_Log (UnityEngine.LogType,UnityEngine.LogOption,string,UnityEngine.Object)
UnityEngine.DebugLogHandler:LogFormat (UnityEngine.LogType,UnityEngine.Object,string,object[])
UnityEngine.Logger:Log (UnityEngine.LogType,object)
UnityEngine.Debug:Log (object)
UnityEditor.TestTools.TestRunner.CommandLineTest.Executer:ExitApplication (UnityEditor.TestTools.TestRunner.CommandLineTest.Executer/ReturnCodes,string) (at ./Library/PackageCache/com.unity.test-framework@1405238725ab/UnityEditor.TestRunner/CommandLineTest/Executer.cs:81)
UnityEditor.TestTools.TestRunner.CommandLineTest.Executer:ExitIfRunIsCompleted () (at ./Library/PackageCache/com.unity.test-framework@1405238725ab/UnityEditor.TestRunner/CommandLineTest/Executer.cs:74)
UnityEditor.EditorApplication:Internal_CallUpdateFunctions () (at /Users/bokken/build/output/unity/unity/Editor/Mono/EditorApplication.cs:403)

(Filename: ./Library/PackageCache/com.unity.test-framework@1405238725ab/UnityEditor.TestRunner/CommandLineTest/Executer.cs Line: 81)

MonoPathRemapper: Attempts to remap: 103563; Successful remaps: 37814
Serialized file version minimum: 23, current 23
Thread 0x17162f000 may have been prematurely finalized
Shutting down MSBuild server...
Shutting down VB/C# compiler server...
VB/C# compiler server shut down successfully.
MSBuild server shut down successfully.
Input System module state changed to: ShutdownInProgress.
Input Polling Thread exited.
Input System module state changed to: Shutdown.
Worker ready: AssetImportWorkerHW1 1
[Physics::Module] Cleanup current backend.
[Physics::Module] Id: 0xf2b8ea05
[Licensing::IpcConnector] LicenseClient-seokcmin-notifications channel disconnected successfully.
[Licensing::IpcConnector] LicenseClient-seokcmin channel disconnected successfully.
Thread 0x170167000 may have been prematurely finalized
Thread 0x17027f000 may have been prematurely finalized
Thread 0x170397000 may have been prematurely finalized
Thread 0x170423000 may have been prematurely finalized
Thread 0x1704af000 may have been prematurely finalized
Thread 0x1701f3000 may have been prematurely finalized
Thread 0x17030b000 may have been prematurely finalized
Thread 0x17053b000 may have been prematurely finalized
AcceleratorClientConnectionCallback - disconnected - :0
Thread 0x1745ff000 may have been prematurely finalized
info: Microsoft.Hosting.Lifetime[0]
      Application is shutting down...
Cleanup mono
CodeReloadManager destroyed
info: Unity.ILPP.Runner.PostProcessingAssemblyLoadContext[0]
      ALC ILPP context 1 is unloading
<color=#ffaa00>warn:</color> [21:07:21:7059] <color=#B4FF32>[AI]</color> <color=#85C1E2><b>BufferedFileLogStorage</b></color> Flush called but already disposed, ignored.
<color=#ffaa00>warn:</color> [21:07:22:7120] <color=#B4FF32>[AI]</color> <color=#48C9B0><b>McpManagerClientHub</b></color> ConnectionManager[f440bf8b-7412-41ee-b3e0-adddd73b1e07] DisconnectImmediate Could not acquire gate within timeout. Proceeding without gate protection.
<color=#ffaa00>warn:</color> [21:07:27:7171] <color=#B4FF32>[AI]</color> <color=#48C9B0><b>McpManagerClientHub</b></color> ConnectionManager[f440bf8b-7412-41ee-b3e0-adddd73b1e07] Dispose Could not acquire gate within timeout during Dispose. Proceeding with cleanup anyway.
debugger-agent: Unable to listen on 44
