    ! gti rc=1 attempt 1 Effects_fx_spawn_fx_spawn_003.png.raw.png: WARNING: This project calls an unsupported private Codex backend path. The contract may break without notice.
WARNING: This project calls an unsupported private
    ! gti rc=1 attempt 1 Effects_fx_spawn_fx_spawn_000.png.raw.png: WARNING: This project calls an unsupported private Codex backend path. The contract may break without notice.
WARNING: This project calls an unsupported private
    ! gti rc=1 attempt 1 Effects_fx_spawn_fx_spawn_001.png.raw.png: WARNING: This project calls an unsupported private Codex backend path. The contract may break without notice.
WARNING: This project calls an unsupported private
    ! gti rc=1 attempt 1 Effects_fx_spawn_fx_spawn_002.png.raw.png: WARNING: This project calls an unsupported private Codex backend path. The contract may break without notice.
WARNING: This project calls an unsupported private
    ! gti rc=1 attempt 2 Effects_fx_spawn_fx_spawn_002.png.raw.png: WARNING: This project calls an unsupported private Codex backend path. The contract may break without notice.
WARNING: This project calls an unsupported private
    ! gti rc=1 attempt 2 Effects_fx_spawn_fx_spawn_000.png.raw.png: WARNING: This project calls an unsupported private Codex backend path. The contract may break without notice.
WARNING: This project calls an unsupported private
    ! gti rc=1 attempt 2 Effects_fx_spawn_fx_spawn_001.png.raw.png: WARNING: This project calls an unsupported private Codex backend path. The contract may break without notice.
WARNING: This project calls an unsupported private
    ! gti rc=1 attempt 2 Effects_fx_spawn_fx_spawn_003.png.raw.png: WARNING: This project calls an unsupported private Codex backend path. The contract may break without notice.
WARNING: This project calls an unsupported private
    ! gti rc=1 attempt 3 Effects_fx_spawn_fx_spawn_000.png.raw.png: WARNING: This project calls an unsupported private Codex backend path. The contract may break without notice.
WARNING: This project calls an unsupported private
    ! gti rc=1 attempt 3 Effects_fx_spawn_fx_spawn_002.png.raw.png: WARNING: This project calls an unsupported private Codex backend path. The contract may break without notice.
WARNING: This project calls an unsupported private
    ! gti rc=1 attempt 3 Effects_fx_spawn_fx_spawn_001.png.raw.png: WARNING: This project calls an unsupported private Codex backend path. The contract may break without notice.
WARNING: This project calls an unsupported private
    ! gti rc=1 attempt 3 Effects_fx_spawn_fx_spawn_003.png.raw.png: WARNING: This project calls an unsupported private Codex backend path. The contract may break without notice.
WARNING: This project calls an unsupported private
FAIL Effects/fx_spawn/fx_spawn_000.png
FAIL Effects/fx_spawn/fx_spawn_001.png
FAIL Effects/fx_spawn/fx_spawn_002.png
FAIL Effects/fx_spawn/fx_spawn_003.png
    ! gti rc=1 attempt 1 Effects_fx_eruption_fx_eruption_001.png.raw.png: WARNING: This project calls an unsupported private Codex backend path. The contract may break without notice.
WARNING: This project calls an unsupported private
    ! gti rc=1 attempt 1 Effects_fx_eruption_fx_eruption_002.png.raw.png: WARNING: This project calls an unsupported private Codex backend path. The contract may break without notice.
WARNING: This project calls an unsupported private
    ! gti rc=1 attempt 1 Effects_fx_eruption_fx_eruption_003.png.raw.png: WARNING: This project calls an unsupported private Codex backend path. The contract may break without notice.
WARNING: This project calls an unsupported private
    ! gti rc=1 attempt 1 Effects_fx_eruption_fx_eruption_000.png.raw.png: WARNING: This project calls an unsupported private Codex backend path. The contract may break without notice.
WARNING: This project calls an unsupported private
    ! gti rc=1 attempt 2 Effects_fx_eruption_fx_eruption_001.png.raw.png: WARNING: This project calls an unsupported private Codex backend path. The contract may break without notice.
WARNING: This project calls an unsupported private
    ! gti rc=1 attempt 2 Effects_fx_eruption_fx_eruption_003.png.raw.png: WARNING: This project calls an unsupported private Codex backend path. The contract may break without notice.
WARNING: This project calls an unsupported private
    ! gti rc=1 attempt 2 Effects_fx_eruption_fx_eruption_002.png.raw.png: WARNING: This project calls an unsupported private Codex backend path. The contract may break without notice.
WARNING: This project calls an unsupported private
    ! gti rc=1 attempt 2 Effects_fx_eruption_fx_eruption_000.png.raw.png: WARNING: This project calls an unsupported private Codex backend path. The contract may break without notice.
WARNING: This project calls an unsupported private
    ! gti rc=1 attempt 3 Effects_fx_eruption_fx_eruption_001.png.raw.png: WARNING: This project calls an unsupported private Codex backend path. The contract may break without notice.
WARNING: This project calls an unsupported private
    ! gti rc=1 attempt 3 Effects_fx_eruption_fx_eruption_002.png.raw.png: WARNING: This project calls an unsupported private Codex backend path. The contract may break without notice.
WARNING: This project calls an unsupported private
    ! gti rc=1 attempt 3 Effects_fx_eruption_fx_eruption_003.png.raw.png: WARNING: This project calls an unsupported private Codex backend path. The contract may break without notice.
WARNING: This project calls an unsupported private
    ! gti rc=1 attempt 3 Effects_fx_eruption_fx_eruption_000.png.raw.png: WARNING: This project calls an unsupported private Codex backend path. The contract may break without notice.
WARNING: This project calls an unsupported private
FAIL Effects/fx_eruption/fx_eruption_000.png
FAIL Effects/fx_eruption/fx_eruption_001.png
FAIL Effects/fx_eruption/fx_eruption_002.png
FAIL Effects/fx_eruption/fx_eruption_003.png
    ! gti rc=1 attempt 1 Effects_fx_petals_fx_petals_001.png.raw.png: WARNING: This project calls an unsupported private Codex backend path. The contract may break without notice.
WARNING: This project calls an unsupported private
    ! gti rc=1 attempt 1 Effects_fx_petals_fx_petals_000.png.raw.png: WARNING: This project calls an unsupported private Codex backend path. The contract may break without notice.
WARNING: This project calls an unsupported private
    ! gti rc=1 attempt 1 Effects_fx_eruption_fx_eruption_004.png.raw.png: WARNING: This project calls an unsupported private Codex backend path. The contract may break without notice.
WARNING: This project calls an unsupported private
    ! gti rc=1 attempt 1 Effects_fx_petals_fx_petals_002.png.raw.png: WARNING: This project calls an unsupported private Codex backend path. The contract may break without notice.
WARNING: This project calls an unsupported private
    ! gti rc=1 attempt 2 Effects_fx_petals_fx_petals_001.png.raw.png: WARNING: This project calls an unsupported private Codex backend path. The contract may break without notice.
WARNING: This project calls an unsupported private
    ! gti rc=1 attempt 2 Effects_fx_petals_fx_petals_000.png.raw.png: WARNING: This project calls an unsupported private Codex backend path. The contract may break without notice.
WARNING: This project calls an unsupported private
    ! gti rc=1 attempt 2 Effects_fx_eruption_fx_eruption_004.png.raw.png: WARNING: This project calls an unsupported private Codex backend path. The contract may break without notice.
WARNING: This project calls an unsupported private
    ! gti rc=1 attempt 2 Effects_fx_petals_fx_petals_002.png.raw.png: WARNING: This project calls an unsupported private Codex backend path. The contract may break without notice.
WARNING: This project calls an unsupported private
    ! gti rc=1 attempt 3 Effects_fx_petals_fx_petals_001.png.raw.png: WARNING: This project calls an unsupported private Codex backend path. The contract may break without notice.
WARNING: This project calls an unsupported private
    ! gti rc=1 attempt 3 Effects_fx_petals_fx_petals_000.png.raw.png: WARNING: This project calls an unsupported private Codex backend path. The contract may break without notice.
WARNING: This project calls an unsupported private
    ! gti rc=1 attempt 3 Effects_fx_eruption_fx_eruption_004.png.raw.png: WARNING: This project calls an unsupported private Codex backend path. The contract may break without notice.
WARNING: This project calls an unsupported private
    ! gti rc=1 attempt 3 Effects_fx_petals_fx_petals_002.png.raw.png: WARNING: This project calls an unsupported private Codex backend path. The contract may break without notice.
WARNING: This project calls an unsupported private
FAIL Effects/fx_eruption/fx_eruption_004.png
FAIL Effects/fx_petals/fx_petals_000.png
FAIL Effects/fx_petals/fx_petals_001.png
    ! gti rc=1 attempt 1 Effects_fx_petals_fx_petals_003.png.raw.png: WARNING: This project calls an unsupported private Codex backend path. The contract may break without notice.
WARNING: This project calls an unsupported private
    ! gti rc=1 attempt 1 Effects_particles_particle_ember.png.raw.png: WARNING: This project calls an unsupported private Codex backend path. The contract may break without notice.
WARNING: This project calls an unsupported private
FAIL Effects/fx_petals/fx_petals_002.png
    ! gti rc=1 attempt 1 Effects_particles_particle_smoke.png.raw.png: WARNING: This project calls an unsupported private Codex backend path. The contract may break without notice.
WARNING: This project calls an unsupported private
    ! gti rc=1 attempt 1 Effects_particles_particle_petal.png.raw.png: WARNING: This project calls an unsupported private Codex backend path. The contract may break without notice.
WARNING: This project calls an unsupported private
    ! gti rc=1 attempt 2 Effects_fx_petals_fx_petals_003.png.raw.png: WARNING: This project calls an unsupported private Codex backend path. The contract may break without notice.
WARNING: This project calls an unsupported private
    ! gti rc=1 attempt 2 Effects_particles_particle_ember.png.raw.png: WARNING: This project calls an unsupported private Codex backend path. The contract may break without notice.
WARNING: This project calls an unsupported private
    ! gti rc=1 attempt 2 Effects_particles_particle_smoke.png.raw.png: WARNING: This project calls an unsupported private Codex backend path. The contract may break without notice.
WARNING: This project calls an unsupported private
    ! gti rc=1 attempt 2 Effects_particles_particle_petal.png.raw.png: WARNING: This project calls an unsupported private Codex backend path. The contract may break without notice.
WARNING: This project calls an unsupported private
    ! gti rc=1 attempt 3 Effects_fx_petals_fx_petals_003.png.raw.png: WARNING: This project calls an unsupported private Codex backend path. The contract may break without notice.
WARNING: This project calls an unsupported private
    ! gti rc=1 attempt 3 Effects_particles_particle_ember.png.raw.png: WARNING: This project calls an unsupported private Codex backend path. The contract may break without notice.
WARNING: This project calls an unsupported private
    ! gti rc=1 attempt 3 Effects_particles_particle_smoke.png.raw.png: WARNING: This project calls an unsupported private Codex backend path. The contract may break without notice.
WARNING: This project calls an unsupported private
    ! gti rc=1 attempt 3 Effects_particles_particle_petal.png.raw.png: WARNING: This project calls an unsupported private Codex backend path. The contract may break without notice.
WARNING: This project calls an unsupported private
FAIL Effects/fx_petals/fx_petals_003.png
FAIL Effects/particles/particle_ember.png
FAIL Effects/particles/particle_smoke.png
    ! gti rc=1 attempt 1 Gimmicks_gimmick_vent_petal.png.raw.png: WARNING: This project calls an unsupported private Codex backend path. The contract may break without notice.
WARNING: This project calls an unsupported private
    ! gti rc=1 attempt 1 Gimmicks_gimmick_vent_magma.png.raw.png: WARNING: This project calls an unsupported private Codex backend path. The contract may break without notice.
WARNING: This project calls an unsupported private
FAIL Effects/particles/particle_petal.png
    ! gti rc=1 attempt 2 Gimmicks_gimmick_vent_petal.png.raw.png: WARNING: This project calls an unsupported private Codex backend path. The contract may break without notice.
WARNING: This project calls an unsupported private
    ! gti rc=1 attempt 2 Gimmicks_gimmick_vent_magma.png.raw.png: WARNING: This project calls an unsupported private Codex backend path. The contract may break without notice.
WARNING: This project calls an unsupported private
    ! gti rc=1 attempt 3 Gimmicks_gimmick_vent_petal.png.raw.png: WARNING: This project calls an unsupported private Codex backend path. The contract may break without notice.
WARNING: This project calls an unsupported private
    ! gti rc=1 attempt 3 Gimmicks_gimmick_vent_magma.png.raw.png: WARNING: This project calls an unsupported private Codex backend path. The contract may break without notice.
WARNING: This project calls an unsupported private
FAIL Gimmicks/gimmick_vent_magma.png
FAIL Gimmicks/gimmick_vent_petal.png
done, 18 failures
retry round 1
    ! gti rc=1 attempt 1 Effects_fx_spawn_fx_spawn_001.png.raw.png: WARNING: This project calls an unsupported private Codex backend path. The contract may break without notice.
WARNING: This project calls an unsupported private
    ! gti rc=1 attempt 1 Effects_fx_spawn_fx_spawn_002.png.raw.png: WARNING: This project calls an unsupported private Codex backend path. The contract may break without notice.
WARNING: This project calls an unsupported private
    ! gti rc=1 attempt 1 Effects_fx_spawn_fx_spawn_003.png.raw.png: WARNING: This project calls an unsupported private Codex backend path. The contract may break without notice.
WARNING: This project calls an unsupported private
    ! gti rc=1 attempt 1 Effects_fx_spawn_fx_spawn_000.png.raw.png: WARNING: This project calls an unsupported private Codex backend path. The contract may break without notice.
WARNING: This project calls an unsupported private
    ! gti rc=1 attempt 2 Effects_fx_spawn_fx_spawn_002.png.raw.png: WARNING: This project calls an unsupported private Codex backend path. The contract may break without notice.
WARNING: This project calls an unsupported private
    ! gti rc=1 attempt 2 Effects_fx_spawn_fx_spawn_001.png.raw.png: WARNING: This project calls an unsupported private Codex backend path. The contract may break without notice.
WARNING: This project calls an unsupported private
    ! gti rc=1 attempt 2 Effects_fx_spawn_fx_spawn_003.png.raw.png: WARNING: This project calls an unsupported private Codex backend path. The contract may break without notice.
WARNING: This project calls an unsupported private
    ! gti rc=1 attempt 2 Effects_fx_spawn_fx_spawn_000.png.raw.png: WARNING: This project calls an unsupported private Codex backend path. The contract may break without notice.
WARNING: This project calls an unsupported private
    ! gti rc=1 attempt 3 Effects_fx_spawn_fx_spawn_002.png.raw.png: WARNING: This project calls an unsupported private Codex backend path. The contract may break without notice.
WARNING: This project calls an unsupported private
    ! gti rc=1 attempt 3 Effects_fx_spawn_fx_spawn_001.png.raw.png: WARNING: This project calls an unsupported private Codex backend path. The contract may break without notice.
WARNING: This project calls an unsupported private
    ! gti rc=1 attempt 3 Effects_fx_spawn_fx_spawn_003.png.raw.png: WARNING: This project calls an unsupported private Codex backend path. The contract may break without notice.
WARNING: This project calls an unsupported private
    ! gti rc=1 attempt 3 Effects_fx_spawn_fx_spawn_000.png.raw.png: WARNING: This project calls an unsupported private Codex backend path. The contract may break without notice.
WARNING: This project calls an unsupported private
    ! gti rc=1 attempt 1 Effects_fx_eruption_fx_eruption_000.png.raw.png: WARNING: This project calls an unsupported private Codex backend path. The contract may break without notice.
WARNING: This project calls an unsupported private
    ! gti rc=1 attempt 1 Effects_fx_eruption_fx_eruption_001.png.raw.png: WARNING: This project calls an unsupported private Codex backend path. The contract may break without notice.
WARNING: This project calls an unsupported private
FAIL Effects/fx_spawn/fx_spawn_000.png
FAIL Effects/fx_spawn/fx_spawn_001.png
FAIL Effects/fx_spawn/fx_spawn_002.png
FAIL Effects/fx_spawn/fx_spawn_003.png
    ! gti rc=1 attempt 1 Effects_fx_eruption_fx_eruption_002.png.raw.png: WARNING: This project calls an unsupported private Codex backend path. The contract may break without notice.
WARNING: This project calls an unsupported private
    ! gti rc=1 attempt 1 Effects_fx_eruption_fx_eruption_003.png.raw.png: WARNING: This project calls an unsupported private Codex backend path. The contract may break without notice.
WARNING: This project calls an unsupported private
    ! gti rc=1 attempt 2 Effects_fx_eruption_fx_eruption_000.png.raw.png: WARNING: This project calls an unsupported private Codex backend path. The contract may break without notice.
WARNING: This project calls an unsupported private
    ! gti rc=1 attempt 2 Effects_fx_eruption_fx_eruption_001.png.raw.png: WARNING: This project calls an unsupported private Codex backend path. The contract may break without notice.
WARNING: This project calls an unsupported private
    ! gti rc=1 attempt 2 Effects_fx_eruption_fx_eruption_002.png.raw.png: WARNING: This project calls an unsupported private Codex backend path. The contract may break without notice.
WARNING: This project calls an unsupported private
    ! gti rc=1 attempt 2 Effects_fx_eruption_fx_eruption_003.png.raw.png: WARNING: This project calls an unsupported private Codex backend path. The contract may break without notice.
WARNING: This project calls an unsupported private
    ! gti rc=1 attempt 3 Effects_fx_eruption_fx_eruption_000.png.raw.png: WARNING: This project calls an unsupported private Codex backend path. The contract may break without notice.
WARNING: This project calls an unsupported private
    ! gti rc=1 attempt 3 Effects_fx_eruption_fx_eruption_001.png.raw.png: WARNING: This project calls an unsupported private Codex backend path. The contract may break without notice.
WARNING: This project calls an unsupported private
    ! gti rc=1 attempt 3 Effects_fx_eruption_fx_eruption_002.png.raw.png: WARNING: This project calls an unsupported private Codex backend path. The contract may break without notice.
WARNING: This project calls an unsupported private
    ! gti rc=1 attempt 3 Effects_fx_eruption_fx_eruption_003.png.raw.png: WARNING: This project calls an unsupported private Codex backend path. The contract may break without notice.
WARNING: This project calls an unsupported private
FAIL Effects/fx_eruption/fx_eruption_000.png
FAIL Effects/fx_eruption/fx_eruption_001.png
FAIL Effects/fx_eruption/fx_eruption_002.png
    ! gti rc=1 attempt 1 Effects_fx_eruption_fx_eruption_004.png.raw.png: WARNING: This project calls an unsupported private Codex backend path. The contract may break without notice.
WARNING: This project calls an unsupported private
FAIL Effects/fx_eruption/fx_eruption_003.png
    ! gti rc=1 attempt 1 Effects_fx_petals_fx_petals_000.png.raw.png: WARNING: This project calls an unsupported private Codex backend path. The contract may break without notice.
WARNING: This project calls an unsupported private
    ! gti rc=1 attempt 1 Effects_fx_petals_fx_petals_001.png.raw.png: WARNING: This project calls an unsupported private Codex backend path. The contract may break without notice.
WARNING: This project calls an unsupported private
    ! gti rc=1 attempt 1 Effects_fx_petals_fx_petals_002.png.raw.png: WARNING: This project calls an unsupported private Codex backend path. The contract may break without notice.
WARNING: This project calls an unsupported private
    ! gti rc=1 attempt 2 Effects_fx_eruption_fx_eruption_004.png.raw.png: WARNING: This project calls an unsupported private Codex backend path. The contract may break without notice.
WARNING: This project calls an unsupported private
    ! gti rc=1 attempt 2 Effects_fx_petals_fx_petals_000.png.raw.png: WARNING: This project calls an unsupported private Codex backend path. The contract may break without notice.
WARNING: This project calls an unsupported private
    ! gti rc=1 attempt 2 Effects_fx_petals_fx_petals_001.png.raw.png: WARNING: This project calls an unsupported private Codex backend path. The contract may break without notice.
WARNING: This project calls an unsupported private
    ! gti rc=1 attempt 2 Effects_fx_petals_fx_petals_002.png.raw.png: WARNING: This project calls an unsupported private Codex backend path. The contract may break without notice.
WARNING: This project calls an unsupported private
    ! gti rc=1 attempt 3 Effects_fx_eruption_fx_eruption_004.png.raw.png: WARNING: This project calls an unsupported private Codex backend path. The contract may break without notice.
WARNING: This project calls an unsupported private
    ! gti rc=1 attempt 3 Effects_fx_petals_fx_petals_001.png.raw.png: WARNING: This project calls an unsupported private Codex backend path. The contract may break without notice.
WARNING: This project calls an unsupported private
    ! gti rc=1 attempt 3 Effects_fx_petals_fx_petals_000.png.raw.png: WARNING: This project calls an unsupported private Codex backend path. The contract may break without notice.
WARNING: This project calls an unsupported private
    ! gti rc=1 attempt 3 Effects_fx_petals_fx_petals_002.png.raw.png: WARNING: This project calls an unsupported private Codex backend path. The contract may break without notice.
WARNING: This project calls an unsupported private
FAIL Effects/fx_eruption/fx_eruption_004.png
FAIL Effects/fx_petals/fx_petals_000.png
FAIL Effects/fx_petals/fx_petals_001.png
    ! gti rc=1 attempt 1 Effects_fx_petals_fx_petals_003.png.raw.png: WARNING: This project calls an unsupported private Codex backend path. The contract may break without notice.
WARNING: This project calls an unsupported private
FAIL Effects/fx_petals/fx_petals_002.png
    ! gti rc=1 attempt 1 Effects_particles_particle_ember.png.raw.png: WARNING: This project calls an unsupported private Codex backend path. The contract may break without notice.
WARNING: This project calls an unsupported private
    ! gti rc=1 attempt 1 Effects_particles_particle_smoke.png.raw.png: WARNING: This project calls an unsupported private Codex backend path. The contract may break without notice.
WARNING: This project calls an unsupported private
    ! gti rc=1 attempt 1 Effects_particles_particle_petal.png.raw.png: WARNING: This project calls an unsupported private Codex backend path. The contract may break without notice.
WARNING: This project calls an unsupported private
    ! gti rc=1 attempt 2 Effects_fx_petals_fx_petals_003.png.raw.png: WARNING: This project calls an unsupported private Codex backend path. The contract may break without notice.
WARNING: This project calls an unsupported private
    ! gti rc=1 attempt 2 Effects_particles_particle_ember.png.raw.png: WARNING: This project calls an unsupported private Codex backend path. The contract may break without notice.
WARNING: This project calls an unsupported private
    ! gti rc=1 attempt 2 Effects_particles_particle_smoke.png.raw.png: WARNING: This project calls an unsupported private Codex backend path. The contract may break without notice.
WARNING: This project calls an unsupported private
    ! gti rc=1 attempt 2 Effects_particles_particle_petal.png.raw.png: WARNING: This project calls an unsupported private Codex backend path. The contract may break without notice.
WARNING: This project calls an unsupported private
    ! gti rc=1 attempt 3 Effects_fx_petals_fx_petals_003.png.raw.png: WARNING: This project calls an unsupported private Codex backend path. The contract may break without notice.
WARNING: This project calls an unsupported private
    ! gti rc=1 attempt 3 Effects_particles_particle_ember.png.raw.png: WARNING: This project calls an unsupported private Codex backend path. The contract may break without notice.
WARNING: This project calls an unsupported private
    ! gti rc=1 attempt 3 Effects_particles_particle_smoke.png.raw.png: WARNING: This project calls an unsupported private Codex backend path. The contract may break without notice.
WARNING: This project calls an unsupported private
    ! gti rc=1 attempt 3 Effects_particles_particle_petal.png.raw.png: WARNING: This project calls an unsupported private Codex backend path. The contract may break without notice.
WARNING: This project calls an unsupported private
FAIL Effects/fx_petals/fx_petals_003.png
FAIL Effects/particles/particle_ember.png
FAIL Effects/particles/particle_smoke.png
    ! gti rc=1 attempt 1 Gimmicks_gimmick_vent_magma.png.raw.png: WARNING: This project calls an unsupported private Codex backend path. The contract may break without notice.
WARNING: This project calls an unsupported private
FAIL Effects/particles/particle_petal.png
    ! gti rc=1 attempt 1 Gimmicks_gimmick_vent_petal.png.raw.png: WARNING: This project calls an unsupported private Codex backend path. The contract may break without notice.
WARNING: This project calls an unsupported private
    ! gti rc=1 attempt 2 Gimmicks_gimmick_vent_magma.png.raw.png: WARNING: This project calls an unsupported private Codex backend path. The contract may break without notice.
WARNING: This project calls an unsupported private
    ! gti rc=1 attempt 2 Gimmicks_gimmick_vent_petal.png.raw.png: WARNING: This project calls an unsupported private Codex backend path. The contract may break without notice.
WARNING: This project calls an unsupported private
    ! gti rc=1 attempt 3 Gimmicks_gimmick_vent_magma.png.raw.png: WARNING: This project calls an unsupported private Codex backend path. The contract may break without notice.
WARNING: This project calls an unsupported private
    ! gti rc=1 attempt 3 Gimmicks_gimmick_vent_petal.png.raw.png: WARNING: This project calls an unsupported private Codex backend path. The contract may break without notice.
WARNING: This project calls an unsupported private
FAIL Gimmicks/gimmick_vent_magma.png
FAIL Gimmicks/gimmick_vent_petal.png
done, 18 failures
retry round 2
    ! gti rc=1 attempt 1 Effects_fx_spawn_fx_spawn_003.png.raw.png: WARNING: This project calls an unsupported private Codex backend path. The contract may break without notice.
WARNING: This project calls an unsupported private
    ! gti rc=1 attempt 1 Effects_fx_spawn_fx_spawn_002.png.raw.png: WARNING: This project calls an unsupported private Codex backend path. The contract may break without notice.
WARNING: This project calls an unsupported private
    ! gti rc=1 attempt 1 Effects_fx_spawn_fx_spawn_000.png.raw.png: WARNING: This project calls an unsupported private Codex backend path. The contract may break without notice.
WARNING: This project calls an unsupported private
    ! gti rc=1 attempt 1 Effects_fx_spawn_fx_spawn_001.png.raw.png: WARNING: This project calls an unsupported private Codex backend path. The contract may break without notice.
WARNING: This project calls an unsupported private
    ! gti rc=1 attempt 2 Effects_fx_spawn_fx_spawn_002.png.raw.png: WARNING: This project calls an unsupported private Codex backend path. The contract may break without notice.
WARNING: This project calls an unsupported private
    ! gti rc=1 attempt 2 Effects_fx_spawn_fx_spawn_003.png.raw.png: WARNING: This project calls an unsupported private Codex backend path. The contract may break without notice.
WARNING: This project calls an unsupported private
    ! gti rc=1 attempt 2 Effects_fx_spawn_fx_spawn_000.png.raw.png: WARNING: This project calls an unsupported private Codex backend path. The contract may break without notice.
WARNING: This project calls an unsupported private
    ! gti rc=1 attempt 2 Effects_fx_spawn_fx_spawn_001.png.raw.png: WARNING: This project calls an unsupported private Codex backend path. The contract may break without notice.
WARNING: This project calls an unsupported private
    ! gti rc=1 attempt 3 Effects_fx_spawn_fx_spawn_003.png.raw.png: WARNING: This project calls an unsupported private Codex backend path. The contract may break without notice.
WARNING: This project calls an unsupported private
    ! gti rc=1 attempt 3 Effects_fx_spawn_fx_spawn_001.png.raw.png: WARNING: This project calls an unsupported private Codex backend path. The contract may break without notice.
WARNING: This project calls an unsupported private
    ! gti rc=1 attempt 3 Effects_fx_spawn_fx_spawn_000.png.raw.png: WARNING: This project calls an unsupported private Codex backend path. The contract may break without notice.
WARNING: This project calls an unsupported private
    ! gti rc=1 attempt 3 Effects_fx_spawn_fx_spawn_002.png.raw.png: WARNING: This project calls an unsupported private Codex backend path. The contract may break without notice.
WARNING: This project calls an unsupported private
FAIL Effects/fx_spawn/fx_spawn_000.png
FAIL Effects/fx_spawn/fx_spawn_001.png
FAIL Effects/fx_spawn/fx_spawn_002.png
FAIL Effects/fx_spawn/fx_spawn_003.png
    ! gti rc=1 attempt 1 Effects_fx_eruption_fx_eruption_001.png.raw.png: WARNING: This project calls an unsupported private Codex backend path. The contract may break without notice.
WARNING: This project calls an unsupported private
    ! gti rc=1 attempt 1 Effects_fx_eruption_fx_eruption_000.png.raw.png: WARNING: This project calls an unsupported private Codex backend path. The contract may break without notice.
WARNING: This project calls an unsupported private
    ! gti rc=1 attempt 1 Effects_fx_eruption_fx_eruption_002.png.raw.png: WARNING: This project calls an unsupported private Codex backend path. The contract may break without notice.
WARNING: This project calls an unsupported private
    ! gti rc=1 attempt 1 Effects_fx_eruption_fx_eruption_003.png.raw.png: WARNING: This project calls an unsupported private Codex backend path. The contract may break without notice.
WARNING: This project calls an unsupported private
    ! gti rc=1 attempt 2 Effects_fx_eruption_fx_eruption_000.png.raw.png: WARNING: This project calls an unsupported private Codex backend path. The contract may break without notice.
WARNING: This project calls an unsupported private
    ! gti rc=1 attempt 2 Effects_fx_eruption_fx_eruption_001.png.raw.png: WARNING: This project calls an unsupported private Codex backend path. The contract may break without notice.
WARNING: This project calls an unsupported private
    ! gti rc=1 attempt 2 Effects_fx_eruption_fx_eruption_002.png.raw.png: WARNING: This project calls an unsupported private Codex backend path. The contract may break without notice.
WARNING: This project calls an unsupported private
    ! gti rc=1 attempt 2 Effects_fx_eruption_fx_eruption_003.png.raw.png: WARNING: This project calls an unsupported private Codex backend path. The contract may break without notice.
WARNING: This project calls an unsupported private
    ! gti rc=1 attempt 3 Effects_fx_eruption_fx_eruption_000.png.raw.png: WARNING: This project calls an unsupported private Codex backend path. The contract may break without notice.
WARNING: This project calls an unsupported private
    ! gti rc=1 attempt 3 Effects_fx_eruption_fx_eruption_002.png.raw.png: WARNING: This project calls an unsupported private Codex backend path. The contract may break without notice.
WARNING: This project calls an unsupported private
    ! gti rc=1 attempt 3 Effects_fx_eruption_fx_eruption_001.png.raw.png: WARNING: This project calls an unsupported private Codex backend path. The contract may break without notice.
WARNING: This project calls an unsupported private
    ! gti rc=1 attempt 3 Effects_fx_eruption_fx_eruption_003.png.raw.png: WARNING: This project calls an unsupported private Codex backend path. The contract may break without notice.
WARNING: This project calls an unsupported private
FAIL Effects/fx_eruption/fx_eruption_000.png
FAIL Effects/fx_eruption/fx_eruption_001.png
FAIL Effects/fx_eruption/fx_eruption_002.png
FAIL Effects/fx_eruption/fx_eruption_003.png
    ! gti rc=1 attempt 1 Effects_fx_petals_fx_petals_001.png.raw.png: WARNING: This project calls an unsupported private Codex backend path. The contract may break without notice.
WARNING: This project calls an unsupported private
    ! gti rc=1 attempt 1 Effects_fx_eruption_fx_eruption_004.png.raw.png: WARNING: This project calls an unsupported private Codex backend path. The contract may break without notice.
WARNING: This project calls an unsupported private
    ! gti rc=1 attempt 1 Effects_fx_petals_fx_petals_000.png.raw.png: WARNING: This project calls an unsupported private Codex backend path. The contract may break without notice.
WARNING: This project calls an unsupported private
    ! gti rc=1 attempt 1 Effects_fx_petals_fx_petals_002.png.raw.png: WARNING: This project calls an unsupported private Codex backend path. The contract may break without notice.
WARNING: This project calls an unsupported private
    ! gti rc=1 attempt 2 Effects_fx_petals_fx_petals_001.png.raw.png: WARNING: This project calls an unsupported private Codex backend path. The contract may break without notice.
WARNING: This project calls an unsupported private
    ! gti rc=1 attempt 2 Effects_fx_eruption_fx_eruption_004.png.raw.png: WARNING: This project calls an unsupported private Codex backend path. The contract may break without notice.
WARNING: This project calls an unsupported private
    ! gti rc=1 attempt 2 Effects_fx_petals_fx_petals_000.png.raw.png: WARNING: This project calls an unsupported private Codex backend path. The contract may break without notice.
WARNING: This project calls an unsupported private
    ! gti rc=1 attempt 2 Effects_fx_petals_fx_petals_002.png.raw.png: WARNING: This project calls an unsupported private Codex backend path. The contract may break without notice.
WARNING: This project calls an unsupported private
    ! gti rc=1 attempt 3 Effects_fx_petals_fx_petals_001.png.raw.png: WARNING: This project calls an unsupported private Codex backend path. The contract may break without notice.
WARNING: This project calls an unsupported private
    ! gti rc=1 attempt 3 Effects_fx_eruption_fx_eruption_004.png.raw.png: WARNING: This project calls an unsupported private Codex backend path. The contract may break without notice.
WARNING: This project calls an unsupported private
    ! gti rc=1 attempt 3 Effects_fx_petals_fx_petals_000.png.raw.png: WARNING: This project calls an unsupported private Codex backend path. The contract may break without notice.
WARNING: This project calls an unsupported private
    ! gti rc=1 attempt 3 Effects_fx_petals_fx_petals_002.png.raw.png: WARNING: This project calls an unsupported private Codex backend path. The contract may break without notice.
WARNING: This project calls an unsupported private
FAIL Effects/fx_eruption/fx_eruption_004.png
FAIL Effects/fx_petals/fx_petals_000.png
FAIL Effects/fx_petals/fx_petals_001.png
FAIL Effects/fx_petals/fx_petals_002.png
    ! gti rc=1 attempt 1 Effects_fx_petals_fx_petals_003.png.raw.png: WARNING: This project calls an unsupported private Codex backend path. The contract may break without notice.
WARNING: This project calls an unsupported private
    ! gti rc=1 attempt 1 Effects_particles_particle_ember.png.raw.png: WARNING: This project calls an unsupported private Codex backend path. The contract may break without notice.
WARNING: This project calls an unsupported private
    ! gti rc=1 attempt 1 Effects_particles_particle_smoke.png.raw.png: WARNING: This project calls an unsupported private Codex backend path. The contract may break without notice.
WARNING: This project calls an unsupported private
    ! gti rc=1 attempt 1 Effects_particles_particle_petal.png.raw.png: WARNING: This project calls an unsupported private Codex backend path. The contract may break without notice.
WARNING: This project calls an unsupported private
    ! gti rc=1 attempt 2 Effects_particles_particle_ember.png.raw.png: WARNING: This project calls an unsupported private Codex backend path. The contract may break without notice.
WARNING: This project calls an unsupported private
    ! gti rc=1 attempt 2 Effects_fx_petals_fx_petals_003.png.raw.png: WARNING: This project calls an unsupported private Codex backend path. The contract may break without notice.
WARNING: This project calls an unsupported private
    ! gti rc=1 attempt 2 Effects_particles_particle_smoke.png.raw.png: WARNING: This project calls an unsupported private Codex backend path. The contract may break without notice.
WARNING: This project calls an unsupported private
    ! gti rc=1 attempt 2 Effects_particles_particle_petal.png.raw.png: WARNING: This project calls an unsupported private Codex backend path. The contract may break without notice.
WARNING: This project calls an unsupported private
    ! gti rc=1 attempt 3 Effects_particles_particle_ember.png.raw.png: WARNING: This project calls an unsupported private Codex backend path. The contract may break without notice.
WARNING: This project calls an unsupported private
    ! gti rc=1 attempt 3 Effects_fx_petals_fx_petals_003.png.raw.png: WARNING: This project calls an unsupported private Codex backend path. The contract may break without notice.
WARNING: This project calls an unsupported private
    ! gti rc=1 attempt 3 Effects_particles_particle_smoke.png.raw.png: WARNING: This project calls an unsupported private Codex backend path. The contract may break without notice.
WARNING: This project calls an unsupported private
    ! gti rc=1 attempt 3 Effects_particles_particle_petal.png.raw.png: WARNING: This project calls an unsupported private Codex backend path. The contract may break without notice.
WARNING: This project calls an unsupported private
FAIL Effects/fx_petals/fx_petals_003.png
FAIL Effects/particles/particle_ember.png
FAIL Effects/particles/particle_smoke.png
FAIL Effects/particles/particle_petal.png
    ! gti rc=1 attempt 1 Gimmicks_gimmick_vent_petal.png.raw.png: WARNING: This project calls an unsupported private Codex backend path. The contract may break without notice.
WARNING: This project calls an unsupported private
    ! gti rc=1 attempt 1 Gimmicks_gimmick_vent_magma.png.raw.png: WARNING: This project calls an unsupported private Codex backend path. The contract may break without notice.
WARNING: This project calls an unsupported private
    ! gti rc=1 attempt 2 Gimmicks_gimmick_vent_petal.png.raw.png: WARNING: This project calls an unsupported private Codex backend path. The contract may break without notice.
WARNING: This project calls an unsupported private
    ! gti rc=1 attempt 2 Gimmicks_gimmick_vent_magma.png.raw.png: WARNING: This project calls an unsupported private Codex backend path. The contract may break without notice.
WARNING: This project calls an unsupported private
    ! gti rc=1 attempt 3 Gimmicks_gimmick_vent_petal.png.raw.png: WARNING: This project calls an unsupported private Codex backend path. The contract may break without notice.
WARNING: This project calls an unsupported private
    ! gti rc=1 attempt 3 Gimmicks_gimmick_vent_magma.png.raw.png: WARNING: This project calls an unsupported private Codex backend path. The contract may break without notice.
WARNING: This project calls an unsupported private
FAIL Gimmicks/gimmick_vent_magma.png
FAIL Gimmicks/gimmick_vent_petal.png
done, 18 failures
retry round 3
    ! gti rc=1 attempt 1 Effects_fx_spawn_fx_spawn_001.png.raw.png: WARNING: This project calls an unsupported private Codex backend path. The contract may break without notice.
WARNING: This project calls an unsupported private
    ! gti rc=1 attempt 1 Effects_fx_spawn_fx_spawn_000.png.raw.png: WARNING: This project calls an unsupported private Codex backend path. The contract may break without notice.
WARNING: This project calls an unsupported private
    ! gti rc=1 attempt 1 Effects_fx_spawn_fx_spawn_003.png.raw.png: WARNING: This project calls an unsupported private Codex backend path. The contract may break without notice.
WARNING: This project calls an unsupported private
    ! gti rc=1 attempt 1 Effects_fx_spawn_fx_spawn_002.png.raw.png: WARNING: This project calls an unsupported private Codex backend path. The contract may break without notice.
WARNING: This project calls an unsupported private
    ! gti rc=1 attempt 2 Effects_fx_spawn_fx_spawn_003.png.raw.png: WARNING: This project calls an unsupported private Codex backend path. The contract may break without notice.
WARNING: This project calls an unsupported private
    ! gti rc=1 attempt 2 Effects_fx_spawn_fx_spawn_001.png.raw.png: WARNING: This project calls an unsupported private Codex backend path. The contract may break without notice.
WARNING: This project calls an unsupported private
    ! gti rc=1 attempt 2 Effects_fx_spawn_fx_spawn_002.png.raw.png: WARNING: This project calls an unsupported private Codex backend path. The contract may break without notice.
WARNING: This project calls an unsupported private
    ! gti rc=1 attempt 2 Effects_fx_spawn_fx_spawn_000.png.raw.png: WARNING: This project calls an unsupported private Codex backend path. The contract may break without notice.
WARNING: This project calls an unsupported private
    ! gti rc=1 attempt 3 Effects_fx_spawn_fx_spawn_001.png.raw.png: WARNING: This project calls an unsupported private Codex backend path. The contract may break without notice.
WARNING: This project calls an unsupported private
    ! gti rc=1 attempt 3 Effects_fx_spawn_fx_spawn_000.png.raw.png: WARNING: This project calls an unsupported private Codex backend path. The contract may break without notice.
WARNING: This project calls an unsupported private
    ! gti rc=1 attempt 3 Effects_fx_spawn_fx_spawn_003.png.raw.png: WARNING: This project calls an unsupported private Codex backend path. The contract may break without notice.
WARNING: This project calls an unsupported private
    ! gti rc=1 attempt 3 Effects_fx_spawn_fx_spawn_002.png.raw.png: WARNING: This project calls an unsupported private Codex backend path. The contract may break without notice.
WARNING: This project calls an unsupported private
FAIL Effects/fx_spawn/fx_spawn_000.png
FAIL Effects/fx_spawn/fx_spawn_001.png
FAIL Effects/fx_spawn/fx_spawn_002.png
FAIL Effects/fx_spawn/fx_spawn_003.png
    ! gti rc=1 attempt 1 Effects_fx_eruption_fx_eruption_000.png.raw.png: WARNING: This project calls an unsupported private Codex backend path. The contract may break without notice.
WARNING: This project calls an unsupported private
    ! gti rc=1 attempt 1 Effects_fx_eruption_fx_eruption_002.png.raw.png: WARNING: This project calls an unsupported private Codex backend path. The contract may break without notice.
WARNING: This project calls an unsupported private
    ! gti rc=1 attempt 1 Effects_fx_eruption_fx_eruption_001.png.raw.png: WARNING: This project calls an unsupported private Codex backend path. The contract may break without notice.
WARNING: This project calls an unsupported private
    ! gti rc=1 attempt 1 Effects_fx_eruption_fx_eruption_003.png.raw.png: WARNING: This project calls an unsupported private Codex backend path. The contract may break without notice.
WARNING: This project calls an unsupported private
    ! gti rc=1 attempt 2 Effects_fx_eruption_fx_eruption_000.png.raw.png: WARNING: This project calls an unsupported private Codex backend path. The contract may break without notice.
WARNING: This project calls an unsupported private
    ! gti rc=1 attempt 2 Effects_fx_eruption_fx_eruption_001.png.raw.png: WARNING: This project calls an unsupported private Codex backend path. The contract may break without notice.
WARNING: This project calls an unsupported private
    ! gti rc=1 attempt 2 Effects_fx_eruption_fx_eruption_003.png.raw.png: WARNING: This project calls an unsupported private Codex backend path. The contract may break without notice.
WARNING: This project calls an unsupported private
    ! gti rc=1 attempt 2 Effects_fx_eruption_fx_eruption_002.png.raw.png: WARNING: This project calls an unsupported private Codex backend path. The contract may break without notice.
WARNING: This project calls an unsupported private
    ! gti rc=1 attempt 3 Effects_fx_eruption_fx_eruption_000.png.raw.png: WARNING: This project calls an unsupported private Codex backend path. The contract may break without notice.
WARNING: This project calls an unsupported private
    ! gti rc=1 attempt 3 Effects_fx_eruption_fx_eruption_001.png.raw.png: WARNING: This project calls an unsupported private Codex backend path. The contract may break without notice.
WARNING: This project calls an unsupported private
    ! gti rc=1 attempt 3 Effects_fx_eruption_fx_eruption_002.png.raw.png: WARNING: This project calls an unsupported private Codex backend path. The contract may break without notice.
WARNING: This project calls an unsupported private
    ! gti rc=1 attempt 3 Effects_fx_eruption_fx_eruption_003.png.raw.png: WARNING: This project calls an unsupported private Codex backend path. The contract may break without notice.
WARNING: This project calls an unsupported private
FAIL Effects/fx_eruption/fx_eruption_000.png
FAIL Effects/fx_eruption/fx_eruption_001.png
FAIL Effects/fx_eruption/fx_eruption_002.png
FAIL Effects/fx_eruption/fx_eruption_003.png
    ! gti rc=1 attempt 1 Effects_fx_eruption_fx_eruption_004.png.raw.png: WARNING: This project calls an unsupported private Codex backend path. The contract may break without notice.
WARNING: This project calls an unsupported private
    ! gti rc=1 attempt 1 Effects_fx_petals_fx_petals_001.png.raw.png: WARNING: This project calls an unsupported private Codex backend path. The contract may break without notice.
WARNING: This project calls an unsupported private
    ! gti rc=1 attempt 1 Effects_fx_petals_fx_petals_002.png.raw.png: WARNING: This project calls an unsupported private Codex backend path. The contract may break without notice.
WARNING: This project calls an unsupported private
    ! gti rc=1 attempt 1 Effects_fx_petals_fx_petals_000.png.raw.png: WARNING: This project calls an unsupported private Codex backend path. The contract may break without notice.
WARNING: This project calls an unsupported private
    ! gti rc=1 attempt 2 Effects_fx_eruption_fx_eruption_004.png.raw.png: WARNING: This project calls an unsupported private Codex backend path. The contract may break without notice.
WARNING: This project calls an unsupported private
    ! gti rc=1 attempt 2 Effects_fx_petals_fx_petals_000.png.raw.png: WARNING: This project calls an unsupported private Codex backend path. The contract may break without notice.
WARNING: This project calls an unsupported private
    ! gti rc=1 attempt 2 Effects_fx_petals_fx_petals_001.png.raw.png: WARNING: This project calls an unsupported private Codex backend path. The contract may break without notice.
WARNING: This project calls an unsupported private
    ! gti rc=1 attempt 2 Effects_fx_petals_fx_petals_002.png.raw.png: WARNING: This project calls an unsupported private Codex backend path. The contract may break without notice.
WARNING: This project calls an unsupported private
    ! gti rc=1 attempt 3 Effects_fx_eruption_fx_eruption_004.png.raw.png: WARNING: This project calls an unsupported private Codex backend path. The contract may break without notice.
WARNING: This project calls an unsupported private
    ! gti rc=1 attempt 3 Effects_fx_petals_fx_petals_001.png.raw.png: WARNING: This project calls an unsupported private Codex backend path. The contract may break without notice.
WARNING: This project calls an unsupported private
    ! gti rc=1 attempt 3 Effects_fx_petals_fx_petals_002.png.raw.png: WARNING: This project calls an unsupported private Codex backend path. The contract may break without notice.
WARNING: This project calls an unsupported private
    ! gti rc=1 attempt 3 Effects_fx_petals_fx_petals_000.png.raw.png: WARNING: This project calls an unsupported private Codex backend path. The contract may break without notice.
WARNING: This project calls an unsupported private
FAIL Effects/fx_eruption/fx_eruption_004.png
    ! gti rc=1 attempt 1 Effects_fx_petals_fx_petals_003.png.raw.png: WARNING: This project calls an unsupported private Codex backend path. The contract may break without notice.
WARNING: This project calls an unsupported private
FAIL Effects/fx_petals/fx_petals_000.png
FAIL Effects/fx_petals/fx_petals_001.png
FAIL Effects/fx_petals/fx_petals_002.png
    ! gti rc=1 attempt 1 Effects_particles_particle_ember.png.raw.png: WARNING: This project calls an unsupported private Codex backend path. The contract may break without notice.
WARNING: This project calls an unsupported private
    ! gti rc=1 attempt 1 Effects_particles_particle_petal.png.raw.png: WARNING: This project calls an unsupported private Codex backend path. The contract may break without notice.
WARNING: This project calls an unsupported private
    ! gti rc=1 attempt 1 Effects_particles_particle_smoke.png.raw.png: WARNING: This project calls an unsupported private Codex backend path. The contract may break without notice.
WARNING: This project calls an unsupported private
    ! gti rc=1 attempt 2 Effects_fx_petals_fx_petals_003.png.raw.png: WARNING: This project calls an unsupported private Codex backend path. The contract may break without notice.
WARNING: This project calls an unsupported private
    ! gti rc=1 attempt 2 Effects_particles_particle_smoke.png.raw.png: WARNING: This project calls an unsupported private Codex backend path. The contract may break without notice.
WARNING: This project calls an unsupported private
    ! gti rc=1 attempt 2 Effects_particles_particle_petal.png.raw.png: WARNING: This project calls an unsupported private Codex backend path. The contract may break without notice.
WARNING: This project calls an unsupported private
    ! gti rc=1 attempt 2 Effects_particles_particle_ember.png.raw.png: WARNING: This project calls an unsupported private Codex backend path. The contract may break without notice.
WARNING: This project calls an unsupported private
    ! gti rc=1 attempt 3 Effects_fx_petals_fx_petals_003.png.raw.png: WARNING: This project calls an unsupported private Codex backend path. The contract may break without notice.
WARNING: This project calls an unsupported private
    ! gti rc=1 attempt 3 Effects_particles_particle_petal.png.raw.png: WARNING: This project calls an unsupported private Codex backend path. The contract may break without notice.
WARNING: This project calls an unsupported private
    ! gti rc=1 attempt 3 Effects_particles_particle_smoke.png.raw.png: WARNING: This project calls an unsupported private Codex backend path. The contract may break without notice.
WARNING: This project calls an unsupported private
    ! gti rc=1 attempt 3 Effects_particles_particle_ember.png.raw.png: WARNING: This project calls an unsupported private Codex backend path. The contract may break without notice.
WARNING: This project calls an unsupported private
FAIL Effects/fx_petals/fx_petals_003.png
FAIL Effects/particles/particle_ember.png
FAIL Effects/particles/particle_smoke.png
FAIL Effects/particles/particle_petal.png
    ! gti rc=1 attempt 1 Gimmicks_gimmick_vent_magma.png.raw.png: WARNING: This project calls an unsupported private Codex backend path. The contract may break without notice.
WARNING: This project calls an unsupported private
    ! gti rc=1 attempt 1 Gimmicks_gimmick_vent_petal.png.raw.png: WARNING: This project calls an unsupported private Codex backend path. The contract may break without notice.
WARNING: This project calls an unsupported private
    ! gti rc=1 attempt 2 Gimmicks_gimmick_vent_magma.png.raw.png: WARNING: This project calls an unsupported private Codex backend path. The contract may break without notice.
WARNING: This project calls an unsupported private
    ! gti rc=1 attempt 2 Gimmicks_gimmick_vent_petal.png.raw.png: WARNING: This project calls an unsupported private Codex backend path. The contract may break without notice.
WARNING: This project calls an unsupported private
    ! gti rc=1 attempt 3 Gimmicks_gimmick_vent_magma.png.raw.png: WARNING: This project calls an unsupported private Codex backend path. The contract may break without notice.
WARNING: This project calls an unsupported private
    ! gti rc=1 attempt 3 Gimmicks_gimmick_vent_petal.png.raw.png: WARNING: This project calls an unsupported private Codex backend path. The contract may break without notice.
WARNING: This project calls an unsupported private
FAIL Gimmicks/gimmick_vent_magma.png
FAIL Gimmicks/gimmick_vent_petal.png
done, 18 failures
retry round 4
    ! gti rc=1 attempt 1 Effects_fx_spawn_fx_spawn_003.png.raw.png: WARNING: This project calls an unsupported private Codex backend path. The contract may break without notice.
WARNING: This project calls an unsupported private
    ! gti rc=1 attempt 1 Effects_fx_spawn_fx_spawn_001.png.raw.png: WARNING: This project calls an unsupported private Codex backend path. The contract may break without notice.
WARNING: This project calls an unsupported private
    ! gti rc=1 attempt 1 Effects_fx_spawn_fx_spawn_002.png.raw.png: WARNING: This project calls an unsupported private Codex backend path. The contract may break without notice.
WARNING: This project calls an unsupported private
    ! gti rc=1 attempt 1 Effects_fx_spawn_fx_spawn_000.png.raw.png: WARNING: This project calls an unsupported private Codex backend path. The contract may break without notice.
WARNING: This project calls an unsupported private
    ! gti rc=1 attempt 2 Effects_fx_spawn_fx_spawn_002.png.raw.png: WARNING: This project calls an unsupported private Codex backend path. The contract may break without notice.
WARNING: This project calls an unsupported private
    ! gti rc=1 attempt 2 Effects_fx_spawn_fx_spawn_003.png.raw.png: WARNING: This project calls an unsupported private Codex backend path. The contract may break without notice.
WARNING: This project calls an unsupported private
    ! gti rc=1 attempt 2 Effects_fx_spawn_fx_spawn_000.png.raw.png: WARNING: This project calls an unsupported private Codex backend path. The contract may break without notice.
WARNING: This project calls an unsupported private
    ! gti rc=1 attempt 2 Effects_fx_spawn_fx_spawn_001.png.raw.png: WARNING: This project calls an unsupported private Codex backend path. The contract may break without notice.
WARNING: This project calls an unsupported private
    ! gti rc=1 attempt 3 Effects_fx_spawn_fx_spawn_003.png.raw.png: WARNING: This project calls an unsupported private Codex backend path. The contract may break without notice.
WARNING: This project calls an unsupported private
    ! gti rc=1 attempt 3 Effects_fx_spawn_fx_spawn_001.png.raw.png: WARNING: This project calls an unsupported private Codex backend path. The contract may break without notice.
WARNING: This project calls an unsupported private
    ! gti rc=1 attempt 3 Effects_fx_spawn_fx_spawn_000.png.raw.png: WARNING: This project calls an unsupported private Codex backend path. The contract may break without notice.
WARNING: This project calls an unsupported private
    ! gti rc=1 attempt 3 Effects_fx_spawn_fx_spawn_002.png.raw.png: WARNING: This project calls an unsupported private Codex backend path. The contract may break without notice.
WARNING: This project calls an unsupported private
FAIL Effects/fx_spawn/fx_spawn_000.png
FAIL Effects/fx_spawn/fx_spawn_001.png
FAIL Effects/fx_spawn/fx_spawn_002.png
FAIL Effects/fx_spawn/fx_spawn_003.png
    ! gti rc=1 attempt 1 Effects_fx_eruption_fx_eruption_000.png.raw.png: WARNING: This project calls an unsupported private Codex backend path. The contract may break without notice.
WARNING: This project calls an unsupported private
    ! gti rc=1 attempt 1 Effects_fx_eruption_fx_eruption_001.png.raw.png: WARNING: This project calls an unsupported private Codex backend path. The contract may break without notice.
WARNING: This project calls an unsupported private
    ! gti rc=1 attempt 1 Effects_fx_eruption_fx_eruption_002.png.raw.png: WARNING: This project calls an unsupported private Codex backend path. The contract may break without notice.
WARNING: This project calls an unsupported private
    ! gti rc=1 attempt 1 Effects_fx_eruption_fx_eruption_003.png.raw.png: WARNING: This project calls an unsupported private Codex backend path. The contract may break without notice.
WARNING: This project calls an unsupported private
    ! gti rc=1 attempt 2 Effects_fx_eruption_fx_eruption_000.png.raw.png: WARNING: This project calls an unsupported private Codex backend path. The contract may break without notice.
WARNING: This project calls an unsupported private
    ! gti rc=1 attempt 2 Effects_fx_eruption_fx_eruption_001.png.raw.png: WARNING: This project calls an unsupported private Codex backend path. The contract may break without notice.
WARNING: This project calls an unsupported private
    ! gti rc=1 attempt 2 Effects_fx_eruption_fx_eruption_002.png.raw.png: WARNING: This project calls an unsupported private Codex backend path. The contract may break without notice.
WARNING: This project calls an unsupported private
    ! gti rc=1 attempt 2 Effects_fx_eruption_fx_eruption_003.png.raw.png: WARNING: This project calls an unsupported private Codex backend path. The contract may break without notice.
WARNING: This project calls an unsupported private
    ! gti rc=1 attempt 3 Effects_fx_eruption_fx_eruption_000.png.raw.png: WARNING: This project calls an unsupported private Codex backend path. The contract may break without notice.
WARNING: This project calls an unsupported private
    ! gti rc=1 attempt 3 Effects_fx_eruption_fx_eruption_001.png.raw.png: WARNING: This project calls an unsupported private Codex backend path. The contract may break without notice.
WARNING: This project calls an unsupported private
    ! gti rc=1 attempt 3 Effects_fx_eruption_fx_eruption_002.png.raw.png: WARNING: This project calls an unsupported private Codex backend path. The contract may break without notice.
WARNING: This project calls an unsupported private
    ! gti rc=1 attempt 3 Effects_fx_eruption_fx_eruption_003.png.raw.png: WARNING: This project calls an unsupported private Codex backend path. The contract may break without notice.
WARNING: This project calls an unsupported private
FAIL Effects/fx_eruption/fx_eruption_000.png
FAIL Effects/fx_eruption/fx_eruption_001.png
FAIL Effects/fx_eruption/fx_eruption_002.png
FAIL Effects/fx_eruption/fx_eruption_003.png
    ! gti rc=1 attempt 1 Effects_fx_petals_fx_petals_001.png.raw.png: WARNING: This project calls an unsupported private Codex backend path. The contract may break without notice.
WARNING: This project calls an unsupported private
    ! gti rc=1 attempt 1 Effects_fx_eruption_fx_eruption_004.png.raw.png: WARNING: This project calls an unsupported private Codex backend path. The contract may break without notice.
WARNING: This project calls an unsupported private
    ! gti rc=1 attempt 1 Effects_fx_petals_fx_petals_000.png.raw.png: WARNING: This project calls an unsupported private Codex backend path. The contract may break without notice.
WARNING: This project calls an unsupported private
    ! gti rc=1 attempt 1 Effects_fx_petals_fx_petals_002.png.raw.png: WARNING: This project calls an unsupported private Codex backend path. The contract may break without notice.
WARNING: This project calls an unsupported private
    ! gti rc=1 attempt 2 Effects_fx_petals_fx_petals_001.png.raw.png: WARNING: This project calls an unsupported private Codex backend path. The contract may break without notice.
WARNING: This project calls an unsupported private
    ! gti rc=1 attempt 2 Effects_fx_petals_fx_petals_000.png.raw.png: WARNING: This project calls an unsupported private Codex backend path. The contract may break without notice.
WARNING: This project calls an unsupported private
    ! gti rc=1 attempt 2 Effects_fx_eruption_fx_eruption_004.png.raw.png: WARNING: This project calls an unsupported private Codex backend path. The contract may break without notice.
WARNING: This project calls an unsupported private
    ! gti rc=1 attempt 2 Effects_fx_petals_fx_petals_002.png.raw.png: WARNING: This project calls an unsupported private Codex backend path. The contract may break without notice.
WARNING: This project calls an unsupported private
    ! gti rc=1 attempt 3 Effects_fx_petals_fx_petals_001.png.raw.png: WARNING: This project calls an unsupported private Codex backend path. The contract may break without notice.
WARNING: This project calls an unsupported private
    ! gti rc=1 attempt 3 Effects_fx_petals_fx_petals_000.png.raw.png: WARNING: This project calls an unsupported private Codex backend path. The contract may break without notice.
WARNING: This project calls an unsupported private
    ! gti rc=1 attempt 3 Effects_fx_eruption_fx_eruption_004.png.raw.png: WARNING: This project calls an unsupported private Codex backend path. The contract may break without notice.
WARNING: This project calls an unsupported private
    ! gti rc=1 attempt 3 Effects_fx_petals_fx_petals_002.png.raw.png: WARNING: This project calls an unsupported private Codex backend path. The contract may break without notice.
WARNING: This project calls an unsupported private
FAIL Effects/fx_eruption/fx_eruption_004.png
FAIL Effects/fx_petals/fx_petals_000.png
FAIL Effects/fx_petals/fx_petals_001.png
FAIL Effects/fx_petals/fx_petals_002.png
    ! gti rc=1 attempt 1 Effects_fx_petals_fx_petals_003.png.raw.png: WARNING: This project calls an unsupported private Codex backend path. The contract may break without notice.
WARNING: This project calls an unsupported private
    ! gti rc=1 attempt 1 Effects_particles_particle_ember.png.raw.png: WARNING: This project calls an unsupported private Codex backend path. The contract may break without notice.
WARNING: This project calls an unsupported private
    ! gti rc=1 attempt 1 Effects_particles_particle_smoke.png.raw.png: WARNING: This project calls an unsupported private Codex backend path. The contract may break without notice.
WARNING: This project calls an unsupported private
    ! gti rc=1 attempt 1 Effects_particles_particle_petal.png.raw.png: WARNING: This project calls an unsupported private Codex backend path. The contract may break without notice.
WARNING: This project calls an unsupported private
    ! gti rc=1 attempt 2 Effects_fx_petals_fx_petals_003.png.raw.png: WARNING: This project calls an unsupported private Codex backend path. The contract may break without notice.
WARNING: This project calls an unsupported private
    ! gti rc=1 attempt 2 Effects_particles_particle_smoke.png.raw.png: WARNING: This project calls an unsupported private Codex backend path. The contract may break without notice.
WARNING: This project calls an unsupported private
    ! gti rc=1 attempt 2 Effects_particles_particle_ember.png.raw.png: WARNING: This project calls an unsupported private Codex backend path. The contract may break without notice.
WARNING: This project calls an unsupported private
    ! gti rc=1 attempt 2 Effects_particles_particle_petal.png.raw.png: WARNING: This project calls an unsupported private Codex backend path. The contract may break without notice.
WARNING: This project calls an unsupported private
    ! gti rc=1 attempt 3 Effects_particles_particle_ember.png.raw.png: WARNING: This project calls an unsupported private Codex backend path. The contract may break without notice.
WARNING: This project calls an unsupported private
    ! gti rc=1 attempt 3 Effects_fx_petals_fx_petals_003.png.raw.png: WARNING: This project calls an unsupported private Codex backend path. The contract may break without notice.
WARNING: This project calls an unsupported private
    ! gti rc=1 attempt 3 Effects_particles_particle_smoke.png.raw.png: WARNING: This project calls an unsupported private Codex backend path. The contract may break without notice.
WARNING: This project calls an unsupported private
    ! gti rc=1 attempt 3 Effects_particles_particle_petal.png.raw.png: WARNING: This project calls an unsupported private Codex backend path. The contract may break without notice.
WARNING: This project calls an unsupported private
FAIL Effects/fx_petals/fx_petals_003.png
FAIL Effects/particles/particle_ember.png
FAIL Effects/particles/particle_smoke.png
FAIL Effects/particles/particle_petal.png
    ! gti rc=1 attempt 1 Gimmicks_gimmick_vent_magma.png.raw.png: WARNING: This project calls an unsupported private Codex backend path. The contract may break without notice.
WARNING: This project calls an unsupported private
    ! gti rc=1 attempt 1 Gimmicks_gimmick_vent_petal.png.raw.png: WARNING: This project calls an unsupported private Codex backend path. The contract may break without notice.
WARNING: This project calls an unsupported private
    ! gti rc=1 attempt 2 Gimmicks_gimmick_vent_magma.png.raw.png: WARNING: This project calls an unsupported private Codex backend path. The contract may break without notice.
WARNING: This project calls an unsupported private
    ! gti rc=1 attempt 2 Gimmicks_gimmick_vent_petal.png.raw.png: WARNING: This project calls an unsupported private Codex backend path. The contract may break without notice.
WARNING: This project calls an unsupported private
    ! gti rc=1 attempt 3 Gimmicks_gimmick_vent_petal.png.raw.png: WARNING: This project calls an unsupported private Codex backend path. The contract may break without notice.
WARNING: This project calls an unsupported private
    ! gti rc=1 attempt 3 Gimmicks_gimmick_vent_magma.png.raw.png: WARNING: This project calls an unsupported private Codex backend path. The contract may break without notice.
WARNING: This project calls an unsupported private
FAIL Gimmicks/gimmick_vent_magma.png
FAIL Gimmicks/gimmick_vent_petal.png
done, 18 failures
retry round 5
    ! gti rc=1 attempt 1 Effects_fx_spawn_fx_spawn_000.png.raw.png: WARNING: This project calls an unsupported private Codex backend path. The contract may break without notice.
WARNING: This project calls an unsupported private
    ! gti rc=1 attempt 1 Effects_fx_spawn_fx_spawn_001.png.raw.png: WARNING: This project calls an unsupported private Codex backend path. The contract may break without notice.
WARNING: This project calls an unsupported private
    ! gti rc=1 attempt 1 Effects_fx_spawn_fx_spawn_002.png.raw.png: WARNING: This project calls an unsupported private Codex backend path. The contract may break without notice.
WARNING: This project calls an unsupported private
    ! gti rc=1 attempt 1 Effects_fx_spawn_fx_spawn_003.png.raw.png: WARNING: This project calls an unsupported private Codex backend path. The contract may break without notice.
WARNING: This project calls an unsupported private
    ! gti rc=1 attempt 2 Effects_fx_spawn_fx_spawn_000.png.raw.png: WARNING: This project calls an unsupported private Codex backend path. The contract may break without notice.
WARNING: This project calls an unsupported private
    ! gti rc=1 attempt 2 Effects_fx_spawn_fx_spawn_002.png.raw.png: WARNING: This project calls an unsupported private Codex backend path. The contract may break without notice.
WARNING: This project calls an unsupported private
    ! gti rc=1 attempt 2 Effects_fx_spawn_fx_spawn_001.png.raw.png: WARNING: This project calls an unsupported private Codex backend path. The contract may break without notice.
WARNING: This project calls an unsupported private
    ! gti rc=1 attempt 2 Effects_fx_spawn_fx_spawn_003.png.raw.png: WARNING: This project calls an unsupported private Codex backend path. The contract may break without notice.
WARNING: This project calls an unsupported private
    ! gti rc=1 attempt 3 Effects_fx_spawn_fx_spawn_002.png.raw.png: WARNING: This project calls an unsupported private Codex backend path. The contract may break without notice.
WARNING: This project calls an unsupported private
    ! gti rc=1 attempt 3 Effects_fx_spawn_fx_spawn_000.png.raw.png: WARNING: This project calls an unsupported private Codex backend path. The contract may break without notice.
WARNING: This project calls an unsupported private
    ! gti rc=1 attempt 3 Effects_fx_spawn_fx_spawn_001.png.raw.png: WARNING: This project calls an unsupported private Codex backend path. The contract may break without notice.
WARNING: This project calls an unsupported private
    ! gti rc=1 attempt 3 Effects_fx_spawn_fx_spawn_003.png.raw.png: WARNING: This project calls an unsupported private Codex backend path. The contract may break without notice.
WARNING: This project calls an unsupported private
FAIL Effects/fx_spawn/fx_spawn_000.png
FAIL Effects/fx_spawn/fx_spawn_001.png
FAIL Effects/fx_spawn/fx_spawn_002.png
FAIL Effects/fx_spawn/fx_spawn_003.png
    ! gti rc=1 attempt 1 Effects_fx_eruption_fx_eruption_000.png.raw.png: WARNING: This project calls an unsupported private Codex backend path. The contract may break without notice.
WARNING: This project calls an unsupported private
    ! gti rc=1 attempt 1 Effects_fx_eruption_fx_eruption_001.png.raw.png: WARNING: This project calls an unsupported private Codex backend path. The contract may break without notice.
WARNING: This project calls an unsupported private
    ! gti rc=1 attempt 1 Effects_fx_eruption_fx_eruption_002.png.raw.png: WARNING: This project calls an unsupported private Codex backend path. The contract may break without notice.
WARNING: This project calls an unsupported private
    ! gti rc=1 attempt 1 Effects_fx_eruption_fx_eruption_003.png.raw.png: WARNING: This project calls an unsupported private Codex backend path. The contract may break without notice.
WARNING: This project calls an unsupported private
    ! gti rc=1 attempt 2 Effects_fx_eruption_fx_eruption_000.png.raw.png: WARNING: This project calls an unsupported private Codex backend path. The contract may break without notice.
WARNING: This project calls an unsupported private
    ! gti rc=1 attempt 2 Effects_fx_eruption_fx_eruption_002.png.raw.png: WARNING: This project calls an unsupported private Codex backend path. The contract may break without notice.
WARNING: This project calls an unsupported private
    ! gti rc=1 attempt 2 Effects_fx_eruption_fx_eruption_001.png.raw.png: WARNING: This project calls an unsupported private Codex backend path. The contract may break without notice.
WARNING: This project calls an unsupported private
    ! gti rc=1 attempt 2 Effects_fx_eruption_fx_eruption_003.png.raw.png: WARNING: This project calls an unsupported private Codex backend path. The contract may break without notice.
WARNING: This project calls an unsupported private
    ! gti rc=1 attempt 3 Effects_fx_eruption_fx_eruption_002.png.raw.png: WARNING: This project calls an unsupported private Codex backend path. The contract may break without notice.
WARNING: This project calls an unsupported private
    ! gti rc=1 attempt 3 Effects_fx_eruption_fx_eruption_000.png.raw.png: WARNING: This project calls an unsupported private Codex backend path. The contract may break without notice.
WARNING: This project calls an unsupported private
    ! gti rc=1 attempt 3 Effects_fx_eruption_fx_eruption_001.png.raw.png: WARNING: This project calls an unsupported private Codex backend path. The contract may break without notice.
WARNING: This project calls an unsupported private
    ! gti rc=1 attempt 3 Effects_fx_eruption_fx_eruption_003.png.raw.png: WARNING: This project calls an unsupported private Codex backend path. The contract may break without notice.
WARNING: This project calls an unsupported private
FAIL Effects/fx_eruption/fx_eruption_000.png
FAIL Effects/fx_eruption/fx_eruption_001.png
FAIL Effects/fx_eruption/fx_eruption_002.png
FAIL Effects/fx_eruption/fx_eruption_003.png
    ! gti rc=1 attempt 1 Effects_fx_petals_fx_petals_000.png.raw.png: WARNING: This project calls an unsupported private Codex backend path. The contract may break without notice.
WARNING: This project calls an unsupported private
    ! gti rc=1 attempt 1 Effects_fx_eruption_fx_eruption_004.png.raw.png: WARNING: This project calls an unsupported private Codex backend path. The contract may break without notice.
WARNING: This project calls an unsupported private
    ! gti rc=1 attempt 1 Effects_fx_petals_fx_petals_002.png.raw.png: WARNING: This project calls an unsupported private Codex backend path. The contract may break without notice.
WARNING: This project calls an unsupported private
    ! gti rc=1 attempt 1 Effects_fx_petals_fx_petals_001.png.raw.png: WARNING: This project calls an unsupported private Codex backend path. The contract may break without notice.
WARNING: This project calls an unsupported private
    ! gti rc=1 attempt 2 Effects_fx_eruption_fx_eruption_004.png.raw.png: WARNING: This project calls an unsupported private Codex backend path. The contract may break without notice.
WARNING: This project calls an unsupported private
    ! gti rc=1 attempt 2 Effects_fx_petals_fx_petals_000.png.raw.png: WARNING: This project calls an unsupported private Codex backend path. The contract may break without notice.
WARNING: This project calls an unsupported private
    ! gti rc=1 attempt 2 Effects_fx_petals_fx_petals_002.png.raw.png: WARNING: This project calls an unsupported private Codex backend path. The contract may break without notice.
WARNING: This project calls an unsupported private
    ! gti rc=1 attempt 2 Effects_fx_petals_fx_petals_001.png.raw.png: WARNING: This project calls an unsupported private Codex backend path. The contract may break without notice.
WARNING: This project calls an unsupported private
    ! gti rc=1 attempt 3 Effects_fx_eruption_fx_eruption_004.png.raw.png: WARNING: This project calls an unsupported private Codex backend path. The contract may break without notice.
WARNING: This project calls an unsupported private
    ! gti rc=1 attempt 3 Effects_fx_petals_fx_petals_000.png.raw.png: WARNING: This project calls an unsupported private Codex backend path. The contract may break without notice.
WARNING: This project calls an unsupported private
    ! gti rc=1 attempt 3 Effects_fx_petals_fx_petals_001.png.raw.png: WARNING: This project calls an unsupported private Codex backend path. The contract may break without notice.
WARNING: This project calls an unsupported private
    ! gti rc=1 attempt 3 Effects_fx_petals_fx_petals_002.png.raw.png: WARNING: This project calls an unsupported private Codex backend path. The contract may break without notice.
WARNING: This project calls an unsupported private
FAIL Effects/fx_eruption/fx_eruption_004.png
FAIL Effects/fx_petals/fx_petals_000.png
FAIL Effects/fx_petals/fx_petals_001.png
FAIL Effects/fx_petals/fx_petals_002.png
    ! gti rc=1 attempt 1 Effects_fx_petals_fx_petals_003.png.raw.png: WARNING: This project calls an unsupported private Codex backend path. The contract may break without notice.
WARNING: This project calls an unsupported private
    ! gti rc=1 attempt 1 Effects_particles_particle_ember.png.raw.png: WARNING: This project calls an unsupported private Codex backend path. The contract may break without notice.
WARNING: This project calls an unsupported private
    ! gti rc=1 attempt 1 Effects_particles_particle_smoke.png.raw.png: WARNING: This project calls an unsupported private Codex backend path. The contract may break without notice.
WARNING: This project calls an unsupported private
    ! gti rc=1 attempt 1 Effects_particles_particle_petal.png.raw.png: WARNING: This project calls an unsupported private Codex backend path. The contract may break without notice.
WARNING: This project calls an unsupported private
    ! gti rc=1 attempt 2 Effects_fx_petals_fx_petals_003.png.raw.png: WARNING: This project calls an unsupported private Codex backend path. The contract may break without notice.
WARNING: This project calls an unsupported private
    ! gti rc=1 attempt 2 Effects_particles_particle_smoke.png.raw.png: WARNING: This project calls an unsupported private Codex backend path. The contract may break without notice.
WARNING: This project calls an unsupported private
    ! gti rc=1 attempt 2 Effects_particles_particle_ember.png.raw.png: WARNING: This project calls an unsupported private Codex backend path. The contract may break without notice.
WARNING: This project calls an unsupported private
    ! gti rc=1 attempt 2 Effects_particles_particle_petal.png.raw.png: WARNING: This project calls an unsupported private Codex backend path. The contract may break without notice.
WARNING: This project calls an unsupported private
    ! gti rc=1 attempt 3 Effects_fx_petals_fx_petals_003.png.raw.png: WARNING: This project calls an unsupported private Codex backend path. The contract may break without notice.
WARNING: This project calls an unsupported private
    ! gti rc=1 attempt 3 Effects_particles_particle_ember.png.raw.png: WARNING: This project calls an unsupported private Codex backend path. The contract may break without notice.
WARNING: This project calls an unsupported private
    ! gti rc=1 attempt 3 Effects_particles_particle_smoke.png.raw.png: WARNING: This project calls an unsupported private Codex backend path. The contract may break without notice.
WARNING: This project calls an unsupported private
    ! gti rc=1 attempt 3 Effects_particles_particle_petal.png.raw.png: WARNING: This project calls an unsupported private Codex backend path. The contract may break without notice.
WARNING: This project calls an unsupported private
FAIL Effects/fx_petals/fx_petals_003.png
FAIL Effects/particles/particle_ember.png
FAIL Effects/particles/particle_smoke.png
FAIL Effects/particles/particle_petal.png
    ! gti rc=1 attempt 1 Gimmicks_gimmick_vent_magma.png.raw.png: WARNING: This project calls an unsupported private Codex backend path. The contract may break without notice.
WARNING: This project calls an unsupported private
    ! gti rc=1 attempt 1 Gimmicks_gimmick_vent_petal.png.raw.png: WARNING: This project calls an unsupported private Codex backend path. The contract may break without notice.
WARNING: This project calls an unsupported private
    ! gti rc=1 attempt 2 Gimmicks_gimmick_vent_magma.png.raw.png: WARNING: This project calls an unsupported private Codex backend path. The contract may break without notice.
WARNING: This project calls an unsupported private
    ! gti rc=1 attempt 2 Gimmicks_gimmick_vent_petal.png.raw.png: WARNING: This project calls an unsupported private Codex backend path. The contract may break without notice.
WARNING: This project calls an unsupported private
    ! gti rc=1 attempt 3 Gimmicks_gimmick_vent_magma.png.raw.png: WARNING: This project calls an unsupported private Codex backend path. The contract may break without notice.
WARNING: This project calls an unsupported private
    ! gti rc=1 attempt 3 Gimmicks_gimmick_vent_petal.png.raw.png: WARNING: This project calls an unsupported private Codex backend path. The contract may break without notice.
WARNING: This project calls an unsupported private
FAIL Gimmicks/gimmick_vent_magma.png
FAIL Gimmicks/gimmick_vent_petal.png
done, 18 failures
retry round 6
    ! gti rc=1 attempt 1 Effects_fx_spawn_fx_spawn_001.png.raw.png: WARNING: This project calls an unsupported private Codex backend path. The contract may break without notice.
WARNING: This project calls an unsupported private
    ! gti rc=1 attempt 1 Effects_fx_spawn_fx_spawn_000.png.raw.png: WARNING: This project calls an unsupported private Codex backend path. The contract may break without notice.
WARNING: This project calls an unsupported private
    ! gti rc=1 attempt 1 Effects_fx_spawn_fx_spawn_003.png.raw.png: WARNING: This project calls an unsupported private Codex backend path. The contract may break without notice.
WARNING: This project calls an unsupported private
    ! gti rc=1 attempt 1 Effects_fx_spawn_fx_spawn_002.png.raw.png: WARNING: This project calls an unsupported private Codex backend path. The contract may break without notice.
WARNING: This project calls an unsupported private
    ! gti rc=1 attempt 2 Effects_fx_spawn_fx_spawn_003.png.raw.png: WARNING: This project calls an unsupported private Codex backend path. The contract may break without notice.
WARNING: This project calls an unsupported private
    ! gti rc=1 attempt 2 Effects_fx_spawn_fx_spawn_002.png.raw.png: WARNING: This project calls an unsupported private Codex backend path. The contract may break without notice.
WARNING: This project calls an unsupported private
    ! gti rc=1 attempt 2 Effects_fx_spawn_fx_spawn_001.png.raw.png: WARNING: This project calls an unsupported private Codex backend path. The contract may break without notice.
WARNING: This project calls an unsupported private
    ! gti rc=1 attempt 2 Effects_fx_spawn_fx_spawn_000.png.raw.png: WARNING: This project calls an unsupported private Codex backend path. The contract may break without notice.
WARNING: This project calls an unsupported private
    ! gti rc=1 attempt 3 Effects_fx_spawn_fx_spawn_002.png.raw.png: WARNING: This project calls an unsupported private Codex backend path. The contract may break without notice.
WARNING: This project calls an unsupported private
    ! gti rc=1 attempt 3 Effects_fx_spawn_fx_spawn_003.png.raw.png: WARNING: This project calls an unsupported private Codex backend path. The contract may break without notice.
WARNING: This project calls an unsupported private
    ! gti rc=1 attempt 3 Effects_fx_spawn_fx_spawn_001.png.raw.png: WARNING: This project calls an unsupported private Codex backend path. The contract may break without notice.
WARNING: This project calls an unsupported private
    ! gti rc=1 attempt 3 Effects_fx_spawn_fx_spawn_000.png.raw.png: WARNING: This project calls an unsupported private Codex backend path. The contract may break without notice.
WARNING: This project calls an unsupported private
FAIL Effects/fx_spawn/fx_spawn_000.png
FAIL Effects/fx_spawn/fx_spawn_001.png
FAIL Effects/fx_spawn/fx_spawn_002.png
FAIL Effects/fx_spawn/fx_spawn_003.png
    ! gti rc=1 attempt 1 Effects_fx_eruption_fx_eruption_000.png.raw.png: WARNING: This project calls an unsupported private Codex backend path. The contract may break without notice.
WARNING: This project calls an unsupported private
    ! gti rc=1 attempt 1 Effects_fx_eruption_fx_eruption_003.png.raw.png: WARNING: This project calls an unsupported private Codex backend path. The contract may break without notice.
WARNING: This project calls an unsupported private
    ! gti rc=1 attempt 1 Effects_fx_eruption_fx_eruption_001.png.raw.png: WARNING: This project calls an unsupported private Codex backend path. The contract may break without notice.
WARNING: This project calls an unsupported private
    ! gti rc=1 attempt 1 Effects_fx_eruption_fx_eruption_002.png.raw.png: WARNING: This project calls an unsupported private Codex backend path. The contract may break without notice.
WARNING: This project calls an unsupported private
    ! gti rc=1 attempt 2 Effects_fx_eruption_fx_eruption_000.png.raw.png: WARNING: This project calls an unsupported private Codex backend path. The contract may break without notice.
WARNING: This project calls an unsupported private
    ! gti rc=1 attempt 2 Effects_fx_eruption_fx_eruption_003.png.raw.png: WARNING: This project calls an unsupported private Codex backend path. The contract may break without notice.
WARNING: This project calls an unsupported private
    ! gti rc=1 attempt 2 Effects_fx_eruption_fx_eruption_002.png.raw.png: WARNING: This project calls an unsupported private Codex backend path. The contract may break without notice.
WARNING: This project calls an unsupported private
    ! gti rc=1 attempt 2 Effects_fx_eruption_fx_eruption_001.png.raw.png: WARNING: This project calls an unsupported private Codex backend path. The contract may break without notice.
WARNING: This project calls an unsupported private
    ! gti rc=1 attempt 3 Effects_fx_eruption_fx_eruption_000.png.raw.png: WARNING: This project calls an unsupported private Codex backend path. The contract may break without notice.
WARNING: This project calls an unsupported private
    ! gti rc=1 attempt 3 Effects_fx_eruption_fx_eruption_003.png.raw.png: WARNING: This project calls an unsupported private Codex backend path. The contract may break without notice.
WARNING: This project calls an unsupported private
    ! gti rc=1 attempt 3 Effects_fx_eruption_fx_eruption_002.png.raw.png: WARNING: This project calls an unsupported private Codex backend path. The contract may break without notice.
WARNING: This project calls an unsupported private
    ! gti rc=1 attempt 3 Effects_fx_eruption_fx_eruption_001.png.raw.png: WARNING: This project calls an unsupported private Codex backend path. The contract may break without notice.
WARNING: This project calls an unsupported private
FAIL Effects/fx_eruption/fx_eruption_000.png
FAIL Effects/fx_eruption/fx_eruption_001.png
FAIL Effects/fx_eruption/fx_eruption_002.png
FAIL Effects/fx_eruption/fx_eruption_003.png
    ! gti rc=1 attempt 1 Effects_fx_eruption_fx_eruption_004.png.raw.png: WARNING: This project calls an unsupported private Codex backend path. The contract may break without notice.
WARNING: This project calls an unsupported private
    ! gti rc=1 attempt 1 Effects_fx_petals_fx_petals_001.png.raw.png: WARNING: This project calls an unsupported private Codex backend path. The contract may break without notice.
WARNING: This project calls an unsupported private
    ! gti rc=1 attempt 1 Effects_fx_petals_fx_petals_000.png.raw.png: WARNING: This project calls an unsupported private Codex backend path. The contract may break without notice.
WARNING: This project calls an unsupported private
    ! gti rc=1 attempt 1 Effects_fx_petals_fx_petals_002.png.raw.png: WARNING: This project calls an unsupported private Codex backend path. The contract may break without notice.
WARNING: This project calls an unsupported private
    ! gti rc=1 attempt 2 Effects_fx_eruption_fx_eruption_004.png.raw.png: WARNING: This project calls an unsupported private Codex backend path. The contract may break without notice.
WARNING: This project calls an unsupported private
    ! gti rc=1 attempt 2 Effects_fx_petals_fx_petals_001.png.raw.png: WARNING: This project calls an unsupported private Codex backend path. The contract may break without notice.
WARNING: This project calls an unsupported private
    ! gti rc=1 attempt 2 Effects_fx_petals_fx_petals_000.png.raw.png: WARNING: This project calls an unsupported private Codex backend path. The contract may break without notice.
WARNING: This project calls an unsupported private
    ! gti rc=1 attempt 2 Effects_fx_petals_fx_petals_002.png.raw.png: WARNING: This project calls an unsupported private Codex backend path. The contract may break without notice.
WARNING: This project calls an unsupported private
    ! gti rc=1 attempt 3 Effects_fx_petals_fx_petals_000.png.raw.png: WARNING: This project calls an unsupported private Codex backend path. The contract may break without notice.
WARNING: This project calls an unsupported private
    ! gti rc=1 attempt 3 Effects_fx_petals_fx_petals_002.png.raw.png: WARNING: This project calls an unsupported private Codex backend path. The contract may break without notice.
WARNING: This project calls an unsupported private
    ! gti rc=1 attempt 3 Effects_fx_petals_fx_petals_001.png.raw.png: WARNING: This project calls an unsupported private Codex backend path. The contract may break without notice.
WARNING: This project calls an unsupported private
    ! gti rc=1 attempt 3 Effects_fx_eruption_fx_eruption_004.png.raw.png: WARNING: This project calls an unsupported private Codex backend path. The contract may break without notice.
WARNING: This project calls an unsupported private
FAIL Effects/fx_eruption/fx_eruption_004.png
FAIL Effects/fx_petals/fx_petals_000.png
FAIL Effects/fx_petals/fx_petals_001.png
FAIL Effects/fx_petals/fx_petals_002.png
    ! gti rc=1 attempt 1 Effects_fx_petals_fx_petals_003.png.raw.png: WARNING: This project calls an unsupported private Codex backend path. The contract may break without notice.
WARNING: This project calls an unsupported private
    ! gti rc=1 attempt 1 Effects_particles_particle_ember.png.raw.png: WARNING: This project calls an unsupported private Codex backend path. The contract may break without notice.
WARNING: This project calls an unsupported private
    ! gti rc=1 attempt 1 Effects_particles_particle_smoke.png.raw.png: WARNING: This project calls an unsupported private Codex backend path. The contract may break without notice.
WARNING: This project calls an unsupported private
    ! gti rc=1 attempt 1 Effects_particles_particle_petal.png.raw.png: WARNING: This project calls an unsupported private Codex backend path. The contract may break without notice.
WARNING: This project calls an unsupported private
    ! gti rc=1 attempt 2 Effects_fx_petals_fx_petals_003.png.raw.png: WARNING: This project calls an unsupported private Codex backend path. The contract may break without notice.
WARNING: This project calls an unsupported private
    ! gti rc=1 attempt 2 Effects_particles_particle_smoke.png.raw.png: WARNING: This project calls an unsupported private Codex backend path. The contract may break without notice.
WARNING: This project calls an unsupported private
    ! gti rc=1 attempt 2 Effects_particles_particle_ember.png.raw.png: WARNING: This project calls an unsupported private Codex backend path. The contract may break without notice.
WARNING: This project calls an unsupported private
    ! gti rc=1 attempt 2 Effects_particles_particle_petal.png.raw.png: WARNING: This project calls an unsupported private Codex backend path. The contract may break without notice.
WARNING: This project calls an unsupported private
    ! gti rc=1 attempt 3 Effects_fx_petals_fx_petals_003.png.raw.png: WARNING: This project calls an unsupported private Codex backend path. The contract may break without notice.
WARNING: This project calls an unsupported private
    ! gti rc=1 attempt 3 Effects_particles_particle_smoke.png.raw.png: WARNING: This project calls an unsupported private Codex backend path. The contract may break without notice.
WARNING: This project calls an unsupported private
    ! gti rc=1 attempt 3 Effects_particles_particle_ember.png.raw.png: WARNING: This project calls an unsupported private Codex backend path. The contract may break without notice.
WARNING: This project calls an unsupported private
    ! gti rc=1 attempt 3 Effects_particles_particle_petal.png.raw.png: WARNING: This project calls an unsupported private Codex backend path. The contract may break without notice.
WARNING: This project calls an unsupported private
FAIL Effects/fx_petals/fx_petals_003.png
FAIL Effects/particles/particle_ember.png
FAIL Effects/particles/particle_smoke.png
    ! gti rc=1 attempt 1 Gimmicks_gimmick_vent_magma.png.raw.png: WARNING: This project calls an unsupported private Codex backend path. The contract may break without notice.
WARNING: This project calls an unsupported private
FAIL Effects/particles/particle_petal.png
    ! gti rc=1 attempt 1 Gimmicks_gimmick_vent_petal.png.raw.png: WARNING: This project calls an unsupported private Codex backend path. The contract may break without notice.
WARNING: This project calls an unsupported private
    ! gti rc=1 attempt 2 Gimmicks_gimmick_vent_magma.png.raw.png: WARNING: This project calls an unsupported private Codex backend path. The contract may break without notice.
WARNING: This project calls an unsupported private
    ! gti rc=1 attempt 2 Gimmicks_gimmick_vent_petal.png.raw.png: WARNING: This project calls an unsupported private Codex backend path. The contract may break without notice.
WARNING: This project calls an unsupported private
    ! gti rc=1 attempt 3 Gimmicks_gimmick_vent_petal.png.raw.png: WARNING: This project calls an unsupported private Codex backend path. The contract may break without notice.
WARNING: This project calls an unsupported private
    ! gti rc=1 attempt 3 Gimmicks_gimmick_vent_magma.png.raw.png: WARNING: This project calls an unsupported private Codex backend path. The contract may break without notice.
WARNING: This project calls an unsupported private
FAIL Gimmicks/gimmick_vent_magma.png
FAIL Gimmicks/gimmick_vent_petal.png
done, 18 failures
retry round 7
    ! gti rc=1 attempt 1 Effects_fx_spawn_fx_spawn_000.png.raw.png: WARNING: This project calls an unsupported private Codex backend path. The contract may break without notice.
WARNING: This project calls an unsupported private
    ! gti rc=1 attempt 1 Effects_fx_spawn_fx_spawn_002.png.raw.png: WARNING: This project calls an unsupported private Codex backend path. The contract may break without notice.
WARNING: This project calls an unsupported private    ! gti rc=1 attempt 1 Effects_fx_spawn_fx_spawn_001.png.raw.png: WARNING: This project calls an unsupported private Codex backend path. The contract may break without notice.
WARNING: This project calls an unsupported private

    ! gti rc=1 attempt 1 Effects_fx_spawn_fx_spawn_003.png.raw.png: WARNING: This project calls an unsupported private Codex backend path. The contract may break without notice.
WARNING: This project calls an unsupported private
    ! gti rc=1 attempt 2 Effects_fx_spawn_fx_spawn_002.png.raw.png: WARNING: This project calls an unsupported private Codex backend path. The contract may break without notice.
WARNING: This project calls an unsupported private
    ! gti rc=1 attempt 2 Effects_fx_spawn_fx_spawn_000.png.raw.png: WARNING: This project calls an unsupported private Codex backend path. The contract may break without notice.
WARNING: This project calls an unsupported private
    ! gti rc=1 attempt 2 Effects_fx_spawn_fx_spawn_003.png.raw.png: WARNING: This project calls an unsupported private Codex backend path. The contract may break without notice.
WARNING: This project calls an unsupported private
    ! gti rc=1 attempt 2 Effects_fx_spawn_fx_spawn_001.png.raw.png: WARNING: This project calls an unsupported private Codex backend path. The contract may break without notice.
WARNING: This project calls an unsupported private
    ! gti rc=1 attempt 3 Effects_fx_spawn_fx_spawn_002.png.raw.png: WARNING: This project calls an unsupported private Codex backend path. The contract may break without notice.
WARNING: This project calls an unsupported private
    ! gti rc=1 attempt 3 Effects_fx_spawn_fx_spawn_001.png.raw.png: WARNING: This project calls an unsupported private Codex backend path. The contract may break without notice.
WARNING: This project calls an unsupported private
    ! gti rc=1 attempt 3 Effects_fx_spawn_fx_spawn_003.png.raw.png: WARNING: This project calls an unsupported private Codex backend path. The contract may break without notice.
WARNING: This project calls an unsupported private
    ! gti rc=1 attempt 3 Effects_fx_spawn_fx_spawn_000.png.raw.png: WARNING: This project calls an unsupported private Codex backend path. The contract may break without notice.
WARNING: This project calls an unsupported private
FAIL Effects/fx_spawn/fx_spawn_000.png
FAIL Effects/fx_spawn/fx_spawn_001.png
FAIL Effects/fx_spawn/fx_spawn_002.png
FAIL Effects/fx_spawn/fx_spawn_003.png
    ! gti rc=1 attempt 1 Effects_fx_eruption_fx_eruption_000.png.raw.png: WARNING: This project calls an unsupported private Codex backend path. The contract may break without notice.
WARNING: This project calls an unsupported private
    ! gti rc=1 attempt 1 Effects_fx_eruption_fx_eruption_002.png.raw.png: WARNING: This project calls an unsupported private Codex backend path. The contract may break without notice.
WARNING: This project calls an unsupported private
    ! gti rc=1 attempt 1 Effects_fx_eruption_fx_eruption_001.png.raw.png: WARNING: This project calls an unsupported private Codex backend path. The contract may break without notice.
WARNING: This project calls an unsupported private
    ! gti rc=1 attempt 1 Effects_fx_eruption_fx_eruption_003.png.raw.png: WARNING: This project calls an unsupported private Codex backend path. The contract may break without notice.
WARNING: This project calls an unsupported private
    ! gti rc=1 attempt 2 Effects_fx_eruption_fx_eruption_000.png.raw.png: WARNING: This project calls an unsupported private Codex backend path. The contract may break without notice.
WARNING: This project calls an unsupported private
    ! gti rc=1 attempt 2 Effects_fx_eruption_fx_eruption_002.png.raw.png: WARNING: This project calls an unsupported private Codex backend path. The contract may break without notice.
WARNING: This project calls an unsupported private
    ! gti rc=1 attempt 2 Effects_fx_eruption_fx_eruption_001.png.raw.png: WARNING: This project calls an unsupported private Codex backend path. The contract may break without notice.
WARNING: This project calls an unsupported private
    ! gti rc=1 attempt 2 Effects_fx_eruption_fx_eruption_003.png.raw.png: WARNING: This project calls an unsupported private Codex backend path. The contract may break without notice.
WARNING: This project calls an unsupported private
    ! gti rc=1 attempt 3 Effects_fx_eruption_fx_eruption_000.png.raw.png: WARNING: This project calls an unsupported private Codex backend path. The contract may break without notice.
WARNING: This project calls an unsupported private
    ! gti rc=1 attempt 3 Effects_fx_eruption_fx_eruption_003.png.raw.png: WARNING: This project calls an unsupported private Codex backend path. The contract may break without notice.
WARNING: This project calls an unsupported private
    ! gti rc=1 attempt 3 Effects_fx_eruption_fx_eruption_001.png.raw.png: WARNING: This project calls an unsupported private Codex backend path. The contract may break without notice.
WARNING: This project calls an unsupported private
    ! gti rc=1 attempt 3 Effects_fx_eruption_fx_eruption_002.png.raw.png: WARNING: This project calls an unsupported private Codex backend path. The contract may break without notice.
WARNING: This project calls an unsupported private
FAIL Effects/fx_eruption/fx_eruption_000.png
FAIL Effects/fx_eruption/fx_eruption_001.png
FAIL Effects/fx_eruption/fx_eruption_002.png
FAIL Effects/fx_eruption/fx_eruption_003.png
    ! gti rc=1 attempt 1 Effects_fx_petals_fx_petals_001.png.raw.png: WARNING: This project calls an unsupported private Codex backend path. The contract may break without notice.
WARNING: This project calls an unsupported private
    ! gti rc=1 attempt 1 Effects_fx_eruption_fx_eruption_004.png.raw.png: WARNING: This project calls an unsupported private Codex backend path. The contract may break without notice.
WARNING: This project calls an unsupported private
    ! gti rc=1 attempt 1 Effects_fx_petals_fx_petals_002.png.raw.png: WARNING: This project calls an unsupported private Codex backend path. The contract may break without notice.
WARNING: This project calls an unsupported private
    ! gti rc=1 attempt 1 Effects_fx_petals_fx_petals_000.png.raw.png: WARNING: This project calls an unsupported private Codex backend path. The contract may break without notice.
WARNING: This project calls an unsupported private
    ! gti rc=1 attempt 2 Effects_fx_petals_fx_petals_002.png.raw.png: WARNING: This project calls an unsupported private Codex backend path. The contract may break without notice.
WARNING: This project calls an unsupported private
    ! gti rc=1 attempt 2 Effects_fx_petals_fx_petals_001.png.raw.png: WARNING: This project calls an unsupported private Codex backend path. The contract may break without notice.
WARNING: This project calls an unsupported private
    ! gti rc=1 attempt 2 Effects_fx_eruption_fx_eruption_004.png.raw.png: WARNING: This project calls an unsupported private Codex backend path. The contract may break without notice.
WARNING: This project calls an unsupported private
    ! gti rc=1 attempt 2 Effects_fx_petals_fx_petals_000.png.raw.png: WARNING: This project calls an unsupported private Codex backend path. The contract may break without notice.
WARNING: This project calls an unsupported private
    ! gti rc=1 attempt 3 Effects_fx_petals_fx_petals_002.png.raw.png: WARNING: This project calls an unsupported private Codex backend path. The contract may break without notice.
WARNING: This project calls an unsupported private
    ! gti rc=1 attempt 3 Effects_fx_eruption_fx_eruption_004.png.raw.png: WARNING: This project calls an unsupported private Codex backend path. The contract may break without notice.
WARNING: This project calls an unsupported private
    ! gti rc=1 attempt 3 Effects_fx_petals_fx_petals_000.png.raw.png: WARNING: This project calls an unsupported private Codex backend path. The contract may break without notice.
WARNING: This project calls an unsupported private
    ! gti rc=1 attempt 3 Effects_fx_petals_fx_petals_001.png.raw.png: WARNING: This project calls an unsupported private Codex backend path. The contract may break without notice.
WARNING: This project calls an unsupported private
FAIL Effects/fx_eruption/fx_eruption_004.png
FAIL Effects/fx_petals/fx_petals_000.png
FAIL Effects/fx_petals/fx_petals_001.png
FAIL Effects/fx_petals/fx_petals_002.png
    ! gti rc=1 attempt 1 Effects_fx_petals_fx_petals_003.png.raw.png: WARNING: This project calls an unsupported private Codex backend path. The contract may break without notice.
WARNING: This project calls an unsupported private
    ! gti rc=1 attempt 1 Effects_particles_particle_ember.png.raw.png: WARNING: This project calls an unsupported private Codex backend path. The contract may break without notice.
WARNING: This project calls an unsupported private
    ! gti rc=1 attempt 1 Effects_particles_particle_smoke.png.raw.png: WARNING: This project calls an unsupported private Codex backend path. The contract may break without notice.
WARNING: This project calls an unsupported private
    ! gti rc=1 attempt 1 Effects_particles_particle_petal.png.raw.png: WARNING: This project calls an unsupported private Codex backend path. The contract may break without notice.
WARNING: This project calls an unsupported private
    ! gti rc=1 attempt 2 Effects_fx_petals_fx_petals_003.png.raw.png: WARNING: This project calls an unsupported private Codex backend path. The contract may break without notice.
WARNING: This project calls an unsupported private
    ! gti rc=1 attempt 2 Effects_particles_particle_smoke.png.raw.png: WARNING: This project calls an unsupported private Codex backend path. The contract may break without notice.
WARNING: This project calls an unsupported private
    ! gti rc=1 attempt 2 Effects_particles_particle_ember.png.raw.png: WARNING: This project calls an unsupported private Codex backend path. The contract may break without notice.
WARNING: This project calls an unsupported private
    ! gti rc=1 attempt 2 Effects_particles_particle_petal.png.raw.png: WARNING: This project calls an unsupported private Codex backend path. The contract may break without notice.
WARNING: This project calls an unsupported private
    ! gti rc=1 attempt 3 Effects_fx_petals_fx_petals_003.png.raw.png: WARNING: This project calls an unsupported private Codex backend path. The contract may break without notice.
WARNING: This project calls an unsupported private
    ! gti rc=1 attempt 3 Effects_particles_particle_smoke.png.raw.png: WARNING: This project calls an unsupported private Codex backend path. The contract may break without notice.
WARNING: This project calls an unsupported private
    ! gti rc=1 attempt 3 Effects_particles_particle_ember.png.raw.png: WARNING: This project calls an unsupported private Codex backend path. The contract may break without notice.
WARNING: This project calls an unsupported private
    ! gti rc=1 attempt 3 Effects_particles_particle_petal.png.raw.png: WARNING: This project calls an unsupported private Codex backend path. The contract may break without notice.
WARNING: This project calls an unsupported private
FAIL Effects/fx_petals/fx_petals_003.png
FAIL Effects/particles/particle_ember.png
FAIL Effects/particles/particle_smoke.png
FAIL Effects/particles/particle_petal.png
    ! gti rc=1 attempt 1 Gimmicks_gimmick_vent_magma.png.raw.png: WARNING: This project calls an unsupported private Codex backend path. The contract may break without notice.
WARNING: This project calls an unsupported private
    ! gti rc=1 attempt 1 Gimmicks_gimmick_vent_petal.png.raw.png: WARNING: This project calls an unsupported private Codex backend path. The contract may break without notice.
WARNING: This project calls an unsupported private
    ! gti rc=1 attempt 2 Gimmicks_gimmick_vent_magma.png.raw.png: WARNING: This project calls an unsupported private Codex backend path. The contract may break without notice.
WARNING: This project calls an unsupported private
    ! gti rc=1 attempt 2 Gimmicks_gimmick_vent_petal.png.raw.png: WARNING: This project calls an unsupported private Codex backend path. The contract may break without notice.
WARNING: This project calls an unsupported private
    ! gti rc=1 attempt 3 Gimmicks_gimmick_vent_petal.png.raw.png: WARNING: This project calls an unsupported private Codex backend path. The contract may break without notice.
WARNING: This project calls an unsupported private
    ! gti rc=1 attempt 3 Gimmicks_gimmick_vent_magma.png.raw.png: WARNING: This project calls an unsupported private Codex backend path. The contract may break without notice.
WARNING: This project calls an unsupported private
FAIL Gimmicks/gimmick_vent_magma.png
FAIL Gimmicks/gimmick_vent_petal.png
done, 18 failures
retry round 8
    ! gti rc=1 attempt 1 Effects_fx_spawn_fx_spawn_000.png.raw.png: WARNING: This project calls an unsupported private Codex backend path. The contract may break without notice.
WARNING: This project calls an unsupported private
    ! gti rc=1 attempt 1 Effects_fx_spawn_fx_spawn_003.png.raw.png: WARNING: This project calls an unsupported private Codex backend path. The contract may break without notice.
WARNING: This project calls an unsupported private
    ! gti rc=1 attempt 1 Effects_fx_spawn_fx_spawn_002.png.raw.png: WARNING: This project calls an unsupported private Codex backend path. The contract may break without notice.
WARNING: This project calls an unsupported private
    ! gti rc=1 attempt 1 Effects_fx_spawn_fx_spawn_001.png.raw.png: WARNING: This project calls an unsupported private Codex backend path. The contract may break without notice.
WARNING: This project calls an unsupported private
    ! gti rc=1 attempt 2 Effects_fx_spawn_fx_spawn_000.png.raw.png: WARNING: This project calls an unsupported private Codex backend path. The contract may break without notice.
WARNING: This project calls an unsupported private
    ! gti rc=1 attempt 2 Effects_fx_spawn_fx_spawn_003.png.raw.png: WARNING: This project calls an unsupported private Codex backend path. The contract may break without notice.
WARNING: This project calls an unsupported private
    ! gti rc=1 attempt 2 Effects_fx_spawn_fx_spawn_002.png.raw.png: WARNING: This project calls an unsupported private Codex backend path. The contract may break without notice.
WARNING: This project calls an unsupported private
    ! gti rc=1 attempt 2 Effects_fx_spawn_fx_spawn_001.png.raw.png: WARNING: This project calls an unsupported private Codex backend path. The contract may break without notice.
WARNING: This project calls an unsupported private
    ! gti rc=1 attempt 3 Effects_fx_spawn_fx_spawn_003.png.raw.png: WARNING: This project calls an unsupported private Codex backend path. The contract may break without notice.
WARNING: This project calls an unsupported private
    ! gti rc=1 attempt 3 Effects_fx_spawn_fx_spawn_000.png.raw.png: WARNING: This project calls an unsupported private Codex backend path. The contract may break without notice.
WARNING: This project calls an unsupported private
    ! gti rc=1 attempt 3 Effects_fx_spawn_fx_spawn_001.png.raw.png: WARNING: This project calls an unsupported private Codex backend path. The contract may break without notice.
WARNING: This project calls an unsupported private
    ! gti rc=1 attempt 3 Effects_fx_spawn_fx_spawn_002.png.raw.png: WARNING: This project calls an unsupported private Codex backend path. The contract may break without notice.
WARNING: This project calls an unsupported private
FAIL Effects/fx_spawn/fx_spawn_000.png
FAIL Effects/fx_spawn/fx_spawn_001.png
FAIL Effects/fx_spawn/fx_spawn_002.png
FAIL Effects/fx_spawn/fx_spawn_003.png
    ! gti rc=1 attempt 1 Effects_fx_eruption_fx_eruption_000.png.raw.png: WARNING: This project calls an unsupported private Codex backend path. The contract may break without notice.
WARNING: This project calls an unsupported private
    ! gti rc=1 attempt 1 Effects_fx_eruption_fx_eruption_002.png.raw.png: WARNING: This project calls an unsupported private Codex backend path. The contract may break without notice.
WARNING: This project calls an unsupported private
    ! gti rc=1 attempt 1 Effects_fx_eruption_fx_eruption_003.png.raw.png: WARNING: This project calls an unsupported private Codex backend path. The contract may break without notice.
WARNING: This project calls an unsupported private
    ! gti rc=1 attempt 1 Effects_fx_eruption_fx_eruption_001.png.raw.png: WARNING: This project calls an unsupported private Codex backend path. The contract may break without notice.
WARNING: This project calls an unsupported private
    ! gti rc=1 attempt 2 Effects_fx_eruption_fx_eruption_002.png.raw.png: WARNING: This project calls an unsupported private Codex backend path. The contract may break without notice.
WARNING: This project calls an unsupported private
    ! gti rc=1 attempt 2 Effects_fx_eruption_fx_eruption_003.png.raw.png: WARNING: This project calls an unsupported private Codex backend path. The contract may break without notice.
WARNING: This project calls an unsupported private
    ! gti rc=1 attempt 2 Effects_fx_eruption_fx_eruption_000.png.raw.png: WARNING: This project calls an unsupported private Codex backend path. The contract may break without notice.
WARNING: This project calls an unsupported private
    ! gti rc=1 attempt 2 Effects_fx_eruption_fx_eruption_001.png.raw.png: WARNING: This project calls an unsupported private Codex backend path. The contract may break without notice.
WARNING: This project calls an unsupported private
    ! gti rc=1 attempt 3 Effects_fx_eruption_fx_eruption_002.png.raw.png: WARNING: This project calls an unsupported private Codex backend path. The contract may break without notice.
WARNING: This project calls an unsupported private
    ! gti rc=1 attempt 3 Effects_fx_eruption_fx_eruption_000.png.raw.png: WARNING: This project calls an unsupported private Codex backend path. The contract may break without notice.
WARNING: This project calls an unsupported private
    ! gti rc=1 attempt 3 Effects_fx_eruption_fx_eruption_003.png.raw.png: WARNING: This project calls an unsupported private Codex backend path. The contract may break without notice.
WARNING: This project calls an unsupported private
    ! gti rc=1 attempt 3 Effects_fx_eruption_fx_eruption_001.png.raw.png: WARNING: This project calls an unsupported private Codex backend path. The contract may break without notice.
WARNING: This project calls an unsupported private
FAIL Effects/fx_eruption/fx_eruption_000.png
FAIL Effects/fx_eruption/fx_eruption_001.png
FAIL Effects/fx_eruption/fx_eruption_002.png
FAIL Effects/fx_eruption/fx_eruption_003.png
    ! gti rc=1 attempt 1 Effects_fx_petals_fx_petals_000.png.raw.png: WARNING: This project calls an unsupported private Codex backend path. The contract may break without notice.
WARNING: This project calls an unsupported private
    ! gti rc=1 attempt 1 Effects_fx_petals_fx_petals_001.png.raw.png: WARNING: This project calls an unsupported private Codex backend path. The contract may break without notice.
WARNING: This project calls an unsupported private
    ! gti rc=1 attempt 1 Effects_fx_eruption_fx_eruption_004.png.raw.png: WARNING: This project calls an unsupported private Codex backend path. The contract may break without notice.
WARNING: This project calls an unsupported private
    ! gti rc=1 attempt 1 Effects_fx_petals_fx_petals_002.png.raw.png: WARNING: This project calls an unsupported private Codex backend path. The contract may break without notice.
WARNING: This project calls an unsupported private
    ! gti rc=1 attempt 2 Effects_fx_petals_fx_petals_000.png.raw.png: WARNING: This project calls an unsupported private Codex backend path. The contract may break without notice.
WARNING: This project calls an unsupported private
    ! gti rc=1 attempt 2 Effects_fx_petals_fx_petals_001.png.raw.png: WARNING: This project calls an unsupported private Codex backend path. The contract may break without notice.
WARNING: This project calls an unsupported private
    ! gti rc=1 attempt 2 Effects_fx_eruption_fx_eruption_004.png.raw.png: WARNING: This project calls an unsupported private Codex backend path. The contract may break without notice.
WARNING: This project calls an unsupported private
    ! gti rc=1 attempt 2 Effects_fx_petals_fx_petals_002.png.raw.png: WARNING: This project calls an unsupported private Codex backend path. The contract may break without notice.
WARNING: This project calls an unsupported private
    ! gti rc=1 attempt 3 Effects_fx_petals_fx_petals_000.png.raw.png: WARNING: This project calls an unsupported private Codex backend path. The contract may break without notice.
WARNING: This project calls an unsupported private
    ! gti rc=1 attempt 3 Effects_fx_petals_fx_petals_001.png.raw.png: WARNING: This project calls an unsupported private Codex backend path. The contract may break without notice.
WARNING: This project calls an unsupported private
    ! gti rc=1 attempt 3 Effects_fx_eruption_fx_eruption_004.png.raw.png: WARNING: This project calls an unsupported private Codex backend path. The contract may break without notice.
WARNING: This project calls an unsupported private
    ! gti rc=1 attempt 3 Effects_fx_petals_fx_petals_002.png.raw.png: WARNING: This project calls an unsupported private Codex backend path. The contract may break without notice.
WARNING: This project calls an unsupported private
FAIL Effects/fx_eruption/fx_eruption_004.png
FAIL Effects/fx_petals/fx_petals_000.png
FAIL Effects/fx_petals/fx_petals_001.png
FAIL Effects/fx_petals/fx_petals_002.png
    ! gti rc=1 attempt 1 Effects_fx_petals_fx_petals_003.png.raw.png: WARNING: This project calls an unsupported private Codex backend path. The contract may break without notice.
WARNING: This project calls an unsupported private
    ! gti rc=1 attempt 1 Effects_particles_particle_ember.png.raw.png: WARNING: This project calls an unsupported private Codex backend path. The contract may break without notice.
WARNING: This project calls an unsupported private
    ! gti rc=1 attempt 1 Effects_particles_particle_petal.png.raw.png: WARNING: This project calls an unsupported private Codex backend path. The contract may break without notice.
WARNING: This project calls an unsupported private
    ! gti rc=1 attempt 1 Effects_particles_particle_smoke.png.raw.png: WARNING: This project calls an unsupported private Codex backend path. The contract may break without notice.
WARNING: This project calls an unsupported private
    ! gti rc=1 attempt 2 Effects_fx_petals_fx_petals_003.png.raw.png: WARNING: This project calls an unsupported private Codex backend path. The contract may break without notice.
WARNING: This project calls an unsupported private
    ! gti rc=1 attempt 2 Effects_particles_particle_ember.png.raw.png: WARNING: This project calls an unsupported private Codex backend path. The contract may break without notice.
WARNING: This project calls an unsupported private
    ! gti rc=1 attempt 2 Effects_particles_particle_smoke.png.raw.png: WARNING: This project calls an unsupported private Codex backend path. The contract may break without notice.
WARNING: This project calls an unsupported private
    ! gti rc=1 attempt 2 Effects_particles_particle_petal.png.raw.png: WARNING: This project calls an unsupported private Codex backend path. The contract may break without notice.
WARNING: This project calls an unsupported private
    ! gti rc=1 attempt 3 Effects_fx_petals_fx_petals_003.png.raw.png: WARNING: This project calls an unsupported private Codex backend path. The contract may break without notice.
WARNING: This project calls an unsupported private
    ! gti rc=1 attempt 3 Effects_particles_particle_smoke.png.raw.png: WARNING: This project calls an unsupported private Codex backend path. The contract may break without notice.
WARNING: This project calls an unsupported private
    ! gti rc=1 attempt 3 Effects_particles_particle_ember.png.raw.png: WARNING: This project calls an unsupported private Codex backend path. The contract may break without notice.
WARNING: This project calls an unsupported private
    ! gti rc=1 attempt 3 Effects_particles_particle_petal.png.raw.png: WARNING: This project calls an unsupported private Codex backend path. The contract may break without notice.
WARNING: This project calls an unsupported private
FAIL Effects/fx_petals/fx_petals_003.png
FAIL Effects/particles/particle_ember.png
FAIL Effects/particles/particle_smoke.png
FAIL Effects/particles/particle_petal.png
    ! gti rc=1 attempt 1 Gimmicks_gimmick_vent_petal.png.raw.png: WARNING: This project calls an unsupported private Codex backend path. The contract may break without notice.
WARNING: This project calls an unsupported private
    ! gti rc=1 attempt 1 Gimmicks_gimmick_vent_magma.png.raw.png: WARNING: This project calls an unsupported private Codex backend path. The contract may break without notice.
WARNING: This project calls an unsupported private
    ! gti rc=1 attempt 2 Gimmicks_gimmick_vent_petal.png.raw.png: WARNING: This project calls an unsupported private Codex backend path. The contract may break without notice.
WARNING: This project calls an unsupported private
    ! gti rc=1 attempt 2 Gimmicks_gimmick_vent_magma.png.raw.png: WARNING: This project calls an unsupported private Codex backend path. The contract may break without notice.
WARNING: This project calls an unsupported private
    ! gti rc=1 attempt 3 Gimmicks_gimmick_vent_petal.png.raw.png: WARNING: This project calls an unsupported private Codex backend path. The contract may break without notice.
WARNING: This project calls an unsupported private
    ! gti rc=1 attempt 3 Gimmicks_gimmick_vent_magma.png.raw.png: WARNING: This project calls an unsupported private Codex backend path. The contract may break without notice.
WARNING: This project calls an unsupported private
FAIL Gimmicks/gimmick_vent_magma.png
FAIL Gimmicks/gimmick_vent_petal.png
done, 18 failures
retry round 9
    ! gti rc=1 attempt 1 Effects_fx_spawn_fx_spawn_000.png.raw.png: WARNING: This project calls an unsupported private Codex backend path. The contract may break without notice.
WARNING: This project calls an unsupported private
    ! gti rc=1 attempt 1 Effects_fx_spawn_fx_spawn_003.png.raw.png: WARNING: This project calls an unsupported private Codex backend path. The contract may break without notice.
WARNING: This project calls an unsupported private
    ! gti rc=1 attempt 1 Effects_fx_spawn_fx_spawn_001.png.raw.png: WARNING: This project calls an unsupported private Codex backend path. The contract may break without notice.
WARNING: This project calls an unsupported private
    ! gti rc=1 attempt 1 Effects_fx_spawn_fx_spawn_002.png.raw.png: WARNING: This project calls an unsupported private Codex backend path. The contract may break without notice.
WARNING: This project calls an unsupported private
    ! gti rc=1 attempt 2 Effects_fx_spawn_fx_spawn_001.png.raw.png: WARNING: This project calls an unsupported private Codex backend path. The contract may break without notice.
WARNING: This project calls an unsupported private
    ! gti rc=1 attempt 2 Effects_fx_spawn_fx_spawn_000.png.raw.png: WARNING: This project calls an unsupported private Codex backend path. The contract may break without notice.
WARNING: This project calls an unsupported private
    ! gti rc=1 attempt 2 Effects_fx_spawn_fx_spawn_003.png.raw.png: WARNING: This project calls an unsupported private Codex backend path. The contract may break without notice.
WARNING: This project calls an unsupported private
    ! gti rc=1 attempt 2 Effects_fx_spawn_fx_spawn_002.png.raw.png: WARNING: This project calls an unsupported private Codex backend path. The contract may break without notice.
WARNING: This project calls an unsupported private
    ! gti rc=1 attempt 3 Effects_fx_spawn_fx_spawn_000.png.raw.png: WARNING: This project calls an unsupported private Codex backend path. The contract may break without notice.
WARNING: This project calls an unsupported private
    ! gti rc=1 attempt 3 Effects_fx_spawn_fx_spawn_001.png.raw.png: WARNING: This project calls an unsupported private Codex backend path. The contract may break without notice.
WARNING: This project calls an unsupported private
    ! gti rc=1 attempt 3 Effects_fx_spawn_fx_spawn_002.png.raw.png: WARNING: This project calls an unsupported private Codex backend path. The contract may break without notice.
WARNING: This project calls an unsupported private
    ! gti rc=1 attempt 3 Effects_fx_spawn_fx_spawn_003.png.raw.png: WARNING: This project calls an unsupported private Codex backend path. The contract may break without notice.
WARNING: This project calls an unsupported private
FAIL Effects/fx_spawn/fx_spawn_000.png
FAIL Effects/fx_spawn/fx_spawn_001.png
FAIL Effects/fx_spawn/fx_spawn_002.png
FAIL Effects/fx_spawn/fx_spawn_003.png
    ! gti rc=1 attempt 1 Effects_fx_eruption_fx_eruption_001.png.raw.png: WARNING: This project calls an unsupported private Codex backend path. The contract may break without notice.
WARNING: This project calls an unsupported private
    ! gti rc=1 attempt 1 Effects_fx_eruption_fx_eruption_000.png.raw.png: WARNING: This project calls an unsupported private Codex backend path. The contract may break without notice.
WARNING: This project calls an unsupported private
    ! gti rc=1 attempt 1 Effects_fx_eruption_fx_eruption_003.png.raw.png: WARNING: This project calls an unsupported private Codex backend path. The contract may break without notice.
WARNING: This project calls an unsupported private
    ! gti rc=1 attempt 1 Effects_fx_eruption_fx_eruption_002.png.raw.png: WARNING: This project calls an unsupported private Codex backend path. The contract may break without notice.
WARNING: This project calls an unsupported private
    ! gti rc=1 attempt 2 Effects_fx_eruption_fx_eruption_001.png.raw.png: WARNING: This project calls an unsupported private Codex backend path. The contract may break without notice.
WARNING: This project calls an unsupported private
    ! gti rc=1 attempt 2 Effects_fx_eruption_fx_eruption_003.png.raw.png: WARNING: This project calls an unsupported private Codex backend path. The contract may break without notice.
WARNING: This project calls an unsupported private
    ! gti rc=1 attempt 2 Effects_fx_eruption_fx_eruption_000.png.raw.png: WARNING: This project calls an unsupported private Codex backend path. The contract may break without notice.
WARNING: This project calls an unsupported private
    ! gti rc=1 attempt 2 Effects_fx_eruption_fx_eruption_002.png.raw.png: WARNING: This project calls an unsupported private Codex backend path. The contract may break without notice.
WARNING: This project calls an unsupported private
    ! gti rc=1 attempt 3 Effects_fx_eruption_fx_eruption_001.png.raw.png: WARNING: This project calls an unsupported private Codex backend path. The contract may break without notice.
WARNING: This project calls an unsupported private
    ! gti rc=1 attempt 3 Effects_fx_eruption_fx_eruption_003.png.raw.png: WARNING: This project calls an unsupported private Codex backend path. The contract may break without notice.
WARNING: This project calls an unsupported private
    ! gti rc=1 attempt 3 Effects_fx_eruption_fx_eruption_000.png.raw.png: WARNING: This project calls an unsupported private Codex backend path. The contract may break without notice.
WARNING: This project calls an unsupported private
    ! gti rc=1 attempt 3 Effects_fx_eruption_fx_eruption_002.png.raw.png: WARNING: This project calls an unsupported private Codex backend path. The contract may break without notice.
WARNING: This project calls an unsupported private
FAIL Effects/fx_eruption/fx_eruption_000.png
FAIL Effects/fx_eruption/fx_eruption_001.png
    ! gti rc=1 attempt 1 Effects_fx_eruption_fx_eruption_004.png.raw.png: WARNING: This project calls an unsupported private Codex backend path. The contract may break without notice.
WARNING: This project calls an unsupported private
FAIL Effects/fx_eruption/fx_eruption_002.png
FAIL Effects/fx_eruption/fx_eruption_003.png
    ! gti rc=1 attempt 1 Effects_fx_petals_fx_petals_000.png.raw.png: WARNING: This project calls an unsupported private Codex backend path. The contract may break without notice.
WARNING: This project calls an unsupported private
    ! gti rc=1 attempt 1 Effects_fx_petals_fx_petals_001.png.raw.png: WARNING: This project calls an unsupported private Codex backend path. The contract may break without notice.
WARNING: This project calls an unsupported private
    ! gti rc=1 attempt 1 Effects_fx_petals_fx_petals_002.png.raw.png: WARNING: This project calls an unsupported private Codex backend path. The contract may break without notice.
WARNING: This project calls an unsupported private
    ! gti rc=1 attempt 2 Effects_fx_eruption_fx_eruption_004.png.raw.png: WARNING: This project calls an unsupported private Codex backend path. The contract may break without notice.
WARNING: This project calls an unsupported private
    ! gti rc=1 attempt 2 Effects_fx_petals_fx_petals_000.png.raw.png: WARNING: This project calls an unsupported private Codex backend path. The contract may break without notice.
WARNING: This project calls an unsupported private
    ! gti rc=1 attempt 2 Effects_fx_petals_fx_petals_001.png.raw.png: WARNING: This project calls an unsupported private Codex backend path. The contract may break without notice.
WARNING: This project calls an unsupported private
    ! gti rc=1 attempt 2 Effects_fx_petals_fx_petals_002.png.raw.png: WARNING: This project calls an unsupported private Codex backend path. The contract may break without notice.
WARNING: This project calls an unsupported private
    ! gti rc=1 attempt 3 Effects_fx_eruption_fx_eruption_004.png.raw.png: WARNING: This project calls an unsupported private Codex backend path. The contract may break without notice.
WARNING: This project calls an unsupported private
    ! gti rc=1 attempt 3 Effects_fx_petals_fx_petals_000.png.raw.png: WARNING: This project calls an unsupported private Codex backend path. The contract may break without notice.
WARNING: This project calls an unsupported private
    ! gti rc=1 attempt 3 Effects_fx_petals_fx_petals_001.png.raw.png: WARNING: This project calls an unsupported private Codex backend path. The contract may break without notice.
WARNING: This project calls an unsupported private
    ! gti rc=1 attempt 3 Effects_fx_petals_fx_petals_002.png.raw.png: WARNING: This project calls an unsupported private Codex backend path. The contract may break without notice.
WARNING: This project calls an unsupported private
FAIL Effects/fx_eruption/fx_eruption_004.png
FAIL Effects/fx_petals/fx_petals_000.png
FAIL Effects/fx_petals/fx_petals_001.png
    ! gti rc=1 attempt 1 Effects_fx_petals_fx_petals_003.png.raw.png: WARNING: This project calls an unsupported private Codex backend path. The contract may break without notice.
WARNING: This project calls an unsupported private
FAIL Effects/fx_petals/fx_petals_002.png
    ! gti rc=1 attempt 1 Effects_particles_particle_ember.png.raw.png: WARNING: This project calls an unsupported private Codex backend path. The contract may break without notice.
WARNING: This project calls an unsupported private
    ! gti rc=1 attempt 1 Effects_particles_particle_smoke.png.raw.png: WARNING: This project calls an unsupported private Codex backend path. The contract may break without notice.
WARNING: This project calls an unsupported private
    ! gti rc=1 attempt 1 Effects_particles_particle_petal.png.raw.png: WARNING: This project calls an unsupported private Codex backend path. The contract may break without notice.
WARNING: This project calls an unsupported private
    ! gti rc=1 attempt 2 Effects_fx_petals_fx_petals_003.png.raw.png: WARNING: This project calls an unsupported private Codex backend path. The contract may break without notice.
WARNING: This project calls an unsupported private
    ! gti rc=1 attempt 2 Effects_particles_particle_ember.png.raw.png: WARNING: This project calls an unsupported private Codex backend path. The contract may break without notice.
WARNING: This project calls an unsupported private
    ! gti rc=1 attempt 2 Effects_particles_particle_smoke.png.raw.png: WARNING: This project calls an unsupported private Codex backend path. The contract may break without notice.
WARNING: This project calls an unsupported private
    ! gti rc=1 attempt 2 Effects_particles_particle_petal.png.raw.png: WARNING: This project calls an unsupported private Codex backend path. The contract may break without notice.
WARNING: This project calls an unsupported private
    ! gti rc=1 attempt 3 Effects_fx_petals_fx_petals_003.png.raw.png: WARNING: This project calls an unsupported private Codex backend path. The contract may break without notice.
WARNING: This project calls an unsupported private
    ! gti rc=1 attempt 3 Effects_particles_particle_ember.png.raw.png: WARNING: This project calls an unsupported private Codex backend path. The contract may break without notice.
WARNING: This project calls an unsupported private
    ! gti rc=1 attempt 3 Effects_particles_particle_smoke.png.raw.png: WARNING: This project calls an unsupported private Codex backend path. The contract may break without notice.
WARNING: This project calls an unsupported private
    ! gti rc=1 attempt 3 Effects_particles_particle_petal.png.raw.png: WARNING: This project calls an unsupported private Codex backend path. The contract may break without notice.
WARNING: This project calls an unsupported private
FAIL Effects/fx_petals/fx_petals_003.png
FAIL Effects/particles/particle_ember.png
FAIL Effects/particles/particle_smoke.png
    ! gti rc=1 attempt 1 Gimmicks_gimmick_vent_magma.png.raw.png: WARNING: This project calls an unsupported private Codex backend path. The contract may break without notice.
WARNING: This project calls an unsupported private
    ! gti rc=1 attempt 1 Gimmicks_gimmick_vent_petal.png.raw.png: WARNING: This project calls an unsupported private Codex backend path. The contract may break without notice.
WARNING: This project calls an unsupported private
FAIL Effects/particles/particle_petal.png
    ! gti rc=1 attempt 2 Gimmicks_gimmick_vent_magma.png.raw.png: WARNING: This project calls an unsupported private Codex backend path. The contract may break without notice.
WARNING: This project calls an unsupported private
    ! gti rc=1 attempt 2 Gimmicks_gimmick_vent_petal.png.raw.png: WARNING: This project calls an unsupported private Codex backend path. The contract may break without notice.
WARNING: This project calls an unsupported private
    ! gti rc=1 attempt 3 Gimmicks_gimmick_vent_magma.png.raw.png: WARNING: This project calls an unsupported private Codex backend path. The contract may break without notice.
WARNING: This project calls an unsupported private
    ! gti rc=1 attempt 3 Gimmicks_gimmick_vent_petal.png.raw.png: WARNING: This project calls an unsupported private Codex backend path. The contract may break without notice.
WARNING: This project calls an unsupported private
FAIL Gimmicks/gimmick_vent_magma.png
FAIL Gimmicks/gimmick_vent_petal.png
done, 18 failures
retry round 10
    ! gti rc=1 attempt 1 Effects_fx_spawn_fx_spawn_002.png.raw.png: WARNING: This project calls an unsupported private Codex backend path. The contract may break without notice.
WARNING: This project calls an unsupported private
    ! gti rc=1 attempt 1 Effects_fx_spawn_fx_spawn_000.png.raw.png: WARNING: This project calls an unsupported private Codex backend path. The contract may break without notice.
WARNING: This project calls an unsupported private
    ! gti rc=1 attempt 1 Effects_fx_spawn_fx_spawn_003.png.raw.png: WARNING: This project calls an unsupported private Codex backend path. The contract may break without notice.
WARNING: This project calls an unsupported private
    ! gti rc=1 attempt 1 Effects_fx_spawn_fx_spawn_001.png.raw.png: WARNING: This project calls an unsupported private Codex backend path. The contract may break without notice.
WARNING: This project calls an unsupported private
    ! gti rc=1 attempt 2 Effects_fx_spawn_fx_spawn_002.png.raw.png: WARNING: This project calls an unsupported private Codex backend path. The contract may break without notice.
WARNING: This project calls an unsupported private
    ! gti rc=1 attempt 2 Effects_fx_spawn_fx_spawn_000.png.raw.png: WARNING: This project calls an unsupported private Codex backend path. The contract may break without notice.
WARNING: This project calls an unsupported private
    ! gti rc=1 attempt 2 Effects_fx_spawn_fx_spawn_003.png.raw.png: WARNING: This project calls an unsupported private Codex backend path. The contract may break without notice.
WARNING: This project calls an unsupported private
    ! gti rc=1 attempt 2 Effects_fx_spawn_fx_spawn_001.png.raw.png: WARNING: This project calls an unsupported private Codex backend path. The contract may break without notice.
WARNING: This project calls an unsupported private
    ! gti rc=1 attempt 3 Effects_fx_spawn_fx_spawn_002.png.raw.png: WARNING: This project calls an unsupported private Codex backend path. The contract may break without notice.
WARNING: This project calls an unsupported private
    ! gti rc=1 attempt 3 Effects_fx_spawn_fx_spawn_000.png.raw.png: WARNING: This project calls an unsupported private Codex backend path. The contract may break without notice.
WARNING: This project calls an unsupported private
    ! gti rc=1 attempt 3 Effects_fx_spawn_fx_spawn_003.png.raw.png: WARNING: This project calls an unsupported private Codex backend path. The contract may break without notice.
WARNING: This project calls an unsupported private
    ! gti rc=1 attempt 3 Effects_fx_spawn_fx_spawn_001.png.raw.png: WARNING: This project calls an unsupported private Codex backend path. The contract may break without notice.
WARNING: This project calls an unsupported private
FAIL Effects/fx_spawn/fx_spawn_000.png
FAIL Effects/fx_spawn/fx_spawn_001.png
FAIL Effects/fx_spawn/fx_spawn_002.png
FAIL Effects/fx_spawn/fx_spawn_003.png
    ! gti rc=1 attempt 1 Effects_fx_eruption_fx_eruption_000.png.raw.png: WARNING: This project calls an unsupported private Codex backend path. The contract may break without notice.
WARNING: This project calls an unsupported private
    ! gti rc=1 attempt 1 Effects_fx_eruption_fx_eruption_001.png.raw.png: WARNING: This project calls an unsupported private Codex backend path. The contract may break without notice.
WARNING: This project calls an unsupported private
    ! gti rc=1 attempt 1 Effects_fx_eruption_fx_eruption_002.png.raw.png: WARNING: This project calls an unsupported private Codex backend path. The contract may break without notice.
WARNING: This project calls an unsupported private
    ! gti rc=1 attempt 1 Effects_fx_eruption_fx_eruption_003.png.raw.png: WARNING: This project calls an unsupported private Codex backend path. The contract may break without notice.
WARNING: This project calls an unsupported private
    ! gti rc=1 attempt 2 Effects_fx_eruption_fx_eruption_002.png.raw.png: WARNING: This project calls an unsupported private Codex backend path. The contract may break without notice.
WARNING: This project calls an unsupported private
    ! gti rc=1 attempt 2 Effects_fx_eruption_fx_eruption_000.png.raw.png: WARNING: This project calls an unsupported private Codex backend path. The contract may break without notice.
WARNING: This project calls an unsupported private
    ! gti rc=1 attempt 2 Effects_fx_eruption_fx_eruption_001.png.raw.png: WARNING: This project calls an unsupported private Codex backend path. The contract may break without notice.
WARNING: This project calls an unsupported private
    ! gti rc=1 attempt 2 Effects_fx_eruption_fx_eruption_003.png.raw.png: WARNING: This project calls an unsupported private Codex backend path. The contract may break without notice.
WARNING: This project calls an unsupported private
    ! gti rc=1 attempt 3 Effects_fx_eruption_fx_eruption_000.png.raw.png: WARNING: This project calls an unsupported private Codex backend path. The contract may break without notice.
WARNING: This project calls an unsupported private
    ! gti rc=1 attempt 3 Effects_fx_eruption_fx_eruption_002.png.raw.png: WARNING: This project calls an unsupported private Codex backend path. The contract may break without notice.
WARNING: This project calls an unsupported private
    ! gti rc=1 attempt 3 Effects_fx_eruption_fx_eruption_001.png.raw.png: WARNING: This project calls an unsupported private Codex backend path. The contract may break without notice.
WARNING: This project calls an unsupported private
    ! gti rc=1 attempt 3 Effects_fx_eruption_fx_eruption_003.png.raw.png: WARNING: This project calls an unsupported private Codex backend path. The contract may break without notice.
WARNING: This project calls an unsupported private
FAIL Effects/fx_eruption/fx_eruption_000.png
FAIL Effects/fx_eruption/fx_eruption_001.png
FAIL Effects/fx_eruption/fx_eruption_002.png
FAIL Effects/fx_eruption/fx_eruption_003.png
    ! gti rc=1 attempt 1 Effects_fx_eruption_fx_eruption_004.png.raw.png: WARNING: This project calls an unsupported private Codex backend path. The contract may break without notice.
WARNING: This project calls an unsupported private
    ! gti rc=1 attempt 1 Effects_fx_petals_fx_petals_001.png.raw.png: WARNING: This project calls an unsupported private Codex backend path. The contract may break without notice.
WARNING: This project calls an unsupported private
    ! gti rc=1 attempt 1 Effects_fx_petals_fx_petals_000.png.raw.png: WARNING: This project calls an unsupported private Codex backend path. The contract may break without notice.
WARNING: This project calls an unsupported private
    ! gti rc=1 attempt 1 Effects_fx_petals_fx_petals_002.png.raw.png: WARNING: This project calls an unsupported private Codex backend path. The contract may break without notice.
WARNING: This project calls an unsupported private
    ! gti rc=1 attempt 2 Effects_fx_eruption_fx_eruption_004.png.raw.png: WARNING: This project calls an unsupported private Codex backend path. The contract may break without notice.
WARNING: This project calls an unsupported private
    ! gti rc=1 attempt 2 Effects_fx_petals_fx_petals_000.png.raw.png: WARNING: This project calls an unsupported private Codex backend path. The contract may break without notice.
WARNING: This project calls an unsupported private
    ! gti rc=1 attempt 2 Effects_fx_petals_fx_petals_001.png.raw.png: WARNING: This project calls an unsupported private Codex backend path. The contract may break without notice.
WARNING: This project calls an unsupported private
    ! gti rc=1 attempt 2 Effects_fx_petals_fx_petals_002.png.raw.png: WARNING: This project calls an unsupported private Codex backend path. The contract may break without notice.
WARNING: This project calls an unsupported private
    ! gti rc=1 attempt 3 Effects_fx_eruption_fx_eruption_004.png.raw.png: WARNING: This project calls an unsupported private Codex backend path. The contract may break without notice.
WARNING: This project calls an unsupported private
    ! gti rc=1 attempt 3 Effects_fx_petals_fx_petals_001.png.raw.png: WARNING: This project calls an unsupported private Codex backend path. The contract may break without notice.
WARNING: This project calls an unsupported private
    ! gti rc=1 attempt 3 Effects_fx_petals_fx_petals_000.png.raw.png: WARNING: This project calls an unsupported private Codex backend path. The contract may break without notice.
WARNING: This project calls an unsupported private
    ! gti rc=1 attempt 3 Effects_fx_petals_fx_petals_002.png.raw.png: WARNING: This project calls an unsupported private Codex backend path. The contract may break without notice.
WARNING: This project calls an unsupported private
FAIL Effects/fx_eruption/fx_eruption_004.png
FAIL Effects/fx_petals/fx_petals_000.png
FAIL Effects/fx_petals/fx_petals_001.png
    ! gti rc=1 attempt 1 Effects_fx_petals_fx_petals_003.png.raw.png: WARNING: This project calls an unsupported private Codex backend path. The contract may break without notice.
WARNING: This project calls an unsupported private
    ! gti rc=1 attempt 1 Effects_particles_particle_smoke.png.raw.png: WARNING: This project calls an unsupported private Codex backend path. The contract may break without notice.
WARNING: This project calls an unsupported private
    ! gti rc=1 attempt 1 Effects_particles_particle_ember.png.raw.png: WARNING: This project calls an unsupported private Codex backend path. The contract may break without notice.
WARNING: This project calls an unsupported private
FAIL Effects/fx_petals/fx_petals_002.png
    ! gti rc=1 attempt 1 Effects_particles_particle_petal.png.raw.png: WARNING: This project calls an unsupported private Codex backend path. The contract may break without notice.
WARNING: This project calls an unsupported private
    ! gti rc=1 attempt 2 Effects_fx_petals_fx_petals_003.png.raw.png: WARNING: This project calls an unsupported private Codex backend path. The contract may break without notice.
WARNING: This project calls an unsupported private
    ! gti rc=1 attempt 2 Effects_particles_particle_ember.png.raw.png: WARNING: This project calls an unsupported private Codex backend path. The contract may break without notice.
WARNING: This project calls an unsupported private
    ! gti rc=1 attempt 2 Effects_particles_particle_smoke.png.raw.png: WARNING: This project calls an unsupported private Codex backend path. The contract may break without notice.
WARNING: This project calls an unsupported private
    ! gti rc=1 attempt 2 Effects_particles_particle_petal.png.raw.png: WARNING: This project calls an unsupported private Codex backend path. The contract may break without notice.
WARNING: This project calls an unsupported private
    ! gti rc=1 attempt 3 Effects_fx_petals_fx_petals_003.png.raw.png: WARNING: This project calls an unsupported private Codex backend path. The contract may break without notice.
WARNING: This project calls an unsupported private
    ! gti rc=1 attempt 3 Effects_particles_particle_ember.png.raw.png: WARNING: This project calls an unsupported private Codex backend path. The contract may break without notice.
WARNING: This project calls an unsupported private
    ! gti rc=1 attempt 3 Effects_particles_particle_smoke.png.raw.png: WARNING: This project calls an unsupported private Codex backend path. The contract may break without notice.
WARNING: This project calls an unsupported private
    ! gti rc=1 attempt 3 Effects_particles_particle_petal.png.raw.png: WARNING: This project calls an unsupported private Codex backend path. The contract may break without notice.
WARNING: This project calls an unsupported private
FAIL Effects/fx_petals/fx_petals_003.png
FAIL Effects/particles/particle_ember.png
FAIL Effects/particles/particle_smoke.png
    ! gti rc=1 attempt 1 Gimmicks_gimmick_vent_magma.png.raw.png: WARNING: This project calls an unsupported private Codex backend path. The contract may break without notice.
WARNING: This project calls an unsupported private
    ! gti rc=1 attempt 1 Gimmicks_gimmick_vent_petal.png.raw.png: WARNING: This project calls an unsupported private Codex backend path. The contract may break without notice.
WARNING: This project calls an unsupported private
FAIL Effects/particles/particle_petal.png
    ! gti rc=1 attempt 2 Gimmicks_gimmick_vent_magma.png.raw.png: WARNING: This project calls an unsupported private Codex backend path. The contract may break without notice.
WARNING: This project calls an unsupported private
    ! gti rc=1 attempt 2 Gimmicks_gimmick_vent_petal.png.raw.png: WARNING: This project calls an unsupported private Codex backend path. The contract may break without notice.
WARNING: This project calls an unsupported private
    ! gti rc=1 attempt 3 Gimmicks_gimmick_vent_magma.png.raw.png: WARNING: This project calls an unsupported private Codex backend path. The contract may break without notice.
WARNING: This project calls an unsupported private
    ! gti rc=1 attempt 3 Gimmicks_gimmick_vent_petal.png.raw.png: WARNING: This project calls an unsupported private Codex backend path. The contract may break without notice.
WARNING: This project calls an unsupported private
FAIL Gimmicks/gimmick_vent_magma.png
FAIL Gimmicks/gimmick_vent_petal.png
done, 18 failures
retry round 11
    ! gti rc=1 attempt 1 Effects_fx_spawn_fx_spawn_003.png.raw.png: WARNING: This project calls an unsupported private Codex backend path. The contract may break without notice.
WARNING: This project calls an unsupported private
    ! gti rc=1 attempt 1 Effects_fx_spawn_fx_spawn_001.png.raw.png: WARNING: This project calls an unsupported private Codex backend path. The contract may break without notice.
WARNING: This project calls an unsupported private
    ! gti rc=1 attempt 1 Effects_fx_spawn_fx_spawn_000.png.raw.png: WARNING: This project calls an unsupported private Codex backend path. The contract may break without notice.
WARNING: This project calls an unsupported private
    ! gti rc=1 attempt 1 Effects_fx_spawn_fx_spawn_002.png.raw.png: WARNING: This project calls an unsupported private Codex backend path. The contract may break without notice.
WARNING: This project calls an unsupported private
    ! gti rc=1 attempt 2 Effects_fx_spawn_fx_spawn_003.png.raw.png: WARNING: This project calls an unsupported private Codex backend path. The contract may break without notice.
WARNING: This project calls an unsupported private
    ! gti rc=1 attempt 2 Effects_fx_spawn_fx_spawn_000.png.raw.png: WARNING: This project calls an unsupported private Codex backend path. The contract may break without notice.
WARNING: This project calls an unsupported private
    ! gti rc=1 attempt 2 Effects_fx_spawn_fx_spawn_001.png.raw.png: WARNING: This project calls an unsupported private Codex backend path. The contract may break without notice.
WARNING: This project calls an unsupported private
    ! gti rc=1 attempt 2 Effects_fx_spawn_fx_spawn_002.png.raw.png: WARNING: This project calls an unsupported private Codex backend path. The contract may break without notice.
WARNING: This project calls an unsupported private
    ! gti rc=1 attempt 3 Effects_fx_spawn_fx_spawn_000.png.raw.png: WARNING: This project calls an unsupported private Codex backend path. The contract may break without notice.
WARNING: This project calls an unsupported private
    ! gti rc=1 attempt 3 Effects_fx_spawn_fx_spawn_001.png.raw.png: WARNING: This project calls an unsupported private Codex backend path. The contract may break without notice.
WARNING: This project calls an unsupported private
    ! gti rc=1 attempt 3 Effects_fx_spawn_fx_spawn_002.png.raw.png: WARNING: This project calls an unsupported private Codex backend path. The contract may break without notice.
WARNING: This project calls an unsupported private
    ! gti rc=1 attempt 3 Effects_fx_spawn_fx_spawn_003.png.raw.png: WARNING: This project calls an unsupported private Codex backend path. The contract may break without notice.
WARNING: This project calls an unsupported private
FAIL Effects/fx_spawn/fx_spawn_000.png
FAIL Effects/fx_spawn/fx_spawn_001.png
FAIL Effects/fx_spawn/fx_spawn_002.png
FAIL Effects/fx_spawn/fx_spawn_003.png
    ! gti rc=1 attempt 1 Effects_fx_eruption_fx_eruption_000.png.raw.png: WARNING: This project calls an unsupported private Codex backend path. The contract may break without notice.
WARNING: This project calls an unsupported private
    ! gti rc=1 attempt 1 Effects_fx_eruption_fx_eruption_001.png.raw.png: WARNING: This project calls an unsupported private Codex backend path. The contract may break without notice.
WARNING: This project calls an unsupported private
    ! gti rc=1 attempt 1 Effects_fx_eruption_fx_eruption_002.png.raw.png: WARNING: This project calls an unsupported private Codex backend path. The contract may break without notice.
WARNING: This project calls an unsupported private
    ! gti rc=1 attempt 1 Effects_fx_eruption_fx_eruption_003.png.raw.png: WARNING: This project calls an unsupported private Codex backend path. The contract may break without notice.
WARNING: This project calls an unsupported private
    ! gti rc=1 attempt 2 Effects_fx_eruption_fx_eruption_000.png.raw.png: WARNING: This project calls an unsupported private Codex backend path. The contract may break without notice.
WARNING: This project calls an unsupported private
    ! gti rc=1 attempt 2 Effects_fx_eruption_fx_eruption_001.png.raw.png: WARNING: This project calls an unsupported private Codex backend path. The contract may break without notice.
WARNING: This project calls an unsupported private
    ! gti rc=1 attempt 2 Effects_fx_eruption_fx_eruption_002.png.raw.png: WARNING: This project calls an unsupported private Codex backend path. The contract may break without notice.
WARNING: This project calls an unsupported private
    ! gti rc=1 attempt 2 Effects_fx_eruption_fx_eruption_003.png.raw.png: WARNING: This project calls an unsupported private Codex backend path. The contract may break without notice.
WARNING: This project calls an unsupported private
    ! gti rc=1 attempt 3 Effects_fx_eruption_fx_eruption_000.png.raw.png: WARNING: This project calls an unsupported private Codex backend path. The contract may break without notice.
WARNING: This project calls an unsupported private
    ! gti rc=1 attempt 3 Effects_fx_eruption_fx_eruption_002.png.raw.png: WARNING: This project calls an unsupported private Codex backend path. The contract may break without notice.
WARNING: This project calls an unsupported private
    ! gti rc=1 attempt 3 Effects_fx_eruption_fx_eruption_003.png.raw.png: WARNING: This project calls an unsupported private Codex backend path. The contract may break without notice.
WARNING: This project calls an unsupported private
    ! gti rc=1 attempt 3 Effects_fx_eruption_fx_eruption_001.png.raw.png: WARNING: This project calls an unsupported private Codex backend path. The contract may break without notice.
WARNING: This project calls an unsupported private
FAIL Effects/fx_eruption/fx_eruption_000.png
FAIL Effects/fx_eruption/fx_eruption_001.png
FAIL Effects/fx_eruption/fx_eruption_002.png
FAIL Effects/fx_eruption/fx_eruption_003.png
    ! gti rc=1 attempt 1 Effects_fx_petals_fx_petals_000.png.raw.png: WARNING: This project calls an unsupported private Codex backend path. The contract may break without notice.
WARNING: This project calls an unsupported private
    ! gti rc=1 attempt 1 Effects_fx_petals_fx_petals_002.png.raw.png: WARNING: This project calls an unsupported private Codex backend path. The contract may break without notice.
WARNING: This project calls an unsupported private
    ! gti rc=1 attempt 1 Effects_fx_petals_fx_petals_001.png.raw.png: WARNING: This project calls an unsupported private Codex backend path. The contract may break without notice.
WARNING: This project calls an unsupported private
    ! gti rc=1 attempt 1 Effects_fx_eruption_fx_eruption_004.png.raw.png: WARNING: This project calls an unsupported private Codex backend path. The contract may break without notice.
WARNING: This project calls an unsupported private
    ! gti rc=1 attempt 2 Effects_fx_petals_fx_petals_002.png.raw.png: WARNING: This project calls an unsupported private Codex backend path. The contract may break without notice.
WARNING: This project calls an unsupported private
    ! gti rc=1 attempt 2 Effects_fx_petals_fx_petals_001.png.raw.png: WARNING: This project calls an unsupported private Codex backend path. The contract may break without notice.
WARNING: This project calls an unsupported private
    ! gti rc=1 attempt 2 Effects_fx_petals_fx_petals_000.png.raw.png: WARNING: This project calls an unsupported private Codex backend path. The contract may break without notice.
WARNING: This project calls an unsupported private
    ! gti rc=1 attempt 2 Effects_fx_eruption_fx_eruption_004.png.raw.png: WARNING: This project calls an unsupported private Codex backend path. The contract may break without notice.
WARNING: This project calls an unsupported private
    ! gti rc=1 attempt 3 Effects_fx_petals_fx_petals_000.png.raw.png: WARNING: This project calls an unsupported private Codex backend path. The contract may break without notice.
WARNING: This project calls an unsupported private
    ! gti rc=1 attempt 3 Effects_fx_petals_fx_petals_002.png.raw.png: WARNING: This project calls an unsupported private Codex backend path. The contract may break without notice.
WARNING: This project calls an unsupported private
    ! gti rc=1 attempt 3 Effects_fx_petals_fx_petals_001.png.raw.png: WARNING: This project calls an unsupported private Codex backend path. The contract may break without notice.
WARNING: This project calls an unsupported private
    ! gti rc=1 attempt 3 Effects_fx_eruption_fx_eruption_004.png.raw.png: WARNING: This project calls an unsupported private Codex backend path. The contract may break without notice.
WARNING: This project calls an unsupported private
FAIL Effects/fx_eruption/fx_eruption_004.png
FAIL Effects/fx_petals/fx_petals_000.png
FAIL Effects/fx_petals/fx_petals_001.png
FAIL Effects/fx_petals/fx_petals_002.png
    ! gti rc=1 attempt 1 Effects_fx_petals_fx_petals_003.png.raw.png: WARNING: This project calls an unsupported private Codex backend path. The contract may break without notice.
WARNING: This project calls an unsupported private
    ! gti rc=1 attempt 1 Effects_particles_particle_ember.png.raw.png: WARNING: This project calls an unsupported private Codex backend path. The contract may break without notice.
WARNING: This project calls an unsupported private
    ! gti rc=1 attempt 1 Effects_particles_particle_smoke.png.raw.png: WARNING: This project calls an unsupported private Codex backend path. The contract may break without notice.
WARNING: This project calls an unsupported private
    ! gti rc=1 attempt 1 Effects_particles_particle_petal.png.raw.png: WARNING: This project calls an unsupported private Codex backend path. The contract may break without notice.
WARNING: This project calls an unsupported private
    ! gti rc=1 attempt 2 Effects_fx_petals_fx_petals_003.png.raw.png: WARNING: This project calls an unsupported private Codex backend path. The contract may break without notice.
WARNING: This project calls an unsupported private
    ! gti rc=1 attempt 2 Effects_particles_particle_ember.png.raw.png: WARNING: This project calls an unsupported private Codex backend path. The contract may break without notice.
WARNING: This project calls an unsupported private
    ! gti rc=1 attempt 2 Effects_particles_particle_smoke.png.raw.png: WARNING: This project calls an unsupported private Codex backend path. The contract may break without notice.
WARNING: This project calls an unsupported private
    ! gti rc=1 attempt 2 Effects_particles_particle_petal.png.raw.png: WARNING: This project calls an unsupported private Codex backend path. The contract may break without notice.
WARNING: This project calls an unsupported private
    ! gti rc=1 attempt 3 Effects_fx_petals_fx_petals_003.png.raw.png: WARNING: This project calls an unsupported private Codex backend path. The contract may break without notice.
WARNING: This project calls an unsupported private
    ! gti rc=1 attempt 3 Effects_particles_particle_ember.png.raw.png: WARNING: This project calls an unsupported private Codex backend path. The contract may break without notice.
WARNING: This project calls an unsupported private
    ! gti rc=1 attempt 3 Effects_particles_particle_smoke.png.raw.png: WARNING: This project calls an unsupported private Codex backend path. The contract may break without notice.
WARNING: This project calls an unsupported private
    ! gti rc=1 attempt 3 Effects_particles_particle_petal.png.raw.png: WARNING: This project calls an unsupported private Codex backend path. The contract may break without notice.
WARNING: This project calls an unsupported private
FAIL Effects/fx_petals/fx_petals_003.png
FAIL Effects/particles/particle_ember.png
FAIL Effects/particles/particle_smoke.png
FAIL Effects/particles/particle_petal.png
    ! gti rc=1 attempt 1 Gimmicks_gimmick_vent_magma.png.raw.png: WARNING: This project calls an unsupported private Codex backend path. The contract may break without notice.
WARNING: This project calls an unsupported private
    ! gti rc=1 attempt 1 Gimmicks_gimmick_vent_petal.png.raw.png: WARNING: This project calls an unsupported private Codex backend path. The contract may break without notice.
WARNING: This project calls an unsupported private
    ! gti rc=1 attempt 2 Gimmicks_gimmick_vent_magma.png.raw.png: WARNING: This project calls an unsupported private Codex backend path. The contract may break without notice.
WARNING: This project calls an unsupported private
    ! gti rc=1 attempt 2 Gimmicks_gimmick_vent_petal.png.raw.png: WARNING: This project calls an unsupported private Codex backend path. The contract may break without notice.
WARNING: This project calls an unsupported private
    ! gti rc=1 attempt 3 Gimmicks_gimmick_vent_magma.png.raw.png: WARNING: This project calls an unsupported private Codex backend path. The contract may break without notice.
WARNING: This project calls an unsupported private
    ! gti rc=1 attempt 3 Gimmicks_gimmick_vent_petal.png.raw.png: WARNING: This project calls an unsupported private Codex backend path. The contract may break without notice.
WARNING: This project calls an unsupported private
FAIL Gimmicks/gimmick_vent_magma.png
FAIL Gimmicks/gimmick_vent_petal.png
done, 18 failures
retry round 12
    ! gti rc=1 attempt 1 Effects_fx_spawn_fx_spawn_000.png.raw.png: WARNING: This project calls an unsupported private Codex backend path. The contract may break without notice.
WARNING: This project calls an unsupported private
    ! gti rc=1 attempt 1 Effects_fx_spawn_fx_spawn_002.png.raw.png: WARNING: This project calls an unsupported private Codex backend path. The contract may break without notice.
WARNING: This project calls an unsupported private
    ! gti rc=1 attempt 1 Effects_fx_spawn_fx_spawn_001.png.raw.png: WARNING: This project calls an unsupported private Codex backend path. The contract may break without notice.
WARNING: This project calls an unsupported private
    ! gti rc=1 attempt 1 Effects_fx_spawn_fx_spawn_003.png.raw.png: WARNING: This project calls an unsupported private Codex backend path. The contract may break without notice.
WARNING: This project calls an unsupported private
    ! gti rc=1 attempt 2 Effects_fx_spawn_fx_spawn_001.png.raw.png: WARNING: This project calls an unsupported private Codex backend path. The contract may break without notice.
WARNING: This project calls an unsupported private
    ! gti rc=1 attempt 2 Effects_fx_spawn_fx_spawn_003.png.raw.png: WARNING: This project calls an unsupported private Codex backend path. The contract may break without notice.
WARNING: This project calls an unsupported private
    ! gti rc=1 attempt 2 Effects_fx_spawn_fx_spawn_002.png.raw.png: WARNING: This project calls an unsupported private Codex backend path. The contract may break without notice.
WARNING: This project calls an unsupported private
    ! gti rc=1 attempt 2 Effects_fx_spawn_fx_spawn_000.png.raw.png: WARNING: This project calls an unsupported private Codex backend path. The contract may break without notice.
WARNING: This project calls an unsupported private
    ! gti rc=1 attempt 3 Effects_fx_spawn_fx_spawn_000.png.raw.png: WARNING: This project calls an unsupported private Codex backend path. The contract may break without notice.
WARNING: This project calls an unsupported private
    ! gti rc=1 attempt 3 Effects_fx_spawn_fx_spawn_003.png.raw.png: WARNING: This project calls an unsupported private Codex backend path. The contract may break without notice.
WARNING: This project calls an unsupported private
    ! gti rc=1 attempt 3 Effects_fx_spawn_fx_spawn_002.png.raw.png: WARNING: This project calls an unsupported private Codex backend path. The contract may break without notice.
WARNING: This project calls an unsupported private
    ! gti rc=1 attempt 3 Effects_fx_spawn_fx_spawn_001.png.raw.png: WARNING: This project calls an unsupported private Codex backend path. The contract may break without notice.
WARNING: This project calls an unsupported private
FAIL Effects/fx_spawn/fx_spawn_000.png
FAIL Effects/fx_spawn/fx_spawn_001.png
FAIL Effects/fx_spawn/fx_spawn_002.png
FAIL Effects/fx_spawn/fx_spawn_003.png
    ! gti rc=1 attempt 1 Effects_fx_eruption_fx_eruption_003.png.raw.png: WARNING: This project calls an unsupported private Codex backend path. The contract may break without notice.
WARNING: This project calls an unsupported private
    ! gti rc=1 attempt 1 Effects_fx_eruption_fx_eruption_000.png.raw.png: WARNING: This project calls an unsupported private Codex backend path. The contract may break without notice.
WARNING: This project calls an unsupported private
    ! gti rc=1 attempt 1 Effects_fx_eruption_fx_eruption_001.png.raw.png: WARNING: This project calls an unsupported private Codex backend path. The contract may break without notice.
WARNING: This project calls an unsupported private
    ! gti rc=1 attempt 1 Effects_fx_eruption_fx_eruption_002.png.raw.png: WARNING: This project calls an unsupported private Codex backend path. The contract may break without notice.
WARNING: This project calls an unsupported private
    ! gti rc=1 attempt 2 Effects_fx_eruption_fx_eruption_001.png.raw.png: WARNING: This project calls an unsupported private Codex backend path. The contract may break without notice.
WARNING: This project calls an unsupported private
    ! gti rc=1 attempt 2 Effects_fx_eruption_fx_eruption_003.png.raw.png: WARNING: This project calls an unsupported private Codex backend path. The contract may break without notice.
WARNING: This project calls an unsupported private
    ! gti rc=1 attempt 2 Effects_fx_eruption_fx_eruption_000.png.raw.png: WARNING: This project calls an unsupported private Codex backend path. The contract may break without notice.
WARNING: This project calls an unsupported private
    ! gti rc=1 attempt 2 Effects_fx_eruption_fx_eruption_002.png.raw.png: WARNING: This project calls an unsupported private Codex backend path. The contract may break without notice.
WARNING: This project calls an unsupported private
    ! gti rc=1 attempt 3 Effects_fx_eruption_fx_eruption_003.png.raw.png: WARNING: This project calls an unsupported private Codex backend path. The contract may break without notice.
WARNING: This project calls an unsupported private
    ! gti rc=1 attempt 3 Effects_fx_eruption_fx_eruption_001.png.raw.png: WARNING: This project calls an unsupported private Codex backend path. The contract may break without notice.
WARNING: This project calls an unsupported private
    ! gti rc=1 attempt 3 Effects_fx_eruption_fx_eruption_000.png.raw.png: WARNING: This project calls an unsupported private Codex backend path. The contract may break without notice.
WARNING: This project calls an unsupported private
FAIL Effects/fx_eruption/fx_eruption_000.png
FAIL Effects/fx_eruption/fx_eruption_001.png
    ! gti rc=1 attempt 3 Effects_fx_eruption_fx_eruption_002.png.raw.png: WARNING: This project calls an unsupported private Codex backend path. The contract may break without notice.
WARNING: This project calls an unsupported private
    ! gti rc=1 attempt 1 Effects_fx_eruption_fx_eruption_004.png.raw.png: WARNING: This project calls an unsupported private Codex backend path. The contract may break without notice.
WARNING: This project calls an unsupported private
    ! gti rc=1 attempt 1 Effects_fx_petals_fx_petals_000.png.raw.png: WARNING: This project calls an unsupported private Codex backend path. The contract may break without notice.
WARNING: This project calls an unsupported private
    ! gti rc=1 attempt 1 Effects_fx_petals_fx_petals_001.png.raw.png: WARNING: This project calls an unsupported private Codex backend path. The contract may break without notice.
WARNING: This project calls an unsupported private
FAIL Effects/fx_eruption/fx_eruption_002.png
FAIL Effects/fx_eruption/fx_eruption_003.png
    ! gti rc=1 attempt 1 Effects_fx_petals_fx_petals_002.png.raw.png: WARNING: This project calls an unsupported private Codex backend path. The contract may break without notice.
WARNING: This project calls an unsupported private
    ! gti rc=1 attempt 2 Effects_fx_eruption_fx_eruption_004.png.raw.png: WARNING: This project calls an unsupported private Codex backend path. The contract may break without notice.
WARNING: This project calls an unsupported private
    ! gti rc=1 attempt 2 Effects_fx_petals_fx_petals_000.png.raw.png: WARNING: This project calls an unsupported private Codex backend path. The contract may break without notice.
WARNING: This project calls an unsupported private
    ! gti rc=1 attempt 2 Effects_fx_petals_fx_petals_001.png.raw.png: WARNING: This project calls an unsupported private Codex backend path. The contract may break without notice.
WARNING: This project calls an unsupported private
    ! gti rc=1 attempt 2 Effects_fx_petals_fx_petals_002.png.raw.png: WARNING: This project calls an unsupported private Codex backend path. The contract may break without notice.
WARNING: This project calls an unsupported private
    ! gti rc=1 attempt 3 Effects_fx_eruption_fx_eruption_004.png.raw.png: WARNING: This project calls an unsupported private Codex backend path. The contract may break without notice.
WARNING: This project calls an unsupported private
    ! gti rc=1 attempt 3 Effects_fx_petals_fx_petals_000.png.raw.png: WARNING: This project calls an unsupported private Codex backend path. The contract may break without notice.
WARNING: This project calls an unsupported private
    ! gti rc=1 attempt 3 Effects_fx_petals_fx_petals_001.png.raw.png: WARNING: This project calls an unsupported private Codex backend path. The contract may break without notice.
WARNING: This project calls an unsupported private
FAIL Effects/fx_eruption/fx_eruption_004.png
FAIL Effects/fx_petals/fx_petals_000.png
FAIL Effects/fx_petals/fx_petals_001.png
    ! gti rc=1 attempt 3 Effects_fx_petals_fx_petals_002.png.raw.png: WARNING: This project calls an unsupported private Codex backend path. The contract may break without notice.
WARNING: This project calls an unsupported private
    ! gti rc=1 attempt 1 Effects_fx_petals_fx_petals_003.png.raw.png: WARNING: This project calls an unsupported private Codex backend path. The contract may break without notice.
WARNING: This project calls an unsupported private
    ! gti rc=1 attempt 1 Effects_particles_particle_smoke.png.raw.png: WARNING: This project calls an unsupported private Codex backend path. The contract may break without notice.
WARNING: This project calls an unsupported private
    ! gti rc=1 attempt 1 Effects_particles_particle_ember.png.raw.png: WARNING: This project calls an unsupported private Codex backend path. The contract may break without notice.
WARNING: This project calls an unsupported private
FAIL Effects/fx_petals/fx_petals_002.png
    ! gti rc=1 attempt 1 Effects_particles_particle_petal.png.raw.png: WARNING: This project calls an unsupported private Codex backend path. The contract may break without notice.
WARNING: This project calls an unsupported private
    ! gti rc=1 attempt 2 Effects_particles_particle_ember.png.raw.png: WARNING: This project calls an unsupported private Codex backend path. The contract may break without notice.
WARNING: This project calls an unsupported private
    ! gti rc=1 attempt 2 Effects_fx_petals_fx_petals_003.png.raw.png: WARNING: This project calls an unsupported private Codex backend path. The contract may break without notice.
WARNING: This project calls an unsupported private
    ! gti rc=1 attempt 2 Effects_particles_particle_smoke.png.raw.png: WARNING: This project calls an unsupported private Codex backend path. The contract may break without notice.
WARNING: This project calls an unsupported private
    ! gti rc=1 attempt 2 Effects_particles_particle_petal.png.raw.png: WARNING: This project calls an unsupported private Codex backend path. The contract may break without notice.
WARNING: This project calls an unsupported private
    ! gti rc=1 attempt 3 Effects_particles_particle_ember.png.raw.png: WARNING: This project calls an unsupported private Codex backend path. The contract may break without notice.
WARNING: This project calls an unsupported private
    ! gti rc=1 attempt 3 Effects_fx_petals_fx_petals_003.png.raw.png: WARNING: This project calls an unsupported private Codex backend path. The contract may break without notice.
WARNING: This project calls an unsupported private
    ! gti rc=1 attempt 3 Effects_particles_particle_smoke.png.raw.png: WARNING: This project calls an unsupported private Codex backend path. The contract may break without notice.
WARNING: This project calls an unsupported private
FAIL Effects/fx_petals/fx_petals_003.png
FAIL Effects/particles/particle_ember.png
FAIL Effects/particles/particle_smoke.png
    ! gti rc=1 attempt 3 Effects_particles_particle_petal.png.raw.png: WARNING: This project calls an unsupported private Codex backend path. The contract may break without notice.
WARNING: This project calls an unsupported private
    ! gti rc=1 attempt 1 Gimmicks_gimmick_vent_petal.png.raw.png: WARNING: This project calls an unsupported private Codex backend path. The contract may break without notice.
WARNING: This project calls an unsupported private
    ! gti rc=1 attempt 1 Gimmicks_gimmick_vent_magma.png.raw.png: WARNING: This project calls an unsupported private Codex backend path. The contract may break without notice.
WARNING: This project calls an unsupported private
FAIL Effects/particles/particle_petal.png
    ! gti rc=1 attempt 2 Gimmicks_gimmick_vent_magma.png.raw.png: WARNING: This project calls an unsupported private Codex backend path. The contract may break without notice.
WARNING: This project calls an unsupported private
    ! gti rc=1 attempt 2 Gimmicks_gimmick_vent_petal.png.raw.png: WARNING: This project calls an unsupported private Codex backend path. The contract may break without notice.
WARNING: This project calls an unsupported private
    ! gti rc=1 attempt 3 Gimmicks_gimmick_vent_magma.png.raw.png: WARNING: This project calls an unsupported private Codex backend path. The contract may break without notice.
WARNING: This project calls an unsupported private
    ! gti rc=1 attempt 3 Gimmicks_gimmick_vent_petal.png.raw.png: WARNING: This project calls an unsupported private Codex backend path. The contract may break without notice.
WARNING: This project calls an unsupported private
FAIL Gimmicks/gimmick_vent_magma.png
FAIL Gimmicks/gimmick_vent_petal.png
done, 18 failures
retry round 13
    ! gti rc=1 attempt 1 Effects_fx_spawn_fx_spawn_003.png.raw.png: WARNING: This project calls an unsupported private Codex backend path. The contract may break without notice.
WARNING: This project calls an unsupported private
    ! gti rc=1 attempt 1 Effects_fx_spawn_fx_spawn_002.png.raw.png: WARNING: This project calls an unsupported private Codex backend path. The contract may break without notice.
WARNING: This project calls an unsupported private
    ! gti rc=1 attempt 1 Effects_fx_spawn_fx_spawn_001.png.raw.png: WARNING: This project calls an unsupported private Codex backend path. The contract may break without notice.
WARNING: This project calls an unsupported private
    ! gti rc=1 attempt 1 Effects_fx_spawn_fx_spawn_000.png.raw.png: WARNING: This project calls an unsupported private Codex backend path. The contract may break without notice.
WARNING: This project calls an unsupported private
    ! gti rc=1 attempt 2 Effects_fx_spawn_fx_spawn_003.png.raw.png: WARNING: This project calls an unsupported private Codex backend path. The contract may break without notice.
WARNING: This project calls an unsupported private
    ! gti rc=1 attempt 2 Effects_fx_spawn_fx_spawn_002.png.raw.png: WARNING: This project calls an unsupported private Codex backend path. The contract may break without notice.
WARNING: This project calls an unsupported private
    ! gti rc=1 attempt 2 Effects_fx_spawn_fx_spawn_000.png.raw.png: WARNING: This project calls an unsupported private Codex backend path. The contract may break without notice.
WARNING: This project calls an unsupported private
    ! gti rc=1 attempt 2 Effects_fx_spawn_fx_spawn_001.png.raw.png: WARNING: This project calls an unsupported private Codex backend path. The contract may break without notice.
WARNING: This project calls an unsupported private
    ! gti rc=1 attempt 3 Effects_fx_spawn_fx_spawn_003.png.raw.png: WARNING: This project calls an unsupported private Codex backend path. The contract may break without notice.
WARNING: This project calls an unsupported private
    ! gti rc=1 attempt 3 Effects_fx_spawn_fx_spawn_002.png.raw.png: WARNING: This project calls an unsupported private Codex backend path. The contract may break without notice.
WARNING: This project calls an unsupported private
    ! gti rc=1 attempt 3 Effects_fx_spawn_fx_spawn_001.png.raw.png: WARNING: This project calls an unsupported private Codex backend path. The contract may break without notice.
WARNING: This project calls an unsupported private
    ! gti rc=1 attempt 3 Effects_fx_spawn_fx_spawn_000.png.raw.png: WARNING: This project calls an unsupported private Codex backend path. The contract may break without notice.
WARNING: This project calls an unsupported private
FAIL Effects/fx_spawn/fx_spawn_000.png
FAIL Effects/fx_spawn/fx_spawn_001.png
FAIL Effects/fx_spawn/fx_spawn_002.png
FAIL Effects/fx_spawn/fx_spawn_003.png
    ! gti rc=1 attempt 1 Effects_fx_eruption_fx_eruption_000.png.raw.png: WARNING: This project calls an unsupported private Codex backend path. The contract may break without notice.
WARNING: This project calls an unsupported private
    ! gti rc=1 attempt 1 Effects_fx_eruption_fx_eruption_001.png.raw.png: WARNING: This project calls an unsupported private Codex backend path. The contract may break without notice.
WARNING: This project calls an unsupported private
    ! gti rc=1 attempt 1 Effects_fx_eruption_fx_eruption_002.png.raw.png: WARNING: This project calls an unsupported private Codex backend path. The contract may break without notice.
WARNING: This project calls an unsupported private
    ! gti rc=1 attempt 1 Effects_fx_eruption_fx_eruption_003.png.raw.png: WARNING: This project calls an unsupported private Codex backend path. The contract may break without notice.
WARNING: This project calls an unsupported private
    ! gti rc=1 attempt 2 Effects_fx_eruption_fx_eruption_000.png.raw.png: WARNING: This project calls an unsupported private Codex backend path. The contract may break without notice.
WARNING: This project calls an unsupported private
    ! gti rc=1 attempt 2 Effects_fx_eruption_fx_eruption_001.png.raw.png: WARNING: This project calls an unsupported private Codex backend path. The contract may break without notice.
WARNING: This project calls an unsupported private
    ! gti rc=1 attempt 2 Effects_fx_eruption_fx_eruption_002.png.raw.png: WARNING: This project calls an unsupported private Codex backend path. The contract may break without notice.
WARNING: This project calls an unsupported private
    ! gti rc=1 attempt 2 Effects_fx_eruption_fx_eruption_003.png.raw.png: WARNING: This project calls an unsupported private Codex backend path. The contract may break without notice.
WARNING: This project calls an unsupported private
    ! gti rc=1 attempt 3 Effects_fx_eruption_fx_eruption_001.png.raw.png: WARNING: This project calls an unsupported private Codex backend path. The contract may break without notice.
WARNING: This project calls an unsupported private
    ! gti rc=1 attempt 3 Effects_fx_eruption_fx_eruption_000.png.raw.png: WARNING: This project calls an unsupported private Codex backend path. The contract may break without notice.
WARNING: This project calls an unsupported private
    ! gti rc=1 attempt 3 Effects_fx_eruption_fx_eruption_002.png.raw.png: WARNING: This project calls an unsupported private Codex backend path. The contract may break without notice.
WARNING: This project calls an unsupported private
    ! gti rc=1 attempt 3 Effects_fx_eruption_fx_eruption_003.png.raw.png: WARNING: This project calls an unsupported private Codex backend path. The contract may break without notice.
WARNING: This project calls an unsupported private
FAIL Effects/fx_eruption/fx_eruption_000.png
FAIL Effects/fx_eruption/fx_eruption_001.png
FAIL Effects/fx_eruption/fx_eruption_002.png
FAIL Effects/fx_eruption/fx_eruption_003.png
    ! gti rc=1 attempt 1 Effects_fx_eruption_fx_eruption_004.png.raw.png: WARNING: This project calls an unsupported private Codex backend path. The contract may break without notice.
WARNING: This project calls an unsupported private
    ! gti rc=1 attempt 1 Effects_fx_petals_fx_petals_002.png.raw.png: WARNING: This project calls an unsupported private Codex backend path. The contract may break without notice.
WARNING: This project calls an unsupported private
    ! gti rc=1 attempt 1 Effects_fx_petals_fx_petals_001.png.raw.png: WARNING: This project calls an unsupported private Codex backend path. The contract may break without notice.
WARNING: This project calls an unsupported private
    ! gti rc=1 attempt 1 Effects_fx_petals_fx_petals_000.png.raw.png: WARNING: This project calls an unsupported private Codex backend path. The contract may break without notice.
WARNING: This project calls an unsupported private
    ! gti rc=1 attempt 2 Effects_fx_eruption_fx_eruption_004.png.raw.png: WARNING: This project calls an unsupported private Codex backend path. The contract may break without notice.
WARNING: This project calls an unsupported private
    ! gti rc=1 attempt 2 Effects_fx_petals_fx_petals_002.png.raw.png: WARNING: This project calls an unsupported private Codex backend path. The contract may break without notice.
WARNING: This project calls an unsupported private
    ! gti rc=1 attempt 2 Effects_fx_petals_fx_petals_001.png.raw.png: WARNING: This project calls an unsupported private Codex backend path. The contract may break without notice.
WARNING: This project calls an unsupported private
    ! gti rc=1 attempt 2 Effects_fx_petals_fx_petals_000.png.raw.png: WARNING: This project calls an unsupported private Codex backend path. The contract may break without notice.
WARNING: This project calls an unsupported private
    ! gti rc=1 attempt 3 Effects_fx_eruption_fx_eruption_004.png.raw.png: WARNING: This project calls an unsupported private Codex backend path. The contract may break without notice.
WARNING: This project calls an unsupported private
    ! gti rc=1 attempt 3 Effects_fx_petals_fx_petals_002.png.raw.png: WARNING: This project calls an unsupported private Codex backend path. The contract may break without notice.
WARNING: This project calls an unsupported private
    ! gti rc=1 attempt 3 Effects_fx_petals_fx_petals_000.png.raw.png: WARNING: This project calls an unsupported private Codex backend path. The contract may break without notice.
WARNING: This project calls an unsupported private
    ! gti rc=1 attempt 3 Effects_fx_petals_fx_petals_001.png.raw.png: WARNING: This project calls an unsupported private Codex backend path. The contract may break without notice.
WARNING: This project calls an unsupported private
FAIL Effects/fx_eruption/fx_eruption_004.png
FAIL Effects/fx_petals/fx_petals_000.png
FAIL Effects/fx_petals/fx_petals_001.png
FAIL Effects/fx_petals/fx_petals_002.png
    ! gti rc=1 attempt 1 Effects_fx_petals_fx_petals_003.png.raw.png: WARNING: This project calls an unsupported private Codex backend path. The contract may break without notice.
WARNING: This project calls an unsupported private
    ! gti rc=1 attempt 1 Effects_particles_particle_smoke.png.raw.png: WARNING: This project calls an unsupported private Codex backend path. The contract may break without notice.
WARNING: This project calls an unsupported private
    ! gti rc=1 attempt 1 Effects_particles_particle_ember.png.raw.png: WARNING: This project calls an unsupported private Codex backend path. The contract may break without notice.
WARNING: This project calls an unsupported private
    ! gti rc=1 attempt 1 Effects_particles_particle_petal.png.raw.png: WARNING: This project calls an unsupported private Codex backend path. The contract may break without notice.
WARNING: This project calls an unsupported private
    ! gti rc=1 attempt 2 Effects_particles_particle_smoke.png.raw.png: WARNING: This project calls an unsupported private Codex backend path. The contract may break without notice.
WARNING: This project calls an unsupported private
    ! gti rc=1 attempt 2 Effects_particles_particle_petal.png.raw.png: WARNING: This project calls an unsupported private Codex backend path. The contract may break without notice.
WARNING: This project calls an unsupported private
    ! gti rc=1 attempt 2 Effects_particles_particle_ember.png.raw.png: WARNING: This project calls an unsupported private Codex backend path. The contract may break without notice.
WARNING: This project calls an unsupported private
    ! gti rc=1 attempt 2 Effects_fx_petals_fx_petals_003.png.raw.png: WARNING: This project calls an unsupported private Codex backend path. The contract may break without notice.
WARNING: This project calls an unsupported private
    ! gti rc=1 attempt 3 Effects_particles_particle_ember.png.raw.png: WARNING: This project calls an unsupported private Codex backend path. The contract may break without notice.
WARNING: This project calls an unsupported private
    ! gti rc=1 attempt 3 Effects_particles_particle_petal.png.raw.png: WARNING: This project calls an unsupported private Codex backend path. The contract may break without notice.
WARNING: This project calls an unsupported private
    ! gti rc=1 attempt 3 Effects_particles_particle_smoke.png.raw.png: WARNING: This project calls an unsupported private Codex backend path. The contract may break without notice.
WARNING: This project calls an unsupported private
    ! gti rc=1 attempt 3 Effects_fx_petals_fx_petals_003.png.raw.png: WARNING: This project calls an unsupported private Codex backend path. The contract may break without notice.
WARNING: This project calls an unsupported private
FAIL Effects/fx_petals/fx_petals_003.png
FAIL Effects/particles/particle_ember.png
FAIL Effects/particles/particle_smoke.png
FAIL Effects/particles/particle_petal.png
    ! gti rc=1 attempt 1 Gimmicks_gimmick_vent_magma.png.raw.png: WARNING: This project calls an unsupported private Codex backend path. The contract may break without notice.
WARNING: This project calls an unsupported private
    ! gti rc=1 attempt 1 Gimmicks_gimmick_vent_petal.png.raw.png: WARNING: This project calls an unsupported private Codex backend path. The contract may break without notice.
WARNING: This project calls an unsupported private
    ! gti rc=1 attempt 2 Gimmicks_gimmick_vent_magma.png.raw.png: WARNING: This project calls an unsupported private Codex backend path. The contract may break without notice.
WARNING: This project calls an unsupported private
    ! gti rc=1 attempt 2 Gimmicks_gimmick_vent_petal.png.raw.png: WARNING: This project calls an unsupported private Codex backend path. The contract may break without notice.
WARNING: This project calls an unsupported private
    ! gti rc=1 attempt 3 Gimmicks_gimmick_vent_magma.png.raw.png: WARNING: This project calls an unsupported private Codex backend path. The contract may break without notice.
WARNING: This project calls an unsupported private
    ! gti rc=1 attempt 3 Gimmicks_gimmick_vent_petal.png.raw.png: WARNING: This project calls an unsupported private Codex backend path. The contract may break without notice.
WARNING: This project calls an unsupported private
FAIL Gimmicks/gimmick_vent_magma.png
FAIL Gimmicks/gimmick_vent_petal.png
done, 18 failures
retry round 14
    ! gti rc=1 attempt 1 Effects_fx_spawn_fx_spawn_000.png.raw.png: WARNING: This project calls an unsupported private Codex backend path. The contract may break without notice.
WARNING: This project calls an unsupported private
    ! gti rc=1 attempt 1 Effects_fx_spawn_fx_spawn_002.png.raw.png: WARNING: This project calls an unsupported private Codex backend path. The contract may break without notice.
WARNING: This project calls an unsupported private
    ! gti rc=1 attempt 1 Effects_fx_spawn_fx_spawn_003.png.raw.png: WARNING: This project calls an unsupported private Codex backend path. The contract may break without notice.
WARNING: This project calls an unsupported private
    ! gti rc=1 attempt 1 Effects_fx_spawn_fx_spawn_001.png.raw.png: WARNING: This project calls an unsupported private Codex backend path. The contract may break without notice.
WARNING: This project calls an unsupported private
    ! gti rc=1 attempt 2 Effects_fx_spawn_fx_spawn_000.png.raw.png: WARNING: This project calls an unsupported private Codex backend path. The contract may break without notice.
WARNING: This project calls an unsupported private
    ! gti rc=1 attempt 2 Effects_fx_spawn_fx_spawn_002.png.raw.png: WARNING: This project calls an unsupported private Codex backend path. The contract may break without notice.
WARNING: This project calls an unsupported private
    ! gti rc=1 attempt 2 Effects_fx_spawn_fx_spawn_001.png.raw.png: WARNING: This project calls an unsupported private Codex backend path. The contract may break without notice.
WARNING: This project calls an unsupported private
    ! gti rc=1 attempt 2 Effects_fx_spawn_fx_spawn_003.png.raw.png: WARNING: This project calls an unsupported private Codex backend path. The contract may break without notice.
WARNING: This project calls an unsupported private
    ! gti rc=1 attempt 3 Effects_fx_spawn_fx_spawn_000.png.raw.png: WARNING: This project calls an unsupported private Codex backend path. The contract may break without notice.
WARNING: This project calls an unsupported private
    ! gti rc=1 attempt 3 Effects_fx_spawn_fx_spawn_002.png.raw.png: WARNING: This project calls an unsupported private Codex backend path. The contract may break without notice.
WARNING: This project calls an unsupported private
    ! gti rc=1 attempt 3 Effects_fx_spawn_fx_spawn_001.png.raw.png: WARNING: This project calls an unsupported private Codex backend path. The contract may break without notice.
WARNING: This project calls an unsupported private
    ! gti rc=1 attempt 3 Effects_fx_spawn_fx_spawn_003.png.raw.png: WARNING: This project calls an unsupported private Codex backend path. The contract may break without notice.
WARNING: This project calls an unsupported private
FAIL Effects/fx_spawn/fx_spawn_000.png
FAIL Effects/fx_spawn/fx_spawn_001.png
FAIL Effects/fx_spawn/fx_spawn_002.png
FAIL Effects/fx_spawn/fx_spawn_003.png
    ! gti rc=1 attempt 1 Effects_fx_eruption_fx_eruption_001.png.raw.png: WARNING: This project calls an unsupported private Codex backend path. The contract may break without notice.
WARNING: This project calls an unsupported private    ! gti rc=1 attempt 1 Effects_fx_eruption_fx_eruption_000.png.raw.png: WARNING: This project calls an unsupported private Codex backend path. The contract may break without notice.
WARNING: This project calls an unsupported private

    ! gti rc=1 attempt 1 Effects_fx_eruption_fx_eruption_003.png.raw.png: WARNING: This project calls an unsupported private Codex backend path. The contract may break without notice.
WARNING: This project calls an unsupported private
    ! gti rc=1 attempt 1 Effects_fx_eruption_fx_eruption_002.png.raw.png: WARNING: This project calls an unsupported private Codex backend path. The contract may break without notice.
WARNING: This project calls an unsupported private
    ! gti rc=1 attempt 2 Effects_fx_eruption_fx_eruption_002.png.raw.png: WARNING: This project calls an unsupported private Codex backend path. The contract may break without notice.
WARNING: This project calls an unsupported private
    ! gti rc=1 attempt 2 Effects_fx_eruption_fx_eruption_003.png.raw.png: WARNING: This project calls an unsupported private Codex backend path. The contract may break without notice.
WARNING: This project calls an unsupported private
    ! gti rc=1 attempt 2 Effects_fx_eruption_fx_eruption_001.png.raw.png: WARNING: This project calls an unsupported private Codex backend path. The contract may break without notice.
WARNING: This project calls an unsupported private
    ! gti rc=1 attempt 2 Effects_fx_eruption_fx_eruption_000.png.raw.png: WARNING: This project calls an unsupported private Codex backend path. The contract may break without notice.
WARNING: This project calls an unsupported private
    ! gti rc=1 attempt 3 Effects_fx_eruption_fx_eruption_003.png.raw.png: WARNING: This project calls an unsupported private Codex backend path. The contract may break without notice.
WARNING: This project calls an unsupported private
    ! gti rc=1 attempt 3 Effects_fx_eruption_fx_eruption_000.png.raw.png: WARNING: This project calls an unsupported private Codex backend path. The contract may break without notice.
WARNING: This project calls an unsupported private
    ! gti rc=1 attempt 3 Effects_fx_eruption_fx_eruption_002.png.raw.png: WARNING: This project calls an unsupported private Codex backend path. The contract may break without notice.
WARNING: This project calls an unsupported private
    ! gti rc=1 attempt 3 Effects_fx_eruption_fx_eruption_001.png.raw.png: WARNING: This project calls an unsupported private Codex backend path. The contract may break without notice.
WARNING: This project calls an unsupported private
FAIL Effects/fx_eruption/fx_eruption_000.png
FAIL Effects/fx_eruption/fx_eruption_001.png
FAIL Effects/fx_eruption/fx_eruption_002.png
FAIL Effects/fx_eruption/fx_eruption_003.png
    ! gti rc=1 attempt 1 Effects_fx_eruption_fx_eruption_004.png.raw.png: WARNING: This project calls an unsupported private Codex backend path. The contract may break without notice.
WARNING: This project calls an unsupported private
    ! gti rc=1 attempt 1 Effects_fx_petals_fx_petals_000.png.raw.png: WARNING: This project calls an unsupported private Codex backend path. The contract may break without notice.
WARNING: This project calls an unsupported private
    ! gti rc=1 attempt 1 Effects_fx_petals_fx_petals_001.png.raw.png: WARNING: This project calls an unsupported private Codex backend path. The contract may break without notice.
WARNING: This project calls an unsupported private
    ! gti rc=1 attempt 1 Effects_fx_petals_fx_petals_002.png.raw.png: WARNING: This project calls an unsupported private Codex backend path. The contract may break without notice.
WARNING: This project calls an unsupported private
    ! gti rc=1 attempt 2 Effects_fx_petals_fx_petals_000.png.raw.png: WARNING: This project calls an unsupported private Codex backend path. The contract may break without notice.
WARNING: This project calls an unsupported private
    ! gti rc=1 attempt 2 Effects_fx_eruption_fx_eruption_004.png.raw.png: WARNING: This project calls an unsupported private Codex backend path. The contract may break without notice.
WARNING: This project calls an unsupported private
    ! gti rc=1 attempt 2 Effects_fx_petals_fx_petals_001.png.raw.png: WARNING: This project calls an unsupported private Codex backend path. The contract may break without notice.
WARNING: This project calls an unsupported private
    ! gti rc=1 attempt 2 Effects_fx_petals_fx_petals_002.png.raw.png: WARNING: This project calls an unsupported private Codex backend path. The contract may break without notice.
WARNING: This project calls an unsupported private
    ! gti rc=1 attempt 3 Effects_fx_petals_fx_petals_001.png.raw.png: WARNING: This project calls an unsupported private Codex backend path. The contract may break without notice.
WARNING: This project calls an unsupported private
    ! gti rc=1 attempt 3 Effects_fx_eruption_fx_eruption_004.png.raw.png: WARNING: This project calls an unsupported private Codex backend path. The contract may break without notice.
WARNING: This project calls an unsupported private
    ! gti rc=1 attempt 3 Effects_fx_petals_fx_petals_000.png.raw.png: WARNING: This project calls an unsupported private Codex backend path. The contract may break without notice.
WARNING: This project calls an unsupported private
    ! gti rc=1 attempt 3 Effects_fx_petals_fx_petals_002.png.raw.png: WARNING: This project calls an unsupported private Codex backend path. The contract may break without notice.
WARNING: This project calls an unsupported private
FAIL Effects/fx_eruption/fx_eruption_004.png
FAIL Effects/fx_petals/fx_petals_000.png
FAIL Effects/fx_petals/fx_petals_001.png
FAIL Effects/fx_petals/fx_petals_002.png
    ! gti rc=1 attempt 1 Effects_particles_particle_smoke.png.raw.png: WARNING: This project calls an unsupported private Codex backend path. The contract may break without notice.
WARNING: This project calls an unsupported private
    ! gti rc=1 attempt 1 Effects_particles_particle_petal.png.raw.png: WARNING: This project calls an unsupported private Codex backend path. The contract may break without notice.
WARNING: This project calls an unsupported private
    ! gti rc=1 attempt 1 Effects_fx_petals_fx_petals_003.png.raw.png: WARNING: This project calls an unsupported private Codex backend path. The contract may break without notice.
WARNING: This project calls an unsupported private
    ! gti rc=1 attempt 1 Effects_particles_particle_ember.png.raw.png: WARNING: This project calls an unsupported private Codex backend path. The contract may break without notice.
WARNING: This project calls an unsupported private
    ! gti rc=1 attempt 2 Effects_particles_particle_petal.png.raw.png: WARNING: This project calls an unsupported private Codex backend path. The contract may break without notice.
WARNING: This project calls an unsupported private
    ! gti rc=1 attempt 2 Effects_particles_particle_ember.png.raw.png: WARNING: This project calls an unsupported private Codex backend path. The contract may break without notice.
WARNING: This project calls an unsupported private
    ! gti rc=1 attempt 2 Effects_fx_petals_fx_petals_003.png.raw.png: WARNING: This project calls an unsupported private Codex backend path. The contract may break without notice.
WARNING: This project calls an unsupported private
    ! gti rc=1 attempt 2 Effects_particles_particle_smoke.png.raw.png: WARNING: This project calls an unsupported private Codex backend path. The contract may break without notice.
WARNING: This project calls an unsupported private
    ! gti rc=1 attempt 3 Effects_fx_petals_fx_petals_003.png.raw.png: WARNING: This project calls an unsupported private Codex backend path. The contract may break without notice.
WARNING: This project calls an unsupported private
    ! gti rc=1 attempt 3 Effects_particles_particle_ember.png.raw.png: WARNING: This project calls an unsupported private Codex backend path. The contract may break without notice.
WARNING: This project calls an unsupported private
    ! gti rc=1 attempt 3 Effects_particles_particle_smoke.png.raw.png: WARNING: This project calls an unsupported private Codex backend path. The contract may break without notice.
WARNING: This project calls an unsupported private
    ! gti rc=1 attempt 3 Effects_particles_particle_petal.png.raw.png: WARNING: This project calls an unsupported private Codex backend path. The contract may break without notice.
WARNING: This project calls an unsupported private
FAIL Effects/fx_petals/fx_petals_003.png
FAIL Effects/particles/particle_ember.png
FAIL Effects/particles/particle_smoke.png
FAIL Effects/particles/particle_petal.png
    ! gti rc=1 attempt 1 Gimmicks_gimmick_vent_magma.png.raw.png: WARNING: This project calls an unsupported private Codex backend path. The contract may break without notice.
WARNING: This project calls an unsupported private
    ! gti rc=1 attempt 1 Gimmicks_gimmick_vent_petal.png.raw.png: WARNING: This project calls an unsupported private Codex backend path. The contract may break without notice.
WARNING: This project calls an unsupported private
    ! gti rc=1 attempt 2 Gimmicks_gimmick_vent_magma.png.raw.png: WARNING: This project calls an unsupported private Codex backend path. The contract may break without notice.
WARNING: This project calls an unsupported private
    ! gti rc=1 attempt 2 Gimmicks_gimmick_vent_petal.png.raw.png: WARNING: This project calls an unsupported private Codex backend path. The contract may break without notice.
WARNING: This project calls an unsupported private
    ! gti rc=1 attempt 3 Gimmicks_gimmick_vent_magma.png.raw.png: WARNING: This project calls an unsupported private Codex backend path. The contract may break without notice.
WARNING: This project calls an unsupported private
    ! gti rc=1 attempt 3 Gimmicks_gimmick_vent_petal.png.raw.png: WARNING: This project calls an unsupported private Codex backend path. The contract may break without notice.
WARNING: This project calls an unsupported private
FAIL Gimmicks/gimmick_vent_magma.png
FAIL Gimmicks/gimmick_vent_petal.png
done, 18 failures
retry round 15
    ! gti rc=1 attempt 1 Effects_fx_spawn_fx_spawn_000.png.raw.png: WARNING: This project calls an unsupported private Codex backend path. The contract may break without notice.
WARNING: This project calls an unsupported private
    ! gti rc=1 attempt 1 Effects_fx_spawn_fx_spawn_001.png.raw.png: WARNING: This project calls an unsupported private Codex backend path. The contract may break without notice.
WARNING: This project calls an unsupported private
    ! gti rc=1 attempt 1 Effects_fx_spawn_fx_spawn_002.png.raw.png: WARNING: This project calls an unsupported private Codex backend path. The contract may break without notice.
WARNING: This project calls an unsupported private
    ! gti rc=1 attempt 1 Effects_fx_spawn_fx_spawn_003.png.raw.png: WARNING: This project calls an unsupported private Codex backend path. The contract may break without notice.
WARNING: This project calls an unsupported private
    ! gti rc=1 attempt 2 Effects_fx_spawn_fx_spawn_001.png.raw.png: WARNING: This project calls an unsupported private Codex backend path. The contract may break without notice.
WARNING: This project calls an unsupported private
    ! gti rc=1 attempt 2 Effects_fx_spawn_fx_spawn_000.png.raw.png: WARNING: This project calls an unsupported private Codex backend path. The contract may break without notice.
WARNING: This project calls an unsupported private
    ! gti rc=1 attempt 2 Effects_fx_spawn_fx_spawn_002.png.raw.png: WARNING: This project calls an unsupported private Codex backend path. The contract may break without notice.
WARNING: This project calls an unsupported private
    ! gti rc=1 attempt 2 Effects_fx_spawn_fx_spawn_003.png.raw.png: WARNING: This project calls an unsupported private Codex backend path. The contract may break without notice.
WARNING: This project calls an unsupported private
    ! gti rc=1 attempt 3 Effects_fx_spawn_fx_spawn_000.png.raw.png: WARNING: This project calls an unsupported private Codex backend path. The contract may break without notice.
WARNING: This project calls an unsupported private
    ! gti rc=1 attempt 3 Effects_fx_spawn_fx_spawn_002.png.raw.png: WARNING: This project calls an unsupported private Codex backend path. The contract may break without notice.
WARNING: This project calls an unsupported private
    ! gti rc=1 attempt 3 Effects_fx_spawn_fx_spawn_003.png.raw.png: WARNING: This project calls an unsupported private Codex backend path. The contract may break without notice.
WARNING: This project calls an unsupported private
    ! gti rc=1 attempt 3 Effects_fx_spawn_fx_spawn_001.png.raw.png: WARNING: This project calls an unsupported private Codex backend path. The contract may break without notice.
WARNING: This project calls an unsupported private
FAIL Effects/fx_spawn/fx_spawn_000.png
FAIL Effects/fx_spawn/fx_spawn_001.png
FAIL Effects/fx_spawn/fx_spawn_002.png
FAIL Effects/fx_spawn/fx_spawn_003.png
    ! gti rc=1 attempt 1 Effects_fx_eruption_fx_eruption_000.png.raw.png: WARNING: This project calls an unsupported private Codex backend path. The contract may break without notice.
WARNING: This project calls an unsupported private
    ! gti rc=1 attempt 1 Effects_fx_eruption_fx_eruption_002.png.raw.png: WARNING: This project calls an unsupported private Codex backend path. The contract may break without notice.
WARNING: This project calls an unsupported private
    ! gti rc=1 attempt 1 Effects_fx_eruption_fx_eruption_001.png.raw.png: WARNING: This project calls an unsupported private Codex backend path. The contract may break without notice.
WARNING: This project calls an unsupported private
    ! gti rc=1 attempt 1 Effects_fx_eruption_fx_eruption_003.png.raw.png: WARNING: This project calls an unsupported private Codex backend path. The contract may break without notice.
WARNING: This project calls an unsupported private
    ! gti rc=1 attempt 2 Effects_fx_eruption_fx_eruption_000.png.raw.png: WARNING: This project calls an unsupported private Codex backend path. The contract may break without notice.
WARNING: This project calls an unsupported private
    ! gti rc=1 attempt 2 Effects_fx_eruption_fx_eruption_001.png.raw.png: WARNING: This project calls an unsupported private Codex backend path. The contract may break without notice.
WARNING: This project calls an unsupported private
    ! gti rc=1 attempt 2 Effects_fx_eruption_fx_eruption_002.png.raw.png: WARNING: This project calls an unsupported private Codex backend path. The contract may break without notice.
WARNING: This project calls an unsupported private
    ! gti rc=1 attempt 2 Effects_fx_eruption_fx_eruption_003.png.raw.png: WARNING: This project calls an unsupported private Codex backend path. The contract may break without notice.
WARNING: This project calls an unsupported private
    ! gti rc=1 attempt 3 Effects_fx_eruption_fx_eruption_001.png.raw.png: WARNING: This project calls an unsupported private Codex backend path. The contract may break without notice.
WARNING: This project calls an unsupported private
    ! gti rc=1 attempt 3 Effects_fx_eruption_fx_eruption_003.png.raw.png: WARNING: This project calls an unsupported private Codex backend path. The contract may break without notice.
WARNING: This project calls an unsupported private
    ! gti rc=1 attempt 3 Effects_fx_eruption_fx_eruption_000.png.raw.png: WARNING: This project calls an unsupported private Codex backend path. The contract may break without notice.
WARNING: This project calls an unsupported private    ! gti rc=1 attempt 3 Effects_fx_eruption_fx_eruption_002.png.raw.png: WARNING: This project calls an unsupported private Codex backend path. The contract may break without notice.
WARNING: This project calls an unsupported private

FAIL Effects/fx_eruption/fx_eruption_000.png
FAIL Effects/fx_eruption/fx_eruption_001.png
FAIL Effects/fx_eruption/fx_eruption_002.png
FAIL Effects/fx_eruption/fx_eruption_003.png
    ! gti rc=1 attempt 1 Effects_fx_petals_fx_petals_000.png.raw.png: WARNING: This project calls an unsupported private Codex backend path. The contract may break without notice.
WARNING: This project calls an unsupported private
    ! gti rc=1 attempt 1 Effects_fx_eruption_fx_eruption_004.png.raw.png: WARNING: This project calls an unsupported private Codex backend path. The contract may break without notice.
WARNING: This project calls an unsupported private
    ! gti rc=1 attempt 1 Effects_fx_petals_fx_petals_001.png.raw.png: WARNING: This project calls an unsupported private Codex backend path. The contract may break without notice.
WARNING: This project calls an unsupported private
    ! gti rc=1 attempt 1 Effects_fx_petals_fx_petals_002.png.raw.png: WARNING: This project calls an unsupported private Codex backend path. The contract may break without notice.
WARNING: This project calls an unsupported private
    ! gti rc=1 attempt 2 Effects_fx_eruption_fx_eruption_004.png.raw.png: WARNING: This project calls an unsupported private Codex backend path. The contract may break without notice.
WARNING: This project calls an unsupported private
    ! gti rc=1 attempt 2 Effects_fx_petals_fx_petals_001.png.raw.png: WARNING: This project calls an unsupported private Codex backend path. The contract may break without notice.
WARNING: This project calls an unsupported private
    ! gti rc=1 attempt 2 Effects_fx_petals_fx_petals_000.png.raw.png: WARNING: This project calls an unsupported private Codex backend path. The contract may break without notice.
WARNING: This project calls an unsupported private
    ! gti rc=1 attempt 2 Effects_fx_petals_fx_petals_002.png.raw.png: WARNING: This project calls an unsupported private Codex backend path. The contract may break without notice.
WARNING: This project calls an unsupported private
    ! gti rc=1 attempt 3 Effects_fx_petals_fx_petals_001.png.raw.png: WARNING: This project calls an unsupported private Codex backend path. The contract may break without notice.
WARNING: This project calls an unsupported private    ! gti rc=1 attempt 3 Effects_fx_petals_fx_petals_000.png.raw.png: WARNING: This project calls an unsupported private Codex backend path. The contract may break without notice.
WARNING: This project calls an unsupported private

    ! gti rc=1 attempt 3 Effects_fx_petals_fx_petals_002.png.raw.png: WARNING: This project calls an unsupported private Codex backend path. The contract may break without notice.
WARNING: This project calls an unsupported private
    ! gti rc=1 attempt 3 Effects_fx_eruption_fx_eruption_004.png.raw.png: WARNING: This project calls an unsupported private Codex backend path. The contract may break without notice.
WARNING: This project calls an unsupported private
FAIL Effects/fx_eruption/fx_eruption_004.png
FAIL Effects/fx_petals/fx_petals_000.png
FAIL Effects/fx_petals/fx_petals_001.png
FAIL Effects/fx_petals/fx_petals_002.png
    ! gti rc=1 attempt 1 Effects_particles_particle_ember.png.raw.png: WARNING: This project calls an unsupported private Codex backend path. The contract may break without notice.
WARNING: This project calls an unsupported private
    ! gti rc=1 attempt 1 Effects_fx_petals_fx_petals_003.png.raw.png: WARNING: This project calls an unsupported private Codex backend path. The contract may break without notice.
WARNING: This project calls an unsupported private
    ! gti rc=1 attempt 1 Effects_particles_particle_smoke.png.raw.png: WARNING: This project calls an unsupported private Codex backend path. The contract may break without notice.
WARNING: This project calls an unsupported private
    ! gti rc=1 attempt 1 Effects_particles_particle_petal.png.raw.png: WARNING: This project calls an unsupported private Codex backend path. The contract may break without notice.
WARNING: This project calls an unsupported private
    ! gti rc=1 attempt 2 Effects_particles_particle_ember.png.raw.png: WARNING: This project calls an unsupported private Codex backend path. The contract may break without notice.
WARNING: This project calls an unsupported private
    ! gti rc=1 attempt 2 Effects_particles_particle_smoke.png.raw.png: WARNING: This project calls an unsupported private Codex backend path. The contract may break without notice.
WARNING: This project calls an unsupported private
    ! gti rc=1 attempt 2 Effects_fx_petals_fx_petals_003.png.raw.png: WARNING: This project calls an unsupported private Codex backend path. The contract may break without notice.
WARNING: This project calls an unsupported private
    ! gti rc=1 attempt 2 Effects_particles_particle_petal.png.raw.png: WARNING: This project calls an unsupported private Codex backend path. The contract may break without notice.
WARNING: This project calls an unsupported private
    ! gti rc=1 attempt 3 Effects_particles_particle_ember.png.raw.png: WARNING: This project calls an unsupported private Codex backend path. The contract may break without notice.
WARNING: This project calls an unsupported private
    ! gti rc=1 attempt 3 Effects_fx_petals_fx_petals_003.png.raw.png: WARNING: This project calls an unsupported private Codex backend path. The contract may break without notice.
WARNING: This project calls an unsupported private
    ! gti rc=1 attempt 3 Effects_particles_particle_smoke.png.raw.png: WARNING: This project calls an unsupported private Codex backend path. The contract may break without notice.
WARNING: This project calls an unsupported private
    ! gti rc=1 attempt 3 Effects_particles_particle_petal.png.raw.png: WARNING: This project calls an unsupported private Codex backend path. The contract may break without notice.
WARNING: This project calls an unsupported private
FAIL Effects/fx_petals/fx_petals_003.png
FAIL Effects/particles/particle_ember.png
FAIL Effects/particles/particle_smoke.png
FAIL Effects/particles/particle_petal.png
    ! gti rc=1 attempt 1 Gimmicks_gimmick_vent_magma.png.raw.png: WARNING: This project calls an unsupported private Codex backend path. The contract may break without notice.
WARNING: This project calls an unsupported private
    ! gti rc=1 attempt 1 Gimmicks_gimmick_vent_petal.png.raw.png: WARNING: This project calls an unsupported private Codex backend path. The contract may break without notice.
WARNING: This project calls an unsupported private
    ! gti rc=1 attempt 2 Gimmicks_gimmick_vent_magma.png.raw.png: WARNING: This project calls an unsupported private Codex backend path. The contract may break without notice.
WARNING: This project calls an unsupported private
    ! gti rc=1 attempt 2 Gimmicks_gimmick_vent_petal.png.raw.png: WARNING: This project calls an unsupported private Codex backend path. The contract may break without notice.
WARNING: This project calls an unsupported private
    ! gti rc=1 attempt 3 Gimmicks_gimmick_vent_magma.png.raw.png: WARNING: This project calls an unsupported private Codex backend path. The contract may break without notice.
WARNING: This project calls an unsupported private
    ! gti rc=1 attempt 3 Gimmicks_gimmick_vent_petal.png.raw.png: WARNING: This project calls an unsupported private Codex backend path. The contract may break without notice.
WARNING: This project calls an unsupported private
FAIL Gimmicks/gimmick_vent_magma.png
FAIL Gimmicks/gimmick_vent_petal.png
done, 18 failures
retry round 16
    ! gti rc=1 attempt 1 Effects_fx_spawn_fx_spawn_003.png.raw.png: WARNING: This project calls an unsupported private Codex backend path. The contract may break without notice.
WARNING: This project calls an unsupported private
    ! gti rc=1 attempt 1 Effects_fx_spawn_fx_spawn_001.png.raw.png: WARNING: This project calls an unsupported private Codex backend path. The contract may break without notice.
WARNING: This project calls an unsupported private
    ! gti rc=1 attempt 1 Effects_fx_spawn_fx_spawn_002.png.raw.png: WARNING: This project calls an unsupported private Codex backend path. The contract may break without notice.
WARNING: This project calls an unsupported private
    ! gti rc=1 attempt 1 Effects_fx_spawn_fx_spawn_000.png.raw.png: WARNING: This project calls an unsupported private Codex backend path. The contract may break without notice.
WARNING: This project calls an unsupported private
    ! gti rc=1 attempt 2 Effects_fx_spawn_fx_spawn_003.png.raw.png: WARNING: This project calls an unsupported private Codex backend path. The contract may break without notice.
WARNING: This project calls an unsupported private
    ! gti rc=1 attempt 2 Effects_fx_spawn_fx_spawn_001.png.raw.png: WARNING: This project calls an unsupported private Codex backend path. The contract may break without notice.
WARNING: This project calls an unsupported private
    ! gti rc=1 attempt 2 Effects_fx_spawn_fx_spawn_002.png.raw.png: WARNING: This project calls an unsupported private Codex backend path. The contract may break without notice.
WARNING: This project calls an unsupported private
    ! gti rc=1 attempt 2 Effects_fx_spawn_fx_spawn_000.png.raw.png: WARNING: This project calls an unsupported private Codex backend path. The contract may break without notice.
WARNING: This project calls an unsupported private
    ! gti rc=1 attempt 3 Effects_fx_spawn_fx_spawn_003.png.raw.png: WARNING: This project calls an unsupported private Codex backend path. The contract may break without notice.
WARNING: This project calls an unsupported private
    ! gti rc=1 attempt 3 Effects_fx_spawn_fx_spawn_002.png.raw.png: WARNING: This project calls an unsupported private Codex backend path. The contract may break without notice.
WARNING: This project calls an unsupported private
    ! gti rc=1 attempt 3 Effects_fx_spawn_fx_spawn_001.png.raw.png: WARNING: This project calls an unsupported private Codex backend path. The contract may break without notice.
WARNING: This project calls an unsupported private
    ! gti rc=1 attempt 3 Effects_fx_spawn_fx_spawn_000.png.raw.png: WARNING: This project calls an unsupported private Codex backend path. The contract may break without notice.
WARNING: This project calls an unsupported private
FAIL Effects/fx_spawn/fx_spawn_000.png
FAIL Effects/fx_spawn/fx_spawn_001.png
FAIL Effects/fx_spawn/fx_spawn_002.png
FAIL Effects/fx_spawn/fx_spawn_003.png
    ! gti rc=1 attempt 1 Effects_fx_eruption_fx_eruption_000.png.raw.png: WARNING: This project calls an unsupported private Codex backend path. The contract may break without notice.
WARNING: This project calls an unsupported private
    ! gti rc=1 attempt 1 Effects_fx_eruption_fx_eruption_002.png.raw.png: WARNING: This project calls an unsupported private Codex backend path. The contract may break without notice.
WARNING: This project calls an unsupported private
    ! gti rc=1 attempt 1 Effects_fx_eruption_fx_eruption_001.png.raw.png: WARNING: This project calls an unsupported private Codex backend path. The contract may break without notice.
WARNING: This project calls an unsupported private
    ! gti rc=1 attempt 1 Effects_fx_eruption_fx_eruption_003.png.raw.png: WARNING: This project calls an unsupported private Codex backend path. The contract may break without notice.
WARNING: This project calls an unsupported private
    ! gti rc=1 attempt 2 Effects_fx_eruption_fx_eruption_000.png.raw.png: WARNING: This project calls an unsupported private Codex backend path. The contract may break without notice.
WARNING: This project calls an unsupported private
    ! gti rc=1 attempt 2 Effects_fx_eruption_fx_eruption_002.png.raw.png: WARNING: This project calls an unsupported private Codex backend path. The contract may break without notice.
WARNING: This project calls an unsupported private
    ! gti rc=1 attempt 2 Effects_fx_eruption_fx_eruption_001.png.raw.png: WARNING: This project calls an unsupported private Codex backend path. The contract may break without notice.
WARNING: This project calls an unsupported private
    ! gti rc=1 attempt 2 Effects_fx_eruption_fx_eruption_003.png.raw.png: WARNING: This project calls an unsupported private Codex backend path. The contract may break without notice.
WARNING: This project calls an unsupported private
    ! gti rc=1 attempt 3 Effects_fx_eruption_fx_eruption_000.png.raw.png: WARNING: This project calls an unsupported private Codex backend path. The contract may break without notice.
WARNING: This project calls an unsupported private
    ! gti rc=1 attempt 3 Effects_fx_eruption_fx_eruption_002.png.raw.png: WARNING: This project calls an unsupported private Codex backend path. The contract may break without notice.
WARNING: This project calls an unsupported private
    ! gti rc=1 attempt 3 Effects_fx_eruption_fx_eruption_003.png.raw.png: WARNING: This project calls an unsupported private Codex backend path. The contract may break without notice.
WARNING: This project calls an unsupported private
    ! gti rc=1 attempt 3 Effects_fx_eruption_fx_eruption_001.png.raw.png: WARNING: This project calls an unsupported private Codex backend path. The contract may break without notice.
WARNING: This project calls an unsupported private
FAIL Effects/fx_eruption/fx_eruption_000.png
FAIL Effects/fx_eruption/fx_eruption_001.png
FAIL Effects/fx_eruption/fx_eruption_002.png
FAIL Effects/fx_eruption/fx_eruption_003.png
    ! gti rc=1 attempt 1 Effects_fx_eruption_fx_eruption_004.png.raw.png: WARNING: This project calls an unsupported private Codex backend path. The contract may break without notice.
WARNING: This project calls an unsupported private
    ! gti rc=1 attempt 1 Effects_fx_petals_fx_petals_000.png.raw.png: WARNING: This project calls an unsupported private Codex backend path. The contract may break without notice.
WARNING: This project calls an unsupported private
    ! gti rc=1 attempt 1 Effects_fx_petals_fx_petals_001.png.raw.png: WARNING: This project calls an unsupported private Codex backend path. The contract may break without notice.
WARNING: This project calls an unsupported private
    ! gti rc=1 attempt 1 Effects_fx_petals_fx_petals_002.png.raw.png: WARNING: This project calls an unsupported private Codex backend path. The contract may break without notice.
WARNING: This project calls an unsupported private
    ! gti rc=1 attempt 2 Effects_fx_eruption_fx_eruption_004.png.raw.png: WARNING: This project calls an unsupported private Codex backend path. The contract may break without notice.
WARNING: This project calls an unsupported private
    ! gti rc=1 attempt 2 Effects_fx_petals_fx_petals_000.png.raw.png: WARNING: This project calls an unsupported private Codex backend path. The contract may break without notice.
WARNING: This project calls an unsupported private
    ! gti rc=1 attempt 2 Effects_fx_petals_fx_petals_002.png.raw.png: WARNING: This project calls an unsupported private Codex backend path. The contract may break without notice.
WARNING: This project calls an unsupported private
    ! gti rc=1 attempt 2 Effects_fx_petals_fx_petals_001.png.raw.png: WARNING: This project calls an unsupported private Codex backend path. The contract may break without notice.
WARNING: This project calls an unsupported private
    ! gti rc=1 attempt 3 Effects_fx_eruption_fx_eruption_004.png.raw.png: WARNING: This project calls an unsupported private Codex backend path. The contract may break without notice.
WARNING: This project calls an unsupported private
    ! gti rc=1 attempt 3 Effects_fx_petals_fx_petals_000.png.raw.png: WARNING: This project calls an unsupported private Codex backend path. The contract may break without notice.
WARNING: This project calls an unsupported private
    ! gti rc=1 attempt 3 Effects_fx_petals_fx_petals_002.png.raw.png: WARNING: This project calls an unsupported private Codex backend path. The contract may break without notice.
WARNING: This project calls an unsupported private
    ! gti rc=1 attempt 3 Effects_fx_petals_fx_petals_001.png.raw.png: WARNING: This project calls an unsupported private Codex backend path. The contract may break without notice.
WARNING: This project calls an unsupported private
FAIL Effects/fx_eruption/fx_eruption_004.png
FAIL Effects/fx_petals/fx_petals_000.png
FAIL Effects/fx_petals/fx_petals_001.png
FAIL Effects/fx_petals/fx_petals_002.png
skip Effects/fx_petals/fx_petals_003.png
skip Effects/particles/particle_ember.png
skip Effects/particles/particle_smoke.png
skip Effects/particles/particle_petal.png
skip Gimmicks/gimmick_vent_magma.png
skip Gimmicks/gimmick_vent_petal.png
done, 12 failures
retry round 17
    ! gti rc=1 attempt 1 Effects_fx_spawn_fx_spawn_001.png.raw.png: WARNING: This project calls an unsupported private Codex backend path. The contract may break without notice.
WARNING: This project calls an unsupported private
    ! gti rc=1 attempt 1 Effects_fx_spawn_fx_spawn_000.png.raw.png: WARNING: This project calls an unsupported private Codex backend path. The contract may break without notice.
WARNING: This project calls an unsupported private
    ! gti rc=1 attempt 1 Effects_fx_spawn_fx_spawn_002.png.raw.png: WARNING: This project calls an unsupported private Codex backend path. The contract may break without notice.
WARNING: This project calls an unsupported private
    ! gti rc=1 attempt 1 Effects_fx_spawn_fx_spawn_003.png.raw.png: WARNING: This project calls an unsupported private Codex backend path. The contract may break without notice.
WARNING: This project calls an unsupported private
    ! gti rc=1 attempt 2 Effects_fx_spawn_fx_spawn_001.png.raw.png: WARNING: This project calls an unsupported private Codex backend path. The contract may break without notice.
WARNING: This project calls an unsupported private
    ! gti rc=1 attempt 2 Effects_fx_spawn_fx_spawn_002.png.raw.png: WARNING: This project calls an unsupported private Codex backend path. The contract may break without notice.
WARNING: This project calls an unsupported private
    ! gti rc=1 attempt 2 Effects_fx_spawn_fx_spawn_000.png.raw.png: WARNING: This project calls an unsupported private Codex backend path. The contract may break without notice.
WARNING: This project calls an unsupported private
    ! gti rc=1 attempt 2 Effects_fx_spawn_fx_spawn_003.png.raw.png: WARNING: This project calls an unsupported private Codex backend path. The contract may break without notice.
WARNING: This project calls an unsupported private
    ! gti rc=1 attempt 3 Effects_fx_spawn_fx_spawn_000.png.raw.png: WARNING: This project calls an unsupported private Codex backend path. The contract may break without notice.
WARNING: This project calls an unsupported private
    ! gti rc=1 attempt 3 Effects_fx_spawn_fx_spawn_001.png.raw.png: WARNING: This project calls an unsupported private Codex backend path. The contract may break without notice.
WARNING: This project calls an unsupported private
    ! gti rc=1 attempt 3 Effects_fx_spawn_fx_spawn_002.png.raw.png: WARNING: This project calls an unsupported private Codex backend path. The contract may break without notice.
WARNING: This project calls an unsupported private
    ! gti rc=1 attempt 3 Effects_fx_spawn_fx_spawn_003.png.raw.png: WARNING: This project calls an unsupported private Codex backend path. The contract may break without notice.
WARNING: This project calls an unsupported private
FAIL Effects/fx_spawn/fx_spawn_000.png
FAIL Effects/fx_spawn/fx_spawn_001.png
FAIL Effects/fx_spawn/fx_spawn_002.png
FAIL Effects/fx_spawn/fx_spawn_003.png
    ! gti rc=1 attempt 1 Effects_fx_eruption_fx_eruption_000.png.raw.png: WARNING: This project calls an unsupported private Codex backend path. The contract may break without notice.
WARNING: This project calls an unsupported private
    ! gti rc=1 attempt 1 Effects_fx_eruption_fx_eruption_001.png.raw.png: WARNING: This project calls an unsupported private Codex backend path. The contract may break without notice.
WARNING: This project calls an unsupported private
    ! gti rc=1 attempt 1 Effects_fx_eruption_fx_eruption_003.png.raw.png: WARNING: This project calls an unsupported private Codex backend path. The contract may break without notice.
WARNING: This project calls an unsupported private
    ! gti rc=1 attempt 1 Effects_fx_eruption_fx_eruption_002.png.raw.png: WARNING: This project calls an unsupported private Codex backend path. The contract may break without notice.
WARNING: This project calls an unsupported private
    ! gti rc=1 attempt 2 Effects_fx_eruption_fx_eruption_001.png.raw.png: WARNING: This project calls an unsupported private Codex backend path. The contract may break without notice.
WARNING: This project calls an unsupported private
    ! gti rc=1 attempt 2 Effects_fx_eruption_fx_eruption_003.png.raw.png: WARNING: This project calls an unsupported private Codex backend path. The contract may break without notice.
WARNING: This project calls an unsupported private
    ! gti rc=1 attempt 2 Effects_fx_eruption_fx_eruption_000.png.raw.png: WARNING: This project calls an unsupported private Codex backend path. The contract may break without notice.
WARNING: This project calls an unsupported private
    ! gti rc=1 attempt 2 Effects_fx_eruption_fx_eruption_002.png.raw.png: WARNING: This project calls an unsupported private Codex backend path. The contract may break without notice.
WARNING: This project calls an unsupported private
    ! gti rc=1 attempt 3 Effects_fx_eruption_fx_eruption_001.png.raw.png: WARNING: This project calls an unsupported private Codex backend path. The contract may break without notice.
WARNING: This project calls an unsupported private
    ! gti rc=1 attempt 3 Effects_fx_eruption_fx_eruption_000.png.raw.png: WARNING: This project calls an unsupported private Codex backend path. The contract may break without notice.
WARNING: This project calls an unsupported private
    ! gti rc=1 attempt 3 Effects_fx_eruption_fx_eruption_003.png.raw.png: WARNING: This project calls an unsupported private Codex backend path. The contract may break without notice.
WARNING: This project calls an unsupported private
    ! gti rc=1 attempt 3 Effects_fx_eruption_fx_eruption_002.png.raw.png: WARNING: This project calls an unsupported private Codex backend path. The contract may break without notice.
WARNING: This project calls an unsupported private
FAIL Effects/fx_eruption/fx_eruption_000.png
FAIL Effects/fx_eruption/fx_eruption_001.png
FAIL Effects/fx_eruption/fx_eruption_002.png
FAIL Effects/fx_eruption/fx_eruption_003.png
    ! gti rc=1 attempt 1 Effects_fx_petals_fx_petals_002.png.raw.png: WARNING: This project calls an unsupported private Codex backend path. The contract may break without notice.
WARNING: This project calls an unsupported private
    ! gti rc=1 attempt 1 Effects_fx_eruption_fx_eruption_004.png.raw.png: WARNING: This project calls an unsupported private Codex backend path. The contract may break without notice.
WARNING: This project calls an unsupported private
    ! gti rc=1 attempt 1 Effects_fx_petals_fx_petals_001.png.raw.png: WARNING: This project calls an unsupported private Codex backend path. The contract may break without notice.
WARNING: This project calls an unsupported private
    ! gti rc=1 attempt 1 Effects_fx_petals_fx_petals_000.png.raw.png: WARNING: This project calls an unsupported private Codex backend path. The contract may break without notice.
WARNING: This project calls an unsupported private
    ! gti rc=1 attempt 2 Effects_fx_petals_fx_petals_002.png.raw.png: WARNING: This project calls an unsupported private Codex backend path. The contract may break without notice.
WARNING: This project calls an unsupported private
    ! gti rc=1 attempt 2 Effects_fx_petals_fx_petals_000.png.raw.png: WARNING: This project calls an unsupported private Codex backend path. The contract may break without notice.
WARNING: This project calls an unsupported private
    ! gti rc=1 attempt 2 Effects_fx_eruption_fx_eruption_004.png.raw.png: WARNING: This project calls an unsupported private Codex backend path. The contract may break without notice.
WARNING: This project calls an unsupported private
    ! gti rc=1 attempt 2 Effects_fx_petals_fx_petals_001.png.raw.png: WARNING: This project calls an unsupported private Codex backend path. The contract may break without notice.
WARNING: This project calls an unsupported private
    ! gti rc=1 attempt 3 Effects_fx_petals_fx_petals_001.png.raw.png: WARNING: This project calls an unsupported private Codex backend path. The contract may break without notice.
WARNING: This project calls an unsupported private
    ! gti rc=1 attempt 3 Effects_fx_eruption_fx_eruption_004.png.raw.png: WARNING: This project calls an unsupported private Codex backend path. The contract may break without notice.
WARNING: This project calls an unsupported private
    ! gti rc=1 attempt 3 Effects_fx_petals_fx_petals_002.png.raw.png: WARNING: This project calls an unsupported private Codex backend path. The contract may break without notice.
WARNING: This project calls an unsupported private
    ! gti rc=1 attempt 3 Effects_fx_petals_fx_petals_000.png.raw.png: WARNING: This project calls an unsupported private Codex backend path. The contract may break without notice.
WARNING: This project calls an unsupported private
FAIL Effects/fx_eruption/fx_eruption_004.png
FAIL Effects/fx_petals/fx_petals_000.png
FAIL Effects/fx_petals/fx_petals_001.png
FAIL Effects/fx_petals/fx_petals_002.png
    ! gti rc=1 attempt 1 Effects_fx_petals_fx_petals_003.png.raw.png: WARNING: This project calls an unsupported private Codex backend path. The contract may break without notice.
WARNING: This project calls an unsupported private
    ! gti rc=1 attempt 1 Effects_particles_particle_ember.png.raw.png: WARNING: This project calls an unsupported private Codex backend path. The contract may break without notice.
WARNING: This project calls an unsupported private
    ! gti rc=1 attempt 1 Effects_particles_particle_petal.png.raw.png: WARNING: This project calls an unsupported private Codex backend path. The contract may break without notice.
WARNING: This project calls an unsupported private
    ! gti rc=1 attempt 1 Effects_particles_particle_smoke.png.raw.png: WARNING: This project calls an unsupported private Codex backend path. The contract may break without notice.
WARNING: This project calls an unsupported private
    ! gti rc=1 attempt 2 Effects_fx_petals_fx_petals_003.png.raw.png: WARNING: This project calls an unsupported private Codex backend path. The contract may break without notice.
WARNING: This project calls an unsupported private    ! gti rc=1 attempt 2 Effects_particles_particle_ember.png.raw.png: WARNING: This project calls an unsupported private Codex backend path. The contract may break without notice.
WARNING: This project calls an unsupported private    ! gti rc=1 attempt 2 Effects_particles_particle_petal.png.raw.png: WARNING: This project calls an unsupported private Codex backend path. The contract may break without notice.
WARNING: This project calls an unsupported private


    ! gti rc=1 attempt 2 Effects_particles_particle_smoke.png.raw.png: WARNING: This project calls an unsupported private Codex backend path. The contract may break without notice.
WARNING: This project calls an unsupported private
    ! gti rc=1 attempt 3 Effects_fx_petals_fx_petals_003.png.raw.png: WARNING: This project calls an unsupported private Codex backend path. The contract may break without notice.
WARNING: This project calls an unsupported private
    ! gti rc=1 attempt 3 Effects_particles_particle_petal.png.raw.png: WARNING: This project calls an unsupported private Codex backend path. The contract may break without notice.
WARNING: This project calls an unsupported private
    ! gti rc=1 attempt 3 Effects_particles_particle_ember.png.raw.png: WARNING: This project calls an unsupported private Codex backend path. The contract may break without notice.
WARNING: This project calls an unsupported private
    ! gti rc=1 attempt 3 Effects_particles_particle_smoke.png.raw.png: WARNING: This project calls an unsupported private Codex backend path. The contract may break without notice.
WARNING: This project calls an unsupported private
FAIL Effects/fx_petals/fx_petals_003.png
FAIL Effects/particles/particle_ember.png
FAIL Effects/particles/particle_smoke.png
FAIL Effects/particles/particle_petal.png
    ! gti rc=1 attempt 1 Gimmicks_gimmick_vent_petal.png.raw.png: WARNING: This project calls an unsupported private Codex backend path. The contract may break without notice.
WARNING: This project calls an unsupported private    ! gti rc=1 attempt 1 Gimmicks_gimmick_vent_magma.png.raw.png: WARNING: This project calls an unsupported private Codex backend path. The contract may break without notice.
WARNING: This project calls an unsupported private

    ! gti rc=1 attempt 2 Gimmicks_gimmick_vent_petal.png.raw.png: WARNING: This project calls an unsupported private Codex backend path. The contract may break without notice.
WARNING: This project calls an unsupported private    ! gti rc=1 attempt 2 Gimmicks_gimmick_vent_magma.png.raw.png: WARNING: This project calls an unsupported private Codex backend path. The contract may break without notice.
WARNING: This project calls an unsupported private

    ! gti rc=1 attempt 3 Gimmicks_gimmick_vent_petal.png.raw.png: WARNING: This project calls an unsupported private Codex backend path. The contract may break without notice.
WARNING: This project calls an unsupported private    ! gti rc=1 attempt 3 Gimmicks_gimmick_vent_magma.png.raw.png: WARNING: This project calls an unsupported private Codex backend path. The contract may break without notice.
WARNING: This project calls an unsupported private

FAIL Gimmicks/gimmick_vent_magma.png
FAIL Gimmicks/gimmick_vent_petal.png
done, 18 failures
    ! gti rc=1 attempt 1 Effects_fx_spawn_fx_spawn_003.png.raw.png: WARNING: This project calls an unsupported private Codex backend path. The contract may break without notice.
WARNING: This project calls an unsupported private
    ! gti rc=1 attempt 1 Effects_fx_spawn_fx_spawn_002.png.raw.png: WARNING: This project calls an unsupported private Codex backend path. The contract may break without notice.
WARNING: This project calls an unsupported private
    ! gti rc=1 attempt 1 Effects_fx_spawn_fx_spawn_001.png.raw.png: WARNING: This project calls an unsupported private Codex backend path. The contract may break without notice.
WARNING: This project calls an unsupported private
    ! gti rc=1 attempt 1 Effects_fx_spawn_fx_spawn_000.png.raw.png: WARNING: This project calls an unsupported private Codex backend path. The contract may break without notice.
WARNING: This project calls an unsupported private
    ! gti rc=1 attempt 2 Effects_fx_spawn_fx_spawn_001.png.raw.png: WARNING: This project calls an unsupported private Codex backend path. The contract may break without notice.
WARNING: This project calls an unsupported private
    ! gti rc=1 attempt 2 Effects_fx_spawn_fx_spawn_002.png.raw.png: WARNING: This project calls an unsupported private Codex backend path. The contract may break without notice.
WARNING: This project calls an unsupported private
    ! gti rc=1 attempt 2 Effects_fx_spawn_fx_spawn_003.png.raw.png: WARNING: This project calls an unsupported private Codex backend path. The contract may break without notice.
WARNING: This project calls an unsupported private
    ! gti rc=1 attempt 2 Effects_fx_spawn_fx_spawn_000.png.raw.png: WARNING: This project calls an unsupported private Codex backend path. The contract may break without notice.
WARNING: This project calls an unsupported private
    ! gti rc=1 attempt 3 Effects_fx_spawn_fx_spawn_002.png.raw.png: WARNING: This project calls an unsupported private Codex backend path. The contract may break without notice.
WARNING: This project calls an unsupported private
    ! gti rc=1 attempt 3 Effects_fx_spawn_fx_spawn_001.png.raw.png: WARNING: This project calls an unsupported private Codex backend path. The contract may break without notice.
WARNING: This project calls an unsupported private
    ! gti rc=1 attempt 3 Effects_fx_spawn_fx_spawn_003.png.raw.png: WARNING: This project calls an unsupported private Codex backend path. The contract may break without notice.
WARNING: This project calls an unsupported private
    ! gti rc=1 attempt 3 Effects_fx_spawn_fx_spawn_000.png.raw.png: WARNING: This project calls an unsupported private Codex backend path. The contract may break without notice.
WARNING: This project calls an unsupported private
FAIL Effects/fx_spawn/fx_spawn_000.png
FAIL Effects/fx_spawn/fx_spawn_001.png
FAIL Effects/fx_spawn/fx_spawn_002.png
FAIL Effects/fx_spawn/fx_spawn_003.png
    ! gti rc=1 attempt 1 Effects_fx_eruption_fx_eruption_002.png.raw.png: WARNING: This project calls an unsupported private Codex backend path. The contract may break without notice.
WARNING: This project calls an unsupported private
    ! gti rc=1 attempt 1 Effects_fx_eruption_fx_eruption_000.png.raw.png: WARNING: This project calls an unsupported private Codex backend path. The contract may break without notice.
WARNING: This project calls an unsupported private
    ! gti rc=1 attempt 1 Effects_fx_eruption_fx_eruption_001.png.raw.png: WARNING: This project calls an unsupported private Codex backend path. The contract may break without notice.
WARNING: This project calls an unsupported private
    ! gti rc=1 attempt 1 Effects_fx_eruption_fx_eruption_003.png.raw.png: WARNING: This project calls an unsupported private Codex backend path. The contract may break without notice.
WARNING: This project calls an unsupported private
    ! gti rc=1 attempt 2 Effects_fx_eruption_fx_eruption_000.png.raw.png: WARNING: This project calls an unsupported private Codex backend path. The contract may break without notice.
WARNING: This project calls an unsupported private
    ! gti rc=1 attempt 2 Effects_fx_eruption_fx_eruption_002.png.raw.png: WARNING: This project calls an unsupported private Codex backend path. The contract may break without notice.
WARNING: This project calls an unsupported private
    ! gti rc=1 attempt 2 Effects_fx_eruption_fx_eruption_003.png.raw.png: WARNING: This project calls an unsupported private Codex backend path. The contract may break without notice.
WARNING: This project calls an unsupported private
    ! gti rc=1 attempt 2 Effects_fx_eruption_fx_eruption_001.png.raw.png: WARNING: This project calls an unsupported private Codex backend path. The contract may break without notice.
WARNING: This project calls an unsupported private
    ! gti rc=1 attempt 3 Effects_fx_eruption_fx_eruption_000.png.raw.png: WARNING: This project calls an unsupported private Codex backend path. The contract may break without notice.
WARNING: This project calls an unsupported private
    ! gti rc=1 attempt 3 Effects_fx_eruption_fx_eruption_002.png.raw.png: WARNING: This project calls an unsupported private Codex backend path. The contract may break without notice.
WARNING: This project calls an unsupported private
    ! gti rc=1 attempt 3 Effects_fx_eruption_fx_eruption_003.png.raw.png: WARNING: This project calls an unsupported private Codex backend path. The contract may break without notice.
WARNING: This project calls an unsupported private
    ! gti rc=1 attempt 3 Effects_fx_eruption_fx_eruption_001.png.raw.png: WARNING: This project calls an unsupported private Codex backend path. The contract may break without notice.
WARNING: This project calls an unsupported private
FAIL Effects/fx_eruption/fx_eruption_000.png
FAIL Effects/fx_eruption/fx_eruption_001.png
FAIL Effects/fx_eruption/fx_eruption_002.png
FAIL Effects/fx_eruption/fx_eruption_003.png
    ! gti rc=1 attempt 1 Effects_fx_eruption_fx_eruption_004.png.raw.png: WARNING: This project calls an unsupported private Codex backend path. The contract may break without notice.
WARNING: This project calls an unsupported private
    ! gti rc=1 attempt 1 Effects_fx_petals_fx_petals_000.png.raw.png: WARNING: This project calls an unsupported private Codex backend path. The contract may break without notice.
WARNING: This project calls an unsupported private
    ! gti rc=1 attempt 1 Effects_fx_petals_fx_petals_001.png.raw.png: WARNING: This project calls an unsupported private Codex backend path. The contract may break without notice.
WARNING: This project calls an unsupported private
    ! gti rc=1 attempt 1 Effects_fx_petals_fx_petals_002.png.raw.png: WARNING: This project calls an unsupported private Codex backend path. The contract may break without notice.
WARNING: This project calls an unsupported private
    ! gti rc=1 attempt 2 Effects_fx_eruption_fx_eruption_004.png.raw.png: WARNING: This project calls an unsupported private Codex backend path. The contract may break without notice.
WARNING: This project calls an unsupported private
    ! gti rc=1 attempt 2 Effects_fx_petals_fx_petals_000.png.raw.png: WARNING: This project calls an unsupported private Codex backend path. The contract may break without notice.
WARNING: This project calls an unsupported private
    ! gti rc=1 attempt 2 Effects_fx_petals_fx_petals_001.png.raw.png: WARNING: This project calls an unsupported private Codex backend path. The contract may break without notice.
WARNING: This project calls an unsupported private
    ! gti rc=1 attempt 2 Effects_fx_petals_fx_petals_002.png.raw.png: WARNING: This project calls an unsupported private Codex backend path. The contract may break without notice.
WARNING: This project calls an unsupported private
    ! gti rc=1 attempt 3 Effects_fx_petals_fx_petals_001.png.raw.png: WARNING: This project calls an unsupported private Codex backend path. The contract may break without notice.
WARNING: This project calls an unsupported private
    ! gti rc=1 attempt 3 Effects_fx_petals_fx_petals_000.png.raw.png: WARNING: This project calls an unsupported private Codex backend path. The contract may break without notice.
WARNING: This project calls an unsupported private
    ! gti rc=1 attempt 3 Effects_fx_petals_fx_petals_002.png.raw.png: WARNING: This project calls an unsupported private Codex backend path. The contract may break without notice.
WARNING: This project calls an unsupported private
    ! gti rc=1 attempt 3 Effects_fx_eruption_fx_eruption_004.png.raw.png: WARNING: This project calls an unsupported private Codex backend path. The contract may break without notice.
WARNING: This project calls an unsupported private
FAIL Effects/fx_eruption/fx_eruption_004.png
FAIL Effects/fx_petals/fx_petals_000.png
FAIL Effects/fx_petals/fx_petals_001.png
FAIL Effects/fx_petals/fx_petals_002.png
    ! gti rc=1 attempt 1 Effects_fx_petals_fx_petals_003.png.raw.png: WARNING: This project calls an unsupported private Codex backend path. The contract may break without notice.
WARNING: This project calls an unsupported private
    ! gti rc=1 attempt 1 Effects_particles_particle_petal.png.raw.png: WARNING: This project calls an unsupported private Codex backend path. The contract may break without notice.
WARNING: This project calls an unsupported private
    ! gti rc=1 attempt 1 Effects_particles_particle_ember.png.raw.png: WARNING: This project calls an unsupported private Codex backend path. The contract may break without notice.
WARNING: This project calls an unsupported private
    ! gti rc=1 attempt 1 Effects_particles_particle_smoke.png.raw.png: WARNING: This project calls an unsupported private Codex backend path. The contract may break without notice.
WARNING: This project calls an unsupported private
    ! gti rc=1 attempt 2 Effects_particles_particle_petal.png.raw.png: WARNING: This project calls an unsupported private Codex backend path. The contract may break without notice.
WARNING: This project calls an unsupported private
    ! gti rc=1 attempt 2 Effects_particles_particle_ember.png.raw.png: WARNING: This project calls an unsupported private Codex backend path. The contract may break without notice.
WARNING: This project calls an unsupported private
    ! gti rc=1 attempt 2 Effects_fx_petals_fx_petals_003.png.raw.png: WARNING: This project calls an unsupported private Codex backend path. The contract may break without notice.
WARNING: This project calls an unsupported private
    ! gti rc=1 attempt 2 Effects_particles_particle_smoke.png.raw.png: WARNING: This project calls an unsupported private Codex backend path. The contract may break without notice.
WARNING: This project calls an unsupported private
    ! gti rc=1 attempt 3 Effects_particles_particle_ember.png.raw.png: WARNING: This project calls an unsupported private Codex backend path. The contract may break without notice.
WARNING: This project calls an unsupported private
    ! gti rc=1 attempt 3 Effects_fx_petals_fx_petals_003.png.raw.png: WARNING: This project calls an unsupported private Codex backend path. The contract may break without notice.
WARNING: This project calls an unsupported private
    ! gti rc=1 attempt 3 Effects_particles_particle_smoke.png.raw.png: WARNING: This project calls an unsupported private Codex backend path. The contract may break without notice.
WARNING: This project calls an unsupported private
    ! gti rc=1 attempt 3 Effects_particles_particle_petal.png.raw.png: WARNING: This project calls an unsupported private Codex backend path. The contract may break without notice.
WARNING: This project calls an unsupported private
FAIL Effects/fx_petals/fx_petals_003.png
FAIL Effects/particles/particle_ember.png
FAIL Effects/particles/particle_smoke.png
FAIL Effects/particles/particle_petal.png
    ! gti rc=1 attempt 1 Gimmicks_gimmick_vent_magma.png.raw.png: WARNING: This project calls an unsupported private Codex backend path. The contract may break without notice.
WARNING: This project calls an unsupported private
    ! gti rc=1 attempt 1 Gimmicks_gimmick_vent_petal.png.raw.png: WARNING: This project calls an unsupported private Codex backend path. The contract may break without notice.
WARNING: This project calls an unsupported private
    ! gti rc=1 attempt 2 Gimmicks_gimmick_vent_magma.png.raw.png: WARNING: This project calls an unsupported private Codex backend path. The contract may break without notice.
WARNING: This project calls an unsupported private    ! gti rc=1 attempt 2 Gimmicks_gimmick_vent_petal.png.raw.png: WARNING: This project calls an unsupported private Codex backend path. The contract may break without notice.
WARNING: This project calls an unsupported private

    ! gti rc=1 attempt 3 Gimmicks_gimmick_vent_magma.png.raw.png: WARNING: This project calls an unsupported private Codex backend path. The contract may break without notice.
WARNING: This project calls an unsupported private
    ! gti rc=1 attempt 3 Gimmicks_gimmick_vent_petal.png.raw.png: WARNING: This project calls an unsupported private Codex backend path. The contract may break without notice.
WARNING: This project calls an unsupported private
FAIL Gimmicks/gimmick_vent_magma.png
FAIL Gimmicks/gimmick_vent_petal.png
done, 18 failures
    ! gti rc=1 attempt 1 Effects_fx_spawn_fx_spawn_001.png.raw.png: WARNING: This project calls an unsupported private Codex backend path. The contract may break without notice.
WARNING: This project calls an unsupported private
    ! gti rc=1 attempt 1 Effects_fx_spawn_fx_spawn_003.png.raw.png: WARNING: This project calls an unsupported private Codex backend path. The contract may break without notice.
WARNING: This project calls an unsupported private
    ! gti rc=1 attempt 1 Effects_fx_spawn_fx_spawn_000.png.raw.png: WARNING: This project calls an unsupported private Codex backend path. The contract may break without notice.
WARNING: This project calls an unsupported private
    ! gti rc=1 attempt 1 Effects_fx_spawn_fx_spawn_002.png.raw.png: WARNING: This project calls an unsupported private Codex backend path. The contract may break without notice.
WARNING: This project calls an unsupported private
    ! gti rc=1 attempt 2 Effects_fx_spawn_fx_spawn_001.png.raw.png: WARNING: This project calls an unsupported private Codex backend path. The contract may break without notice.
WARNING: This project calls an unsupported private
    ! gti rc=1 attempt 2 Effects_fx_spawn_fx_spawn_003.png.raw.png: WARNING: This project calls an unsupported private Codex backend path. The contract may break without notice.
WARNING: This project calls an unsupported private
    ! gti rc=1 attempt 2 Effects_fx_spawn_fx_spawn_000.png.raw.png: WARNING: This project calls an unsupported private Codex backend path. The contract may break without notice.
WARNING: This project calls an unsupported private
    ! gti rc=1 attempt 2 Effects_fx_spawn_fx_spawn_002.png.raw.png: WARNING: This project calls an unsupported private Codex backend path. The contract may break without notice.
WARNING: This project calls an unsupported private
    ! gti rc=1 attempt 3 Effects_fx_spawn_fx_spawn_003.png.raw.png: WARNING: This project calls an unsupported private Codex backend path. The contract may break without notice.
WARNING: This project calls an unsupported private    ! gti rc=1 attempt 3 Effects_fx_spawn_fx_spawn_001.png.raw.png: WARNING: This project calls an unsupported private Codex backend path. The contract may break without notice.
WARNING: This project calls an unsupported private

    ! gti rc=1 attempt 3 Effects_fx_spawn_fx_spawn_000.png.raw.png: WARNING: This project calls an unsupported private Codex backend path. The contract may break without notice.
WARNING: This project calls an unsupported private
    ! gti rc=1 attempt 3 Effects_fx_spawn_fx_spawn_002.png.raw.png: WARNING: This project calls an unsupported private Codex backend path. The contract may break without notice.
WARNING: This project calls an unsupported private
FAIL Effects/fx_spawn/fx_spawn_000.png
FAIL Effects/fx_spawn/fx_spawn_001.png
FAIL Effects/fx_spawn/fx_spawn_002.png
FAIL Effects/fx_spawn/fx_spawn_003.png
    ! gti rc=1 attempt 1 Effects_fx_eruption_fx_eruption_000.png.raw.png: WARNING: This project calls an unsupported private Codex backend path. The contract may break without notice.
WARNING: This project calls an unsupported private
    ! gti rc=1 attempt 1 Effects_fx_eruption_fx_eruption_003.png.raw.png: WARNING: This project calls an unsupported private Codex backend path. The contract may break without notice.
WARNING: This project calls an unsupported private
    ! gti rc=1 attempt 1 Effects_fx_eruption_fx_eruption_002.png.raw.png: WARNING: This project calls an unsupported private Codex backend path. The contract may break without notice.
WARNING: This project calls an unsupported private
    ! gti rc=1 attempt 1 Effects_fx_eruption_fx_eruption_001.png.raw.png: WARNING: This project calls an unsupported private Codex backend path. The contract may break without notice.
WARNING: This project calls an unsupported private
    ! gti rc=1 attempt 2 Effects_fx_eruption_fx_eruption_003.png.raw.png: WARNING: This project calls an unsupported private Codex backend path. The contract may break without notice.
WARNING: This project calls an unsupported private
    ! gti rc=1 attempt 2 Effects_fx_eruption_fx_eruption_000.png.raw.png: WARNING: This project calls an unsupported private Codex backend path. The contract may break without notice.
WARNING: This project calls an unsupported private
    ! gti rc=1 attempt 2 Effects_fx_eruption_fx_eruption_002.png.raw.png: WARNING: This project calls an unsupported private Codex backend path. The contract may break without notice.
WARNING: This project calls an unsupported private
    ! gti rc=1 attempt 2 Effects_fx_eruption_fx_eruption_001.png.raw.png: WARNING: This project calls an unsupported private Codex backend path. The contract may break without notice.
WARNING: This project calls an unsupported private
    ! gti rc=1 attempt 3 Effects_fx_eruption_fx_eruption_000.png.raw.png: WARNING: This project calls an unsupported private Codex backend path. The contract may break without notice.
WARNING: This project calls an unsupported private
    ! gti rc=1 attempt 3 Effects_fx_eruption_fx_eruption_003.png.raw.png: WARNING: This project calls an unsupported private Codex backend path. The contract may break without notice.
WARNING: This project calls an unsupported private
    ! gti rc=1 attempt 3 Effects_fx_eruption_fx_eruption_001.png.raw.png: WARNING: This project calls an unsupported private Codex backend path. The contract may break without notice.
WARNING: This project calls an unsupported private
    ! gti rc=1 attempt 3 Effects_fx_eruption_fx_eruption_002.png.raw.png: WARNING: This project calls an unsupported private Codex backend path. The contract may break without notice.
WARNING: This project calls an unsupported private
FAIL Effects/fx_eruption/fx_eruption_000.png
FAIL Effects/fx_eruption/fx_eruption_001.png
FAIL Effects/fx_eruption/fx_eruption_002.png
FAIL Effects/fx_eruption/fx_eruption_003.png
    ! gti rc=1 attempt 1 Effects_fx_petals_fx_petals_000.png.raw.png: WARNING: This project calls an unsupported private Codex backend path. The contract may break without notice.
WARNING: This project calls an unsupported private
    ! gti rc=1 attempt 1 Effects_fx_eruption_fx_eruption_004.png.raw.png: WARNING: This project calls an unsupported private Codex backend path. The contract may break without notice.
WARNING: This project calls an unsupported private
    ! gti rc=1 attempt 1 Effects_fx_petals_fx_petals_001.png.raw.png: WARNING: This project calls an unsupported private Codex backend path. The contract may break without notice.
WARNING: This project calls an unsupported private
    ! gti rc=1 attempt 1 Effects_fx_petals_fx_petals_002.png.raw.png: WARNING: This project calls an unsupported private Codex backend path. The contract may break without notice.
WARNING: This project calls an unsupported private
    ! gti rc=1 attempt 2 Effects_fx_petals_fx_petals_001.png.raw.png: WARNING: This project calls an unsupported private Codex backend path. The contract may break without notice.
WARNING: This project calls an unsupported private
    ! gti rc=1 attempt 2 Effects_fx_eruption_fx_eruption_004.png.raw.png: WARNING: This project calls an unsupported private Codex backend path. The contract may break without notice.
WARNING: This project calls an unsupported private
    ! gti rc=1 attempt 2 Effects_fx_petals_fx_petals_002.png.raw.png: WARNING: This project calls an unsupported private Codex backend path. The contract may break without notice.
WARNING: This project calls an unsupported private
    ! gti rc=1 attempt 2 Effects_fx_petals_fx_petals_000.png.raw.png: WARNING: This project calls an unsupported private Codex backend path. The contract may break without notice.
WARNING: This project calls an unsupported private
    ! gti rc=1 attempt 3 Effects_fx_petals_fx_petals_001.png.raw.png: WARNING: This project calls an unsupported private Codex backend path. The contract may break without notice.
WARNING: This project calls an unsupported private
    ! gti rc=1 attempt 3 Effects_fx_petals_fx_petals_002.png.raw.png: WARNING: This project calls an unsupported private Codex backend path. The contract may break without notice.
WARNING: This project calls an unsupported private
    ! gti rc=1 attempt 3 Effects_fx_petals_fx_petals_000.png.raw.png: WARNING: This project calls an unsupported private Codex backend path. The contract may break without notice.
WARNING: This project calls an unsupported private
    ! gti rc=1 attempt 3 Effects_fx_eruption_fx_eruption_004.png.raw.png: WARNING: This project calls an unsupported private Codex backend path. The contract may break without notice.
WARNING: This project calls an unsupported private
FAIL Effects/fx_eruption/fx_eruption_004.png
FAIL Effects/fx_petals/fx_petals_000.png
FAIL Effects/fx_petals/fx_petals_001.png
FAIL Effects/fx_petals/fx_petals_002.png
    ! gti rc=1 attempt 1 Effects_fx_petals_fx_petals_003.png.raw.png: WARNING: This project calls an unsupported private Codex backend path. The contract may break without notice.
WARNING: This project calls an unsupported private
    ! gti rc=1 attempt 1 Effects_particles_particle_ember.png.raw.png: WARNING: This project calls an unsupported private Codex backend path. The contract may break without notice.
WARNING: This project calls an unsupported private
    ! gti rc=1 attempt 1 Effects_particles_particle_petal.png.raw.png: WARNING: This project calls an unsupported private Codex backend path. The contract may break without notice.
WARNING: This project calls an unsupported private
    ! gti rc=1 attempt 1 Effects_particles_particle_smoke.png.raw.png: WARNING: This project calls an unsupported private Codex backend path. The contract may break without notice.
WARNING: This project calls an unsupported private
    ! gti rc=1 attempt 2 Effects_particles_particle_ember.png.raw.png: WARNING: This project calls an unsupported private Codex backend path. The contract may break without notice.
WARNING: This project calls an unsupported private
    ! gti rc=1 attempt 2 Effects_fx_petals_fx_petals_003.png.raw.png: WARNING: This project calls an unsupported private Codex backend path. The contract may break without notice.
WARNING: This project calls an unsupported private
    ! gti rc=1 attempt 2 Effects_particles_particle_petal.png.raw.png: WARNING: This project calls an unsupported private Codex backend path. The contract may break without notice.
WARNING: This project calls an unsupported private
    ! gti rc=1 attempt 2 Effects_particles_particle_smoke.png.raw.png: WARNING: This project calls an unsupported private Codex backend path. The contract may break without notice.
WARNING: This project calls an unsupported private
    ! gti rc=1 attempt 3 Effects_particles_particle_ember.png.raw.png: WARNING: This project calls an unsupported private Codex backend path. The contract may break without notice.
WARNING: This project calls an unsupported private
    ! gti rc=1 attempt 3 Effects_fx_petals_fx_petals_003.png.raw.png: WARNING: This project calls an unsupported private Codex backend path. The contract may break without notice.
WARNING: This project calls an unsupported private
    ! gti rc=1 attempt 3 Effects_particles_particle_petal.png.raw.png: WARNING: This project calls an unsupported private Codex backend path. The contract may break without notice.
WARNING: This project calls an unsupported private
    ! gti rc=1 attempt 3 Effects_particles_particle_smoke.png.raw.png: WARNING: This project calls an unsupported private Codex backend path. The contract may break without notice.
WARNING: This project calls an unsupported private
FAIL Effects/fx_petals/fx_petals_003.png
FAIL Effects/particles/particle_ember.png
FAIL Effects/particles/particle_smoke.png
FAIL Effects/particles/particle_petal.png
    ! gti rc=1 attempt 1 Gimmicks_gimmick_vent_petal.png.raw.png: WARNING: This project calls an unsupported private Codex backend path. The contract may break without notice.
WARNING: This project calls an unsupported private
    ! gti rc=1 attempt 1 Gimmicks_gimmick_vent_magma.png.raw.png: WARNING: This project calls an unsupported private Codex backend path. The contract may break without notice.
WARNING: This project calls an unsupported private
    ! gti rc=1 attempt 2 Gimmicks_gimmick_vent_petal.png.raw.png: WARNING: This project calls an unsupported private Codex backend path. The contract may break without notice.
WARNING: This project calls an unsupported private
    ! gti rc=1 attempt 2 Gimmicks_gimmick_vent_magma.png.raw.png: WARNING: This project calls an unsupported private Codex backend path. The contract may break without notice.
WARNING: This project calls an unsupported private
    ! gti rc=1 attempt 3 Gimmicks_gimmick_vent_petal.png.raw.png: WARNING: This project calls an unsupported private Codex backend path. The contract may break without notice.
WARNING: This project calls an unsupported private
    ! gti rc=1 attempt 3 Gimmicks_gimmick_vent_magma.png.raw.png: WARNING: This project calls an unsupported private Codex backend path. The contract may break without notice.
WARNING: This project calls an unsupported private
FAIL Gimmicks/gimmick_vent_magma.png
FAIL Gimmicks/gimmick_vent_petal.png
done, 18 failures
    ! gti rc=1 attempt 1 Effects_fx_spawn_fx_spawn_002.png.raw.png: WARNING: This project calls an unsupported private Codex backend path. The contract may break without notice.
WARNING: This project calls an unsupported private    ! gti rc=1 attempt 1 Effects_fx_spawn_fx_spawn_001.png.raw.png: WARNING: This project calls an unsupported private Codex backend path. The contract may break without notice.
WARNING: This project calls an unsupported private    ! gti rc=1 attempt 1 Effects_fx_spawn_fx_spawn_003.png.raw.png: WARNING: This project calls an unsupported private Codex backend path. The contract may break without notice.
WARNING: This project calls an unsupported private


    ! gti rc=1 attempt 1 Effects_fx_spawn_fx_spawn_000.png.raw.png: WARNING: This project calls an unsupported private Codex backend path. The contract may break without notice.
WARNING: This project calls an unsupported private
    ! gti rc=1 attempt 2 Effects_fx_spawn_fx_spawn_001.png.raw.png: WARNING: This project calls an unsupported private Codex backend path. The contract may break without notice.
WARNING: This project calls an unsupported private
    ! gti rc=1 attempt 2 Effects_fx_spawn_fx_spawn_003.png.raw.png: WARNING: This project calls an unsupported private Codex backend path. The contract may break without notice.
WARNING: This project calls an unsupported private
    ! gti rc=1 attempt 2 Effects_fx_spawn_fx_spawn_000.png.raw.png: WARNING: This project calls an unsupported private Codex backend path. The contract may break without notice.
WARNING: This project calls an unsupported private
    ! gti rc=1 attempt 2 Effects_fx_spawn_fx_spawn_002.png.raw.png: WARNING: This project calls an unsupported private Codex backend path. The contract may break without notice.
WARNING: This project calls an unsupported private
    ! gti rc=1 attempt 3 Effects_fx_spawn_fx_spawn_000.png.raw.png: WARNING: This project calls an unsupported private Codex backend path. The contract may break without notice.
WARNING: This project calls an unsupported private
    ! gti rc=1 attempt 3 Effects_fx_spawn_fx_spawn_003.png.raw.png: WARNING: This project calls an unsupported private Codex backend path. The contract may break without notice.
WARNING: This project calls an unsupported private
    ! gti rc=1 attempt 3 Effects_fx_spawn_fx_spawn_002.png.raw.png: WARNING: This project calls an unsupported private Codex backend path. The contract may break without notice.
WARNING: This project calls an unsupported private
    ! gti rc=1 attempt 3 Effects_fx_spawn_fx_spawn_001.png.raw.png: WARNING: This project calls an unsupported private Codex backend path. The contract may break without notice.
WARNING: This project calls an unsupported private
FAIL Effects/fx_spawn/fx_spawn_000.png
FAIL Effects/fx_spawn/fx_spawn_001.png
FAIL Effects/fx_spawn/fx_spawn_002.png
FAIL Effects/fx_spawn/fx_spawn_003.png
    ! gti rc=1 attempt 1 Effects_fx_eruption_fx_eruption_000.png.raw.png: WARNING: This project calls an unsupported private Codex backend path. The contract may break without notice.
WARNING: This project calls an unsupported private
    ! gti rc=1 attempt 1 Effects_fx_eruption_fx_eruption_002.png.raw.png: WARNING: This project calls an unsupported private Codex backend path. The contract may break without notice.
WARNING: This project calls an unsupported private
    ! gti rc=1 attempt 1 Effects_fx_eruption_fx_eruption_001.png.raw.png: WARNING: This project calls an unsupported private Codex backend path. The contract may break without notice.
WARNING: This project calls an unsupported private
    ! gti rc=1 attempt 1 Effects_fx_eruption_fx_eruption_003.png.raw.png: WARNING: This project calls an unsupported private Codex backend path. The contract may break without notice.
WARNING: This project calls an unsupported private
    ! gti rc=1 attempt 2 Effects_fx_eruption_fx_eruption_000.png.raw.png: WARNING: This project calls an unsupported private Codex backend path. The contract may break without notice.
WARNING: This project calls an unsupported private
    ! gti rc=1 attempt 2 Effects_fx_eruption_fx_eruption_001.png.raw.png: WARNING: This project calls an unsupported private Codex backend path. The contract may break without notice.
WARNING: This project calls an unsupported private
    ! gti rc=1 attempt 2 Effects_fx_eruption_fx_eruption_002.png.raw.png: WARNING: This project calls an unsupported private Codex backend path. The contract may break without notice.
WARNING: This project calls an unsupported private
    ! gti rc=1 attempt 2 Effects_fx_eruption_fx_eruption_003.png.raw.png: WARNING: This project calls an unsupported private Codex backend path. The contract may break without notice.
WARNING: This project calls an unsupported private
    ! gti rc=1 attempt 3 Effects_fx_eruption_fx_eruption_001.png.raw.png: WARNING: This project calls an unsupported private Codex backend path. The contract may break without notice.
WARNING: This project calls an unsupported private
    ! gti rc=1 attempt 3 Effects_fx_eruption_fx_eruption_002.png.raw.png: WARNING: This project calls an unsupported private Codex backend path. The contract may break without notice.
WARNING: This project calls an unsupported private
    ! gti rc=1 attempt 3 Effects_fx_eruption_fx_eruption_000.png.raw.png: WARNING: This project calls an unsupported private Codex backend path. The contract may break without notice.
WARNING: This project calls an unsupported private
    ! gti rc=1 attempt 3 Effects_fx_eruption_fx_eruption_003.png.raw.png: WARNING: This project calls an unsupported private Codex backend path. The contract may break without notice.
WARNING: This project calls an unsupported private
FAIL Effects/fx_eruption/fx_eruption_000.png
FAIL Effects/fx_eruption/fx_eruption_001.png
FAIL Effects/fx_eruption/fx_eruption_002.png
FAIL Effects/fx_eruption/fx_eruption_003.png
    ! gti rc=1 attempt 1 Effects_fx_petals_fx_petals_000.png.raw.png: WARNING: This project calls an unsupported private Codex backend path. The contract may break without notice.
WARNING: This project calls an unsupported private
    ! gti rc=1 attempt 1 Effects_fx_eruption_fx_eruption_004.png.raw.png: WARNING: This project calls an unsupported private Codex backend path. The contract may break without notice.
WARNING: This project calls an unsupported private
    ! gti rc=1 attempt 1 Effects_fx_petals_fx_petals_001.png.raw.png: WARNING: This project calls an unsupported private Codex backend path. The contract may break without notice.
WARNING: This project calls an unsupported private
    ! gti rc=1 attempt 1 Effects_fx_petals_fx_petals_002.png.raw.png: WARNING: This project calls an unsupported private Codex backend path. The contract may break without notice.
WARNING: This project calls an unsupported private
    ! gti rc=1 attempt 2 Effects_fx_eruption_fx_eruption_004.png.raw.png: WARNING: This project calls an unsupported private Codex backend path. The contract may break without notice.
WARNING: This project calls an unsupported private
    ! gti rc=1 attempt 2 Effects_fx_petals_fx_petals_000.png.raw.png: WARNING: This project calls an unsupported private Codex backend path. The contract may break without notice.
WARNING: This project calls an unsupported private
    ! gti rc=1 attempt 2 Effects_fx_petals_fx_petals_002.png.raw.png: WARNING: This project calls an unsupported private Codex backend path. The contract may break without notice.
WARNING: This project calls an unsupported private
    ! gti rc=1 attempt 2 Effects_fx_petals_fx_petals_001.png.raw.png: WARNING: This project calls an unsupported private Codex backend path. The contract may break without notice.
WARNING: This project calls an unsupported private
    ! gti rc=1 attempt 3 Effects_fx_petals_fx_petals_002.png.raw.png: WARNING: This project calls an unsupported private Codex backend path. The contract may break without notice.
WARNING: This project calls an unsupported private
    ! gti rc=1 attempt 3 Effects_fx_eruption_fx_eruption_004.png.raw.png: WARNING: This project calls an unsupported private Codex backend path. The contract may break without notice.
WARNING: This project calls an unsupported private
    ! gti rc=1 attempt 3 Effects_fx_petals_fx_petals_000.png.raw.png: WARNING: This project calls an unsupported private Codex backend path. The contract may break without notice.
WARNING: This project calls an unsupported private
    ! gti rc=1 attempt 3 Effects_fx_petals_fx_petals_001.png.raw.png: WARNING: This project calls an unsupported private Codex backend path. The contract may break without notice.
WARNING: This project calls an unsupported private
FAIL Effects/fx_eruption/fx_eruption_004.png
FAIL Effects/fx_petals/fx_petals_000.png
FAIL Effects/fx_petals/fx_petals_001.png
FAIL Effects/fx_petals/fx_petals_002.png
    ! gti rc=1 attempt 1 Effects_particles_particle_petal.png.raw.png: WARNING: This project calls an unsupported private Codex backend path. The contract may break without notice.
WARNING: This project calls an unsupported private
    ! gti rc=1 attempt 1 Effects_particles_particle_smoke.png.raw.png: WARNING: This project calls an unsupported private Codex backend path. The contract may break without notice.
WARNING: This project calls an unsupported private
    ! gti rc=1 attempt 1 Effects_particles_particle_ember.png.raw.png: WARNING: This project calls an unsupported private Codex backend path. The contract may break without notice.
WARNING: This project calls an unsupported private
    ! gti rc=1 attempt 1 Effects_fx_petals_fx_petals_003.png.raw.png: WARNING: This project calls an unsupported private Codex backend path. The contract may break without notice.
WARNING: This project calls an unsupported private
    ! gti rc=1 attempt 2 Effects_particles_particle_smoke.png.raw.png: WARNING: This project calls an unsupported private Codex backend path. The contract may break without notice.
WARNING: This project calls an unsupported private    ! gti rc=1 attempt 2 Effects_particles_particle_petal.png.raw.png: WARNING: This project calls an unsupported private Codex backend path. The contract may break without notice.
WARNING: This project calls an unsupported private

    ! gti rc=1 attempt 2 Effects_particles_particle_ember.png.raw.png: WARNING: This project calls an unsupported private Codex backend path. The contract may break without notice.
WARNING: This project calls an unsupported private
    ! gti rc=1 attempt 2 Effects_fx_petals_fx_petals_003.png.raw.png: WARNING: This project calls an unsupported private Codex backend path. The contract may break without notice.
WARNING: This project calls an unsupported private
    ! gti rc=1 attempt 3 Effects_particles_particle_smoke.png.raw.png: WARNING: This project calls an unsupported private Codex backend path. The contract may break without notice.
WARNING: This project calls an unsupported private    ! gti rc=1 attempt 3 Effects_particles_particle_ember.png.raw.png: WARNING: This project calls an unsupported private Codex backend path. The contract may break without notice.
WARNING: This project calls an unsupported private

    ! gti rc=1 attempt 3 Effects_fx_petals_fx_petals_003.png.raw.png: WARNING: This project calls an unsupported private Codex backend path. The contract may break without notice.
WARNING: This project calls an unsupported private
    ! gti rc=1 attempt 3 Effects_particles_particle_petal.png.raw.png: WARNING: This project calls an unsupported private Codex backend path. The contract may break without notice.
WARNING: This project calls an unsupported private
FAIL Effects/fx_petals/fx_petals_003.png
FAIL Effects/particles/particle_ember.png
FAIL Effects/particles/particle_smoke.png
FAIL Effects/particles/particle_petal.png
    ! gti rc=1 attempt 1 Gimmicks_gimmick_vent_petal.png.raw.png: WARNING: This project calls an unsupported private Codex backend path. The contract may break without notice.
WARNING: This project calls an unsupported private
    ! gti rc=1 attempt 1 Gimmicks_gimmick_vent_magma.png.raw.png: WARNING: This project calls an unsupported private Codex backend path. The contract may break without notice.
WARNING: This project calls an unsupported private
    ! gti rc=1 attempt 2 Gimmicks_gimmick_vent_petal.png.raw.png: WARNING: This project calls an unsupported private Codex backend path. The contract may break without notice.
WARNING: This project calls an unsupported private
    ! gti rc=1 attempt 2 Gimmicks_gimmick_vent_magma.png.raw.png: WARNING: This project calls an unsupported private Codex backend path. The contract may break without notice.
WARNING: This project calls an unsupported private
    ! gti rc=1 attempt 3 Gimmicks_gimmick_vent_petal.png.raw.png: WARNING: This project calls an unsupported private Codex backend path. The contract may break without notice.
WARNING: This project calls an unsupported private
    ! gti rc=1 attempt 3 Gimmicks_gimmick_vent_magma.png.raw.png: WARNING: This project calls an unsupported private Codex backend path. The contract may break without notice.
WARNING: This project calls an unsupported private
FAIL Gimmicks/gimmick_vent_magma.png
FAIL Gimmicks/gimmick_vent_petal.png
done, 18 failures
    ! gti rc=1 attempt 1 Effects_fx_spawn_fx_spawn_003.png.raw.png: WARNING: This project calls an unsupported private Codex backend path. The contract may break without notice.
WARNING: This project calls an unsupported private
    ! gti rc=1 attempt 1 Effects_fx_spawn_fx_spawn_000.png.raw.png: WARNING: This project calls an unsupported private Codex backend path. The contract may break without notice.
WARNING: This project calls an unsupported private
    ! gti rc=1 attempt 1 Effects_fx_spawn_fx_spawn_001.png.raw.png: WARNING: This project calls an unsupported private Codex backend path. The contract may break without notice.
WARNING: This project calls an unsupported private
    ! gti rc=1 attempt 1 Effects_fx_spawn_fx_spawn_002.png.raw.png: WARNING: This project calls an unsupported private Codex backend path. The contract may break without notice.
WARNING: This project calls an unsupported private
    ! gti rc=1 attempt 2 Effects_fx_spawn_fx_spawn_003.png.raw.png: WARNING: This project calls an unsupported private Codex backend path. The contract may break without notice.
WARNING: This project calls an unsupported private
    ! gti rc=1 attempt 2 Effects_fx_spawn_fx_spawn_000.png.raw.png: WARNING: This project calls an unsupported private Codex backend path. The contract may break without notice.
WARNING: This project calls an unsupported private
    ! gti rc=1 attempt 2 Effects_fx_spawn_fx_spawn_001.png.raw.png: WARNING: This project calls an unsupported private Codex backend path. The contract may break without notice.
WARNING: This project calls an unsupported private
    ! gti rc=1 attempt 2 Effects_fx_spawn_fx_spawn_002.png.raw.png: WARNING: This project calls an unsupported private Codex backend path. The contract may break without notice.
WARNING: This project calls an unsupported private
    ! gti rc=1 attempt 3 Effects_fx_spawn_fx_spawn_001.png.raw.png: WARNING: This project calls an unsupported private Codex backend path. The contract may break without notice.
WARNING: This project calls an unsupported private
    ! gti rc=1 attempt 3 Effects_fx_spawn_fx_spawn_003.png.raw.png: WARNING: This project calls an unsupported private Codex backend path. The contract may break without notice.
WARNING: This project calls an unsupported private
    ! gti rc=1 attempt 3 Effects_fx_spawn_fx_spawn_002.png.raw.png: WARNING: This project calls an unsupported private Codex backend path. The contract may break without notice.
WARNING: This project calls an unsupported private
    ! gti rc=1 attempt 3 Effects_fx_spawn_fx_spawn_000.png.raw.png: WARNING: This project calls an unsupported private Codex backend path. The contract may break without notice.
WARNING: This project calls an unsupported private
FAIL Effects/fx_spawn/fx_spawn_000.png
FAIL Effects/fx_spawn/fx_spawn_001.png
FAIL Effects/fx_spawn/fx_spawn_002.png
FAIL Effects/fx_spawn/fx_spawn_003.png
    ! gti rc=1 attempt 1 Effects_fx_eruption_fx_eruption_000.png.raw.png: WARNING: This project calls an unsupported private Codex backend path. The contract may break without notice.
WARNING: This project calls an unsupported private
    ! gti rc=1 attempt 1 Effects_fx_eruption_fx_eruption_001.png.raw.png: WARNING: This project calls an unsupported private Codex backend path. The contract may break without notice.
WARNING: This project calls an unsupported private
    ! gti rc=1 attempt 1 Effects_fx_eruption_fx_eruption_003.png.raw.png: WARNING: This project calls an unsupported private Codex backend path. The contract may break without notice.
WARNING: This project calls an unsupported private
    ! gti rc=1 attempt 1 Effects_fx_eruption_fx_eruption_002.png.raw.png: WARNING: This project calls an unsupported private Codex backend path. The contract may break without notice.
WARNING: This project calls an unsupported private
    ! gti rc=1 attempt 2 Effects_fx_eruption_fx_eruption_000.png.raw.png: WARNING: This project calls an unsupported private Codex backend path. The contract may break without notice.
WARNING: This project calls an unsupported private
    ! gti rc=1 attempt 2 Effects_fx_eruption_fx_eruption_003.png.raw.png: WARNING: This project calls an unsupported private Codex backend path. The contract may break without notice.
WARNING: This project calls an unsupported private
    ! gti rc=1 attempt 2 Effects_fx_eruption_fx_eruption_001.png.raw.png: WARNING: This project calls an unsupported private Codex backend path. The contract may break without notice.
WARNING: This project calls an unsupported private
    ! gti rc=1 attempt 2 Effects_fx_eruption_fx_eruption_002.png.raw.png: WARNING: This project calls an unsupported private Codex backend path. The contract may break without notice.
WARNING: This project calls an unsupported private
    ! gti rc=1 attempt 3 Effects_fx_eruption_fx_eruption_003.png.raw.png: WARNING: This project calls an unsupported private Codex backend path. The contract may break without notice.
WARNING: This project calls an unsupported private
    ! gti rc=1 attempt 3 Effects_fx_eruption_fx_eruption_001.png.raw.png: WARNING: This project calls an unsupported private Codex backend path. The contract may break without notice.
WARNING: This project calls an unsupported private
    ! gti rc=1 attempt 3 Effects_fx_eruption_fx_eruption_000.png.raw.png: WARNING: This project calls an unsupported private Codex backend path. The contract may break without notice.
WARNING: This project calls an unsupported private
    ! gti rc=1 attempt 3 Effects_fx_eruption_fx_eruption_002.png.raw.png: WARNING: This project calls an unsupported private Codex backend path. The contract may break without notice.
WARNING: This project calls an unsupported private
FAIL Effects/fx_eruption/fx_eruption_000.png
FAIL Effects/fx_eruption/fx_eruption_001.png
FAIL Effects/fx_eruption/fx_eruption_002.png
FAIL Effects/fx_eruption/fx_eruption_003.png
    ! gti rc=1 attempt 1 Effects_fx_petals_fx_petals_000.png.raw.png: WARNING: This project calls an unsupported private Codex backend path. The contract may break without notice.
WARNING: This project calls an unsupported private
    ! gti rc=1 attempt 1 Effects_fx_petals_fx_petals_001.png.raw.png: WARNING: This project calls an unsupported private Codex backend path. The contract may break without notice.
WARNING: This project calls an unsupported private
    ! gti rc=1 attempt 1 Effects_fx_eruption_fx_eruption_004.png.raw.png: WARNING: This project calls an unsupported private Codex backend path. The contract may break without notice.
WARNING: This project calls an unsupported private
    ! gti rc=1 attempt 1 Effects_fx_petals_fx_petals_002.png.raw.png: WARNING: This project calls an unsupported private Codex backend path. The contract may break without notice.
WARNING: This project calls an unsupported private
    ! gti rc=1 attempt 2 Effects_fx_eruption_fx_eruption_004.png.raw.png: WARNING: This project calls an unsupported private Codex backend path. The contract may break without notice.
WARNING: This project calls an unsupported private    ! gti rc=1 attempt 2 Effects_fx_petals_fx_petals_001.png.raw.png: WARNING: This project calls an unsupported private Codex backend path. The contract may break without notice.
WARNING: This project calls an unsupported private

    ! gti rc=1 attempt 2 Effects_fx_petals_fx_petals_000.png.raw.png: WARNING: This project calls an unsupported private Codex backend path. The contract may break without notice.
WARNING: This project calls an unsupported private
    ! gti rc=1 attempt 2 Effects_fx_petals_fx_petals_002.png.raw.png: WARNING: This project calls an unsupported private Codex backend path. The contract may break without notice.
WARNING: This project calls an unsupported private
    ! gti rc=1 attempt 3 Effects_fx_petals_fx_petals_001.png.raw.png: WARNING: This project calls an unsupported private Codex backend path. The contract may break without notice.
WARNING: This project calls an unsupported private
    ! gti rc=1 attempt 3 Effects_fx_eruption_fx_eruption_004.png.raw.png: WARNING: This project calls an unsupported private Codex backend path. The contract may break without notice.
WARNING: This project calls an unsupported private
    ! gti rc=1 attempt 3 Effects_fx_petals_fx_petals_000.png.raw.png: WARNING: This project calls an unsupported private Codex backend path. The contract may break without notice.
WARNING: This project calls an unsupported private
    ! gti rc=1 attempt 3 Effects_fx_petals_fx_petals_002.png.raw.png: WARNING: This project calls an unsupported private Codex backend path. The contract may break without notice.
WARNING: This project calls an unsupported private
FAIL Effects/fx_eruption/fx_eruption_004.png
FAIL Effects/fx_petals/fx_petals_000.png
FAIL Effects/fx_petals/fx_petals_001.png
FAIL Effects/fx_petals/fx_petals_002.png
    ! gti rc=1 attempt 1 Effects_particles_particle_smoke.png.raw.png: WARNING: This project calls an unsupported private Codex backend path. The contract may break without notice.
WARNING: This project calls an unsupported private
    ! gti rc=1 attempt 1 Effects_particles_particle_petal.png.raw.png: WARNING: This project calls an unsupported private Codex backend path. The contract may break without notice.
WARNING: This project calls an unsupported private
    ! gti rc=1 attempt 1 Effects_particles_particle_ember.png.raw.png: WARNING: This project calls an unsupported private Codex backend path. The contract may break without notice.
WARNING: This project calls an unsupported private
    ! gti rc=1 attempt 1 Effects_fx_petals_fx_petals_003.png.raw.png: WARNING: This project calls an unsupported private Codex backend path. The contract may break without notice.
WARNING: This project calls an unsupported private
    ! gti rc=1 attempt 2 Effects_particles_particle_petal.png.raw.png: WARNING: This project calls an unsupported private Codex backend path. The contract may break without notice.
WARNING: This project calls an unsupported private
    ! gti rc=1 attempt 2 Effects_particles_particle_smoke.png.raw.png: WARNING: This project calls an unsupported private Codex backend path. The contract may break without notice.
WARNING: This project calls an unsupported private
    ! gti rc=1 attempt 2 Effects_particles_particle_ember.png.raw.png: WARNING: This project calls an unsupported private Codex backend path. The contract may break without notice.
WARNING: This project calls an unsupported private
    ! gti rc=1 attempt 2 Effects_fx_petals_fx_petals_003.png.raw.png: WARNING: This project calls an unsupported private Codex backend path. The contract may break without notice.
WARNING: This project calls an unsupported private
    ! gti rc=1 attempt 3 Effects_particles_particle_smoke.png.raw.png: WARNING: This project calls an unsupported private Codex backend path. The contract may break without notice.
WARNING: This project calls an unsupported private
    ! gti rc=1 attempt 3 Effects_particles_particle_ember.png.raw.png: WARNING: This project calls an unsupported private Codex backend path. The contract may break without notice.
WARNING: This project calls an unsupported private
    ! gti rc=1 attempt 3 Effects_fx_petals_fx_petals_003.png.raw.png: WARNING: This project calls an unsupported private Codex backend path. The contract may break without notice.
WARNING: This project calls an unsupported private
    ! gti rc=1 attempt 3 Effects_particles_particle_petal.png.raw.png: WARNING: This project calls an unsupported private Codex backend path. The contract may break without notice.
WARNING: This project calls an unsupported private
FAIL Effects/fx_petals/fx_petals_003.png
FAIL Effects/particles/particle_ember.png
FAIL Effects/particles/particle_smoke.png
FAIL Effects/particles/particle_petal.png
    ! gti rc=1 attempt 1 Gimmicks_gimmick_vent_magma.png.raw.png: WARNING: This project calls an unsupported private Codex backend path. The contract may break without notice.
WARNING: This project calls an unsupported private
    ! gti rc=1 attempt 1 Gimmicks_gimmick_vent_petal.png.raw.png: WARNING: This project calls an unsupported private Codex backend path. The contract may break without notice.
WARNING: This project calls an unsupported private
    ! gti rc=1 attempt 2 Gimmicks_gimmick_vent_petal.png.raw.png: WARNING: This project calls an unsupported private Codex backend path. The contract may break without notice.
WARNING: This project calls an unsupported private
    ! gti rc=1 attempt 2 Gimmicks_gimmick_vent_magma.png.raw.png: WARNING: This project calls an unsupported private Codex backend path. The contract may break without notice.
WARNING: This project calls an unsupported private
ok   Gimmicks/gimmick_vent_magma.png
ok   Gimmicks/gimmick_vent_petal.png
done, 16 failures
ok   Effects/fx_spawn/fx_spawn_000.png
ok   Effects/fx_spawn/fx_spawn_001.png
ok   Effects/fx_spawn/fx_spawn_002.png
ok   Effects/fx_spawn/fx_spawn_003.png
ok   Effects/fx_eruption/fx_eruption_000.png
ok   Effects/fx_eruption/fx_eruption_001.png
ok   Effects/fx_eruption/fx_eruption_002.png
ok   Effects/fx_eruption/fx_eruption_003.png
ok   Effects/fx_eruption/fx_eruption_004.png
ok   Effects/fx_petals/fx_petals_000.png
ok   Effects/fx_petals/fx_petals_001.png
ok   Effects/fx_petals/fx_petals_002.png
ok   Effects/fx_petals/fx_petals_003.png
ok   Effects/particles/particle_ember.png
ok   Effects/particles/particle_smoke.png
ok   Effects/particles/particle_petal.png
ok   Gimmicks/gimmick_vent_magma.png
ok   Gimmicks/gimmick_vent_petal.png
done, 0 failures
ART COMPLETE
{"result":{"content":[{"type":"text","text":"AssetDatabase refreshed successfully."}],"isError":false},"id":2,"jsonrpc":"2.0"}
UNITY REFRESHED
