Unity Editor version:    2022.3.62f2 (7670c08855a9)
Branch:                  2022.3/respin/2022.3.62f2-4af31df585-v2
Build type:              Release
Batch mode:              YES
macOS version:           Version 26.3.1 (Build 25D2128)
Darwin version:          25.3.0
Architecture:            arm64
Running under Rosetta:   NO
Available memory:        16384 MB
[Licensing::Module] Trying to connect to existing licensing client channel...
[Licensing::IpcConnector] Successfully connected to: "LicenseClient-jangyoung" at "2026-08-09T08:54:23.138472Z"
[Licensing::Client] Code 10 while verifying Licensing Client signature (process Id: 46180, path: "/Applications/Unity/Hub/Editor/6000.5.6f1/Unity.app/Contents/Helpers/UnityLicensingClient.app/Contents/MacOS/Unity.Licensing.Client")
[Licensing::Module] LicensingClient has failed validation; ignoring
[Licensing::Client] Handshaking with LicensingClient:
  Version:                 1.18.1+9fbee8e
  Session Id:              ca1fc7a70b414fd991fcecbaebec50dc
  Correlation Id:          b687cf14460936fcfe7adcffd2fa98ba
  External correlation Id: 8407878862854035310
  Machine Id:              GDFq97hyJBwslTnyqVIUvhYydXg=
[Licensing::Module] Successfully connected to LicensingClient on channel: "LicenseClient-jangyoung" (connect: 0.00s, validation: 0.01s, handshake: 0.30s)
[Licensing::IpcConnector] Successfully connected to: "LicenseClient-jangyoung-notifications" at "2026-08-09T08:54:23.447862Z"
[Licensing::Module] Error: Access token is unavailable; failed to update
[Licensing::Client] Successfully updated license
[Licensing::Client] Successfully resolved entitlement details
[Licensing::Module] Serial number assigned to: "4513980-UnityPersXXXX"
Pro License: NO
[Licensing::Client] Successfully resolved entitlement details
Launching external process: /Applications/Unity/Hub/Editor/2022.3.62f2/Unity.app/Contents/Resources/PackageManager/Server/UnityPackageManager

COMMAND LINE ARGUMENTS:
/Applications/Unity/Hub/Editor/2022.3.62f2/Unity.app/Contents/MacOS/Unity
-batchmode
-quit
-projectPath
/Users/jangyoung/orca/Abyssal-Surge
-logFile
/tmp/castlebusters-ai-flight-compile.log
Successfully changed project path to: /Users/jangyoung/orca/Abyssal-Surge
/Users/jangyoung/orca/Abyssal-Surge
[UnityMemory] Configuration Parameters - Can be set up in boot.config
    "memorysetup-bucket-allocator-granularity=16"
    "memorysetup-bucket-allocator-bucket-count=8"
    "memorysetup-bucket-allocator-block-size=33554432"
    "memorysetup-bucket-allocator-block-count=8"
    "memorysetup-main-allocator-block-size=16777216"
    "memorysetup-thread-allocator-block-size=16777216"
    "memorysetup-gfx-main-allocator-block-size=16777216"
    "memorysetup-gfx-thread-allocator-block-size=16777216"
    "memorysetup-cache-allocator-block-size=4194304"
    "memorysetup-typetree-allocator-block-size=2097152"
    "memorysetup-profiler-bucket-allocator-granularity=16"
    "memorysetup-profiler-bucket-allocator-bucket-count=8"
    "memorysetup-profiler-bucket-allocator-block-size=33554432"
    "memorysetup-profiler-bucket-allocator-block-count=8"
    "memorysetup-profiler-allocator-block-size=16777216"
    "memorysetup-profiler-editor-allocator-block-size=1048576"
    "memorysetup-temp-allocator-size-main=16777216"
    "memorysetup-job-temp-allocator-block-size=2097152"
    "memorysetup-job-temp-allocator-block-size-background=1048576"
    "memorysetup-job-temp-allocator-reduction-small-platforms=262144"
    "memorysetup-allocator-temp-initial-block-size-main=262144"
    "memorysetup-allocator-temp-initial-block-size-worker=262144"
    "memorysetup-temp-allocator-size-background-worker=32768"
    "memorysetup-temp-allocator-size-job-worker=262144"
    "memorysetup-temp-allocator-size-preload-manager=33554432"
    "memorysetup-temp-allocator-size-nav-mesh-worker=65536"
    "memorysetup-temp-allocator-size-audio-worker=65536"
    "memorysetup-temp-allocator-size-cloud-worker=32768"
    "memorysetup-temp-allocator-size-gi-baking-worker=262144"
    "memorysetup-temp-allocator-size-gfx=262144"
Player connection [8291234048]  Target information:

Player connection [8291234048]  * "[IP] 192.168.219.124 [Port] 55504 [Flags] 2 [Guid] 83489514 [EditorId] 83489514 [Version] 1048832 [Id] OSXEditor(0,MacBook-Pro-2.local) [Debug] 1 [PackageName] OSXEditor [ProjectName] Editor" 

Player connection [8291234048] Host joined multi-casting on [225.0.0.222:54997]...
Player connection [8291234048] Host joined alternative multi-casting on [225.0.0.222:34997]...
Input System module state changed to: Initialized.
[PhysX] Initialized MultithreadedTaskDispatcher with 12 workers.
[Package Manager] UpmClient::Connect -- Connected to IPC stream "Upm-11492" after 0.6 seconds.
[Package Manager] Restoring resolved packages state from cache
[Licensing::Client] Successfully resolved entitlement details
[Package Manager] Registered 73 packages:
  Packages from [https://package.openupm.com]:
    com.ivanmurzak.unity.mcp@0.87.0 (location: /Users/jangyoung/orca/Abyssal-Surge/Library/PackageCache/com.ivanmurzak.unity.mcp@0.87.0)
    com.ivanmurzak.unity.mcp.animation@1.2.25 (location: /Users/jangyoung/orca/Abyssal-Surge/Library/PackageCache/com.ivanmurzak.unity.mcp.animation@1.2.25)
    com.ivanmurzak.unity.mcp.cinemachine@1.0.11 (location: /Users/jangyoung/orca/Abyssal-Surge/Library/PackageCache/com.ivanmurzak.unity.mcp.cinemachine@1.0.11)
    com.ivanmurzak.unity.mcp.inputsystem@1.0.11 (location: /Users/jangyoung/orca/Abyssal-Surge/Library/PackageCache/com.ivanmurzak.unity.mcp.inputsystem@1.0.11)
    com.ivanmurzak.unity.mcp.navigation@1.0.11 (location: /Users/jangyoung/orca/Abyssal-Surge/Library/PackageCache/com.ivanmurzak.unity.mcp.navigation@1.0.11)
    com.ivanmurzak.unity.mcp.particlesystem@1.2.25 (location: /Users/jangyoung/orca/Abyssal-Surge/Library/PackageCache/com.ivanmurzak.unity.mcp.particlesystem@1.2.25)
    com.ivanmurzak.unity.mcp.probuilder@1.2.25 (location: /Users/jangyoung/orca/Abyssal-Surge/Library/PackageCache/com.ivanmurzak.unity.mcp.probuilder@1.2.25)
    com.ivanmurzak.unity.mcp.splines@1.0.10 (location: /Users/jangyoung/orca/Abyssal-Surge/Library/PackageCache/com.ivanmurzak.unity.mcp.splines@1.0.10)
    com.ivanmurzak.unity.mcp.terrain@1.0.11 (location: /Users/jangyoung/orca/Abyssal-Surge/Library/PackageCache/com.ivanmurzak.unity.mcp.terrain@1.0.11)
    com.ivanmurzak.unity.mcp.tilemap@1.0.10 (location: /Users/jangyoung/orca/Abyssal-Surge/Library/PackageCache/com.ivanmurzak.unity.mcp.tilemap@1.0.10)
    com.ivanmurzak.unity.mcp.timeline@1.0.11 (location: /Users/jangyoung/orca/Abyssal-Surge/Library/PackageCache/com.ivanmurzak.unity.mcp.timeline@1.0.11)
    extensions.unity.playerprefsex@2.1.5 (location: /Users/jangyoung/orca/Abyssal-Surge/Library/PackageCache/extensions.unity.playerprefsex@2.1.5)
  Packages from [https://packages.unity.com]:
    com.unity.2d.pixel-perfect@5.1.1 (location: /Users/jangyoung/orca/Abyssal-Surge/Library/PackageCache/com.unity.2d.pixel-perfect@5.1.1)
    com.unity.2d.tilemap.extras@3.1.3 (location: /Users/jangyoung/orca/Abyssal-Surge/Library/PackageCache/com.unity.2d.tilemap.extras@3.1.3)
    com.unity.collab-proxy@2.12.4 (location: /Users/jangyoung/orca/Abyssal-Surge/Library/PackageCache/com.unity.collab-proxy@2.12.4)
    com.unity.ide.rider@3.0.36 (location: /Users/jangyoung/orca/Abyssal-Surge/Library/PackageCache/com.unity.ide.rider@3.0.36)
    com.unity.ide.visualstudio@2.0.22 (location: /Users/jangyoung/orca/Abyssal-Surge/Library/PackageCache/com.unity.ide.visualstudio@2.0.22)
    com.unity.ide.vscode@1.2.5 (location: /Users/jangyoung/orca/Abyssal-Surge/Library/PackageCache/com.unity.ide.vscode@1.2.5)
    com.unity.purchasing@5.4.1 (location: /Users/jangyoung/orca/Abyssal-Surge/Library/PackageCache/com.unity.purchasing@5.4.1)
    com.unity.test-framework@1.1.33 (location: /Users/jangyoung/orca/Abyssal-Surge/Library/PackageCache/com.unity.test-framework@1.1.33)
    com.unity.textmeshpro@3.0.7 (location: /Users/jangyoung/orca/Abyssal-Surge/Library/PackageCache/com.unity.textmeshpro@3.0.7)
    com.unity.visualscripting@1.9.4 (location: /Users/jangyoung/orca/Abyssal-Surge/Library/PackageCache/com.unity.visualscripting@1.9.4)
    com.unity.ext.nunit@1.0.6 (location: /Users/jangyoung/orca/Abyssal-Surge/Library/PackageCache/com.unity.ext.nunit@1.0.6)
    com.unity.mathematics@1.2.6 (location: /Users/jangyoung/orca/Abyssal-Surge/Library/PackageCache/com.unity.mathematics@1.2.6)
    com.unity.burst@1.8.21 (location: /Users/jangyoung/orca/Abyssal-Surge/Library/PackageCache/com.unity.burst@1.8.21)
    com.unity.services.core@1.18.0 (location: /Users/jangyoung/orca/Abyssal-Surge/Library/PackageCache/com.unity.services.core@1.18.0)
    com.unity.timeline@1.8.12 (location: /Users/jangyoung/orca/Abyssal-Surge/Library/PackageCache/com.unity.timeline@1.8.12)
    com.unity.splines@2.8.4 (location: /Users/jangyoung/orca/Abyssal-Surge/Library/PackageCache/com.unity.splines@2.8.4)
    com.unity.probuilder@5.2.4 (location: /Users/jangyoung/orca/Abyssal-Surge/Library/PackageCache/com.unity.probuilder@5.2.4)
    com.unity.ai.navigation@1.1.7 (location: /Users/jangyoung/orca/Abyssal-Surge/Library/PackageCache/com.unity.ai.navigation@1.1.7)
    com.unity.inputsystem@1.14.0 (location: /Users/jangyoung/orca/Abyssal-Surge/Library/PackageCache/com.unity.inputsystem@1.14.0)
    com.unity.cinemachine@3.1.6 (location: /Users/jangyoung/orca/Abyssal-Surge/Library/PackageCache/com.unity.cinemachine@3.1.6)
    com.unity.searcher@4.9.2 (location: /Users/jangyoung/orca/Abyssal-Surge/Library/PackageCache/com.unity.searcher@4.9.2)
    com.unity.nuget.newtonsoft-json@3.2.2 (location: /Users/jangyoung/orca/Abyssal-Surge/Library/PackageCache/com.unity.nuget.newtonsoft-json@3.2.2)
    com.unity.settings-manager@2.1.0 (location: /Users/jangyoung/orca/Abyssal-Surge/Library/PackageCache/com.unity.settings-manager@2.1.0)
  Built-in packages:
    com.unity.render-pipelines.universal@14.0.12 (location: /Users/jangyoung/orca/Abyssal-Surge/Library/PackageCache/com.unity.render-pipelines.universal@14.0.12)
    com.unity.ugui@1.0.0 (location: /Users/jangyoung/orca/Abyssal-Surge/Library/PackageCache/com.unity.ugui@1.0.0)
    com.unity.modules.ai@1.0.0 (location: /Users/jangyoung/orca/Abyssal-Surge/Library/PackageCache/com.unity.modules.ai@1.0.0)
    com.unity.modules.androidjni@1.0.0 (location: /Users/jangyoung/orca/Abyssal-Surge/Library/PackageCache/com.unity.modules.androidjni@1.0.0)
    com.unity.modules.animation@1.0.0 (location: /Users/jangyoung/orca/Abyssal-Surge/Library/PackageCache/com.unity.modules.animation@1.0.0)
    com.unity.modules.assetbundle@1.0.0 (location: /Users/jangyoung/orca/Abyssal-Surge/Library/PackageCache/com.unity.modules.assetbundle@1.0.0)
    com.unity.modules.audio@1.0.0 (location: /Users/jangyoung/orca/Abyssal-Surge/Library/PackageCache/com.unity.modules.audio@1.0.0)
    com.unity.modules.cloth@1.0.0 (location: /Users/jangyoung/orca/Abyssal-Surge/Library/PackageCache/com.unity.modules.cloth@1.0.0)
    com.unity.modules.director@1.0.0 (location: /Users/jangyoung/orca/Abyssal-Surge/Library/PackageCache/com.unity.modules.director@1.0.0)
    com.unity.modules.imageconversion@1.0.0 (location: /Users/jangyoung/orca/Abyssal-Surge/Library/PackageCache/com.unity.modules.imageconversion@1.0.0)
    com.unity.modules.imgui@1.0.0 (location: /Users/jangyoung/orca/Abyssal-Surge/Library/PackageCache/com.unity.modules.imgui@1.0.0)
    com.unity.modules.jsonserialize@1.0.0 (location: /Users/jangyoung/orca/Abyssal-Surge/Library/PackageCache/com.unity.modules.jsonserialize@1.0.0)
    com.unity.modules.particlesystem@1.0.0 (location: /Users/jangyoung/orca/Abyssal-Surge/Library/PackageCache/com.unity.modules.particlesystem@1.0.0)
    com.unity.modules.physics@1.0.0 (location: /Users/jangyoung/orca/Abyssal-Surge/Library/PackageCache/com.unity.modules.physics@1.0.0)
    com.unity.modules.physics2d@1.0.0 (location: /Users/jangyoung/orca/Abyssal-Surge/Library/PackageCache/com.unity.modules.physics2d@1.0.0)
    com.unity.modules.screencapture@1.0.0 (location: /Users/jangyoung/orca/Abyssal-Surge/Library/PackageCache/com.unity.modules.screencapture@1.0.0)
    com.unity.modules.terrain@1.0.0 (location: /Users/jangyoung/orca/Abyssal-Surge/Library/PackageCache/com.unity.modules.terrain@1.0.0)
    com.unity.modules.terrainphysics@1.0.0 (location: /Users/jangyoung/orca/Abyssal-Surge/Library/PackageCache/com.unity.modules.terrainphysics@1.0.0)
    com.unity.modules.tilemap@1.0.0 (location: /Users/jangyoung/orca/Abyssal-Surge/Library/PackageCache/com.unity.modules.tilemap@1.0.0)
    com.unity.modules.ui@1.0.0 (location: /Users/jangyoung/orca/Abyssal-Surge/Library/PackageCache/com.unity.modules.ui@1.0.0)
    com.unity.modules.uielements@1.0.0 (location: /Users/jangyoung/orca/Abyssal-Surge/Library/PackageCache/com.unity.modules.uielements@1.0.0)
    com.unity.modules.umbra@1.0.0 (location: /Users/jangyoung/orca/Abyssal-Surge/Library/PackageCache/com.unity.modules.umbra@1.0.0)
    com.unity.modules.unityanalytics@1.0.0 (location: /Users/jangyoung/orca/Abyssal-Surge/Library/PackageCache/com.unity.modules.unityanalytics@1.0.0)
    com.unity.modules.unitywebrequest@1.0.0 (location: /Users/jangyoung/orca/Abyssal-Surge/Library/PackageCache/com.unity.modules.unitywebrequest@1.0.0)
    com.unity.modules.unitywebrequestassetbundle@1.0.0 (location: /Users/jangyoung/orca/Abyssal-Surge/Library/PackageCache/com.unity.modules.unitywebrequestassetbundle@1.0.0)
    com.unity.modules.unitywebrequestaudio@1.0.0 (location: /Users/jangyoung/orca/Abyssal-Surge/Library/PackageCache/com.unity.modules.unitywebrequestaudio@1.0.0)
    com.unity.modules.unitywebrequesttexture@1.0.0 (location: /Users/jangyoung/orca/Abyssal-Surge/Library/PackageCache/com.unity.modules.unitywebrequesttexture@1.0.0)
    com.unity.modules.unitywebrequestwww@1.0.0 (location: /Users/jangyoung/orca/Abyssal-Surge/Library/PackageCache/com.unity.modules.unitywebrequestwww@1.0.0)
    com.unity.modules.vehicles@1.0.0 (location: /Users/jangyoung/orca/Abyssal-Surge/Library/PackageCache/com.unity.modules.vehicles@1.0.0)
    com.unity.modules.video@1.0.0 (location: /Users/jangyoung/orca/Abyssal-Surge/Library/PackageCache/com.unity.modules.video@1.0.0)
    com.unity.modules.vr@1.0.0 (location: /Users/jangyoung/orca/Abyssal-Surge/Library/PackageCache/com.unity.modules.vr@1.0.0)
    com.unity.modules.wind@1.0.0 (location: /Users/jangyoung/orca/Abyssal-Surge/Library/PackageCache/com.unity.modules.wind@1.0.0)
    com.unity.modules.xr@1.0.0 (location: /Users/jangyoung/orca/Abyssal-Surge/Library/PackageCache/com.unity.modules.xr@1.0.0)
    com.unity.modules.subsystems@1.0.0 (location: /Users/jangyoung/orca/Abyssal-Surge/Library/PackageCache/com.unity.modules.subsystems@1.0.0)
    com.unity.render-pipelines.core@14.0.12 (location: /Users/jangyoung/orca/Abyssal-Surge/Library/PackageCache/com.unity.render-pipelines.core@14.0.12)
    com.unity.shadergraph@14.0.12 (location: /Users/jangyoung/orca/Abyssal-Surge/Library/PackageCache/com.unity.shadergraph@14.0.12)
    com.unity.render-pipelines.universal-config@14.0.10 (location: /Users/jangyoung/orca/Abyssal-Surge/Library/PackageCache/com.unity.render-pipelines.universal-config@14.0.10)
    com.unity.2d.tilemap@1.0.0 (location: /Users/jangyoung/orca/Abyssal-Surge/Library/PackageCache/com.unity.2d.tilemap@1.0.0)
[Subsystems] No new subsystems found in resolved package list.
Package Manager log level set to [2]
[Package Manager] Done registering packages in 0.16 seconds
Refreshing native plugins compatible for Editor in 63.24 ms, found 3 plugins.
Preloading 0 native plugins for Editor in 0.00 ms.
Initialize engine version: 2022.3.62f2 (7670c08855a9)
[Subsystems] Discovering subsystems at path /Applications/Unity/Hub/Editor/2022.3.62f2/Unity.app/Contents/Resources/UnitySubsystems
[Subsystems] Discovering subsystems at path /Users/jangyoung/orca/Abyssal-Surge/Assets
GfxDevice: creating device client; threaded=0; jobified=0
 preferred device: Apple M2 Pro (high power)
Metal devices available: 1
0: Apple M2 Pro (high power)
Using device Apple M2 Pro (high power)
Initializing Metal device caps: Apple M2 Pro
[Licensing::Client] Successfully resolved entitlement details
Initialize mono
Mono path[0] = '/Applications/Unity/Hub/Editor/2022.3.62f2/Unity.app/Contents/Managed'
Mono path[1] = '/Applications/Unity/Hub/Editor/2022.3.62f2/Unity.app/Contents/MonoBleedingEdge/lib/mono/unityjit-macos'
Mono config path = '/Applications/Unity/Hub/Editor/2022.3.62f2/Unity.app/Contents/MonoBleedingEdge/etc'
Using monoOptions --debugger-agent=transport=dt_socket,embedding=1,server=y,suspend=n,address=127.0.0.1:56492
Using cacheserver namespaces - metadata:defaultmetadata, artifacts:defaultartifacts
Using cacheserver namespaces - metadata:defaultmetadata, artifacts:defaultartifacts
ImportWorker Server TCP listen port: 0
Begin MonoManager ReloadAssembly
Registering precompiled unity dll's ...
Register platform support module: /Applications/Unity/Hub/Editor/2022.3.62f2/PlaybackEngines/WebGLSupport/UnityEditor.WebGL.Extensions.dll
Register platform support module: /Applications/Unity/Hub/Editor/2022.3.62f2/Unity.app/Contents/PlaybackEngines/MacStandaloneSupport/UnityEditor.OSXStandalone.Extensions.dll
Registered in 0.002422 seconds.
- Loaded All Assemblies, in  0.268 seconds
Native extension for OSXStandalone target not found
Native extension for WebGL target not found
Mono: successfully reloaded assembly
- Finished resetting the current domain, in  0.156 seconds
Domain Reload Profiling: 425ms
	BeginReloadAssembly (95ms)
		ExecutionOrderSort (0ms)
		DisableScriptedObjects (0ms)
		BackupInstance (0ms)
		ReleaseScriptingObjects (0ms)
		CreateAndSetChildDomain (1ms)
	RebuildCommonClasses (26ms)
	RebuildNativeTypeToScriptingClass (7ms)
	initialDomainReloadingComplete (31ms)
	LoadAllAssembliesAndSetupDomain (109ms)
		LoadAssemblies (95ms)
		RebuildTransferFunctionScriptingTraits (0ms)
		AnalyzeDomain (106ms)
			TypeCache.Refresh (105ms)
				TypeCache.ScanAssembly (93ms)
			ScanForSourceGeneratedMonoScriptInfo (0ms)
			ResolveRequiredComponents (1ms)
	FinalizeReload (157ms)
		ReleaseScriptCaches (0ms)
		RebuildScriptCaches (0ms)
		SetupLoadedEditorAssemblies (129ms)
			LogAssemblyErrors (0ms)
			InitializePlatformSupportModulesInManaged (8ms)
			SetLoadedEditorAssemblies (4ms)
			RefreshPlugins (0ms)
			BeforeProcessingInitializeOnLoad (2ms)
			ProcessInitializeOnLoadAttributes (89ms)
			ProcessInitializeOnLoadMethodAttributes (26ms)
			AfterProcessingInitializeOnLoad (0ms)
			EditorAssembliesLoaded (0ms)
		ExecutionOrderSort2 (0ms)
		AwakeInstancesAfterBackupRestoration (0ms)
[Licensing::Client] Successfully resolved entitlement details
Application.AssetDatabase Initial Refresh Start
Assembly reference Packages/com.unity.cinemachine/Editor/Samples/ExposeHDRPInternals/HDRP-Editor-ref.asmref has no target assembly definition
Assembly reference Packages/com.unity.cinemachine/Editor/Samples/ExposeHDRPInternals/HDRP-Editor-ref.asmref has no target assembly definition
[ScriptCompilation] Requested script compilation because: Assetdatabase observed changes in script compilation related files
[40m[32minfo[39m[22m[49m: Microsoft.Hosting.Lifetime[14]
      Now listening on: http://unix:/tmp/ilpp.sock-37085d6b862dd5a1fa1750a0d3c18b89
[40m[32minfo[39m[22m[49m: Microsoft.Hosting.Lifetime[0]
      Application started. Press Ctrl+C to shut down.
[40m[32minfo[39m[22m[49m: Microsoft.Hosting.Lifetime[0]
      Hosting environment: Production
[40m[32minfo[39m[22m[49m: Microsoft.Hosting.Lifetime[0]
      Content root path: /Users/jangyoung/orca/Abyssal-Surge/
[40m[32minfo[39m[22m[49m: Microsoft.AspNetCore.Hosting.Diagnostics[1]
      Request starting HTTP/2 POST http://ilpp/UnityILPP.PostProcessing/Ping application/grpc -
[40m[32minfo[39m[22m[49m: Microsoft.AspNetCore.Routing.EndpointMiddleware[0]
      Executing endpoint 'gRPC - /UnityILPP.PostProcessing/Ping'
[40m[32minfo[39m[22m[49m: Microsoft.AspNetCore.Routing.EndpointMiddleware[1]
      Executed endpoint 'gRPC - /UnityILPP.PostProcessing/Ping'
[40m[32minfo[39m[22m[49m: Microsoft.AspNetCore.Hosting.Diagnostics[2]
      Request finished HTTP/2 POST http://ilpp/UnityILPP.PostProcessing/Ping application/grpc - - 200 - application/grpc 36.9428ms
Starting: /Applications/Unity/Hub/Editor/2022.3.62f2/Unity.app/Contents/bee_backend --ipc --defer-dag-verification --dagfile="Library/Bee/2000b0aEDbg.dag" --continue-on-failure --profile="Library/Bee/backend1.traceevents" ScriptAssemblies
WorkingDir: /Users/jangyoung/orca/Abyssal-Surge
DisplayProgressbar: Compiling Scripts
[40m[32minfo[39m[22m[49m: Microsoft.AspNetCore.Hosting.Diagnostics[1]
      Request starting HTTP/2 POST http://ilpp/UnityILPP.PostProcessing/ConfigurePostProcessors application/grpc -
[40m[32minfo[39m[22m[49m: Microsoft.AspNetCore.Routing.EndpointMiddleware[0]
      Executing endpoint 'gRPC - /UnityILPP.PostProcessing/ConfigurePostProcessors'
[40m[1m[33mwarn[39m[22m[49m: Unity.ILPP.Runner.PostProcessingAssemblyLoadContext[0]
      Assembly system.runtime.interopservices.windowsruntime has duplicate hint path. Ignoring "/Applications/Unity/Hub/Editor/2022.3.62f2/Unity.app/Contents/UnityReferenceAssemblies/unity-4.8-api/Facades/System.Runtime.InteropServices.WindowsRuntime.dll" in favor of "/Applications/Unity/Hub/Editor/2022.3.62f2/Unity.app/Contents/NetStandard/Extensions/2.0.0/System.Runtime.InteropServices.WindowsRuntime.dll"
[40m[1m[33mwarn[39m[22m[49m: Unity.ILPP.Runner.PostProcessingAssemblyLoadContext[0]
      Assembly system.componentmodel.composition has duplicate hint path. Ignoring "/Applications/Unity/Hub/Editor/2022.3.62f2/Unity.app/Contents/UnityReferenceAssemblies/unity-4.8-api/System.ComponentModel.Composition.dll" in favor of "/Applications/Unity/Hub/Editor/2022.3.62f2/Unity.app/Contents/NetStandard/compat/2.1.0/shims/netfx/System.ComponentModel.Composition.dll"
[40m[32minfo[39m[22m[49m: Unity.ILPP.Runner.PostProcessingAssemblyLoadContext[0]
      Resolved Unity.Burst.Cecil, Version=0.11.4.0, Culture=neutral, PublicKeyToken=50cebf1cceb9d05e with Library/PackageCache/com.unity.burst@1.8.21/Unity.Burst.CodeGen/Unity.Burst.Cecil.dll
[40m[32minfo[39m[22m[49m: Microsoft.AspNetCore.Routing.EndpointMiddleware[1]
      Executed endpoint 'gRPC - /UnityILPP.PostProcessing/ConfigurePostProcessors'
[40m[32minfo[39m[22m[49m: Microsoft.AspNetCore.Hosting.Diagnostics[2]
      Request finished HTTP/2 POST http://ilpp/UnityILPP.PostProcessing/ConfigurePostProcessors application/grpc - - 200 - application/grpc 21.1564ms
[40m[32minfo[39m[22m[49m: Microsoft.AspNetCore.Hosting.Diagnostics[1]
      Request starting HTTP/2 POST http://ilpp/UnityILPP.PostProcessing/PostProcessAssembly application/grpc -
[40m[32minfo[39m[22m[49m: Microsoft.AspNetCore.Routing.EndpointMiddleware[0]
      Executing endpoint 'gRPC - /UnityILPP.PostProcessing/PostProcessAssembly'
[40m[32minfo[39m[22m[49m: Microsoft.AspNetCore.Hosting.Diagnostics[1]
      Request starting HTTP/2 POST http://ilpp/UnityILPP.PostProcessing/PostProcessAssembly application/grpc -
[40m[32minfo[39m[22m[49m: Microsoft.AspNetCore.Routing.EndpointMiddleware[0]
      Executing endpoint 'gRPC - /UnityILPP.PostProcessing/PostProcessAssembly'
[40m[32minfo[39m[22m[49m: Microsoft.AspNetCore.Hosting.Diagnostics[1]
      Request starting HTTP/2 POST http://ilpp/UnityILPP.PostProcessing/PostProcessAssembly application/grpc -
[40m[32minfo[39m[22m[49m: Microsoft.AspNetCore.Routing.EndpointMiddleware[0]
      Executing endpoint 'gRPC - /UnityILPP.PostProcessing/PostProcessAssembly'
[40m[32minfo[39m[22m[49m: Microsoft.AspNetCore.Hosting.Diagnostics[1]
      Request starting HTTP/2 POST http://ilpp/UnityILPP.PostProcessing/PostProcessAssembly application/grpc -
[40m[32minfo[39m[22m[49m: Microsoft.AspNetCore.Routing.EndpointMiddleware[0]
      Executing endpoint 'gRPC - /UnityILPP.PostProcessing/PostProcessAssembly'
[40m[32minfo[39m[22m[49m: Microsoft.AspNetCore.Hosting.Diagnostics[1]
      Request starting HTTP/2 POST http://ilpp/UnityILPP.PostProcessing/PostProcessAssembly application/grpc -
[40m[32minfo[39m[22m[49m: Microsoft.AspNetCore.Routing.EndpointMiddleware[0]
      Executing endpoint 'gRPC - /UnityILPP.PostProcessing/PostProcessAssembly'
[40m[32minfo[39m[22m[49m: Unity.ILPP.Runner.PostProcessingPipeline[0]
      Processing assembly Library/Bee/artifacts/2000b0aEDbg.dag/Assembly-CSharp-Editor.dll, with 102 defines and 354 references
[40m[32minfo[39m[22m[49m: Unity.ILPP.Runner.PostProcessingPipeline[0]
      Processing assembly Library/Bee/artifacts/2000b0aEDbg.dag/CastleBusters.PlayModeTests.dll, with 104 defines and 211 references
[40m[32minfo[39m[22m[49m: Unity.ILPP.Runner.PostProcessingPipeline[0]
      Processing assembly Library/Bee/artifacts/2000b0aEDbg.dag/CastleBusters.EditModeTests.dll, with 102 defines and 223 references
[40m[32minfo[39m[22m[49m: Unity.ILPP.Runner.PostProcessingPipeline[0]
      Processing assembly Library/Bee/artifacts/2000b0aEDbg.dag/CastleBusters.dll, with 104 defines and 261 references
[40m[32minfo[39m[22m[49m: Unity.ILPP.Runner.PostProcessingPipeline[0]
      Processing assembly Library/Bee/artifacts/2000b0aEDbg.dag/Assembly-CSharp.dll, with 104 defines and 329 references
[40m[32minfo[39m[22m[49m: Unity.ILPP.Runner.PostProcessingPipeline[0]
      processors: zzzUnity.Burst.CodeGen.BurstILPostProcessor
[40m[32minfo[39m[22m[49m: Unity.ILPP.Runner.PostProcessingPipeline[0]
      processors: zzzUnity.Burst.CodeGen.BurstILPostProcessor
[40m[32minfo[39m[22m[49m: Unity.ILPP.Runner.PostProcessingPipeline[0]
      processors: zzzUnity.Burst.CodeGen.BurstILPostProcessor
[40m[32minfo[39m[22m[49m: Unity.ILPP.Runner.PostProcessingPipeline[0]
      processors: zzzUnity.Burst.CodeGen.BurstILPostProcessor
[40m[32minfo[39m[22m[49m: Unity.ILPP.Runner.PostProcessingPipeline[0]
      processors: zzzUnity.Burst.CodeGen.BurstILPostProcessor
[40m[32minfo[39m[22m[49m: Unity.ILPP.Runner.PostProcessingPipeline[0]
      running zzzUnity.Burst.CodeGen.BurstILPostProcessor
[40m[32minfo[39m[22m[49m: Unity.ILPP.Runner.PostProcessingPipeline[0]
      running zzzUnity.Burst.CodeGen.BurstILPostProcessor
[40m[32minfo[39m[22m[49m: Unity.ILPP.Runner.PostProcessingPipeline[0]
      running zzzUnity.Burst.CodeGen.BurstILPostProcessor
[40m[32minfo[39m[22m[49m: Unity.ILPP.Runner.PostProcessingPipeline[0]
      running zzzUnity.Burst.CodeGen.BurstILPostProcessor
[40m[32minfo[39m[22m[49m: Unity.ILPP.Runner.PostProcessingPipeline[0]
      running zzzUnity.Burst.CodeGen.BurstILPostProcessor
[40m[32minfo[39m[22m[49m: Microsoft.AspNetCore.Routing.EndpointMiddleware[1]
      Executed endpoint 'gRPC - /UnityILPP.PostProcessing/PostProcessAssembly'
[40m[32minfo[39m[22m[49m: Microsoft.AspNetCore.Routing.EndpointMiddleware[1]
      Executed endpoint 'gRPC - /UnityILPP.PostProcessing/PostProcessAssembly'
[40m[32minfo[39m[22m[49m: Microsoft.AspNetCore.Routing.EndpointMiddleware[1]
      Executed endpoint 'gRPC - /UnityILPP.PostProcessing/PostProcessAssembly'
[40m[32minfo[39m[22m[49m: Microsoft.AspNetCore.Hosting.Diagnostics[2]
      Request finished HTTP/2 POST http://ilpp/UnityILPP.PostProcessing/PostProcessAssembly application/grpc - - 200 - application/grpc 15.7252ms
[40m[32minfo[39m[22m[49m: Microsoft.AspNetCore.Hosting.Diagnostics[2]
      Request finished HTTP/2 POST http://ilpp/UnityILPP.PostProcessing/PostProcessAssembly application/grpc - - 200 - application/grpc 15.5508ms
[40m[32minfo[39m[22m[49m: Microsoft.AspNetCore.Hosting.Diagnostics[2]
      Request finished HTTP/2 POST http://ilpp/UnityILPP.PostProcessing/PostProcessAssembly application/grpc - - 200 - application/grpc 13.2311ms
[40m[32minfo[39m[22m[49m: Unity.ILPP.Runner.PostProcessingAssemblyLoadContext[0]
      Resolved Unity.Burst.Cecil.Rocks, Version=0.11.4.0, Culture=neutral, PublicKeyToken=50cebf1cceb9d05e with Library/PackageCache/com.unity.burst@1.8.21/Unity.Burst.CodeGen/Unity.Burst.Cecil.Rocks.dll
[40m[32minfo[39m[22m[49m: Microsoft.AspNetCore.Routing.EndpointMiddleware[1]
      Executed endpoint 'gRPC - /UnityILPP.PostProcessing/PostProcessAssembly'
[40m[32minfo[39m[22m[49m: Microsoft.AspNetCore.Hosting.Diagnostics[2]
      Request finished HTTP/2 POST http://ilpp/UnityILPP.PostProcessing/PostProcessAssembly application/grpc - - 200 - application/grpc 105.1674ms
[40m[32minfo[39m[22m[49m: Microsoft.AspNetCore.Routing.EndpointMiddleware[1]
      Executed endpoint 'gRPC - /UnityILPP.PostProcessing/PostProcessAssembly'
[40m[32minfo[39m[22m[49m: Microsoft.AspNetCore.Hosting.Diagnostics[2]
      Request finished HTTP/2 POST http://ilpp/UnityILPP.PostProcessing/PostProcessAssembly application/grpc - - 200 - application/grpc 112.2948ms
ExitCode: 0 Duration: 2s576ms
[ 913/1258  0s] ILPP-Configuration Library/ilpp-configuration.nevergeneratedoutput
[1238/1258  2s] Csc Library/Bee/artifacts/2000b0aEDbg.dag/CastleBusters.dll (+2 others)
[1243/1258  0s] ILPostProcess Library/Bee/artifacts/2000b0aEDbg.dag/post-processed/CastleBusters.dll (+pdb)
Processing assembly Library/Bee/artifacts/2000b0aEDbg.dag/CastleBusters.dll, with 104 defines and 261 references
processors: zzzUnity.Burst.CodeGen.BurstILPostProcessor
running zzzUnity.Burst.CodeGen.BurstILPostProcessor
[1244/1258  0s] CopyFiles Library/ScriptAssemblies/CastleBusters.dll
[1245/1258  0s] CopyFiles Library/ScriptAssemblies/CastleBusters.pdb
[1246/1258  0s] ILPostProcess Library/Bee/artifacts/2000b0aEDbg.dag/post-processed/Assembly-CSharp.dll (+pdb)
Processing assembly Library/Bee/artifacts/2000b0aEDbg.dag/Assembly-CSharp.dll, with 104 defines and 329 references
processors: zzzUnity.Burst.CodeGen.BurstILPostProcessor
running zzzUnity.Burst.CodeGen.BurstILPostProcessor
[1247/1258  0s] ILPostProcess Library/Bee/artifacts/2000b0aEDbg.dag/post-processed/CastleBusters.PlayModeTests.dll (+pdb)
Processing assembly Library/Bee/artifacts/2000b0aEDbg.dag/CastleBusters.PlayModeTests.dll, with 104 defines and 211 references
processors: zzzUnity.Burst.CodeGen.BurstILPostProcessor
running zzzUnity.Burst.CodeGen.BurstILPostProcessor
[1248/1258  0s] ILPostProcess Library/Bee/artifacts/2000b0aEDbg.dag/post-processed/CastleBusters.EditModeTests.dll (+pdb)
Processing assembly Library/Bee/artifacts/2000b0aEDbg.dag/CastleBusters.EditModeTests.dll, with 102 defines and 223 references
processors: zzzUnity.Burst.CodeGen.BurstILPostProcessor
running zzzUnity.Burst.CodeGen.BurstILPostProcessor
[1249/1258  0s] ILPostProcess Library/Bee/artifacts/2000b0aEDbg.dag/post-processed/Assembly-CSharp-Editor.dll (+pdb)
Processing assembly Library/Bee/artifacts/2000b0aEDbg.dag/Assembly-CSharp-Editor.dll, with 102 defines and 354 references
processors: zzzUnity.Burst.CodeGen.BurstILPostProcessor
running zzzUnity.Burst.CodeGen.BurstILPostProcessor
*** Tundra build success (2.56 seconds), 9 items updated, 1258 evaluated
AssetDatabase: script compilation time: 3.293228s
Assembly reference Packages/com.unity.cinemachine/Editor/Samples/ExposeHDRPInternals/HDRP-Editor-ref.asmref has no target assembly definition
Total cache size 265057198
Total cache size after purge 265057198
Begin MonoManager ReloadAssembly
Symbol file LoadedFromMemory is not a mono symbol file
- Loaded All Assemblies, in  0.737 seconds
Refreshing native plugins compatible for Editor in 12.83 ms, found 3 plugins.
Preloading 0 native plugins for Editor in 0.00 ms.
Start importing Assets/Scripts/SimpleAI.cs using Guid(061b4ce9001804ea2a936edf9a3a9f2b) Importer(-1,00000000000000000000000000000000) [PhysX] Initialized MultithreadedTaskDispatcher with 12 workers.
 -> (artifact id: '2e4a1edce101d61aa621b1764a34be22') in 0.009347 seconds
Refreshing native plugins compatible for Editor in 6.35 ms, found 3 plugins.
Native extension for OSXStandalone target not found
Native extension for WebGL target not found
Assembly reference Packages/com.unity.cinemachine/Editor/Samples/ExposeHDRPInternals/HDRP-Editor-ref.asmref has no target assembly definition
<color=#ffaa00>warn:</color> [17:54:37:5664] <color=#B4FF32>[AI]</color> <color=#48C9B0><b>McpManagerClientHub</b></color> ConnectionManager[a84ccb61-5cb7-4596-b765-fa23072c88f1] EnsureConnection Connection not available and auto-reconnect disabled for endpoint: /hub/mcp-server
UnityEngine.StackTraceUtility:ExtractStackTrace () (at /Users/bokken/build/output/unity/unity/Runtime/Export/Scripting/StackTrace.cs:37)
UnityEngine.DebugLogHandler:LogFormat (UnityEngine.LogType,UnityEngine.Object,string,object[])
UnityEngine.Logger:Log (UnityEngine.LogType,object)
UnityEngine.Debug:LogWarning (object)
com.IvanMurzak.Unity.MCP.Utils.UnityLogger:Log<Microsoft.Extensions.Logging.FormattedLogValues> (Microsoft.Extensions.Logging.LogLevel,Microsoft.Extensions.Logging.EventId,Microsoft.Extensions.Logging.FormattedLogValues,System.Exception,System.Func`3<Microsoft.Extensions.Logging.FormattedLogValues, System.Exception, string>) (at ./Library/PackageCache/com.ivanmurzak.unity.mcp@0.87.0/Runtime/Logger/UnityLogger.cs:125)
Microsoft.Extensions.Logging.Logger:<Log>g__LoggerLog|14_0<Microsoft.Extensions.Logging.FormattedLogValues> (Microsoft.Extensions.Logging.LogLevel,Microsoft.Extensions.Logging.EventId,Microsoft.Extensions.Logging.ILogger,System.Exception,System.Func`3<Microsoft.Extensions.Logging.FormattedLogValues, System.Exception, string>,System.Collections.Generic.List`1<System.Exception>&,Microsoft.Extensions.Logging.FormattedLogValues&)
Microsoft.Extensions.Logging.Logger:Log<Microsoft.Extensions.Logging.FormattedLogValues> (Microsoft.Extensions.Logging.LogLevel,Microsoft.Extensions.Logging.EventId,Microsoft.Extensions.Logging.FormattedLogValues,System.Exception,System.Func`3<Microsoft.Extensions.Logging.FormattedLogValues, System.Exception, string>)
Microsoft.Extensions.Logging.Logger`1<com.IvanMurzak.McpPlugin.McpManagerClientHub>:Microsoft.Extensions.Logging.ILogger.Log<Microsoft.Extensions.Logging.FormattedLogValues> (Microsoft.Extensions.Logging.LogLevel,Microsoft.Extensions.Logging.EventId,Microsoft.Extensions.Logging.FormattedLogValues,System.Exception,System.Func`3<Microsoft.Extensions.Logging.FormattedLogValues, System.Exception, string>)
Microsoft.Extensions.Logging.LoggerExtensions:Log (Microsoft.Extensions.Logging.ILogger,Microsoft.Extensions.Logging.LogLevel,Microsoft.Extensions.Logging.EventId,System.Exception,string,object[])
Microsoft.Extensions.Logging.LoggerExtensions:Log (Microsoft.Extensions.Logging.ILogger,Microsoft.Extensions.Logging.LogLevel,string,object[])
Microsoft.Extensions.Logging.LoggerExtensions:LogWarning (Microsoft.Extensions.Logging.ILogger,string,object[])
com.IvanMurzak.McpPlugin.ConnectionManager/<EnsureConnection>d__3:MoveNext ()
System.Runtime.CompilerServices.AsyncTaskMethodBuilder`1<bool>:Start<com.IvanMurzak.McpPlugin.ConnectionManager/<EnsureConnection>d__3> (com.IvanMurzak.McpPlugin.ConnectionManager/<EnsureConnection>d__3&)
com.IvanMurzak.McpPlugin.ConnectionManager:EnsureConnection (System.Threading.CancellationToken)
com.IvanMurzak.McpPlugin.ConnectionManager/<InvokeAsync>d__58`2<com.IvanMurzak.McpPlugin.Common.Model.RequestToolsUpdated, com.IvanMurzak.McpPlugin.Common.Model.ResponseData>:MoveNext ()
System.Runtime.CompilerServices.AsyncTaskMethodBuilder`1<com.IvanMurzak.McpPlugin.Common.Model.ResponseData>:Start<com.IvanMurzak.McpPlugin.ConnectionManager/<InvokeAsync>d__58`2<com.IvanMurzak.McpPlugin.Common.Model.RequestToolsUpdated, com.IvanMurzak.McpPlugin.Common.Model.ResponseData>> (com.IvanMurzak.McpPlugin.ConnectionManager/<InvokeAsync>d__58`2<com.IvanMurzak.McpPlugin.Common.Model.RequestToolsUpdated, com.IvanMurzak.McpPlugin.Common.Model.ResponseData>&)
com.IvanMurzak.McpPlugin.ConnectionManager:InvokeAsync<com.IvanMurzak.McpPlugin.Common.Model.RequestToolsUpdated, com.IvanMurzak.McpPlugin.Common.Model.ResponseData> (string,com.IvanMurzak.McpPlugin.Common.Model.RequestToolsUpdated,System.Threading.CancellationToken)
com.IvanMurzak.McpPlugin.McpManagerClientHub:NotifyAboutUpdatedTools (com.IvanMurzak.McpPlugin.Common.Model.RequestToolsUpdated,System.Threading.CancellationToken)
com.IvanMurzak.McpPlugin.McpManagerClientHub:NotifyAboutUpdatedTools (com.IvanMurzak.McpPlugin.Common.Model.RequestToolsUpdated)
com.IvanMurzak.McpPlugin.McpPlugin/<<-ctor>b__29_4>d:MoveNext ()
System.Runtime.CompilerServices.AsyncVoidMethodBuilder:Start<com.IvanMurzak.McpPlugin.McpPlugin/<<-ctor>b__29_4>d> (com.IvanMurzak.McpPlugin.McpPlugin/<<-ctor>b__29_4>d&)
com.IvanMurzak.McpPlugin.McpPlugin:<.ctor>b__29_4 (R3.Unit)
R3.AnonymousObserver`1<R3.Unit>:OnNextCore (R3.Unit)
R3.Observer`1<R3.Unit>:OnNext (R3.Unit)
R3.ThrottleFirst`1/_ThrottleFirst<R3.Unit>:OnNextCore (R3.Unit)
R3.Observer`1<R3.Unit>:OnNext (R3.Unit)
R3.Subject`1<R3.Unit>:OnNext (R3.Unit)
com.IvanMurzak.McpPlugin.McpToolManager:SetToolEnabled (string,bool)
com.IvanMurzak.Unity.MCP.UnityMcpPlugin:ApplyConfigToMcpPlugin (com.IvanMurzak.McpPlugin.IMcpPlugin) (at ./Library/PackageCache/com.ivanmurzak.unity.mcp@0.87.0/Runtime/UnityMcpPlugin.Build.cs:211)
com.IvanMurzak.Unity.MCP.UnityMcpPluginEditor:BuildMcpPluginIfNeeded () (at ./Library/PackageCache/com.ivanmurzak.unity.mcp@0.87.0/Editor/Scripts/UnityMcpPluginEditor.Build.cs:74)
com.IvanMurzak.Unity.MCP.Editor.Startup:.cctor () (at ./Library/PackageCache/com.ivanmurzak.unity.mcp@0.87.0/Editor/Scripts/Startup.cs:29)
System.Runtime.CompilerServices.RuntimeHelpers:RunClassConstructor (System.RuntimeTypeHandle)
UnityEditor.EditorAssemblies:ProcessInitializeOnLoadAttributes (System.Type[]) (at /Users/bokken/build/output/unity/unity/Editor/Mono/EditorAssemblies.cs:119)

(Filename: ./Library/PackageCache/com.ivanmurzak.unity.mcp@0.87.0/Runtime/UnityMcpPlugin.Build.cs Line: 211)

<color=#ffaa00>warn:</color> [17:54:37:5853] <color=#B4FF32>[AI]</color> <color=#48C9B0><b>McpManagerClientHub</b></color> ConnectionManager[a84ccb61-5cb7-4596-b765-fa23072c88f1] EnsureConnection Connection not available and auto-reconnect disabled for endpoint: /hub/mcp-server
UnityEngine.StackTraceUtility:ExtractStackTrace () (at /Users/bokken/build/output/unity/unity/Runtime/Export/Scripting/StackTrace.cs:37)
UnityEngine.DebugLogHandler:LogFormat (UnityEngine.LogType,UnityEngine.Object,string,object[])
UnityEngine.Logger:Log (UnityEngine.LogType,object)
UnityEngine.Debug:LogWarning (object)
com.IvanMurzak.Unity.MCP.Utils.UnityLogger:Log<Microsoft.Extensions.Logging.FormattedLogValues> (Microsoft.Extensions.Logging.LogLevel,Microsoft.Extensions.Logging.EventId,Microsoft.Extensions.Logging.FormattedLogValues,System.Exception,System.Func`3<Microsoft.Extensions.Logging.FormattedLogValues, System.Exception, string>) (at ./Library/PackageCache/com.ivanmurzak.unity.mcp@0.87.0/Runtime/Logger/UnityLogger.cs:125)
Microsoft.Extensions.Logging.Logger:<Log>g__LoggerLog|14_0<Microsoft.Extensions.Logging.FormattedLogValues> (Microsoft.Extensions.Logging.LogLevel,Microsoft.Extensions.Logging.EventId,Microsoft.Extensions.Logging.ILogger,System.Exception,System.Func`3<Microsoft.Extensions.Logging.FormattedLogValues, System.Exception, string>,System.Collections.Generic.List`1<System.Exception>&,Microsoft.Extensions.Logging.FormattedLogValues&)
Microsoft.Extensions.Logging.Logger:Log<Microsoft.Extensions.Logging.FormattedLogValues> (Microsoft.Extensions.Logging.LogLevel,Microsoft.Extensions.Logging.EventId,Microsoft.Extensions.Logging.FormattedLogValues,System.Exception,System.Func`3<Microsoft.Extensions.Logging.FormattedLogValues, System.Exception, string>)
Microsoft.Extensions.Logging.Logger`1<com.IvanMurzak.McpPlugin.McpManagerClientHub>:Microsoft.Extensions.Logging.ILogger.Log<Microsoft.Extensions.Logging.FormattedLogValues> (Microsoft.Extensions.Logging.LogLevel,Microsoft.Extensions.Logging.EventId,Microsoft.Extensions.Logging.FormattedLogValues,System.Exception,System.Func`3<Microsoft.Extensions.Logging.FormattedLogValues, System.Exception, string>)
Microsoft.Extensions.Logging.LoggerExtensions:Log (Microsoft.Extensions.Logging.ILogger,Microsoft.Extensions.Logging.LogLevel,Microsoft.Extensions.Logging.EventId,System.Exception,string,object[])
Microsoft.Extensions.Logging.LoggerExtensions:Log (Microsoft.Extensions.Logging.ILogger,Microsoft.Extensions.Logging.LogLevel,string,object[])
Microsoft.Extensions.Logging.LoggerExtensions:LogWarning (Microsoft.Extensions.Logging.ILogger,string,object[])
com.IvanMurzak.McpPlugin.ConnectionManager/<EnsureConnection>d__3:MoveNext ()
System.Runtime.CompilerServices.AsyncTaskMethodBuilder`1<bool>:Start<com.IvanMurzak.McpPlugin.ConnectionManager/<EnsureConnection>d__3> (com.IvanMurzak.McpPlugin.ConnectionManager/<EnsureConnection>d__3&)
com.IvanMurzak.McpPlugin.ConnectionManager:EnsureConnection (System.Threading.CancellationToken)
com.IvanMurzak.McpPlugin.ConnectionManager/<InvokeAsync>d__58`2<com.IvanMurzak.McpPlugin.Common.Model.RequestPromptsUpdated, com.IvanMurzak.McpPlugin.Common.Model.ResponseData>:MoveNext ()
System.Runtime.CompilerServices.AsyncTaskMethodBuilder`1<com.IvanMurzak.McpPlugin.Common.Model.ResponseData>:Start<com.IvanMurzak.McpPlugin.ConnectionManager/<InvokeAsync>d__58`2<com.IvanMurzak.McpPlugin.Common.Model.RequestPromptsUpdated, com.IvanMurzak.McpPlugin.Common.Model.ResponseData>> (com.IvanMurzak.McpPlugin.ConnectionManager/<InvokeAsync>d__58`2<com.IvanMurzak.McpPlugin.Common.Model.RequestPromptsUpdated, com.IvanMurzak.McpPlugin.Common.Model.ResponseData>&)
com.IvanMurzak.McpPlugin.ConnectionManager:InvokeAsync<com.IvanMurzak.McpPlugin.Common.Model.RequestPromptsUpdated, com.IvanMurzak.McpPlugin.Common.Model.ResponseData> (string,com.IvanMurzak.McpPlugin.Common.Model.RequestPromptsUpdated,System.Threading.CancellationToken)
com.IvanMurzak.McpPlugin.McpManagerClientHub:NotifyAboutUpdatedPrompts (com.IvanMurzak.McpPlugin.Common.Model.RequestPromptsUpdated,System.Threading.CancellationToken)
com.IvanMurzak.McpPlugin.McpManagerClientHub:NotifyAboutUpdatedPrompts (com.IvanMurzak.McpPlugin.Common.Model.RequestPromptsUpdated)
com.IvanMurzak.McpPlugin.McpPlugin/<<-ctor>b__29_5>d:MoveNext ()
System.Runtime.CompilerServices.AsyncVoidMethodBuilder:Start<com.IvanMurzak.McpPlugin.McpPlugin/<<-ctor>b__29_5>d> (com.IvanMurzak.McpPlugin.McpPlugin/<<-ctor>b__29_5>d&)
com.IvanMurzak.McpPlugin.McpPlugin:<.ctor>b__29_5 (R3.Unit)
R3.AnonymousObserver`1<R3.Unit>:OnNextCore (R3.Unit)
R3.Observer`1<R3.Unit>:OnNext (R3.Unit)
R3.ThrottleFirst`1/_ThrottleFirst<R3.Unit>:OnNextCore (R3.Unit)
R3.Observer`1<R3.Unit>:OnNext (R3.Unit)
R3.Subject`1<R3.Unit>:OnNext (R3.Unit)
com.IvanMurzak.McpPlugin.McpPromptManager:SetPromptEnabled (string,bool)
com.IvanMurzak.Unity.MCP.UnityMcpPlugin:ApplyConfigToMcpPlugin (com.IvanMurzak.McpPlugin.IMcpPlugin) (at ./Library/PackageCache/com.ivanmurzak.unity.mcp@0.87.0/Runtime/UnityMcpPlugin.Build.cs:226)
com.IvanMurzak.Unity.MCP.UnityMcpPluginEditor:BuildMcpPluginIfNeeded () (at ./Library/PackageCache/com.ivanmurzak.unity.mcp@0.87.0/Editor/Scripts/UnityMcpPluginEditor.Build.cs:74)
com.IvanMurzak.Unity.MCP.Editor.Startup:.cctor () (at ./Library/PackageCache/com.ivanmurzak.unity.mcp@0.87.0/Editor/Scripts/Startup.cs:29)
System.Runtime.CompilerServices.RuntimeHelpers:RunClassConstructor (System.RuntimeTypeHandle)
UnityEditor.EditorAssemblies:ProcessInitializeOnLoadAttributes (System.Type[]) (at /Users/bokken/build/output/unity/unity/Editor/Mono/EditorAssemblies.cs:119)

(Filename: ./Library/PackageCache/com.ivanmurzak.unity.mcp@0.87.0/Runtime/UnityMcpPlugin.Build.cs Line: 226)

<color=#ffaa00>warn:</color> [17:54:37:5868] <color=#B4FF32>[AI]</color> <color=#48C9B0><b>McpManagerClientHub</b></color> ConnectionManager[a84ccb61-5cb7-4596-b765-fa23072c88f1] EnsureConnection Connection not available and auto-reconnect disabled for endpoint: /hub/mcp-server
UnityEngine.StackTraceUtility:ExtractStackTrace () (at /Users/bokken/build/output/unity/unity/Runtime/Export/Scripting/StackTrace.cs:37)
UnityEngine.DebugLogHandler:LogFormat (UnityEngine.LogType,UnityEngine.Object,string,object[])
UnityEngine.Logger:Log (UnityEngine.LogType,object)
UnityEngine.Debug:LogWarning (object)
com.IvanMurzak.Unity.MCP.Utils.UnityLogger:Log<Microsoft.Extensions.Logging.FormattedLogValues> (Microsoft.Extensions.Logging.LogLevel,Microsoft.Extensions.Logging.EventId,Microsoft.Extensions.Logging.FormattedLogValues,System.Exception,System.Func`3<Microsoft.Extensions.Logging.FormattedLogValues, System.Exception, string>) (at ./Library/PackageCache/com.ivanmurzak.unity.mcp@0.87.0/Runtime/Logger/UnityLogger.cs:125)
Microsoft.Extensions.Logging.Logger:<Log>g__LoggerLog|14_0<Microsoft.Extensions.Logging.FormattedLogValues> (Microsoft.Extensions.Logging.LogLevel,Microsoft.Extensions.Logging.EventId,Microsoft.Extensions.Logging.ILogger,System.Exception,System.Func`3<Microsoft.Extensions.Logging.FormattedLogValues, System.Exception, string>,System.Collections.Generic.List`1<System.Exception>&,Microsoft.Extensions.Logging.FormattedLogValues&)
Microsoft.Extensions.Logging.Logger:Log<Microsoft.Extensions.Logging.FormattedLogValues> (Microsoft.Extensions.Logging.LogLevel,Microsoft.Extensions.Logging.EventId,Microsoft.Extensions.Logging.FormattedLogValues,System.Exception,System.Func`3<Microsoft.Extensions.Logging.FormattedLogValues, System.Exception, string>)
Microsoft.Extensions.Logging.Logger`1<com.IvanMurzak.McpPlugin.McpManagerClientHub>:Microsoft.Extensions.Logging.ILogger.Log<Microsoft.Extensions.Logging.FormattedLogValues> (Microsoft.Extensions.Logging.LogLevel,Microsoft.Extensions.Logging.EventId,Microsoft.Extensions.Logging.FormattedLogValues,System.Exception,System.Func`3<Microsoft.Extensions.Logging.FormattedLogValues, System.Exception, string>)
Microsoft.Extensions.Logging.LoggerExtensions:Log (Microsoft.Extensions.Logging.ILogger,Microsoft.Extensions.Logging.LogLevel,Microsoft.Extensions.Logging.EventId,System.Exception,string,object[])
Microsoft.Extensions.Logging.LoggerExtensions:Log (Microsoft.Extensions.Logging.ILogger,Microsoft.Extensions.Logging.LogLevel,string,object[])
Microsoft.Extensions.Logging.LoggerExtensions:LogWarning (Microsoft.Extensions.Logging.ILogger,string,object[])
com.IvanMurzak.McpPlugin.ConnectionManager/<EnsureConnection>d__3:MoveNext ()
System.Runtime.CompilerServices.AsyncTaskMethodBuilder`1<bool>:Start<com.IvanMurzak.McpPlugin.ConnectionManager/<EnsureConnection>d__3> (com.IvanMurzak.McpPlugin.ConnectionManager/<EnsureConnection>d__3&)
com.IvanMurzak.McpPlugin.ConnectionManager:EnsureConnection (System.Threading.CancellationToken)
com.IvanMurzak.McpPlugin.ConnectionManager/<InvokeAsync>d__58`2<com.IvanMurzak.McpPlugin.Common.Model.RequestResourcesUpdated, com.IvanMurzak.McpPlugin.Common.Model.ResponseData>:MoveNext ()
System.Runtime.CompilerServices.AsyncTaskMethodBuilder`1<com.IvanMurzak.McpPlugin.Common.Model.ResponseData>:Start<com.IvanMurzak.McpPlugin.ConnectionManager/<InvokeAsync>d__58`2<com.IvanMurzak.McpPlugin.Common.Model.RequestResourcesUpdated, com.IvanMurzak.McpPlugin.Common.Model.ResponseData>> (com.IvanMurzak.McpPlugin.ConnectionManager/<InvokeAsync>d__58`2<com.IvanMurzak.McpPlugin.Common.Model.RequestResourcesUpdated, com.IvanMurzak.McpPlugin.Common.Model.ResponseData>&)
com.IvanMurzak.McpPlugin.ConnectionManager:InvokeAsync<com.IvanMurzak.McpPlugin.Common.Model.RequestResourcesUpdated, com.IvanMurzak.McpPlugin.Common.Model.ResponseData> (string,com.IvanMurzak.McpPlugin.Common.Model.RequestResourcesUpdated,System.Threading.CancellationToken)
com.IvanMurzak.McpPlugin.McpManagerClientHub:NotifyAboutUpdatedResources (com.IvanMurzak.McpPlugin.Common.Model.RequestResourcesUpdated,System.Threading.CancellationToken)
com.IvanMurzak.McpPlugin.McpManagerClientHub:NotifyAboutUpdatedResources (com.IvanMurzak.McpPlugin.Common.Model.RequestResourcesUpdated)
com.IvanMurzak.McpPlugin.McpPlugin/<<-ctor>b__29_6>d:MoveNext ()
System.Runtime.CompilerServices.AsyncVoidMethodBuilder:Start<com.IvanMurzak.McpPlugin.McpPlugin/<<-ctor>b__29_6>d> (com.IvanMurzak.McpPlugin.McpPlugin/<<-ctor>b__29_6>d&)
com.IvanMurzak.McpPlugin.McpPlugin:<.ctor>b__29_6 (R3.Unit)
R3.AnonymousObserver`1<R3.Unit>:OnNextCore (R3.Unit)
R3.Observer`1<R3.Unit>:OnNext (R3.Unit)
R3.ThrottleFirst`1/_ThrottleFirst<R3.Unit>:OnNextCore (R3.Unit)
R3.Observer`1<R3.Unit>:OnNext (R3.Unit)
R3.Subject`1<R3.Unit>:OnNext (R3.Unit)
com.IvanMurzak.McpPlugin.McpResourceManager:SetResourceEnabled (string,bool)
com.IvanMurzak.Unity.MCP.UnityMcpPlugin:ApplyConfigToMcpPlugin (com.IvanMurzak.McpPlugin.IMcpPlugin) (at ./Library/PackageCache/com.ivanmurzak.unity.mcp@0.87.0/Runtime/UnityMcpPlugin.Build.cs:240)
com.IvanMurzak.Unity.MCP.UnityMcpPluginEditor:BuildMcpPluginIfNeeded () (at ./Library/PackageCache/com.ivanmurzak.unity.mcp@0.87.0/Editor/Scripts/UnityMcpPluginEditor.Build.cs:74)
com.IvanMurzak.Unity.MCP.Editor.Startup:.cctor () (at ./Library/PackageCache/com.ivanmurzak.unity.mcp@0.87.0/Editor/Scripts/Startup.cs:29)
System.Runtime.CompilerServices.RuntimeHelpers:RunClassConstructor (System.RuntimeTypeHandle)
UnityEditor.EditorAssemblies:ProcessInitializeOnLoadAttributes (System.Type[]) (at /Users/bokken/build/output/unity/unity/Editor/Mono/EditorAssemblies.cs:119)

(Filename: ./Library/PackageCache/com.ivanmurzak.unity.mcp@0.87.0/Runtime/UnityMcpPlugin.Build.cs Line: 240)

Mono: successfully reloaded assembly
- Finished resetting the current domain, in  4.366 seconds
Domain Reload Profiling: 5102ms
	BeginReloadAssembly (79ms)
		ExecutionOrderSort (0ms)
		DisableScriptedObjects (3ms)
		BackupInstance (0ms)
		ReleaseScriptingObjects (0ms)
		CreateAndSetChildDomain (16ms)
	RebuildCommonClasses (20ms)
	RebuildNativeTypeToScriptingClass (8ms)
	initialDomainReloadingComplete (19ms)
	LoadAllAssembliesAndSetupDomain (610ms)
		LoadAssemblies (348ms)
		RebuildTransferFunctionScriptingTraits (0ms)
		AnalyzeDomain (297ms)
			TypeCache.Refresh (260ms)
				TypeCache.ScanAssembly (239ms)
			ScanForSourceGeneratedMonoScriptInfo (25ms)
			ResolveRequiredComponents (10ms)
	FinalizeReload (4367ms)
		ReleaseScriptCaches (0ms)
		RebuildScriptCaches (0ms)
		SetupLoadedEditorAssemblies (4180ms)
			LogAssemblyErrors (0ms)
			InitializePlatformSupportModulesInManaged (3ms)
			SetLoadedEditorAssemblies (5ms)
			RefreshPlugins (0ms)
			BeforeProcessingInitializeOnLoad (110ms)
			ProcessInitializeOnLoadAttributes (4011ms)
			ProcessInitializeOnLoadMethodAttributes (51ms)
			AfterProcessingInitializeOnLoad (1ms)
			EditorAssembliesLoaded (1ms)
		ExecutionOrderSort2 (0ms)
		AwakeInstancesAfterBackupRestoration (2ms)
Refreshing native plugins compatible for Editor in 6.37 ms, found 3 plugins.
Preloading 0 native plugins for Editor in 0.00 ms.
Asset Pipeline Refresh (id=db9f6e757f16d487eafe86335be8d5a1): Total: 12.335 seconds - Initiated by InitialRefreshV2(ForceSynchronousImport)
	Summary:
		Imports: total=1 (actual=1, local cache=0, cache server=0)
		Asset DB Process Time: managed=2 ms, native=3522 ms
		Asset DB Callback time: managed=141 ms, native=39 ms
		Scripting: domain reloads=1, domain reload time=5243 ms, compile time=3294 ms, other=91 ms
		Project Asset Count: scripts=10977, non-scripts=2961
		Asset File Changes: new=0, changed=1, moved=0, deleted=0
		Scan Filter Count: 1
	InvokeBeforeRefreshCallbacks: 0.204ms
	ApplyChangesToAssetFolders: 0.043ms
	Scan: 963.470ms
	OnSourceAssetsModified: 1.784ms
	GetAllGuidsForCategorization: 0.837ms
	CategorizeAssets: 272.303ms
	ImportOutOfDateAssets: 4461.356ms (1121.163ms without children)
		ImportManagerImport: 13.682ms (3.120ms without children)
			ImportInProcess: 10.544ms
			UpdateCategorizedAssets: 0.018ms
		CompileScripts: 3294.409ms
		ReloadNativeAssets: 0.017ms
		UnloadImportedAssets: 26.627ms
		ReloadImportedAssets: 0.196ms
		EnsureUptoDateAssetsAreRegisteredWithGuidPM: 3.778ms
		InitializingProgressBar: 0.000ms
		PostProcessAllAssetNotificationsAddChangedAssets: 0.000ms
		OnDemandSchedulerStart: 1.484ms
	PostProcessAllAssets: 169.989ms
	Hotreload: 8.181ms
	GatherAllCurrentPrimaryArtifactRevisions: 0.000ms
	UnloadStreamsBegin: 1.291ms
	PersistCurrentRevisions: 0.507ms
	UnloadStreamsEnd: 0.033ms
	GenerateScriptTypeHashes: 3.270ms
	Untracked: 6454.541ms
Application.AssetDatabase Initial Refresh End
Launching external process: /Applications/Unity/Hub/Editor/2022.3.62f2/Unity.app/Contents/Tools/UnityShaderCompiler
Launched and connected shader compiler UnityShaderCompiler after 0.28 seconds
Scanning for USB devices : 0.032ms
Initializing Unity extensions:
[Licensing::Client] Successfully resolved entitlement details
[MODES] ModeService[none].Initialize
[MODES] ModeService[none].LoadModes
[MODES] Loading mode Default (0) for mode-current-id-castle-war
2026-08-09 17:54:40.048 Unity[11492:94421905] NSEventModifierFlagFunction specified to -setKeyEquivalentModifierMask: for item <NSMenuItem: 0xc9c666120 Font Asset, ke='Command-F12'>, but is only supported for system-provided menu items; will not be used
[PhysX] Initialized MultithreadedTaskDispatcher with 12 workers.
ProgressiveSceneManager::Cancel()
-- Listing OpenCL platforms(s) --
 * OpenCL platform 0
	PROFILE = FULL_PROFILE
	VERSION = OpenCL 1.2 (Jan 16 2026 07:20:58)
	NAME = Apple
	VENDOR = Apple
-- Listing OpenCL device(s) --
 * OpenCL platform 0, device 0 
	DEVICE_TYPE = 4
	DEVICE_NAME = Apple M2 Pro
	DEVICE_VENDOR = Apple
	DEVICE_VERSION = OpenCL 1.2 
	DRIVER_VERSION = 1.2 1.0
	DEVICE_MAX_COMPUTE_UNITS = 19
	DEVICE_MAX_CLOCK_FREQUENCY = 1000
	CL_DEVICE_MAX_CONSTANT_BUFFER_SIZE = 1073741824
	CL_DEVICE_HOST_UNIFIED_MEMORY = true
	CL_DEVICE_MAX_MEM_ALLOC_SIZE = 2383708160
	DEVICE_GLOBAL_MEM_SIZE = 12713115648
-- GPU Progressive lightmapper will use OpenCL device 'Apple M2 Pro' from 'Apple'--
   use -OpenCL-PlatformAndDeviceIndices <platformIdx> <deviceIdx> as command line arguments if you want to select a specific adapter for OpenCL.
Unloading 11 Unused Serialized files (Serialized files now loaded: 0)
Unloading 245 unused Assets / (5.0 MB). Loaded Objects now: 9545.
Memory consumption went from 237.5 MB to 232.5 MB.
Total: 88.284792 ms (FindLiveObjects: 2.123000 ms CreateObjectMapping: 0.275292 ms MarkObjects: 85.103750 ms  DeleteObjects: 0.781833 ms)

2026-08-09 17:54:40.251 Unity[11492:94421905] NSEventModifierFlagFunction specified to -setKeyEquivalentModifierMask: for item <NSMenuItem: 0xc9c664d20 Font Asset, ke='Command-F12'>, but is only supported for system-provided menu items; will not be used
Batchmode quit successfully invoked - shutting down!
Curl error 42: Callback aborted
Thread 0x312353000 may have been prematurely finalized
[PhysX] Initialized MultithreadedTaskDispatcher with 12 workers.
Input System module state changed to: ShutdownInProgress.
Input System polling thread exited.
Input System module state changed to: Shutdown.
[Licensing::IpcConnector] LicenseClient-jangyoung-notifications channel disconnected successfully.
[Licensing::IpcConnector] LicenseClient-jangyoung channel disconnected successfully.
Thread 0x16ca0f000 may have been prematurely finalized
[40m[32minfo[39m[22m[49m: Microsoft.Hosting.Lifetime[0]
      Application is shutting down...
Cleanup mono
[40m[32minfo[39m[22m[49m: Unity.ILPP.Runner.PostProcessingAssemblyLoadContext[0]
      ALC ILPP context 1 is unloading
<color=#ffaa00>warn:</color> [17:54:41:1294] <color=#B4FF32>[AI]</color> <color=#85C1E2><b>BufferedFileLogStorage</b></color> Flush called but already disposed, ignored.
<color=#ffaa00>warn:</color> [17:54:42:1388] <color=#B4FF32>[AI]</color> <color=#48C9B0><b>McpManagerClientHub</b></color> ConnectionManager[a84ccb61-5cb7-4596-b765-fa23072c88f1] DisconnectImmediate Could not acquire gate within timeout. Proceeding without gate protection.
<color=#ffaa00>warn:</color> [17:54:47:1422] <color=#B4FF32>[AI]</color> <color=#48C9B0><b>McpManagerClientHub</b></color> ConnectionManager[a84ccb61-5cb7-4596-b765-fa23072c88f1] Dispose Could not acquire gate within timeout during Dispose. Proceeding with cleanup anyway.
debugger-agent: Unable to listen on 55
[Performance] Application.InitializeProject                                                                                  :        1 samples, Peak.  15.5 s (1.0x), Avg.  15.5 s, Total. 15.49 s (64.2%)
[Performance] Application.PackageManager.StartServer                                                                         :        1 samples, Peak.  2.54 ms (1.0x), Avg.  2.54 ms, Total. 2.545 ms (0.0%)
[Performance] Application.AcquireProjectLock                                                                                 :        1 samples, Peak.  8.67 ms (1.0x), Avg.  8.67 ms, Total. 8.669 ms (0.0%)
[Performance] Application.InitializeEngineNoGraphics                                                                         :        1 samples, Peak.  57.2 ms (1.0x), Avg.  57.2 ms, Total. 57.21 ms (0.2%)
[Performance] Application.PackageManager.Initialize                                                                          :        1 samples, Peak.   550 ms (1.0x), Avg.   550 ms, Total. 550.1 ms (2.3%)
[Performance] Connecting to Package Manager                                                                                  :       56 samples, Peak.  40.5 us (19.6x), Avg.  2.07 us, Total. 115.7 us (0.0%)
[Performance] Application.EngineGraphics.Initialize                                                                          :        1 samples, Peak.   124 ms (1.0x), Avg.   124 ms, Total. 123.8 ms (0.5%)
[Performance] Application.GI.Initialize                                                                                      :        1 samples, Peak.  1.94 ms (1.0x), Avg.  1.94 ms, Total. 1.942 ms (0.0%)
[Performance] Application.LoadAllDefaultResourcesFromEditor                                                                  :        1 samples, Peak.  1.15 ms (1.0x), Avg.  1.15 ms, Total. 1.150 ms (0.0%)
[Performance] Application.LoadMonoAssemblies                                                                                 :        1 samples, Peak.   432 ms (1.0x), Avg.   432 ms, Total. 432.3 ms (1.8%)
[Performance] RestoreManagedReferences                                                                                       :        2 samples, Peak.  65.4 ms (2.0x), Avg.  32.7 ms, Total. 65.42 ms (0.3%)
[Performance] InitializeOnLoad DrivenRectTransformUndo                                                                       :        2 samples, Peak.   406 us (1.1x), Avg.   372 us, Total. 744.7 us (0.0%)
[Performance] InitializeOnLoad SceneSearch                                                                                   :        2 samples, Peak.  93.0 us (1.1x), Avg.  87.4 us, Total. 174.8 us (0.0%)
[Performance] InitializeOnLoad CloudBuild                                                                                    :        2 samples, Peak.  3.17 us (1.2x), Avg.  2.54 us, Total. 5.083 us (0.0%)
[Performance] InitializeOnLoad NativeFormatImporterUtility                                                                   :        2 samples, Peak.  1.57 ms (1.2x), Avg.  1.33 ms, Total. 2.654 ms (0.0%)
[Performance] InitializeOnLoad SearchService                                                                                 :        2 samples, Peak.  71.8 us (1.0x), Avg.  71.1 us, Total. 142.2 us (0.0%)
[Performance] InitializeOnLoad SettingsService                                                                               :        2 samples, Peak.  6.50 us (1.3x), Avg.  5.19 us, Total. 10.37 us (0.0%)
[Performance] InitializeOnLoad WindowLayout                                                                                  :        2 samples, Peak.   448 us (1.0x), Avg.   427 us, Total. 853.3 us (0.0%)
[Performance] InitializeOnLoad AssetStoreContext                                                                             :        2 samples, Peak.  15.3 ms (1.1x), Avg.  13.9 ms, Total. 27.74 ms (0.1%)
[Performance] InitializeOnLoad PoolManager                                                                                   :        2 samples, Peak.   388 us (1.1x), Avg.   359 us, Total. 717.9 us (0.0%)
[Performance] InitializeOnLoad MixerEffectDefinitionReloader                                                                 :        2 samples, Peak.  1.85 ms (1.3x), Avg.  1.44 ms, Total. 2.874 ms (0.0%)
[Performance] InitializeOnLoad ProjectSearch                                                                                 :        2 samples, Peak.  96.2 us (1.5x), Avg.  65.2 us, Total. 130.5 us (0.0%)
[Performance] InitializeOnLoad UISystemProfilerRenderService                                                                 :        2 samples, Peak.  7.50 us (1.3x), Avg.  5.98 us, Total. 11.96 us (0.0%)
[Performance] InitializeOnLoad EditMode                                                                                      :        2 samples, Peak.   495 us (1.4x), Avg.   362 us, Total. 724.3 us (0.0%)
[Performance] InitializeOnLoad UnityConnect                                                                                  :        2 samples, Peak.  34.7 us (1.0x), Avg.  34.3 us, Total. 68.67 us (0.0%)
[Performance] InitializeOnLoad ManagedDebugger                                                                               :        2 samples, Peak.   344 us (1.6x), Avg.   210 us, Total. 419.1 us (0.0%)
[Performance] InitializeOnLoad ShortcutIntegration                                                                           :        2 samples, Peak.  41.8 us (1.1x), Avg.  38.3 us, Total. 76.58 us (0.0%)
[Performance] InitializeOnLoad AddComponentWindow                                                                            :        2 samples, Peak.  74.5 us (1.0x), Avg.  73.4 us, Total. 146.8 us (0.0%)
[Performance] InitializeOnLoad ManagedDebuggerWindow                                                                         :        2 samples, Peak.  81.1 us (1.0x), Avg.  79.5 us, Total. 159.1 us (0.0%)
[Performance] InitializeOnLoad CacheServerWindow                                                                             :        2 samples, Peak.  6.50 us (1.3x), Avg.  5.06 us, Total. 10.13 us (0.0%)
[Performance] InitializeOnLoad PlayModeDownload                                                                              :        2 samples, Peak.  3.74 ms (1.9x), Avg.  1.93 ms, Total. 3.870 ms (0.0%)
[Performance] InitializeOnLoad MenuItems                                                                                     :        2 samples, Peak.  61.5 us (1.0x), Avg.  58.8 us, Total. 117.5 us (0.0%)
[Performance] InitializeOnLoad PrefabInstanceChangedListener                                                                 :        2 samples, Peak.   101 us (1.1x), Avg.  88.3 us, Total. 176.7 us (0.0%)
[Performance] InitializeOnLoad ObjectSelectorSearch                                                                          :        2 samples, Peak.  27.7 us (1.2x), Avg.  23.7 us, Total. 47.50 us (0.0%)
[Performance] InitializeOnLoad EditorMonitor                                                                                 :        2 samples, Peak.   494 us (1.3x), Avg.   367 us, Total. 734.3 us (0.0%)
[Performance] InitializeOnLoad RetainedMode                                                                                  :        2 samples, Peak.  1.60 ms (1.1x), Avg.  1.51 ms, Total. 3.014 ms (0.0%)
[Performance] InitializeOnLoad EditorShaderLoader                                                                            :        2 samples, Peak.   593 us (1.2x), Avg.   488 us, Total. 976.5 us (0.0%)
[Performance] InitializeOnLoad EditorDelegateRegistration                                                                    :        2 samples, Peak.   411 us (1.2x), Avg.   340 us, Total. 679.9 us (0.0%)
[Performance] InitializeOnLoad UIDocumentHierarchyWatcher                                                                    :        2 samples, Peak.  45.2 us (1.1x), Avg.  41.2 us, Total. 82.33 us (0.0%)
[Performance] InitializeOnLoad LiveReloadTrackerCreator                                                                      :        2 samples, Peak.   152 us (1.3x), Avg.   120 us, Total. 239.7 us (0.0%)
[Performance] InitializeOnLoad UxmlObjectEditorFactories                                                                     :        2 samples, Peak.   358 us (1.2x), Avg.   300 us, Total. 600.3 us (0.0%)
[Performance] InitializeOnLoad UXMLEditorFactories                                                                           :        2 samples, Peak.  35.8 ms (1.0x), Avg.  35.2 ms, Total. 70.32 ms (0.3%)
[Performance] InitializeOnLoad PurchasingService                                                                             :        2 samples, Peak.  5.42 ms (1.1x), Avg.  5.08 ms, Total. 10.16 ms (0.0%)
[Performance] InitializeOnLoad CloudBuildPoller                                                                              :        2 samples, Peak.  87.8 us (1.0x), Avg.  84.2 us, Total. 168.4 us (0.0%)
[Performance] InitializeOnLoad EditorGameServicesAnalytics                                                                   :        2 samples, Peak.   982 us (1.6x), Avg.   621 us, Total. 1.241 ms (0.0%)
[Performance] InitializeOnLoad AnalyticsService                                                                              :        2 samples, Peak.   122 us (1.0x), Avg.   120 us, Total. 240.9 us (0.0%)
[Performance] InitializeOnLoad BuildService                                                                                  :        2 samples, Peak.   109 us (1.1x), Avg.   103 us, Total. 205.3 us (0.0%)
[Performance] InitializeOnLoad AdsService                                                                                    :        2 samples, Peak.   242 us (1.0x), Avg.   239 us, Total. 478.7 us (0.0%)
[Performance] InitializeOnLoad UDPService                                                                                    :        2 samples, Peak.  97.7 us (1.0x), Avg.  96.1 us, Total. 192.3 us (0.0%)
[Performance] InitializeOnLoad CrashService                                                                                  :        2 samples, Peak.   113 us (1.1x), Avg.  99.8 us, Total. 199.5 us (0.0%)
[Performance] InitializeOnLoad ServicesRepository                                                                            :        2 samples, Peak.   333 ns (1.1x), Avg.   312 ns, Total. 624.0 ns (0.0%)
[Performance] InitializeOnLoad SearchWindow                                                                                  :        2 samples, Peak.  94.2 us (1.2x), Avg.  79.6 us, Total. 159.3 us (0.0%)
[Performance] InitializeOnLoad CustomIndexers                                                                                :        2 samples, Peak.  13.4 ms (1.1x), Avg.  11.6 ms, Total. 23.28 ms (0.1%)
[Performance] InitializeOnLoad SearchMonitor                                                                                 :        2 samples, Peak.   998 us (1.4x), Avg.   701 us, Total. 1.403 ms (0.0%)
[Performance] InitializeOnLoad ParameterControllerEditor                                                                     :        2 samples, Peak.  16.6 us (1.2x), Avg.  14.4 us, Total. 28.71 us (0.0%)
[Performance] InitializeOnLoad LayerSettingsWindow                                                                           :        2 samples, Peak.  18.1 us (1.7x), Avg.  10.4 us, Total. 20.83 us (0.0%)
[Performance] InitializeOnLoad PackageManagerHookGUIDConverter.RegisterPackagesEventHandler                                  :        2 samples, Peak.   438 us (1.8x), Avg.   245 us, Total. 489.2 us (0.0%)
[Performance] InitializeOnLoad EditorDragAndDrop.RegisterEditorClient                                                        :        2 samples, Peak.   271 us (1.4x), Avg.   194 us, Total. 388.0 us (0.0%)
[Performance] InitializeOnLoad EditorEventCallbacks.InitializeFontAssetResourceChangeCallBacks                               :        2 samples, Peak.   796 us (1.1x), Avg.   709 us, Total. 1.418 ms (0.0%)
[Performance] InitializeOnLoad SceneTemplateService.Init                                                                     :        2 samples, Peak.  1.27 ms (1.3x), Avg.   963 us, Total. 1.927 ms (0.0%)
[Performance] InitializeOnLoad DiagnosticSwitchesConsoleMessage.Init                                                         :        2 samples, Peak.  1.71 ms (1.6x), Avg.  1.04 ms, Total. 2.088 ms (0.0%)
[Performance] InitializeOnLoad PackageManagerWindow.EditorInitializedInSafeMode                                              :        2 samples, Peak.  15.9 ms (2.0x), Avg.  8.04 ms, Total. 16.08 ms (0.1%)
[Performance] InitializeOnLoad ToolShortcutContext.Init                                                                      :        2 samples, Peak.   113 us (1.2x), Avg.  91.1 us, Total. 182.2 us (0.0%)
[Performance] InitializeOnLoad MemoryProfilerCompilationGuard.InjectCompileGuard                                             :        2 samples, Peak.  78.5 us (1.3x), Avg.  60.3 us, Total. 120.5 us (0.0%)
[Performance] InitializeOnLoad AssetPostprocessingInternal.RefreshCustomDependencies                                         :        2 samples, Peak.  1.56 ms (1.1x), Avg.  1.48 ms, Total. 2.964 ms (0.0%)
[Performance] InitializeOnLoad SysrootManager.Initialize                                                                     :        2 samples, Peak.  13.1 us (1.5x), Avg.  9.00 us, Total. 18.00 us (0.0%)
[Performance] InitializeOnLoad ScopedRegistryAddedPopup.SubscribeToRegistriesAdded                                           :        2 samples, Peak.  5.83 ms (2.0x), Avg.  2.94 ms, Total. 5.889 ms (0.0%)
[Performance] InitializeOnLoad SceneVisibilityManager.Initialize                                                             :        2 samples, Peak.  3.88 ms (1.7x), Avg.  2.26 ms, Total. 4.515 ms (0.0%)
[Performance] InitializeOnLoad EditorWindow.Initialize                                                                       :        2 samples, Peak.   234 us (1.3x), Avg.   187 us, Total. 374.0 us (0.0%)
[Performance] AssemblyReloadEvents.afterAssemblyReload: UnityEditor.SceneTemplate.SceneTemplateService.AfterAssemblyReload   :        2 samples, Peak.   517 us (1.6x), Avg.   328 us, Total. 656.6 us (0.0%)
[Performance] ProcessService.EditorAfterLoadAllAssemblies                                                                    :        2 samples, Peak.   441 us (1.3x), Avg.   345 us, Total. 690.3 us (0.0%)
[Performance] Application.ReadLicenseInfo                                                                                    :        1 samples, Peak.  11.2 ms (1.0x), Avg.  11.2 ms, Total. 11.17 ms (0.0%)
[Performance] Application.InitialRefresh                                                                                     :        1 samples, Peak.  12.3 s (1.0x), Avg.  12.3 s, Total. 12.34 s (51.1%)
[Performance] ShaderImporter.SourceAssetModified                                                                             :        2 samples, Peak.   541 ns (1.0x), Avg.   520 ns, Total. 1.041 us (0.0%)
[Performance] ShaderIncludeImporter.SourceAssetModified                                                                      :        2 samples, Peak.   667 ns (1.2x), Avg.   563 ns, Total. 1.126 us (0.0%)
[Performance] Compiling Scripts                                                                                              :        1 samples, Peak.  3.29 s (1.0x), Avg.  3.29 s, Total. 3.293 s (13.6%)
[Performance] AssemblyReloadEvents.beforeAssemblyReload: UnityEditor.SceneTemplate.SceneTemplateService.BeforeAssemblyReload :        1 samples, Peak.   374 us (1.0x), Avg.   374 us, Total. 373.6 us (0.0%)
[Performance] PresetManagerPostProcessor.OnPreprocessAsset                                                                   :        1 samples, Peak.   823 us (1.0x), Avg.   823 us, Total. 823.0 us (0.0%)
[Performance] CancelSplashScreenOnAssetChange.OnPreprocessAsset                                                              :        1 samples, Peak.   590 us (1.0x), Avg.   590 us, Total. 590.1 us (0.0%)
[Performance] ShaderGraphAssetPostProcessor.OnPreprocessAsset                                                                :        1 samples, Peak.   192 us (1.0x), Avg.   192 us, Total. 191.7 us (0.0%)
[Performance] InitializeOnLoad SpriteApplyValidator                                                                          :        1 samples, Peak.   132 us (1.0x), Avg.   132 us, Total. 132.1 us (0.0%)
[Performance] InitializeOnLoad ReadmeEditor                                                                                  :        1 samples, Peak.  61.4 us (1.0x), Avg.  61.4 us, Total. 61.37 us (0.0%)
[Performance] InitializeOnLoad PlayModeCapture                                                                               :        1 samples, Peak.   113 us (1.0x), Avg.   113 us, Total. 112.6 us (0.0%)
[Performance] InitializeOnLoad BurstLoader                                                                                   :        1 samples, Peak.  2.37 s (1.0x), Avg.  2.37 s, Total. 2.372 s (9.8%)
[Performance] InitializeOnLoad TouchSimulation                                                                               :        1 samples, Peak.   289 us (1.0x), Avg.   289 us, Total. 288.7 us (0.0%)
[Performance] InitializeOnLoad EnableUITKEditor                                                                              :        1 samples, Peak.  40.0 us (1.0x), Avg.  40.0 us, Total. 39.96 us (0.0%)
[Performance] InitializeOnLoad InputSystem                                                                                   :        1 samples, Peak.  38.2 ms (1.0x), Avg.  38.2 ms, Total. 38.15 ms (0.2%)
[Performance] InitializeOnLoad InputSystemUIInputModuleEditor                                                                :        1 samples, Peak.   242 us (1.0x), Avg.   242 us, Total. 241.9 us (0.0%)
[Performance] InitializeOnLoad MainThreadDispatcher                                                                          :        1 samples, Peak.   278 us (1.0x), Avg.   278 us, Total. 278.0 us (0.0%)
[Performance] InitializeOnLoad BackgroundWatcher                                                                             :        1 samples, Peak.  83.8 us (1.0x), Avg.  83.8 us, Total. 83.79 us (0.0%)
[Performance] InitializeOnLoad UnityTestProtocolStarter                                                                      :        1 samples, Peak.   149 us (1.0x), Avg.   149 us, Total. 148.8 us (0.0%)
[Performance] InitializeOnLoad TestStarter                                                                                   :        1 samples, Peak.   400 us (1.0x), Avg.   400 us, Total. 400.1 us (0.0%)
[Performance] InitializeOnLoad RerunCallbackInitializer                                                                      :        1 samples, Peak.  2.70 ms (1.0x), Avg.  2.70 ms, Total. 2.704 ms (0.0%)
[Performance] InitializeOnLoad NuGetDependencyResolver                                                                       :        1 samples, Peak.   627 us (1.0x), Avg.   627 us, Total. 626.5 us (0.0%)
[Performance] InitializeOnLoad MainWindowInitializer                                                                         :        1 samples, Peak.   736 us (1.0x), Avg.   736 us, Total. 736.2 us (0.0%)
[Performance] InitializeOnLoad Tool_Tests                                                                                    :        1 samples, Peak.   138 ms (1.0x), Avg.   138 ms, Total. 138.3 ms (0.6%)
[Performance] InitializeOnLoad Tool_Script                                                                                   :        1 samples, Peak.  18.3 us (1.0x), Avg.  18.3 us, Total. 18.25 us (0.0%)
[Performance] InitializeOnLoad ScriptUtils                                                                                   :        1 samples, Peak.   614 us (1.0x), Avg.   614 us, Total. 613.9 us (0.0%)
[Performance] InitializeOnLoad ServerBinaryUpdateWatcher                                                                     :        1 samples, Peak.   278 us (1.0x), Avg.   278 us, Total. 278.3 us (0.0%)
[Performance] InitializeOnLoad Startup                                                                                       :        1 samples, Peak.  1.03 s (1.0x), Avg.  1.03 s, Total. 1.030 s (4.3%)
[Performance] InitializeOnLoad McpServerManager                                                                              :        1 samples, Peak.  3.34 ms (1.0x), Avg.  3.34 ms, Total. 3.342 ms (0.0%)
[Performance] InitializeOnLoad ProbeGIBaking                                                                                 :        1 samples, Peak.  1.81 ms (1.0x), Avg.  1.81 ms, Total. 1.814 ms (0.0%)
[Performance] InitializeOnLoad FilterWindow                                                                                  :        1 samples, Peak.  45.2 us (1.0x), Avg.  45.2 us, Total. 45.17 us (0.0%)
[Performance] InitializeOnLoad RealtimeProbeSubdivisionDebug                                                                 :        1 samples, Peak.   367 us (1.0x), Avg.   367 us, Total. 367.1 us (0.0%)
[Performance] InitializeOnLoad SplineExtrudeUtility                                                                          :        1 samples, Peak.   223 us (1.0x), Avg.   223 us, Total. 223.3 us (0.0%)
[Performance] InitializeOnLoad SplineDataReorderableListUtility                                                              :        1 samples, Peak.   140 us (1.0x), Avg.   140 us, Total. 139.6 us (0.0%)
[Performance] InitializeOnLoad PackageEntryPoint                                                                             :        1 samples, Peak.   224 ms (1.0x), Avg.   224 ms, Total. 224.5 ms (0.9%)
[Performance] InitializeOnLoad PurchasingServiceAnalyticsSender                                                              :        1 samples, Peak.  1.14 ms (1.0x), Avg.  1.14 ms, Total. 1.141 ms (0.0%)
[Performance] InitializeOnLoad UnityPurchasingEditor                                                                         :        1 samples, Peak.   672 us (1.0x), Avg.   672 us, Total. 672.0 us (0.0%)
[Performance] InitializeOnLoad PurchasingImporter                                                                            :        1 samples, Peak.   354 us (1.0x), Avg.   354 us, Total. 353.6 us (0.0%)
[Performance] InitializeOnLoad VSCodeScriptEditor                                                                            :        1 samples, Peak.  7.01 ms (1.0x), Avg.  7.01 ms, Total. 7.014 ms (0.0%)
[Performance] InitializeOnLoad ShadowCasterGroup2DManager                                                                    :        1 samples, Peak.  64.7 us (1.0x), Avg.  64.7 us, Total. 64.75 us (0.0%)
[Performance] InitializeOnLoad NodeClassCache                                                                                :        1 samples, Peak.  4.42 us (1.0x), Avg.  4.42 us, Total. 4.416 us (0.0%)
[Performance] InitializeOnLoad ShaderGraphMaterialsUpdater                                                                   :        2 samples, Peak.   229 us (1.2x), Avg.   192 us, Total. 384.5 us (0.0%)
[Performance] InitializeOnLoad Renderer2DAnalytics                                                                           :        1 samples, Peak.  63.3 us (1.0x), Avg.  63.3 us, Total. 63.29 us (0.0%)
[Performance] InitializeOnLoad EditorToolManager                                                                             :        1 samples, Peak.  1.35 ms (1.0x), Avg.  1.35 ms, Total. 1.348 ms (0.0%)
[Performance] InitializeOnLoad VisualStudioEditor                                                                            :        1 samples, Peak.  2.18 ms (1.0x), Avg.  2.18 ms, Total. 2.177 ms (0.0%)
[Performance] InitializeOnLoad TestRunnerApiListener                                                                         :        1 samples, Peak.   315 us (1.0x), Avg.   315 us, Total. 314.6 us (0.0%)
[Performance] InitializeOnLoad VisualStudioIntegration                                                                       :        1 samples, Peak.   437 us (1.0x), Avg.   437 us, Total. 437.0 us (0.0%)
[Performance] InitializeOnLoad PrefabLayoutRebuilder                                                                         :        1 samples, Peak.   266 us (1.0x), Avg.   266 us, Total. 266.4 us (0.0%)
[Performance] InitializeOnLoad OnDomainReload                                                                                :        1 samples, Peak.   239 us (1.0x), Avg.   239 us, Total. 238.7 us (0.0%)
[Performance] InitializeOnLoad DeltaTimeScaleProcessor                                                                       :        1 samples, Peak.   277 us (1.0x), Avg.   277 us, Total. 276.7 us (0.0%)
[Performance] InitializeOnLoad AverageFrameRateTracker                                                                       :        1 samples, Peak.   153 us (1.0x), Avg.   153 us, Total. 153.2 us (0.0%)
[Performance] InitializeOnLoad EditorInitialize                                                                              :        4 samples, Peak.  1.27 ms (2.0x), Avg.   637 us, Total. 2.547 ms (0.0%)
[Performance] InitializeOnLoad CanvasesAndTheirOwners                                                                        :        1 samples, Peak.  71.8 us (1.0x), Avg.  71.8 us, Total. 71.79 us (0.0%)
[Performance] InitializeOnLoad VSUsageUtility                                                                                :        1 samples, Peak.  9.34 ms (1.0x), Avg.  9.34 ms, Total. 9.344 ms (0.0%)
[Performance] InitializeOnLoad VersionValidator                                                                              :        1 samples, Peak.  1.10 ms (1.0x), Avg.  1.10 ms, Total. 1.096 ms (0.0%)
[Performance] InitializeOnLoad LogPreferences                                                                                :        1 samples, Peak.   135 us (1.0x), Avg.   135 us, Total. 135.3 us (0.0%)
[Performance] InitializeOnLoad DestroyListener                                                                               :        1 samples, Peak.   219 us (1.0x), Avg.   219 us, Total. 219.0 us (0.0%)
[Performance] InitializeOnLoad ProGridsInterface                                                                             :        1 samples, Peak.  1.45 ms (1.0x), Avg.  1.45 ms, Total. 1.453 ms (0.0%)
[Performance] InitializeOnLoad EntityVisibility                                                                              :        1 samples, Peak.   179 us (1.0x), Avg.   179 us, Total. 178.6 us (0.0%)
[Performance] InitializeOnLoad VertexManipulationToolSettings                                                                :        1 samples, Peak.  34.0 us (1.0x), Avg.  34.0 us, Total. 34.00 us (0.0%)
[Performance] InitializeOnLoad UndoUtility                                                                                   :        1 samples, Peak.  59.6 us (1.0x), Avg.  59.6 us, Total. 59.58 us (0.0%)
[Performance] InitializeOnLoad HierarchyListener                                                                             :        1 samples, Peak.   110 us (1.0x), Avg.   110 us, Total. 110.1 us (0.0%)
[Performance] InitializeOnLoad Lightmapping                                                                                  :        1 samples, Peak.   361 us (1.0x), Avg.   361 us, Total. 361.1 us (0.0%)
[Performance] InitializeOnLoad SceneDragAndDropListener                                                                      :        1 samples, Peak.  1.35 ms (1.0x), Avg.  1.35 ms, Total. 1.348 ms (0.0%)
[Performance] InitializeOnLoad MeshSelection                                                                                 :        1 samples, Peak.  2.33 ms (1.0x), Avg.  2.33 ms, Total. 2.330 ms (0.0%)
[Performance] InitializeOnLoad UnityInternalsInjector                                                                        :        1 samples, Peak.  1.11 ms (1.0x), Avg.  1.11 ms, Total. 1.113 ms (0.0%)
[Performance] InitializeOnLoad UVCSToolbarBoostrap                                                                           :        1 samples, Peak.  66.7 ms (1.0x), Avg.  66.7 ms, Total. 66.67 ms (0.3%)
[Performance] InitializeOnLoad SampleDependencyImporter                                                                      :        2 samples, Peak.  1.21 ms (1.7x), Avg.   702 us, Total. 1.405 ms (0.0%)
[Performance] InitializeOnLoad InspectorUtility                                                                              :        1 samples, Peak.   437 us (1.0x), Avg.   437 us, Total. 437.2 us (0.0%)
[Performance] InitializeOnLoad CinemachineEditorAnalytics                                                                    :        1 samples, Peak.  48.1 us (1.0x), Avg.  48.1 us, Total. 48.12 us (0.0%)
[Performance] InitializeOnLoad AutoSmoothHookup                                                                              :        1 samples, Peak.  88.9 us (1.0x), Avg.  88.9 us, Total. 88.92 us (0.0%)
[Performance] InitializeOnLoad CreatePipelineWithUndo                                                                        :        1 samples, Peak.   118 us (1.0x), Avg.   118 us, Total. 118.5 us (0.0%)
[Performance] InitializeOnLoad AutoDollyMenuItems                                                                            :        1 samples, Peak.  1.00 ms (1.0x), Avg.  1.00 ms, Total. 1.004 ms (0.0%)
[Performance] InitializeOnLoad SplineGizmoCache                                                                              :        1 samples, Peak.  1.18 ms (1.0x), Avg.  1.18 ms, Total. 1.175 ms (0.0%)
[Performance] InitializeOnLoad ModifierMenuItems                                                                             :        1 samples, Peak.   394 us (1.0x), Avg.   394 us, Total. 393.7 us (0.0%)
[Performance] InitializeOnLoad CreateRigWithUndo                                                                             :        1 samples, Peak.   108 us (1.0x), Avg.   108 us, Total. 107.9 us (0.0%)
[Performance] InitializeOnLoad CinemachineDeoccluderPrefs                                                                    :        1 samples, Peak.  1.17 ms (1.0x), Avg.  1.17 ms, Total. 1.168 ms (0.0%)
[Performance] InitializeOnLoad PipelineStageMenu                                                                             :        1 samples, Peak.  1.52 ms (1.0x), Avg.  1.52 ms, Total. 1.523 ms (0.0%)
[Performance] InitializeOnLoad CinemachineSplineDollyPrefs                                                                   :        1 samples, Peak.   311 us (1.0x), Avg.   311 us, Total. 310.7 us (0.0%)
[Performance] InitializeOnLoad SaveDuringPlay                                                                                :        1 samples, Peak.  75.0 us (1.0x), Avg.  75.0 us, Total. 74.96 us (0.0%)
[Performance] InitializeOnLoad DefaultControlInitializer                                                                     :        1 samples, Peak.   104 us (1.0x), Avg.   104 us, Total. 103.8 us (0.0%)
[Performance] InitializeOnLoad SyncCacheEnabledSetting                                                                       :        1 samples, Peak.   220 us (1.0x), Avg.   220 us, Total. 219.5 us (0.0%)
[Performance] InitializeOnLoad CinemachineComposerPrefs                                                                      :        1 samples, Peak.   229 us (1.0x), Avg.   229 us, Total. 228.5 us (0.0%)
[Performance] InitializeOnLoad RiderScriptEditor                                                                             :        1 samples, Peak.  5.60 ms (1.0x), Avg.  5.60 ms, Total. 5.599 ms (0.0%)
[Performance] InitializeOnLoad CallbackInitializer                                                                           :        1 samples, Peak.  2.56 ms (1.0x), Avg.  2.56 ms, Total. 2.563 ms (0.0%)
[Performance] InitializeOnLoad NavigationWindow                                                                              :        1 samples, Peak.   458 us (1.0x), Avg.   458 us, Total. 458.5 us (0.0%)
[Performance] InitializeOnLoad SceneViewGridManager.Initialize                                                               :        1 samples, Peak.  3.59 ms (1.0x), Avg.  3.59 ms, Total. 3.594 ms (0.0%)
[Performance] InitializeOnLoad TilemapPrefabStageHelper.Initialize                                                           :        1 samples, Peak.  1.44 ms (1.0x), Avg.  1.44 ms, Total. 1.440 ms (0.0%)
[Performance] InitializeOnLoad SceneViewOpenTilePaletteHelper.Initialize                                                     :        1 samples, Peak.  1.20 ms (1.0x), Avg.  1.20 ms, Total. 1.198 ms (0.0%)
[Performance] InitializeOnLoad TileDragAndDropManager.Initialize                                                             :        1 samples, Peak.   979 us (1.0x), Avg.   979 us, Total. 979.2 us (0.0%)
[Performance] InitializeOnLoad ThreadHelper.Init                                                                             :        4 samples, Peak.   273 us (2.3x), Avg.   117 us, Total. 469.9 us (0.0%)
[Performance] InitializeOnLoad EngineStateHelper.Init                                                                        :        4 samples, Peak.   104 us (1.3x), Avg.  79.3 us, Total. 317.3 us (0.0%)
[Performance] InitializeOnLoad InputSystemPackageControl.SubscribePackageManagerEvent                                        :        1 samples, Peak.  62.0 us (1.0x), Avg.  62.0 us, Total. 61.96 us (0.0%)
[Performance] InitializeOnLoad InputSystemPluginControl.CheckForExtension                                                    :        1 samples, Peak.  1.02 ms (1.0x), Avg.  1.02 ms, Total. 1.020 ms (0.0%)
[Performance] InitializeOnLoad MaterialReimporter.RegisterUpgraderReimport                                                   :        2 samples, Peak.   169 us (1.8x), Avg.  95.1 us, Total. 190.3 us (0.0%)
[Performance] InitializeOnLoad ServiceInstallationListener.RegisterToEvents                                                  :        1 samples, Peak.   476 us (1.0x), Avg.   476 us, Total. 476.1 us (0.0%)
[Performance] InitializeOnLoad ActionSchedulerCleaner.RegisterSchedulerCleaner                                               :        1 samples, Peak.   202 us (1.0x), Avg.   202 us, Total. 201.7 us (0.0%)
[Performance] InitializeOnLoad EditorGameServiceRegistry.RegisterAllServices                                                 :        1 samples, Peak.  4.89 ms (1.0x), Avg.  4.89 ms, Total. 4.893 ms (0.0%)
[Performance] InitializeOnLoad MainThreadDispatcher.EditorInitialize                                                         :        1 samples, Peak.   108 us (1.0x), Avg.   108 us, Total. 108.4 us (0.0%)
[Performance] InitializeOnLoad MainThreadInstaller.Init                                                                      :        1 samples, Peak.  93.5 us (1.0x), Avg.  93.5 us, Total. 93.46 us (0.0%)
[Performance] InitializeOnLoad ProjectConfigurationBuilder.SubscribeToResetComplete                                          :        1 samples, Peak.   239 us (1.0x), Avg.   239 us, Total. 239.5 us (0.0%)
[Performance] InitializeOnLoad ProBuilderSettings.SaveSettingsOnExit                                                         :        1 samples, Peak.  29.6 us (1.0x), Avg.  29.6 us, Total. 29.58 us (0.0%)
[Performance] InitializeOnLoad VisualStudioEditor.LegacyVisualStudioCodePackageDisabler                                      :        1 samples, Peak.  1.19 ms (1.0x), Avg.  1.19 ms, Total. 1.190 ms (0.0%)
[Performance] InitializeOnLoad UnityPurchasingEditor.MigrateBillingMode                                                      :        1 samples, Peak.   407 us (1.0x), Avg.   407 us, Total. 407.0 us (0.0%)
[Performance] InitializeOnLoad ProductCatalogEditor.MigrateProductCatalog                                                    :        1 samples, Peak.   315 us (1.0x), Avg.   315 us, Total. 315.2 us (0.0%)
[Performance] InitializeOnLoad ObfuscationMigration.MigrateObfuscations                                                      :        1 samples, Peak.   131 us (1.0x), Avg.   131 us, Total. 131.0 us (0.0%)
[Performance] InitializeOnLoad SplineCacheUtility.Initialize                                                                 :        1 samples, Peak.   350 us (1.0x), Avg.   350 us, Total. 350.3 us (0.0%)
[Performance] InitializeOnLoad TestJobDataHolder.ResumeRunningJobs                                                           :        1 samples, Peak.  1.34 ms (1.0x), Avg.  1.34 ms, Total. 1.335 ms (0.0%)
[Performance] InitializeOnLoad AnalyticsReporter.RegisterCallbacks                                                           :        1 samples, Peak.   398 us (1.0x), Avg.   398 us, Total. 397.9 us (0.0%)
[Performance] InitializeOnLoad DebugManagerWindowLifetimeAnalytic.SubscribeToDebugManagerOpenCloseWindows                    :        1 samples, Peak.   284 us (1.0x), Avg.   284 us, Total. 284.5 us (0.0%)
[Performance] InitializeOnLoad CoreRenderPipelinePreferences.InitPreferenceProviders                                         :        1 samples, Peak.  17.9 ms (1.0x), Avg.  17.9 ms, Total. 17.86 ms (0.1%)
[Performance] InitializeOnLoad VolumeGizmoDrawer.InitVolumeGizmoCallbacks                                                    :        1 samples, Peak.   291 us (1.0x), Avg.   291 us, Total. 291.0 us (0.0%)
[Performance] InitializeOnLoad UnityThreadUtils.CaptureUnityThreadInfo                                                       :        1 samples, Peak.  74.7 us (1.0x), Avg.  74.7 us, Total. 74.67 us (0.0%)
[Performance] DidReloadScriptsAdvancedDropdownWindow.OnScriptReload                                                          :        2 samples, Peak.   176 us (1.1x), Avg.   160 us, Total. 319.7 us (0.0%)
[Performance] DidReloadScriptsCinemachineVirtualCameraBase.OnScriptReload                                                    :        1 samples, Peak.  63.5 us (1.0x), Avg.  63.5 us, Total. 63.50 us (0.0%)
[Performance] DidReloadScriptsCinemachineExtension.OnScriptReload                                                            :        1 samples, Peak.   193 us (1.0x), Avg.   193 us, Total. 193.3 us (0.0%)
[Performance] DidReloadScriptsTestRunnerWindow.CompilationCallback                                                           :        1 samples, Peak.   145 us (1.0x), Avg.   145 us, Total. 145.0 us (0.0%)
[Performance] DidReloadScriptsTestListCache.ScriptReloaded                                                                   :        1 samples, Peak.  1.44 ms (1.0x), Avg.  1.44 ms, Total. 1.444 ms (0.0%)
[Performance] DidReloadScriptsLookDev.OnEditorReload                                                                         :        1 samples, Peak.   158 us (1.0x), Avg.   158 us, Total. 157.5 us (0.0%)
[Performance] DidReloadScriptsDebugWindow.OnEditorReload                                                                     :        1 samples, Peak.  3.45 ms (1.0x), Avg.  3.45 ms, Total. 3.446 ms (0.0%)
[Performance] DidReloadScriptsVolumeComponentEditor.OnEditorReload                                                           :        1 samples, Peak.  13.2 ms (1.0x), Avg.  13.2 ms, Total. 13.16 ms (0.1%)
[Performance] AssemblyReloadEvents.afterAssemblyReload: com.IvanMurzak.Unity.MCP.Editor.Startup.OnAfterAssemblyReload        :        1 samples, Peak.  26.4 ms (1.0x), Avg.  26.4 ms, Total. 26.38 ms (0.1%)
[Performance] AssemblyReloadEvents.afterAssemblyReload: UnityEditor.ProBuilder.HierarchyListener.OnAfterAssemblyReload       :        1 samples, Peak.   147 us (1.0x), Avg.   147 us, Total. 147.2 us (0.0%)
[Performance] AssetDatabase.ImportAssets                                                                                     :        3 samples, Peak.   500 ns (2.0x), Avg.   250 ns, Total. 751.0 ns (0.0%)
[Performance] VersionControl.Task.Wait                                                                                       :        1 samples, Peak.   236 us (1.0x), Avg.   236 us, Total. 236.0 us (0.0%)
[Performance] TMPro_TexturePostProcessor.OnPostprocessAllAssets                                                              :        2 samples, Peak.   463 us (1.2x), Avg.   401 us, Total. 802.9 us (0.0%)
[Performance] CinemachineSettings.OnPostprocessAllAssets                                                                     :        2 samples, Peak.   229 us (1.0x), Avg.   227 us, Total. 453.6 us (0.0%)
[Performance] DomainReloadProcessor.OnPostprocessAllAssets                                                                   :        2 samples, Peak.   296 us (1.1x), Avg.   273 us, Total. 546.6 us (0.0%)
[Performance] SamplePostprocessor.OnPostprocessAllAssets                                                                     :        4 samples, Peak.   220 us (1.5x), Avg.   147 us, Total. 587.4 us (0.0%)
[Performance] UVCSAssetPostprocessor.OnPostprocessAllAssets                                                                  :        2 samples, Peak.  3.99 ms (1.0x), Avg.  3.81 ms, Total. 7.622 ms (0.0%)
[Performance] AssetPostprocessorProxy.OnPostprocessAllAssets                                                                 :        2 samples, Peak.   207 us (1.0x), Avg.   206 us, Total. 411.8 us (0.0%)
[Performance] BuilderAssetPostprocessor.OnPostprocessAllAssets                                                               :        2 samples, Peak.  6.37 ms (1.0x), Avg.  6.36 ms, Total. 12.71 ms (0.1%)
[Performance] ArtifactBrowserPostProcessor.OnPostprocessAllAssets                                                            :        2 samples, Peak.   647 us (1.0x), Avg.   645 us, Total. 1.290 ms (0.0%)
[Performance] AssetEvents.OnPostprocessAllAssets                                                                             :        4 samples, Peak.   134 us (1.4x), Avg.  97.7 us, Total. 390.8 us (0.0%)
[Performance] AudioMixerPostprocessor.OnPostprocessAllAssets                                                                 :        2 samples, Peak.   558 us (1.0x), Avg.   557 us, Total. 1.114 ms (0.0%)
[Performance] StyleCatalogPostProcessor.OnPostprocessAllAssets                                                               :        2 samples, Peak.  59.0 ms (1.0x), Avg.  59.0 ms, Total. 117.9 ms (0.5%)
[Performance] BuildCatalog                                                                                                   :        1 samples, Peak.  57.8 ms (1.0x), Avg.  57.8 ms, Total. 57.76 ms (0.2%)
[Performance] ModelImporterPostProcessor.OnPostprocessAllAssets                                                              :        2 samples, Peak.  1.71 ms (1.0x), Avg.  1.71 ms, Total. 3.419 ms (0.0%)
[Performance] MaterialPostprocessor.OnPostprocessAllAssets                                                                   :        4 samples, Peak.  2.49 ms (1.7x), Avg.  1.49 ms, Total. 5.950 ms (0.0%)
[Performance] UniversalRenderPipelineGlobalSettingsPostprocessor.OnPostprocessAllAssets                                      :        2 samples, Peak.  1.86 ms (1.0x), Avg.  1.86 ms, Total. 3.721 ms (0.0%)
[Performance] RetainedModeAssetPostprocessor.OnPostprocessAllAssets                                                          :        2 samples, Peak.  2.79 ms (1.0x), Avg.  2.78 ms, Total. 5.564 ms (0.0%)
[Performance] AssetChangedListener.OnPostprocessAllAssets                                                                    :        2 samples, Peak.   983 us (1.0x), Avg.   980 us, Total. 1.961 ms (0.0%)
[Performance] PostProcessor.OnPostprocessAllAssets                                                                           :        2 samples, Peak.   190 us (1.0x), Avg.   189 us, Total. 377.6 us (0.0%)
[Performance] ShaderGraphAssetPostProcessor.OnPostprocessAllAssets                                                           :        2 samples, Peak.  1.14 ms (1.0x), Avg.  1.14 ms, Total. 2.284 ms (0.0%)
[Performance] SpeedTreePostProcessor.OnPostprocessAllAssets                                                                  :        2 samples, Peak.   124 us (1.0x), Avg.   123 us, Total. 246.5 us (0.0%)
[Performance] TextAssetPostProcessor.OnPostprocessAllAssets                                                                  :        2 samples, Peak.   314 us (1.0x), Avg.   313 us, Total. 626.1 us (0.0%)
[Performance] AssetProcessor.OnPostprocessAllAssets                                                                          :        6 samples, Peak.  2.97 ms (2.0x), Avg.  1.48 ms, Total. 8.889 ms (0.0%)
[Performance] InputActionAssetPostprocessor.OnPostprocessAllAssets                                                           :        2 samples, Peak.   287 us (1.0x), Avg.   286 us, Total. 572.6 us (0.0%)
[Performance] InputActionJsonNameModifierAssetProcessor.OnPostprocessAllAssets                                               :        2 samples, Peak.  44.4 us (1.0x), Avg.  42.9 us, Total. 85.75 us (0.0%)
[Performance] ProjectSettingsPostprocessor.OnPostprocessAllAssets                                                            :        2 samples, Peak.   126 us (1.0x), Avg.   125 us, Total. 250.8 us (0.0%)
[Performance] SyncVS.PostprocessSyncProject                                                                                  :        1 samples, Peak.  9.33 ms (1.0x), Avg.  9.33 ms, Total. 9.334 ms (0.0%)
[Performance] Application.ImportPackagesAndSetTemplateWhenCreatingProject                                                    :        1 samples, Peak.  30.9 ms (1.0x), Avg.  30.9 ms, Total. 30.86 ms (0.1%)
[Performance] Application.SyncCurrentColorSpace                                                                              :        1 samples, Peak.   407 ms (1.0x), Avg.   407 ms, Total. 407.3 ms (1.7%)
[Performance] Application.OnUsbDevicesChanged                                                                                :        1 samples, Peak.  62.9 us (1.0x), Avg.  62.9 us, Total. 62.92 us (0.0%)
[Performance] Application.AssetInstanceCacheUpdate                                                                           :        1 samples, Peak.   125 ns (1.0x), Avg.   125 ns, Total. 125.0 ns (0.0%)
[Performance] Application.UnityExtensions.Initialize                                                                         :        1 samples, Peak.  10.4 ms (1.0x), Avg.  10.4 ms, Total. 10.38 ms (0.0%)
[Performance] CodeEditorProjectSync.SyncEditorProject                                                                        :        1 samples, Peak.   466 ms (1.0x), Avg.   466 ms, Total. 465.6 ms (1.9%)
[Performance] Application.ExecuteStartups                                                                                    :        1 samples, Peak.  59.4 ms (1.0x), Avg.  59.4 ms, Total. 59.38 ms (0.2%)
[Performance] Menu.RegisterMenuInterface                                                                                     :       26 samples, Peak.  4.88 us (11.3x), Avg.   433 ns, Total. 11.25 us (0.0%)
[Performance] Gizmo.RebuildRenderers                                                                                         :        1 samples, Peak.  56.4 ms (1.0x), Avg.  56.4 ms, Total. 56.39 ms (0.2%)
[Performance] Gizmo.AddGizmoRenderers                                                                                        :      196 samples, Peak.  1.56 ms (34.8x), Avg.  45.0 us, Total. 8.818 ms (0.0%)
[Performance] Application.editorInitializingProject                                                                          :        1 samples, Peak.  16.0 ms (1.0x), Avg.  16.0 ms, Total. 16.04 ms (0.1%)
[Performance] Application.InitializeMenu                                                                                     :        1 samples, Peak.   281 ms (1.0x), Avg.   281 ms, Total. 281.3 ms (1.2%)
[Performance] Menu.RebuildAll                                                                                                :        1 samples, Peak.   281 ms (1.0x), Avg.   281 ms, Total. 281.2 ms (1.2%)
[Performance] Menu.BuildRegisteredMenuInterfaces                                                                             :        1 samples, Peak.   275 ms (1.0x), Avg.   275 ms, Total. 275.2 ms (1.1%)
[Performance] Menu.FilterMenuItem                                                                                            :      997 samples, Peak.   108 ms (975.7x), Avg.   111 us, Total. 110.4 ms (0.5%)
[Performance] UpdateAllMenus                                                                                                 :        1 samples, Peak.   460 us (1.0x), Avg.   460 us, Total. 459.9 us (0.0%)
[Performance] EditorSceneManager.sceneClosing: UnityEditor.SceneVisibilityManager.EditorSceneManagerOnSceneClosing           :        1 samples, Peak.   207 us (1.0x), Avg.   207 us, Total. 207.4 us (0.0%)
[Performance] GUIView.RepaintAll.PlayerLoopController                                                                        :        1 samples, Peak.  2.04 us (1.0x), Avg.  2.04 us, Total. 2.042 us (0.0%)
[Performance] EditorSceneManager.newSceneCreated: UnityEditor.SceneTemplate.SceneTemplateService.OnNewSceneCreated           :        1 samples, Peak.   175 us (1.0x), Avg.   175 us, Total. 174.6 us (0.0%)
[Performance] EditorSceneManager.newSceneCreated: UnityEditor.SceneVisibilityManager.EditorSceneManagerOnNewSceneCreated     :        1 samples, Peak.   126 us (1.0x), Avg.   126 us, Total. 125.7 us (0.0%)
[Performance] EditorSceneManager.newSceneCreated: UnityEditor.SceneManagement.StageNavigationManager.OnNewSceneCreated       :        1 samples, Peak.  47.8 us (1.0x), Avg.  47.8 us, Total. 47.79 us (0.0%)
[Performance] Application.InvokeFinishedLoadingProject                                                                       :        1 samples, Peak.  20.7 ms (1.0x), Avg.  20.7 ms, Total. 20.74 ms (0.1%)
[Performance] ProcessService.OnProjectLoaded                                                                                 :        1 samples, Peak.  58.0 us (1.0x), Avg.  58.0 us, Total. 57.96 us (0.0%)
[Performance] EditorApplication.quitting: Unity.Burst.Editor.BurstLoader.OnEditorApplicationQuitting                         :        1 samples, Peak.  43.9 us (1.0x), Avg.  43.9 us, Total. 43.92 us (0.0%)
[Performance] EditorApplication.quitting: com.IvanMurzak.Unity.MCP.Editor.McpServerManager.OnEditorQuitting                  :        1 samples, Peak.   308 us (1.0x), Avg.   308 us, Total. 308.1 us (0.0%)
[Performance] EditorApplication.quitting: UnityEditor.SettingsManagement.FileSettingsRepository.Save                         :        1 samples, Peak.  2.55 ms (1.0x), Avg.  2.55 ms, Total. 2.553 ms (0.0%)
[Performance] EditorApplication.quitting: UnityEditor.Tilemaps.SceneViewGridManager.EditorQuitting                           :        1 samples, Peak.   111 us (1.0x), Avg.   111 us, Total. 110.9 us (0.0%)
[Performance] EditorApplication.quitting: UnityEditor.ProBuilder.ProBuilderSettings.Save                                     :        1 samples, Peak.   328 us (1.0x), Avg.   328 us, Total. 328.2 us (0.0%)
[Performance] EditorApplication.quitting: callback in UnityEditor.TextCore.Text.EditorEventCallbacks                         :        1 samples, Peak.  20.5 ms (1.0x), Avg.  20.5 ms, Total. 20.45 ms (0.1%)
[Performance] Application.Shutdown.PauseProfilerSession                                                                      :        1 samples, Peak.   563 us (1.0x), Avg.   563 us, Total. 563.0 us (0.0%)
[Performance] Application.Shutdown.PauseAssetImportWorkers                                                                   :        1 samples, Peak.   188 us (1.0x), Avg.   188 us, Total. 188.0 us (0.0%)
[Performance] Application.Shutdown.SaveAssets                                                                                :        1 samples, Peak.  14.7 ms (1.0x), Avg.  14.7 ms, Total. 14.74 ms (0.1%)
[Performance] PaletteAssetModificationProcessor.OnWillSaveAssets                                                             :        1 samples, Peak.   254 us (1.0x), Avg.   254 us, Total. 254.5 us (0.0%)
[Performance] StateMacroSavedEvent.OnWillSaveAssets                                                                          :        1 samples, Peak.   188 us (1.0x), Avg.   188 us, Total. 187.9 us (0.0%)
[Performance] FlowMacroSavedEvent.OnWillSaveAssets                                                                           :        1 samples, Peak.   209 us (1.0x), Avg.   209 us, Total. 209.0 us (0.0%)
[Performance] UnityCloudProjectLinkMonitor.OnWillSaveAssets                                                                  :        1 samples, Peak.   694 us (1.0x), Avg.   694 us, Total. 694.0 us (0.0%)
[Performance] UVCSAssetModificationProcessor.OnWillSaveAssets                                                                :        1 samples, Peak.   174 us (1.0x), Avg.   174 us, Total. 173.6 us (0.0%)
[Performance] BuilderAssetModificationProcessor.OnWillSaveAssets                                                             :        1 samples, Peak.   316 us (1.0x), Avg.   316 us, Total. 316.0 us (0.0%)
[Performance] TerrainModificationProcessor.OnWillSaveAssets                                                                  :        1 samples, Peak.   835 us (1.0x), Avg.   835 us, Total. 834.6 us (0.0%)
[Performance] Application.Shutdown.CleanupRenderPipeline                                                                     :        1 samples, Peak.  4.46 us (1.0x), Avg.  4.46 us, Total. 4.458 us (0.0%)
[Performance] Application.Shutdown.StopPreloadManager                                                                        :        1 samples, Peak.  10.3 ms (1.0x), Avg.  10.3 ms, Total. 10.28 ms (0.0%)
[Performance] Application.Shutdown.DestroyWorld                                                                              :        1 samples, Peak.   509 us (1.0x), Avg.   509 us, Total. 508.7 us (0.0%)
[Performance] Application.Shutdown.CleanupAfterLoad                                                                          :        1 samples, Peak.   215 ms (1.0x), Avg.   215 ms, Total. 214.8 ms (0.9%)
[Performance] Application.Shutdown.Progress                                                                                  :        1 samples, Peak.  27.2 us (1.0x), Avg.  27.2 us, Total. 27.17 us (0.0%)
[Performance] Application.Shutdown.GICleanupManagers                                                                         :        1 samples, Peak.  4.58 ms (1.0x), Avg.  4.58 ms, Total. 4.581 ms (0.0%)
[Performance] Application.Shutdown.MenuCleanupClass                                                                          :        1 samples, Peak.   111 us (1.0x), Avg.   111 us, Total. 111.0 us (0.0%)
[Performance] Application.Shutdown.ADBSaveStateBeforeShutdown                                                                :        1 samples, Peak.  7.62 us (1.0x), Avg.  7.62 us, Total. 7.625 us (0.0%)
[Performance] Application.Shutdown.RemoteShutdown                                                                            :        1 samples, Peak.   833 ns (1.0x), Avg.   833 ns, Total. 833.0 ns (0.0%)
[Performance] Application.Shutdown.CleanupVCProvider                                                                         :        1 samples, Peak.  24.6 us (1.0x), Avg.  24.6 us, Total. 24.62 us (0.0%)
[Performance] Application.Shutdown.InputShutdown                                                                             :        1 samples, Peak.   195 us (1.0x), Avg.   195 us, Total. 194.9 us (0.0%)
[Performance] Application.Shutdown.GizmoManagerDestroy                                                                       :        1 samples, Peak.   380 us (1.0x), Avg.   380 us, Total. 380.2 us (0.0%)
[Performance] Application.Shutdown.ProfilerSession                                                                           :        1 samples, Peak.   400 us (1.0x), Avg.   400 us, Total. 400.4 us (0.0%)
[Performance] Application.Shutdown.ReleaseGfxWindowOnAllGUIViews                                                             :        1 samples, Peak.   375 ns (1.0x), Avg.   375 ns, Total. 375.0 ns (0.0%)
[Performance] Application.Shutdown.CleanupEngine                                                                             :        1 samples, Peak.   132 ms (1.0x), Avg.   132 ms, Total. 131.8 ms (0.5%)
[Performance] Application.Shutdown.CleanupAssetDatabase                                                                      :        1 samples, Peak.  9.42 ms (1.0x), Avg.  9.42 ms, Total. 9.419 ms (0.0%)
[Performance] Application.Shutdown.ScriptCompilationCleanUp                                                                  :        1 samples, Peak.  13.8 us (1.0x), Avg.  13.8 us, Total. 13.79 us (0.0%)
[Performance] Application.Shutdown.DestroyJobSystem                                                                          :        1 samples, Peak.   284 us (1.0x), Avg.   284 us, Total. 283.7 us (0.0%)
[Performance] Application.Shutdown.CleanupPersistentManager                                                                  :        1 samples, Peak.  2.11 ms (1.0x), Avg.  2.11 ms, Total. 2.108 ms (0.0%)
[Performance] Application.Shutdown.CleanupAsyncReadManager                                                                   :        1 samples, Peak.   304 us (1.0x), Avg.   304 us, Total. 304.4 us (0.0%)
[Performance] Application.Shutdown.CleanupMono                                                                               :        1 samples, Peak.  6.58 s (1.0x), Avg.  6.58 s, Total. 6.580 s (27.2%)
[Performance] Application.Shutdown.CleanupStdConverters                                                                      :        1 samples, Peak.   235 us (1.0x), Avg.   235 us, Total. 234.5 us (0.0%)
[Performance] Application.Shutdown.UnloadAllPlatformSupportModuleNativeDlls                                                  :        1 samples, Peak.   416 ns (1.0x), Avg.   416 ns, Total. 416.0 ns (0.0%)
[Performance] Application.Shutdown.UnloadAllPlatformSupportNativeLibraries                                                   :        1 samples, Peak.   208 ns (1.0x), Avg.   208 ns, Total. 208.0 ns (0.0%)
[Performance] Application.Shutdown.CleanupAutoDocumentation                                                                  :        1 samples, Peak.   115 us (1.0x), Avg.   115 us, Total. 114.8 us (0.0%)
[Performance] Application.Shutdown.ShaderNameManagerDestroy                                                                  :        1 samples, Peak.   221 us (1.0x), Avg.   221 us, Total. 221.0 us (0.0%)
[Performance] Application.Shutdown.CleanupCacheServer                                                                        :        1 samples, Peak.   125 ns (1.0x), Avg.   125 ns, Total. 125.0 ns (0.0%)
[Performance] Application.Shutdown.Virtualization_Shutdown                                                                   :        1 samples, Peak.   250 ns (1.0x), Avg.   250 ns, Total. 250.0 ns (0.0%)
[Performance] Application.Shutdown.DevConnections                                                                            :        1 samples, Peak.   270 us (1.0x), Avg.   270 us, Total. 270.0 us (0.0%)
Exiting batchmode successfully now!
[Package Manager] Server::Kill -- Server was shutdown
