Unity Editor version:    2022.3.62f2 (7670c08855a9)
Branch:                  2022.3/respin/2022.3.62f2-4af31df585-v2
Build type:              Release
Batch mode:              YES
macOS version:           Version 26.3.1 (Build 25D2128)
Darwin version:          25.3.0
Architecture:            arm64
Running under Rosetta:   NO
Available memory:        16384 MB
[Licensing::Module] Trying to connect to existing licensing client channel...
[Licensing::IpcConnector] Successfully connected to: "LicenseClient-jangyoung" at "2026-08-09T10:43:16.332793Z"
[Licensing::Client] Code 10 while verifying Licensing Client signature (process Id: 46180, path: "/Applications/Unity/Hub/Editor/6000.5.6f1/Unity.app/Contents/Helpers/UnityLicensingClient.app/Contents/MacOS/Unity.Licensing.Client")
[Licensing::Module] LicensingClient has failed validation; ignoring
[Licensing::Client] Handshaking with LicensingClient:
  Version:                 1.18.1+9fbee8e
  Session Id:              12a02208356d488cb803487fc2d57330
  Correlation Id:          b687cf14460936fcfe7adcffd2fa98ba
  External correlation Id: 1501190800822340652
  Machine Id:              GDFq97hyJBwslTnyqVIUvhYydXg=
[Licensing::Module] Successfully connected to LicensingClient on channel: "LicenseClient-jangyoung" (connect: 0.00s, validation: 0.01s, handshake: 0.29s)
[Licensing::IpcConnector] Successfully connected to: "LicenseClient-jangyoung-notifications" at "2026-08-09T10:43:16.639522Z"
[Licensing::Module] Error: Access token is unavailable; failed to update
[Licensing::Client] Successfully updated license
[Licensing::Client] Successfully resolved entitlement details
[Licensing::Module] Serial number assigned to: "4513980-UnityPersXXXX"
Pro License: NO
[Licensing::Client] Successfully resolved entitlement details
Launching external process: /Applications/Unity/Hub/Editor/2022.3.62f2/Unity.app/Contents/Resources/PackageManager/Server/UnityPackageManager

COMMAND LINE ARGUMENTS:
/Applications/Unity/Hub/Editor/2022.3.62f2/Unity.app/Contents/MacOS/Unity
-batchmode
-nographics
-projectPath
.
-runTests
-testPlatform
EditMode
-testFilter
CastleBusters.Tests.CastleCoreVolleyCapTests
-testResults
_workspace/current/qa/evidence/core-volley-cap-editmode.xml
-logFile
_workspace/current/qa/evidence/core-volley-cap-editmode.log
Successfully changed project path to: /Users/jangyoung/orca/Abyssal-Surge
/Users/jangyoung/orca/Abyssal-Surge
[UnityMemory] Configuration Parameters - Can be set up in boot.config
    "memorysetup-bucket-allocator-granularity=16"
    "memorysetup-bucket-allocator-bucket-count=8"
    "memorysetup-bucket-allocator-block-size=33554432"
    "memorysetup-bucket-allocator-block-count=8"
    "memorysetup-main-allocator-block-size=16777216"
    "memorysetup-thread-allocator-block-size=16777216"
    "memorysetup-gfx-main-allocator-block-size=16777216"
    "memorysetup-gfx-thread-allocator-block-size=16777216"
    "memorysetup-cache-allocator-block-size=4194304"
    "memorysetup-typetree-allocator-block-size=2097152"
    "memorysetup-profiler-bucket-allocator-granularity=16"
    "memorysetup-profiler-bucket-allocator-bucket-count=8"
    "memorysetup-profiler-bucket-allocator-block-size=33554432"
    "memorysetup-profiler-bucket-allocator-block-count=8"
    "memorysetup-profiler-allocator-block-size=16777216"
    "memorysetup-profiler-editor-allocator-block-size=1048576"
    "memorysetup-temp-allocator-size-main=16777216"
    "memorysetup-job-temp-allocator-block-size=2097152"
    "memorysetup-job-temp-allocator-block-size-background=1048576"
    "memorysetup-job-temp-allocator-reduction-small-platforms=262144"
    "memorysetup-allocator-temp-initial-block-size-main=262144"
    "memorysetup-allocator-temp-initial-block-size-worker=262144"
    "memorysetup-temp-allocator-size-background-worker=32768"
    "memorysetup-temp-allocator-size-job-worker=262144"
    "memorysetup-temp-allocator-size-preload-manager=33554432"
    "memorysetup-temp-allocator-size-nav-mesh-worker=65536"
    "memorysetup-temp-allocator-size-audio-worker=65536"
    "memorysetup-temp-allocator-size-cloud-worker=32768"
    "memorysetup-temp-allocator-size-gi-baking-worker=262144"
    "memorysetup-temp-allocator-size-gfx=262144"
Player connection [8291234048]  Target information:

Player connection [8291234048]  * "[IP] 192.168.219.124 [Port] 55504 [Flags] 2 [Guid] 1390020950 [EditorId] 1390020950 [Version] 1048832 [Id] OSXEditor(0,MacBook-Pro-2.local) [Debug] 1 [PackageName] OSXEditor [ProjectName] Editor" 

Player connection [8291234048] Host joined multi-casting on [225.0.0.222:54997]...
Player connection [8291234048] Host joined alternative multi-casting on [225.0.0.222:34997]...
Input System module state changed to: Initialized.
[PhysX] Initialized MultithreadedTaskDispatcher with 12 workers.
[Package Manager] UpmClient::Connect -- Connected to IPC stream "Upm-58060" after 0.8 seconds.
[Package Manager] Restoring resolved packages state from cache
[Licensing::Client] Successfully resolved entitlement details
[Package Manager] Registered 73 packages:
  Packages from [https://package.openupm.com]:
    com.ivanmurzak.unity.mcp@0.87.0 (location: /Users/jangyoung/orca/Abyssal-Surge/Library/PackageCache/com.ivanmurzak.unity.mcp@0.87.0)
    com.ivanmurzak.unity.mcp.animation@1.2.25 (location: /Users/jangyoung/orca/Abyssal-Surge/Library/PackageCache/com.ivanmurzak.unity.mcp.animation@1.2.25)
    com.ivanmurzak.unity.mcp.cinemachine@1.0.11 (location: /Users/jangyoung/orca/Abyssal-Surge/Library/PackageCache/com.ivanmurzak.unity.mcp.cinemachine@1.0.11)
    com.ivanmurzak.unity.mcp.inputsystem@1.0.11 (location: /Users/jangyoung/orca/Abyssal-Surge/Library/PackageCache/com.ivanmurzak.unity.mcp.inputsystem@1.0.11)
    com.ivanmurzak.unity.mcp.navigation@1.0.11 (location: /Users/jangyoung/orca/Abyssal-Surge/Library/PackageCache/com.ivanmurzak.unity.mcp.navigation@1.0.11)
    com.ivanmurzak.unity.mcp.particlesystem@1.2.25 (location: /Users/jangyoung/orca/Abyssal-Surge/Library/PackageCache/com.ivanmurzak.unity.mcp.particlesystem@1.2.25)
    com.ivanmurzak.unity.mcp.probuilder@1.2.25 (location: /Users/jangyoung/orca/Abyssal-Surge/Library/PackageCache/com.ivanmurzak.unity.mcp.probuilder@1.2.25)
    com.ivanmurzak.unity.mcp.splines@1.0.10 (location: /Users/jangyoung/orca/Abyssal-Surge/Library/PackageCache/com.ivanmurzak.unity.mcp.splines@1.0.10)
    com.ivanmurzak.unity.mcp.terrain@1.0.11 (location: /Users/jangyoung/orca/Abyssal-Surge/Library/PackageCache/com.ivanmurzak.unity.mcp.terrain@1.0.11)
    com.ivanmurzak.unity.mcp.tilemap@1.0.10 (location: /Users/jangyoung/orca/Abyssal-Surge/Library/PackageCache/com.ivanmurzak.unity.mcp.tilemap@1.0.10)
    com.ivanmurzak.unity.mcp.timeline@1.0.11 (location: /Users/jangyoung/orca/Abyssal-Surge/Library/PackageCache/com.ivanmurzak.unity.mcp.timeline@1.0.11)
    extensions.unity.playerprefsex@2.1.5 (location: /Users/jangyoung/orca/Abyssal-Surge/Library/PackageCache/extensions.unity.playerprefsex@2.1.5)
  Packages from [https://packages.unity.com]:
    com.unity.2d.pixel-perfect@5.1.1 (location: /Users/jangyoung/orca/Abyssal-Surge/Library/PackageCache/com.unity.2d.pixel-perfect@5.1.1)
    com.unity.2d.tilemap.extras@3.1.3 (location: /Users/jangyoung/orca/Abyssal-Surge/Library/PackageCache/com.unity.2d.tilemap.extras@3.1.3)
    com.unity.collab-proxy@2.12.4 (location: /Users/jangyoung/orca/Abyssal-Surge/Library/PackageCache/com.unity.collab-proxy@2.12.4)
    com.unity.ide.rider@3.0.36 (location: /Users/jangyoung/orca/Abyssal-Surge/Library/PackageCache/com.unity.ide.rider@3.0.36)
    com.unity.ide.visualstudio@2.0.22 (location: /Users/jangyoung/orca/Abyssal-Surge/Library/PackageCache/com.unity.ide.visualstudio@2.0.22)
    com.unity.ide.vscode@1.2.5 (location: /Users/jangyoung/orca/Abyssal-Surge/Library/PackageCache/com.unity.ide.vscode@1.2.5)
    com.unity.purchasing@5.4.1 (location: /Users/jangyoung/orca/Abyssal-Surge/Library/PackageCache/com.unity.purchasing@5.4.1)
    com.unity.test-framework@1.1.33 (location: /Users/jangyoung/orca/Abyssal-Surge/Library/PackageCache/com.unity.test-framework@1.1.33)
    com.unity.textmeshpro@3.0.7 (location: /Users/jangyoung/orca/Abyssal-Surge/Library/PackageCache/com.unity.textmeshpro@3.0.7)
    com.unity.visualscripting@1.9.4 (location: /Users/jangyoung/orca/Abyssal-Surge/Library/PackageCache/com.unity.visualscripting@1.9.4)
    com.unity.ext.nunit@1.0.6 (location: /Users/jangyoung/orca/Abyssal-Surge/Library/PackageCache/com.unity.ext.nunit@1.0.6)
    com.unity.mathematics@1.2.6 (location: /Users/jangyoung/orca/Abyssal-Surge/Library/PackageCache/com.unity.mathematics@1.2.6)
    com.unity.burst@1.8.21 (location: /Users/jangyoung/orca/Abyssal-Surge/Library/PackageCache/com.unity.burst@1.8.21)
    com.unity.services.core@1.18.0 (location: /Users/jangyoung/orca/Abyssal-Surge/Library/PackageCache/com.unity.services.core@1.18.0)
    com.unity.timeline@1.8.12 (location: /Users/jangyoung/orca/Abyssal-Surge/Library/PackageCache/com.unity.timeline@1.8.12)
    com.unity.splines@2.8.4 (location: /Users/jangyoung/orca/Abyssal-Surge/Library/PackageCache/com.unity.splines@2.8.4)
    com.unity.probuilder@5.2.4 (location: /Users/jangyoung/orca/Abyssal-Surge/Library/PackageCache/com.unity.probuilder@5.2.4)
    com.unity.ai.navigation@1.1.7 (location: /Users/jangyoung/orca/Abyssal-Surge/Library/PackageCache/com.unity.ai.navigation@1.1.7)
    com.unity.inputsystem@1.14.0 (location: /Users/jangyoung/orca/Abyssal-Surge/Library/PackageCache/com.unity.inputsystem@1.14.0)
    com.unity.cinemachine@3.1.6 (location: /Users/jangyoung/orca/Abyssal-Surge/Library/PackageCache/com.unity.cinemachine@3.1.6)
    com.unity.searcher@4.9.2 (location: /Users/jangyoung/orca/Abyssal-Surge/Library/PackageCache/com.unity.searcher@4.9.2)
    com.unity.nuget.newtonsoft-json@3.2.2 (location: /Users/jangyoung/orca/Abyssal-Surge/Library/PackageCache/com.unity.nuget.newtonsoft-json@3.2.2)
    com.unity.settings-manager@2.1.0 (location: /Users/jangyoung/orca/Abyssal-Surge/Library/PackageCache/com.unity.settings-manager@2.1.0)
  Built-in packages:
    com.unity.render-pipelines.universal@14.0.12 (location: /Users/jangyoung/orca/Abyssal-Surge/Library/PackageCache/com.unity.render-pipelines.universal@14.0.12)
    com.unity.ugui@1.0.0 (location: /Users/jangyoung/orca/Abyssal-Surge/Library/PackageCache/com.unity.ugui@1.0.0)
    com.unity.modules.ai@1.0.0 (location: /Users/jangyoung/orca/Abyssal-Surge/Library/PackageCache/com.unity.modules.ai@1.0.0)
    com.unity.modules.androidjni@1.0.0 (location: /Users/jangyoung/orca/Abyssal-Surge/Library/PackageCache/com.unity.modules.androidjni@1.0.0)
    com.unity.modules.animation@1.0.0 (location: /Users/jangyoung/orca/Abyssal-Surge/Library/PackageCache/com.unity.modules.animation@1.0.0)
    com.unity.modules.assetbundle@1.0.0 (location: /Users/jangyoung/orca/Abyssal-Surge/Library/PackageCache/com.unity.modules.assetbundle@1.0.0)
    com.unity.modules.audio@1.0.0 (location: /Users/jangyoung/orca/Abyssal-Surge/Library/PackageCache/com.unity.modules.audio@1.0.0)
    com.unity.modules.cloth@1.0.0 (location: /Users/jangyoung/orca/Abyssal-Surge/Library/PackageCache/com.unity.modules.cloth@1.0.0)
    com.unity.modules.director@1.0.0 (location: /Users/jangyoung/orca/Abyssal-Surge/Library/PackageCache/com.unity.modules.director@1.0.0)
    com.unity.modules.imageconversion@1.0.0 (location: /Users/jangyoung/orca/Abyssal-Surge/Library/PackageCache/com.unity.modules.imageconversion@1.0.0)
    com.unity.modules.imgui@1.0.0 (location: /Users/jangyoung/orca/Abyssal-Surge/Library/PackageCache/com.unity.modules.imgui@1.0.0)
    com.unity.modules.jsonserialize@1.0.0 (location: /Users/jangyoung/orca/Abyssal-Surge/Library/PackageCache/com.unity.modules.jsonserialize@1.0.0)
    com.unity.modules.particlesystem@1.0.0 (location: /Users/jangyoung/orca/Abyssal-Surge/Library/PackageCache/com.unity.modules.particlesystem@1.0.0)
    com.unity.modules.physics@1.0.0 (location: /Users/jangyoung/orca/Abyssal-Surge/Library/PackageCache/com.unity.modules.physics@1.0.0)
    com.unity.modules.physics2d@1.0.0 (location: /Users/jangyoung/orca/Abyssal-Surge/Library/PackageCache/com.unity.modules.physics2d@1.0.0)
    com.unity.modules.screencapture@1.0.0 (location: /Users/jangyoung/orca/Abyssal-Surge/Library/PackageCache/com.unity.modules.screencapture@1.0.0)
    com.unity.modules.terrain@1.0.0 (location: /Users/jangyoung/orca/Abyssal-Surge/Library/PackageCache/com.unity.modules.terrain@1.0.0)
    com.unity.modules.terrainphysics@1.0.0 (location: /Users/jangyoung/orca/Abyssal-Surge/Library/PackageCache/com.unity.modules.terrainphysics@1.0.0)
    com.unity.modules.tilemap@1.0.0 (location: /Users/jangyoung/orca/Abyssal-Surge/Library/PackageCache/com.unity.modules.tilemap@1.0.0)
    com.unity.modules.ui@1.0.0 (location: /Users/jangyoung/orca/Abyssal-Surge/Library/PackageCache/com.unity.modules.ui@1.0.0)
    com.unity.modules.uielements@1.0.0 (location: /Users/jangyoung/orca/Abyssal-Surge/Library/PackageCache/com.unity.modules.uielements@1.0.0)
    com.unity.modules.umbra@1.0.0 (location: /Users/jangyoung/orca/Abyssal-Surge/Library/PackageCache/com.unity.modules.umbra@1.0.0)
    com.unity.modules.unityanalytics@1.0.0 (location: /Users/jangyoung/orca/Abyssal-Surge/Library/PackageCache/com.unity.modules.unityanalytics@1.0.0)
    com.unity.modules.unitywebrequest@1.0.0 (location: /Users/jangyoung/orca/Abyssal-Surge/Library/PackageCache/com.unity.modules.unitywebrequest@1.0.0)
    com.unity.modules.unitywebrequestassetbundle@1.0.0 (location: /Users/jangyoung/orca/Abyssal-Surge/Library/PackageCache/com.unity.modules.unitywebrequestassetbundle@1.0.0)
    com.unity.modules.unitywebrequestaudio@1.0.0 (location: /Users/jangyoung/orca/Abyssal-Surge/Library/PackageCache/com.unity.modules.unitywebrequestaudio@1.0.0)
    com.unity.modules.unitywebrequesttexture@1.0.0 (location: /Users/jangyoung/orca/Abyssal-Surge/Library/PackageCache/com.unity.modules.unitywebrequesttexture@1.0.0)
    com.unity.modules.unitywebrequestwww@1.0.0 (location: /Users/jangyoung/orca/Abyssal-Surge/Library/PackageCache/com.unity.modules.unitywebrequestwww@1.0.0)
    com.unity.modules.vehicles@1.0.0 (location: /Users/jangyoung/orca/Abyssal-Surge/Library/PackageCache/com.unity.modules.vehicles@1.0.0)
    com.unity.modules.video@1.0.0 (location: /Users/jangyoung/orca/Abyssal-Surge/Library/PackageCache/com.unity.modules.video@1.0.0)
    com.unity.modules.vr@1.0.0 (location: /Users/jangyoung/orca/Abyssal-Surge/Library/PackageCache/com.unity.modules.vr@1.0.0)
    com.unity.modules.wind@1.0.0 (location: /Users/jangyoung/orca/Abyssal-Surge/Library/PackageCache/com.unity.modules.wind@1.0.0)
    com.unity.modules.xr@1.0.0 (location: /Users/jangyoung/orca/Abyssal-Surge/Library/PackageCache/com.unity.modules.xr@1.0.0)
    com.unity.modules.subsystems@1.0.0 (location: /Users/jangyoung/orca/Abyssal-Surge/Library/PackageCache/com.unity.modules.subsystems@1.0.0)
    com.unity.render-pipelines.core@14.0.12 (location: /Users/jangyoung/orca/Abyssal-Surge/Library/PackageCache/com.unity.render-pipelines.core@14.0.12)
    com.unity.shadergraph@14.0.12 (location: /Users/jangyoung/orca/Abyssal-Surge/Library/PackageCache/com.unity.shadergraph@14.0.12)
    com.unity.render-pipelines.universal-config@14.0.10 (location: /Users/jangyoung/orca/Abyssal-Surge/Library/PackageCache/com.unity.render-pipelines.universal-config@14.0.10)
    com.unity.2d.tilemap@1.0.0 (location: /Users/jangyoung/orca/Abyssal-Surge/Library/PackageCache/com.unity.2d.tilemap@1.0.0)
[Subsystems] No new subsystems found in resolved package list.
Package Manager log level set to [2]
[Package Manager] Done registering packages in 0.19 seconds
Refreshing native plugins compatible for Editor in 60.79 ms, found 3 plugins.
Preloading 0 native plugins for Editor in 0.00 ms.
Initialize engine version: 2022.3.62f2 (7670c08855a9)
[Subsystems] Discovering subsystems at path /Applications/Unity/Hub/Editor/2022.3.62f2/Unity.app/Contents/Resources/UnitySubsystems
[Subsystems] Discovering subsystems at path /Users/jangyoung/orca/Abyssal-Surge/Assets
Forcing GfxDevice: Null
GfxDevice: creating device client; threaded=0; jobified=0
NullGfxDevice:
    Version:  NULL 1.0 [1.0]
    Renderer: Null Device
    Vendor:   Unity Technologies
Shader Hidden/ProbeVolume/VoxelizeScene is not supported: GPU does not support conservative rasterization
[Licensing::Client] Successfully resolved entitlement details
Initialize mono
Mono path[0] = '/Applications/Unity/Hub/Editor/2022.3.62f2/Unity.app/Contents/Managed'
Mono path[1] = '/Applications/Unity/Hub/Editor/2022.3.62f2/Unity.app/Contents/MonoBleedingEdge/lib/mono/unityjit-macos'
Mono config path = '/Applications/Unity/Hub/Editor/2022.3.62f2/Unity.app/Contents/MonoBleedingEdge/etc'
Using monoOptions --debugger-agent=transport=dt_socket,embedding=1,server=y,suspend=n,address=127.0.0.1:56060
Using cacheserver namespaces - metadata:defaultmetadata, artifacts:defaultartifacts
Using cacheserver namespaces - metadata:defaultmetadata, artifacts:defaultartifacts
ImportWorker Server TCP listen port: 0
Begin MonoManager ReloadAssembly
Registering precompiled unity dll's ...
Register platform support module: /Applications/Unity/Hub/Editor/2022.3.62f2/PlaybackEngines/WebGLSupport/UnityEditor.WebGL.Extensions.dll
Register platform support module: /Applications/Unity/Hub/Editor/2022.3.62f2/Unity.app/Contents/PlaybackEngines/MacStandaloneSupport/UnityEditor.OSXStandalone.Extensions.dll
Registered in 0.003173 seconds.
- Loaded All Assemblies, in  0.278 seconds
Native extension for OSXStandalone target not found
Native extension for WebGL target not found
Mono: successfully reloaded assembly
- Finished resetting the current domain, in  0.162 seconds
Domain Reload Profiling: 440ms
	BeginReloadAssembly (94ms)
		ExecutionOrderSort (0ms)
		DisableScriptedObjects (0ms)
		BackupInstance (0ms)
		ReleaseScriptingObjects (0ms)
		CreateAndSetChildDomain (1ms)
	RebuildCommonClasses (26ms)
	RebuildNativeTypeToScriptingClass (7ms)
	initialDomainReloadingComplete (40ms)
	LoadAllAssembliesAndSetupDomain (110ms)
		LoadAssemblies (95ms)
		RebuildTransferFunctionScriptingTraits (0ms)
		AnalyzeDomain (107ms)
			TypeCache.Refresh (105ms)
				TypeCache.ScanAssembly (89ms)
			ScanForSourceGeneratedMonoScriptInfo (0ms)
			ResolveRequiredComponents (1ms)
	FinalizeReload (162ms)
		ReleaseScriptCaches (0ms)
		RebuildScriptCaches (0ms)
		SetupLoadedEditorAssemblies (133ms)
			LogAssemblyErrors (0ms)
			InitializePlatformSupportModulesInManaged (8ms)
			SetLoadedEditorAssemblies (4ms)
			RefreshPlugins (0ms)
			BeforeProcessingInitializeOnLoad (1ms)
			ProcessInitializeOnLoadAttributes (90ms)
			ProcessInitializeOnLoadMethodAttributes (29ms)
			AfterProcessingInitializeOnLoad (0ms)
			EditorAssembliesLoaded (0ms)
		ExecutionOrderSort2 (0ms)
		AwakeInstancesAfterBackupRestoration (0ms)
[Licensing::Client] Successfully resolved entitlement details
Application.AssetDatabase Initial Refresh Start
Assembly reference Packages/com.unity.cinemachine/Editor/Samples/ExposeHDRPInternals/HDRP-Editor-ref.asmref has no target assembly definition
Assembly reference Packages/com.unity.cinemachine/Editor/Samples/ExposeHDRPInternals/HDRP-Editor-ref.asmref has no target assembly definition
[ScriptCompilation] Requested script compilation because: Assetdatabase observed changes in script compilation related files
[40m[32minfo[39m[22m[49m: Microsoft.Hosting.Lifetime[14]
      Now listening on: http://unix:/tmp/ilpp.sock-37085d6b862dd5a1fa1750a0d3c18b89
[40m[32minfo[39m[22m[49m: Microsoft.Hosting.Lifetime[0]
      Application started. Press Ctrl+C to shut down.
[40m[32minfo[39m[22m[49m: Microsoft.Hosting.Lifetime[0]
      Hosting environment: Production
[40m[32minfo[39m[22m[49m: Microsoft.Hosting.Lifetime[0]
      Content root path: /Users/jangyoung/orca/Abyssal-Surge/
[40m[32minfo[39m[22m[49m: Microsoft.AspNetCore.Hosting.Diagnostics[1]
      Request starting HTTP/2 POST http://ilpp/UnityILPP.PostProcessing/Ping application/grpc -
[40m[32minfo[39m[22m[49m: Microsoft.AspNetCore.Routing.EndpointMiddleware[0]
      Executing endpoint 'gRPC - /UnityILPP.PostProcessing/Ping'
[40m[32minfo[39m[22m[49m: Microsoft.AspNetCore.Routing.EndpointMiddleware[1]
      Executed endpoint 'gRPC - /UnityILPP.PostProcessing/Ping'
[40m[32minfo[39m[22m[49m: Microsoft.AspNetCore.Hosting.Diagnostics[2]
      Request finished HTTP/2 POST http://ilpp/UnityILPP.PostProcessing/Ping application/grpc - - 200 - application/grpc 56.5905ms
Starting: /Applications/Unity/Hub/Editor/2022.3.62f2/Unity.app/Contents/bee_backend --ipc --defer-dag-verification --dagfile="Library/Bee/2000b0aEDbg.dag" --continue-on-failure --profile="Library/Bee/backend1.traceevents" ScriptAssemblies
WorkingDir: /Users/jangyoung/orca/Abyssal-Surge
DisplayProgressbar: Compiling Scripts
[40m[32minfo[39m[22m[49m: Microsoft.AspNetCore.Hosting.Diagnostics[1]
      Request starting HTTP/2 POST http://ilpp/UnityILPP.PostProcessing/ConfigurePostProcessors application/grpc -
[40m[32minfo[39m[22m[49m: Microsoft.AspNetCore.Routing.EndpointMiddleware[0]
      Executing endpoint 'gRPC - /UnityILPP.PostProcessing/ConfigurePostProcessors'
[40m[1m[33mwarn[39m[22m[49m: Unity.ILPP.Runner.PostProcessingAssemblyLoadContext[0]
      Assembly system.runtime.interopservices.windowsruntime has duplicate hint path. Ignoring "/Applications/Unity/Hub/Editor/2022.3.62f2/Unity.app/Contents/UnityReferenceAssemblies/unity-4.8-api/Facades/System.Runtime.InteropServices.WindowsRuntime.dll" in favor of "/Applications/Unity/Hub/Editor/2022.3.62f2/Unity.app/Contents/NetStandard/Extensions/2.0.0/System.Runtime.InteropServices.WindowsRuntime.dll"
[40m[1m[33mwarn[39m[22m[49m: Unity.ILPP.Runner.PostProcessingAssemblyLoadContext[0]
      Assembly system.componentmodel.composition has duplicate hint path. Ignoring "/Applications/Unity/Hub/Editor/2022.3.62f2/Unity.app/Contents/UnityReferenceAssemblies/unity-4.8-api/System.ComponentModel.Composition.dll" in favor of "/Applications/Unity/Hub/Editor/2022.3.62f2/Unity.app/Contents/NetStandard/compat/2.1.0/shims/netfx/System.ComponentModel.Composition.dll"
[40m[32minfo[39m[22m[49m: Unity.ILPP.Runner.PostProcessingAssemblyLoadContext[0]
      Resolved Unity.Burst.Cecil, Version=0.11.4.0, Culture=neutral, PublicKeyToken=50cebf1cceb9d05e with Library/PackageCache/com.unity.burst@1.8.21/Unity.Burst.CodeGen/Unity.Burst.Cecil.dll
[40m[32minfo[39m[22m[49m: Microsoft.AspNetCore.Routing.EndpointMiddleware[1]
      Executed endpoint 'gRPC - /UnityILPP.PostProcessing/ConfigurePostProcessors'
[40m[32minfo[39m[22m[49m: Microsoft.AspNetCore.Hosting.Diagnostics[2]
      Request finished HTTP/2 POST http://ilpp/UnityILPP.PostProcessing/ConfigurePostProcessors application/grpc - - 200 - application/grpc 18.3736ms
[40m[32minfo[39m[22m[49m: Microsoft.AspNetCore.Hosting.Diagnostics[1]
      Request starting HTTP/2 POST http://ilpp/UnityILPP.PostProcessing/PostProcessAssembly application/grpc -
[40m[32minfo[39m[22m[49m: Microsoft.AspNetCore.Routing.EndpointMiddleware[0]
      Executing endpoint 'gRPC - /UnityILPP.PostProcessing/PostProcessAssembly'
[40m[32minfo[39m[22m[49m: Unity.ILPP.Runner.PostProcessingPipeline[0]
      Processing assembly Library/Bee/artifacts/2000b0aEDbg.dag/CastleBusters.EditModeTests.dll, with 102 defines and 223 references
[40m[32minfo[39m[22m[49m: Unity.ILPP.Runner.PostProcessingPipeline[0]
      processors: zzzUnity.Burst.CodeGen.BurstILPostProcessor
[40m[32minfo[39m[22m[49m: Unity.ILPP.Runner.PostProcessingPipeline[0]
      running zzzUnity.Burst.CodeGen.BurstILPostProcessor
[40m[32minfo[39m[22m[49m: Microsoft.AspNetCore.Routing.EndpointMiddleware[1]
      Executed endpoint 'gRPC - /UnityILPP.PostProcessing/PostProcessAssembly'
[40m[32minfo[39m[22m[49m: Microsoft.AspNetCore.Hosting.Diagnostics[2]
      Request finished HTTP/2 POST http://ilpp/UnityILPP.PostProcessing/PostProcessAssembly application/grpc - - 200 - application/grpc 14.4669ms
ExitCode: 0 Duration: 1s433ms
[ 917/1258  0s] ILPP-Configuration Library/ilpp-configuration.nevergeneratedoutput
[1254/1258  1s] Csc Library/Bee/artifacts/2000b0aEDbg.dag/CastleBusters.EditModeTests.dll (+2 others)
[1255/1258  0s] ILPostProcess Library/Bee/artifacts/2000b0aEDbg.dag/post-processed/CastleBusters.EditModeTests.dll (+pdb)
Processing assembly Library/Bee/artifacts/2000b0aEDbg.dag/CastleBusters.EditModeTests.dll, with 102 defines and 223 references
processors: zzzUnity.Burst.CodeGen.BurstILPostProcessor
running zzzUnity.Burst.CodeGen.BurstILPostProcessor
[1256/1258  0s] CopyFiles Library/ScriptAssemblies/CastleBusters.EditModeTests.dll
[1257/1258  0s] CopyFiles Library/ScriptAssemblies/CastleBusters.EditModeTests.pdb
*** Tundra build success (1.42 seconds), 5 items updated, 1258 evaluated
AssetDatabase: script compilation time: 2.197382s
Total cache size 265057198
Total cache size after purge 265057198
Assembly reference Packages/com.unity.cinemachine/Editor/Samples/ExposeHDRPInternals/HDRP-Editor-ref.asmref has no target assembly definition
Begin MonoManager ReloadAssembly
Symbol file LoadedFromMemory is not a mono symbol file
- Loaded All Assemblies, in  0.765 seconds
Refreshing native plugins compatible for Editor in 6.73 ms, found 3 plugins.
Preloading 0 native plugins for Editor in 0.00 ms.
Start importing Assets/Tests/EditMode/CastleCoreVolleyCapTests.cs using Guid(b64d55a476ed14177830ada89cb62c62) Importer(-1,00000000000000000000000000000000) [PhysX] Initialized MultithreadedTaskDispatcher with 12 workers.
 -> (artifact id: '59f3e79d09ff43774e31dfb96ba5d67c') in 0.009405 seconds
Refreshing native plugins compatible for Editor in 6.12 ms, found 3 plugins.
Native extension for OSXStandalone target not found
Native extension for WebGL target not found
Assembly reference Packages/com.unity.cinemachine/Editor/Samples/ExposeHDRPInternals/HDRP-Editor-ref.asmref has no target assembly definition
<color=#ffaa00>warn:</color> [19:43:29:6682] <color=#B4FF32>[AI]</color> <color=#48C9B0><b>McpManagerClientHub</b></color> ConnectionManager[cea2f490-ca28-499b-9baa-5ce468de2abe] EnsureConnection Connection not available and auto-reconnect disabled for endpoint: /hub/mcp-server
UnityEngine.StackTraceUtility:ExtractStackTrace () (at /Users/bokken/build/output/unity/unity/Runtime/Export/Scripting/StackTrace.cs:37)
UnityEngine.DebugLogHandler:LogFormat (UnityEngine.LogType,UnityEngine.Object,string,object[])
UnityEngine.Logger:Log (UnityEngine.LogType,object)
UnityEngine.Debug:LogWarning (object)
com.IvanMurzak.Unity.MCP.Utils.UnityLogger:Log<Microsoft.Extensions.Logging.FormattedLogValues> (Microsoft.Extensions.Logging.LogLevel,Microsoft.Extensions.Logging.EventId,Microsoft.Extensions.Logging.FormattedLogValues,System.Exception,System.Func`3<Microsoft.Extensions.Logging.FormattedLogValues, System.Exception, string>) (at ./Library/PackageCache/com.ivanmurzak.unity.mcp@0.87.0/Runtime/Logger/UnityLogger.cs:125)
Microsoft.Extensions.Logging.Logger:<Log>g__LoggerLog|14_0<Microsoft.Extensions.Logging.FormattedLogValues> (Microsoft.Extensions.Logging.LogLevel,Microsoft.Extensions.Logging.EventId,Microsoft.Extensions.Logging.ILogger,System.Exception,System.Func`3<Microsoft.Extensions.Logging.FormattedLogValues, System.Exception, string>,System.Collections.Generic.List`1<System.Exception>&,Microsoft.Extensions.Logging.FormattedLogValues&)
Microsoft.Extensions.Logging.Logger:Log<Microsoft.Extensions.Logging.FormattedLogValues> (Microsoft.Extensions.Logging.LogLevel,Microsoft.Extensions.Logging.EventId,Microsoft.Extensions.Logging.FormattedLogValues,System.Exception,System.Func`3<Microsoft.Extensions.Logging.FormattedLogValues, System.Exception, string>)
Microsoft.Extensions.Logging.Logger`1<com.IvanMurzak.McpPlugin.McpManagerClientHub>:Microsoft.Extensions.Logging.ILogger.Log<Microsoft.Extensions.Logging.FormattedLogValues> (Microsoft.Extensions.Logging.LogLevel,Microsoft.Extensions.Logging.EventId,Microsoft.Extensions.Logging.FormattedLogValues,System.Exception,System.Func`3<Microsoft.Extensions.Logging.FormattedLogValues, System.Exception, string>)
Microsoft.Extensions.Logging.LoggerExtensions:Log (Microsoft.Extensions.Logging.ILogger,Microsoft.Extensions.Logging.LogLevel,Microsoft.Extensions.Logging.EventId,System.Exception,string,object[])
Microsoft.Extensions.Logging.LoggerExtensions:Log (Microsoft.Extensions.Logging.ILogger,Microsoft.Extensions.Logging.LogLevel,string,object[])
Microsoft.Extensions.Logging.LoggerExtensions:LogWarning (Microsoft.Extensions.Logging.ILogger,string,object[])
com.IvanMurzak.McpPlugin.ConnectionManager/<EnsureConnection>d__3:MoveNext ()
System.Runtime.CompilerServices.AsyncTaskMethodBuilder`1<bool>:Start<com.IvanMurzak.McpPlugin.ConnectionManager/<EnsureConnection>d__3> (com.IvanMurzak.McpPlugin.ConnectionManager/<EnsureConnection>d__3&)
com.IvanMurzak.McpPlugin.ConnectionManager:EnsureConnection (System.Threading.CancellationToken)
com.IvanMurzak.McpPlugin.ConnectionManager/<InvokeAsync>d__58`2<com.IvanMurzak.McpPlugin.Common.Model.RequestToolsUpdated, com.IvanMurzak.McpPlugin.Common.Model.ResponseData>:MoveNext ()
System.Runtime.CompilerServices.AsyncTaskMethodBuilder`1<com.IvanMurzak.McpPlugin.Common.Model.ResponseData>:Start<com.IvanMurzak.McpPlugin.ConnectionManager/<InvokeAsync>d__58`2<com.IvanMurzak.McpPlugin.Common.Model.RequestToolsUpdated, com.IvanMurzak.McpPlugin.Common.Model.ResponseData>> (com.IvanMurzak.McpPlugin.ConnectionManager/<InvokeAsync>d__58`2<com.IvanMurzak.McpPlugin.Common.Model.RequestToolsUpdated, com.IvanMurzak.McpPlugin.Common.Model.ResponseData>&)
com.IvanMurzak.McpPlugin.ConnectionManager:InvokeAsync<com.IvanMurzak.McpPlugin.Common.Model.RequestToolsUpdated, com.IvanMurzak.McpPlugin.Common.Model.ResponseData> (string,com.IvanMurzak.McpPlugin.Common.Model.RequestToolsUpdated,System.Threading.CancellationToken)
com.IvanMurzak.McpPlugin.McpManagerClientHub:NotifyAboutUpdatedTools (com.IvanMurzak.McpPlugin.Common.Model.RequestToolsUpdated,System.Threading.CancellationToken)
com.IvanMurzak.McpPlugin.McpManagerClientHub:NotifyAboutUpdatedTools (com.IvanMurzak.McpPlugin.Common.Model.RequestToolsUpdated)
com.IvanMurzak.McpPlugin.McpPlugin/<<-ctor>b__29_4>d:MoveNext ()
System.Runtime.CompilerServices.AsyncVoidMethodBuilder:Start<com.IvanMurzak.McpPlugin.McpPlugin/<<-ctor>b__29_4>d> (com.IvanMurzak.McpPlugin.McpPlugin/<<-ctor>b__29_4>d&)
com.IvanMurzak.McpPlugin.McpPlugin:<.ctor>b__29_4 (R3.Unit)
R3.AnonymousObserver`1<R3.Unit>:OnNextCore (R3.Unit)
R3.Observer`1<R3.Unit>:OnNext (R3.Unit)
R3.ThrottleFirst`1/_ThrottleFirst<R3.Unit>:OnNextCore (R3.Unit)
R3.Observer`1<R3.Unit>:OnNext (R3.Unit)
R3.Subject`1<R3.Unit>:OnNext (R3.Unit)
com.IvanMurzak.McpPlugin.McpToolManager:SetToolEnabled (string,bool)
com.IvanMurzak.Unity.MCP.UnityMcpPlugin:ApplyConfigToMcpPlugin (com.IvanMurzak.McpPlugin.IMcpPlugin) (at ./Library/PackageCache/com.ivanmurzak.unity.mcp@0.87.0/Runtime/UnityMcpPlugin.Build.cs:211)
com.IvanMurzak.Unity.MCP.UnityMcpPluginEditor:BuildMcpPluginIfNeeded () (at ./Library/PackageCache/com.ivanmurzak.unity.mcp@0.87.0/Editor/Scripts/UnityMcpPluginEditor.Build.cs:74)
com.IvanMurzak.Unity.MCP.Editor.Startup:.cctor () (at ./Library/PackageCache/com.ivanmurzak.unity.mcp@0.87.0/Editor/Scripts/Startup.cs:29)
System.Runtime.CompilerServices.RuntimeHelpers:RunClassConstructor (System.RuntimeTypeHandle)
UnityEditor.EditorAssemblies:ProcessInitializeOnLoadAttributes (System.Type[]) (at /Users/bokken/build/output/unity/unity/Editor/Mono/EditorAssemblies.cs:119)

(Filename: ./Library/PackageCache/com.ivanmurzak.unity.mcp@0.87.0/Runtime/UnityMcpPlugin.Build.cs Line: 211)

<color=#ffaa00>warn:</color> [19:43:29:6862] <color=#B4FF32>[AI]</color> <color=#48C9B0><b>McpManagerClientHub</b></color> ConnectionManager[cea2f490-ca28-499b-9baa-5ce468de2abe] EnsureConnection Connection not available and auto-reconnect disabled for endpoint: /hub/mcp-server
UnityEngine.StackTraceUtility:ExtractStackTrace () (at /Users/bokken/build/output/unity/unity/Runtime/Export/Scripting/StackTrace.cs:37)
UnityEngine.DebugLogHandler:LogFormat (UnityEngine.LogType,UnityEngine.Object,string,object[])
UnityEngine.Logger:Log (UnityEngine.LogType,object)
UnityEngine.Debug:LogWarning (object)
com.IvanMurzak.Unity.MCP.Utils.UnityLogger:Log<Microsoft.Extensions.Logging.FormattedLogValues> (Microsoft.Extensions.Logging.LogLevel,Microsoft.Extensions.Logging.EventId,Microsoft.Extensions.Logging.FormattedLogValues,System.Exception,System.Func`3<Microsoft.Extensions.Logging.FormattedLogValues, System.Exception, string>) (at ./Library/PackageCache/com.ivanmurzak.unity.mcp@0.87.0/Runtime/Logger/UnityLogger.cs:125)
Microsoft.Extensions.Logging.Logger:<Log>g__LoggerLog|14_0<Microsoft.Extensions.Logging.FormattedLogValues> (Microsoft.Extensions.Logging.LogLevel,Microsoft.Extensions.Logging.EventId,Microsoft.Extensions.Logging.ILogger,System.Exception,System.Func`3<Microsoft.Extensions.Logging.FormattedLogValues, System.Exception, string>,System.Collections.Generic.List`1<System.Exception>&,Microsoft.Extensions.Logging.FormattedLogValues&)
Microsoft.Extensions.Logging.Logger:Log<Microsoft.Extensions.Logging.FormattedLogValues> (Microsoft.Extensions.Logging.LogLevel,Microsoft.Extensions.Logging.EventId,Microsoft.Extensions.Logging.FormattedLogValues,System.Exception,System.Func`3<Microsoft.Extensions.Logging.FormattedLogValues, System.Exception, string>)
Microsoft.Extensions.Logging.Logger`1<com.IvanMurzak.McpPlugin.McpManagerClientHub>:Microsoft.Extensions.Logging.ILogger.Log<Microsoft.Extensions.Logging.FormattedLogValues> (Microsoft.Extensions.Logging.LogLevel,Microsoft.Extensions.Logging.EventId,Microsoft.Extensions.Logging.FormattedLogValues,System.Exception,System.Func`3<Microsoft.Extensions.Logging.FormattedLogValues, System.Exception, string>)
Microsoft.Extensions.Logging.LoggerExtensions:Log (Microsoft.Extensions.Logging.ILogger,Microsoft.Extensions.Logging.LogLevel,Microsoft.Extensions.Logging.EventId,System.Exception,string,object[])
Microsoft.Extensions.Logging.LoggerExtensions:Log (Microsoft.Extensions.Logging.ILogger,Microsoft.Extensions.Logging.LogLevel,string,object[])
Microsoft.Extensions.Logging.LoggerExtensions:LogWarning (Microsoft.Extensions.Logging.ILogger,string,object[])
com.IvanMurzak.McpPlugin.ConnectionManager/<EnsureConnection>d__3:MoveNext ()
System.Runtime.CompilerServices.AsyncTaskMethodBuilder`1<bool>:Start<com.IvanMurzak.McpPlugin.ConnectionManager/<EnsureConnection>d__3> (com.IvanMurzak.McpPlugin.ConnectionManager/<EnsureConnection>d__3&)
com.IvanMurzak.McpPlugin.ConnectionManager:EnsureConnection (System.Threading.CancellationToken)
com.IvanMurzak.McpPlugin.ConnectionManager/<InvokeAsync>d__58`2<com.IvanMurzak.McpPlugin.Common.Model.RequestPromptsUpdated, com.IvanMurzak.McpPlugin.Common.Model.ResponseData>:MoveNext ()
System.Runtime.CompilerServices.AsyncTaskMethodBuilder`1<com.IvanMurzak.McpPlugin.Common.Model.ResponseData>:Start<com.IvanMurzak.McpPlugin.ConnectionManager/<InvokeAsync>d__58`2<com.IvanMurzak.McpPlugin.Common.Model.RequestPromptsUpdated, com.IvanMurzak.McpPlugin.Common.Model.ResponseData>> (com.IvanMurzak.McpPlugin.ConnectionManager/<InvokeAsync>d__58`2<com.IvanMurzak.McpPlugin.Common.Model.RequestPromptsUpdated, com.IvanMurzak.McpPlugin.Common.Model.ResponseData>&)
com.IvanMurzak.McpPlugin.ConnectionManager:InvokeAsync<com.IvanMurzak.McpPlugin.Common.Model.RequestPromptsUpdated, com.IvanMurzak.McpPlugin.Common.Model.ResponseData> (string,com.IvanMurzak.McpPlugin.Common.Model.RequestPromptsUpdated,System.Threading.CancellationToken)
com.IvanMurzak.McpPlugin.McpManagerClientHub:NotifyAboutUpdatedPrompts (com.IvanMurzak.McpPlugin.Common.Model.RequestPromptsUpdated,System.Threading.CancellationToken)
com.IvanMurzak.McpPlugin.McpManagerClientHub:NotifyAboutUpdatedPrompts (com.IvanMurzak.McpPlugin.Common.Model.RequestPromptsUpdated)
com.IvanMurzak.McpPlugin.McpPlugin/<<-ctor>b__29_5>d:MoveNext ()
System.Runtime.CompilerServices.AsyncVoidMethodBuilder:Start<com.IvanMurzak.McpPlugin.McpPlugin/<<-ctor>b__29_5>d> (com.IvanMurzak.McpPlugin.McpPlugin/<<-ctor>b__29_5>d&)
com.IvanMurzak.McpPlugin.McpPlugin:<.ctor>b__29_5 (R3.Unit)
R3.AnonymousObserver`1<R3.Unit>:OnNextCore (R3.Unit)
R3.Observer`1<R3.Unit>:OnNext (R3.Unit)
R3.ThrottleFirst`1/_ThrottleFirst<R3.Unit>:OnNextCore (R3.Unit)
R3.Observer`1<R3.Unit>:OnNext (R3.Unit)
R3.Subject`1<R3.Unit>:OnNext (R3.Unit)
com.IvanMurzak.McpPlugin.McpPromptManager:SetPromptEnabled (string,bool)
com.IvanMurzak.Unity.MCP.UnityMcpPlugin:ApplyConfigToMcpPlugin (com.IvanMurzak.McpPlugin.IMcpPlugin) (at ./Library/PackageCache/com.ivanmurzak.unity.mcp@0.87.0/Runtime/UnityMcpPlugin.Build.cs:226)
com.IvanMurzak.Unity.MCP.UnityMcpPluginEditor:BuildMcpPluginIfNeeded () (at ./Library/PackageCache/com.ivanmurzak.unity.mcp@0.87.0/Editor/Scripts/UnityMcpPluginEditor.Build.cs:74)
com.IvanMurzak.Unity.MCP.Editor.Startup:.cctor () (at ./Library/PackageCache/com.ivanmurzak.unity.mcp@0.87.0/Editor/Scripts/Startup.cs:29)
System.Runtime.CompilerServices.RuntimeHelpers:RunClassConstructor (System.RuntimeTypeHandle)
UnityEditor.EditorAssemblies:ProcessInitializeOnLoadAttributes (System.Type[]) (at /Users/bokken/build/output/unity/unity/Editor/Mono/EditorAssemblies.cs:119)

(Filename: ./Library/PackageCache/com.ivanmurzak.unity.mcp@0.87.0/Runtime/UnityMcpPlugin.Build.cs Line: 226)

<color=#ffaa00>warn:</color> [19:43:29:6874] <color=#B4FF32>[AI]</color> <color=#48C9B0><b>McpManagerClientHub</b></color> ConnectionManager[cea2f490-ca28-499b-9baa-5ce468de2abe] EnsureConnection Connection not available and auto-reconnect disabled for endpoint: /hub/mcp-server
UnityEngine.StackTraceUtility:ExtractStackTrace () (at /Users/bokken/build/output/unity/unity/Runtime/Export/Scripting/StackTrace.cs:37)
UnityEngine.DebugLogHandler:LogFormat (UnityEngine.LogType,UnityEngine.Object,string,object[])
UnityEngine.Logger:Log (UnityEngine.LogType,object)
UnityEngine.Debug:LogWarning (object)
com.IvanMurzak.Unity.MCP.Utils.UnityLogger:Log<Microsoft.Extensions.Logging.FormattedLogValues> (Microsoft.Extensions.Logging.LogLevel,Microsoft.Extensions.Logging.EventId,Microsoft.Extensions.Logging.FormattedLogValues,System.Exception,System.Func`3<Microsoft.Extensions.Logging.FormattedLogValues, System.Exception, string>) (at ./Library/PackageCache/com.ivanmurzak.unity.mcp@0.87.0/Runtime/Logger/UnityLogger.cs:125)
Microsoft.Extensions.Logging.Logger:<Log>g__LoggerLog|14_0<Microsoft.Extensions.Logging.FormattedLogValues> (Microsoft.Extensions.Logging.LogLevel,Microsoft.Extensions.Logging.EventId,Microsoft.Extensions.Logging.ILogger,System.Exception,System.Func`3<Microsoft.Extensions.Logging.FormattedLogValues, System.Exception, string>,System.Collections.Generic.List`1<System.Exception>&,Microsoft.Extensions.Logging.FormattedLogValues&)
Microsoft.Extensions.Logging.Logger:Log<Microsoft.Extensions.Logging.FormattedLogValues> (Microsoft.Extensions.Logging.LogLevel,Microsoft.Extensions.Logging.EventId,Microsoft.Extensions.Logging.FormattedLogValues,System.Exception,System.Func`3<Microsoft.Extensions.Logging.FormattedLogValues, System.Exception, string>)
Microsoft.Extensions.Logging.Logger`1<com.IvanMurzak.McpPlugin.McpManagerClientHub>:Microsoft.Extensions.Logging.ILogger.Log<Microsoft.Extensions.Logging.FormattedLogValues> (Microsoft.Extensions.Logging.LogLevel,Microsoft.Extensions.Logging.EventId,Microsoft.Extensions.Logging.FormattedLogValues,System.Exception,System.Func`3<Microsoft.Extensions.Logging.FormattedLogValues, System.Exception, string>)
Microsoft.Extensions.Logging.LoggerExtensions:Log (Microsoft.Extensions.Logging.ILogger,Microsoft.Extensions.Logging.LogLevel,Microsoft.Extensions.Logging.EventId,System.Exception,string,object[])
Microsoft.Extensions.Logging.LoggerExtensions:Log (Microsoft.Extensions.Logging.ILogger,Microsoft.Extensions.Logging.LogLevel,string,object[])
Microsoft.Extensions.Logging.LoggerExtensions:LogWarning (Microsoft.Extensions.Logging.ILogger,string,object[])
com.IvanMurzak.McpPlugin.ConnectionManager/<EnsureConnection>d__3:MoveNext ()
System.Runtime.CompilerServices.AsyncTaskMethodBuilder`1<bool>:Start<com.IvanMurzak.McpPlugin.ConnectionManager/<EnsureConnection>d__3> (com.IvanMurzak.McpPlugin.ConnectionManager/<EnsureConnection>d__3&)
com.IvanMurzak.McpPlugin.ConnectionManager:EnsureConnection (System.Threading.CancellationToken)
com.IvanMurzak.McpPlugin.ConnectionManager/<InvokeAsync>d__58`2<com.IvanMurzak.McpPlugin.Common.Model.RequestResourcesUpdated, com.IvanMurzak.McpPlugin.Common.Model.ResponseData>:MoveNext ()
System.Runtime.CompilerServices.AsyncTaskMethodBuilder`1<com.IvanMurzak.McpPlugin.Common.Model.ResponseData>:Start<com.IvanMurzak.McpPlugin.ConnectionManager/<InvokeAsync>d__58`2<com.IvanMurzak.McpPlugin.Common.Model.RequestResourcesUpdated, com.IvanMurzak.McpPlugin.Common.Model.ResponseData>> (com.IvanMurzak.McpPlugin.ConnectionManager/<InvokeAsync>d__58`2<com.IvanMurzak.McpPlugin.Common.Model.RequestResourcesUpdated, com.IvanMurzak.McpPlugin.Common.Model.ResponseData>&)
com.IvanMurzak.McpPlugin.ConnectionManager:InvokeAsync<com.IvanMurzak.McpPlugin.Common.Model.RequestResourcesUpdated, com.IvanMurzak.McpPlugin.Common.Model.ResponseData> (string,com.IvanMurzak.McpPlugin.Common.Model.RequestResourcesUpdated,System.Threading.CancellationToken)
com.IvanMurzak.McpPlugin.McpManagerClientHub:NotifyAboutUpdatedResources (com.IvanMurzak.McpPlugin.Common.Model.RequestResourcesUpdated,System.Threading.CancellationToken)
com.IvanMurzak.McpPlugin.McpManagerClientHub:NotifyAboutUpdatedResources (com.IvanMurzak.McpPlugin.Common.Model.RequestResourcesUpdated)
com.IvanMurzak.McpPlugin.McpPlugin/<<-ctor>b__29_6>d:MoveNext ()
System.Runtime.CompilerServices.AsyncVoidMethodBuilder:Start<com.IvanMurzak.McpPlugin.McpPlugin/<<-ctor>b__29_6>d> (com.IvanMurzak.McpPlugin.McpPlugin/<<-ctor>b__29_6>d&)
com.IvanMurzak.McpPlugin.McpPlugin:<.ctor>b__29_6 (R3.Unit)
R3.AnonymousObserver`1<R3.Unit>:OnNextCore (R3.Unit)
R3.Observer`1<R3.Unit>:OnNext (R3.Unit)
R3.ThrottleFirst`1/_ThrottleFirst<R3.Unit>:OnNextCore (R3.Unit)
R3.Observer`1<R3.Unit>:OnNext (R3.Unit)
R3.Subject`1<R3.Unit>:OnNext (R3.Unit)
com.IvanMurzak.McpPlugin.McpResourceManager:SetResourceEnabled (string,bool)
com.IvanMurzak.Unity.MCP.UnityMcpPlugin:ApplyConfigToMcpPlugin (com.IvanMurzak.McpPlugin.IMcpPlugin) (at ./Library/PackageCache/com.ivanmurzak.unity.mcp@0.87.0/Runtime/UnityMcpPlugin.Build.cs:240)
com.IvanMurzak.Unity.MCP.UnityMcpPluginEditor:BuildMcpPluginIfNeeded () (at ./Library/PackageCache/com.ivanmurzak.unity.mcp@0.87.0/Editor/Scripts/UnityMcpPluginEditor.Build.cs:74)
com.IvanMurzak.Unity.MCP.Editor.Startup:.cctor () (at ./Library/PackageCache/com.ivanmurzak.unity.mcp@0.87.0/Editor/Scripts/Startup.cs:29)
System.Runtime.CompilerServices.RuntimeHelpers:RunClassConstructor (System.RuntimeTypeHandle)
UnityEditor.EditorAssemblies:ProcessInitializeOnLoadAttributes (System.Type[]) (at /Users/bokken/build/output/unity/unity/Editor/Mono/EditorAssemblies.cs:119)

(Filename: ./Library/PackageCache/com.ivanmurzak.unity.mcp@0.87.0/Runtime/UnityMcpPlugin.Build.cs Line: 240)

Mono: successfully reloaded assembly
- Finished resetting the current domain, in  4.686 seconds
Domain Reload Profiling: 5450ms
	BeginReloadAssembly (84ms)
		ExecutionOrderSort (0ms)
		DisableScriptedObjects (3ms)
		BackupInstance (0ms)
		ReleaseScriptingObjects (0ms)
		CreateAndSetChildDomain (16ms)
	RebuildCommonClasses (21ms)
	RebuildNativeTypeToScriptingClass (8ms)
	initialDomainReloadingComplete (19ms)
	LoadAllAssembliesAndSetupDomain (633ms)
		LoadAssemblies (372ms)
		RebuildTransferFunctionScriptingTraits (0ms)
		AnalyzeDomain (298ms)
			TypeCache.Refresh (261ms)
				TypeCache.ScanAssembly (239ms)
			ScanForSourceGeneratedMonoScriptInfo (26ms)
			ResolveRequiredComponents (9ms)
	FinalizeReload (4686ms)
		ReleaseScriptCaches (0ms)
		RebuildScriptCaches (0ms)
		SetupLoadedEditorAssemblies (4322ms)
			LogAssemblyErrors (0ms)
			InitializePlatformSupportModulesInManaged (3ms)
			SetLoadedEditorAssemblies (5ms)
			RefreshPlugins (0ms)
			BeforeProcessingInitializeOnLoad (113ms)
			ProcessInitializeOnLoadAttributes (4105ms)
			ProcessInitializeOnLoadMethodAttributes (94ms)
			AfterProcessingInitializeOnLoad (1ms)
			EditorAssembliesLoaded (1ms)
		ExecutionOrderSort2 (0ms)
		AwakeInstancesAfterBackupRestoration (2ms)
Refreshing native plugins compatible for Editor in 7.73 ms, found 3 plugins.
Preloading 0 native plugins for Editor in 0.00 ms.
Asset Pipeline Refresh (id=16eb0e2f1893a42ee9135c0278f45a12): Total: 11.323 seconds - Initiated by InitialRefreshV2(ForceSynchronousImport)
	Summary:
		Imports: total=1 (actual=1, local cache=0, cache server=0)
		Asset DB Process Time: managed=2 ms, native=3337 ms
		Asset DB Callback time: managed=70 ms, native=15 ms
		Scripting: domain reloads=1, domain reload time=5601 ms, compile time=2198 ms, other=97 ms
		Project Asset Count: scripts=10983, non-scripts=2973
		Asset File Changes: new=0, changed=1, moved=0, deleted=0
		Scan Filter Count: 1
	InvokeBeforeRefreshCallbacks: 0.219ms
	ApplyChangesToAssetFolders: 0.046ms
	Scan: 873.828ms
	OnSourceAssetsModified: 1.691ms
	GetAllGuidsForCategorization: 0.950ms
	CategorizeAssets: 267.527ms
	ImportOutOfDateAssets: 4785.290ms (2541.340ms without children)
		ImportManagerImport: 12.898ms (2.841ms without children)
			ImportInProcess: 10.040ms
			UpdateCategorizedAssets: 0.016ms
		CompileScripts: 2198.381ms
		ReloadNativeAssets: 0.016ms
		UnloadImportedAssets: 26.758ms
		ReloadImportedAssets: 0.126ms
		EnsureUptoDateAssetsAreRegisteredWithGuidPM: 4.097ms
		InitializingProgressBar: 0.000ms
		PostProcessAllAssetNotificationsAddChangedAssets: 0.000ms
		OnDemandSchedulerStart: 1.674ms
	PostProcessAllAssets: 74.136ms
	Hotreload: 9.312ms
	GatherAllCurrentPrimaryArtifactRevisions: 0.000ms
	UnloadStreamsBegin: 1.459ms
	PersistCurrentRevisions: 0.464ms
	UnloadStreamsEnd: 0.030ms
	GenerateScriptTypeHashes: 2.157ms
	Untracked: 5308.464ms
Application.AssetDatabase Initial Refresh End
Shader Hidden/ProbeVolume/VoxelizeScene is not supported: GPU does not support conservative rasterization
Scanning for USB devices : 0.042ms
Initializing Unity extensions:
[MODES] ModeService[none].Initialize
[MODES] ModeService[none].LoadModes
[MODES] Loading mode Default (0) for mode-current-id-castle-war
[PhysX] Initialized MultithreadedTaskDispatcher with 12 workers.
ProgressiveSceneManager::Cancel()
-- Listing OpenCL platforms(s) --
 * OpenCL platform 0
	PROFILE = FULL_PROFILE
	VERSION = OpenCL 1.2 (Jan 16 2026 07:20:58)
	NAME = Apple
	VENDOR = Apple
-- Listing OpenCL device(s) --
 * OpenCL platform 0, device 0 
	DEVICE_TYPE = 4
	DEVICE_NAME = Apple M2 Pro
	DEVICE_VENDOR = Apple
	DEVICE_VERSION = OpenCL 1.2 
	DRIVER_VERSION = 1.2 1.0
	DEVICE_MAX_COMPUTE_UNITS = 19
	DEVICE_MAX_CLOCK_FREQUENCY = 1000
	CL_DEVICE_MAX_CONSTANT_BUFFER_SIZE = 1073741824
	CL_DEVICE_HOST_UNIFIED_MEMORY = true
	CL_DEVICE_MAX_MEM_ALLOC_SIZE = 2383708160
	DEVICE_GLOBAL_MEM_SIZE = 12713115648
-- GPU Progressive lightmapper will use OpenCL device 'Apple M2 Pro' from 'Apple'--
   use -OpenCL-PlatformAndDeviceIndices <platformIdx> <deviceIdx> as command line arguments if you want to select a specific adapter for OpenCL.
Unloading 11 Unused Serialized files (Serialized files now loaded: 0)
Unloading 246 unused Assets / (0.5 MB). Loaded Objects now: 9551.
Memory consumption went from 233.1 MB to 232.6 MB.
Total: 88.078625 ms (FindLiveObjects: 0.336084 ms CreateObjectMapping: 0.240500 ms MarkObjects: 86.466666 ms  DeleteObjects: 1.034708 ms)

[Project] Loading completed in 15.664 seconds
	Project init time: 				14.234 seconds
		Template init time: 		0.000 seconds
		Package Manager init time: 		0.781 seconds
		Asset Database init time: 		0.467 seconds
		Global illumination init time: 	0.003 seconds
		Assemblies load time: 			0.448 seconds
		Unity extensions init time: 	0.010 seconds
		Asset Database refresh time: 	0.000 seconds
	Scene opening time: 			0.386 seconds
##utp:{"type":"ProjectInfo","version":2,"phase":"Immediate","time":1786272211961,"processId":58060,"projectLoad":15.663810000000002,"projectInit":14.233909208,"templateInit":0.0,"packageManagerInit":0.780750125,"assetDatabaseInit":0.467345334,"globalIlluminationInit":0.003055458,"assembliesLoad":0.448161958,"unityExtensionsInit":0.010410667,"assetDatabaseRefresh":0.0,"sceneOpening":0.385953334}
##utp:{"type":"EditorInfo","version":2,"phase":"Immediate","time":1786272211961,"processId":58060,"editorVersion":"2022.3.62f2 (7670c08855a9)","branch":"2022.3/respin/2022.3.62f2-4af31df585-v2","buildType":"Release","platform":"OSX"}
Running tests for EditMode
With test filter: CastleBusters.Tests.CastleCoreVolleyCapTests
Executing tests with settings: test mode = EditMode
UnityEngine.StackTraceUtility:ExtractStackTrace () (at /Users/bokken/build/output/unity/unity/Runtime/Export/Scripting/StackTrace.cs:37)
UnityEngine.DebugLogHandler:LogFormat (UnityEngine.LogType,UnityEngine.Object,string,object[])
UnityEngine.Logger:Log (UnityEngine.LogType,object)
UnityEngine.Debug:Log (object)
UnityEditor.TestTools.TestRunner.CommandLineTest.Executer:InitializeAndExecuteRun (string[]) (at ./Library/PackageCache/com.unity.test-framework@1.1.33/UnityEditor.TestRunner/CommandLineTest/Executer.cs:47)
UnityEditor.TestTools.TestRunner.CommandLineTest.TestStarter:UpdateWatch () (at ./Library/PackageCache/com.unity.test-framework@1.1.33/UnityEditor.TestRunner/CommandLineTest/TestStarter.cs:50)
UnityEditor.EditorApplication:Internal_CallUpdateFunctions () (at /Users/bokken/build/output/unity/unity/Editor/Mono/EditorApplication.cs:380)

(Filename: ./Library/PackageCache/com.unity.test-framework@1.1.33/UnityEditor.TestRunner/CommandLineTest/Executer.cs Line: 47)

Asset Pipeline Refresh (id=b775a63ad64104248aa41262617ecc82): Total: 0.057 seconds - Initiated by StopAssetImportingV2(NoUpdateAssetOptions)
[UnityConnectServicesConfig] config is NOT valid, switching to default
Created GICache directory at /Users/jangyoung/Library/Caches/com.unity3d.UnityEditor/GiCache. Took: 0.004s, timestamps: [15.674 - 15.678]
gi::BakeBackendSwitch: switching bake backend from 3 to 2.
GfxDevice renderer is null. Unity cannot update the Ambient Probe and Reflection Probes that the SkyManager generates. Run the Editor without the -nographics argument or generate lighting for your scene.
[PhysX] Initialized MultithreadedTaskDispatcher with 12 workers.
Unloading 43 Unused Serialized files (Serialized files now loaded: 0)
Unloading 106 unused Assets / (57.5 KB). Loaded Objects now: 9574.
Memory consumption went from 220.6 MB to 220.5 MB.
Total: 152.134375 ms (FindLiveObjects: 0.363167 ms CreateObjectMapping: 0.258333 ms MarkObjects: 147.106792 ms  DeleteObjects: 4.405708 ms)

GfxDevice renderer is null. Unity cannot update the Ambient Probe and Reflection Probes that the SkyManager generates. Run the Editor without the -nographics argument or generate lighting for your scene.
[PhysX] Initialized MultithreadedTaskDispatcher with 12 workers.
Unloading 12 Unused Serialized files (Serialized files now loaded: 0)
Unloading 0 unused Assets / (21.9 KB). Loaded Objects now: 9602.
Memory consumption went from 221.2 MB to 221.2 MB.
Total: 87.889667 ms (FindLiveObjects: 0.254875 ms CreateObjectMapping: 0.216250 ms MarkObjects: 87.387167 ms  DeleteObjects: 0.028333 ms)

<color=#ff6b6b>fail:</color> [19:43:35:1871] <color=#B4FF32>[AI]</color> <color=#58D68D><b>TestResultCollector</b></color> Test run finished, but the pending MCP request id was missing. The test results cannot be delivered to the client.
UnityEngine.StackTraceUtility:ExtractStackTrace () (at /Users/bokken/build/output/unity/unity/Runtime/Export/Scripting/StackTrace.cs:37)
UnityEngine.DebugLogHandler:LogFormat (UnityEngine.LogType,UnityEngine.Object,string,object[])
UnityEngine.Logger:Log (UnityEngine.LogType,object)
UnityEngine.Debug:LogError (object)
com.IvanMurzak.Unity.MCP.Utils.UnityLogger:Log<Microsoft.Extensions.Logging.FormattedLogValues> (Microsoft.Extensions.Logging.LogLevel,Microsoft.Extensions.Logging.EventId,Microsoft.Extensions.Logging.FormattedLogValues,System.Exception,System.Func`3<Microsoft.Extensions.Logging.FormattedLogValues, System.Exception, string>) (at ./Library/PackageCache/com.ivanmurzak.unity.mcp@0.87.0/Runtime/Logger/UnityLogger.cs:119)
Microsoft.Extensions.Logging.Logger:<Log>g__LoggerLog|14_0<Microsoft.Extensions.Logging.FormattedLogValues> (Microsoft.Extensions.Logging.LogLevel,Microsoft.Extensions.Logging.EventId,Microsoft.Extensions.Logging.ILogger,System.Exception,System.Func`3<Microsoft.Extensions.Logging.FormattedLogValues, System.Exception, string>,System.Collections.Generic.List`1<System.Exception>&,Microsoft.Extensions.Logging.FormattedLogValues&)
Microsoft.Extensions.Logging.Logger:Log<Microsoft.Extensions.Logging.FormattedLogValues> (Microsoft.Extensions.Logging.LogLevel,Microsoft.Extensions.Logging.EventId,Microsoft.Extensions.Logging.FormattedLogValues,System.Exception,System.Func`3<Microsoft.Extensions.Logging.FormattedLogValues, System.Exception, string>)
Microsoft.Extensions.Logging.LoggerExtensions:Log (Microsoft.Extensions.Logging.ILogger,Microsoft.Extensions.Logging.LogLevel,Microsoft.Extensions.Logging.EventId,System.Exception,string,object[])
Microsoft.Extensions.Logging.LoggerExtensions:Log (Microsoft.Extensions.Logging.ILogger,Microsoft.Extensions.Logging.LogLevel,string,object[])
Microsoft.Extensions.Logging.LoggerExtensions:LogError (Microsoft.Extensions.Logging.ILogger,string,object[])
com.IvanMurzak.Unity.MCP.UnityMcpPlugin:LogError (string,System.Type,object[]) (at ./Library/PackageCache/com.ivanmurzak.unity.mcp@0.87.0/Runtime/UnityMcpPlugin.Log.cs:48)
com.IvanMurzak.Unity.MCP.Editor.API.TestRunner.TestResultCollector:RunFinished (UnityEditor.TestTools.TestRunner.Api.ITestResultAdaptor) (at ./Library/PackageCache/com.ivanmurzak.unity.mcp@0.87.0/Editor/Scripts/API/Tool/Tests/TestResultCollector.cs:154)
UnityEditor.TestTools.TestRunner.Api.CallbacksDelegator/<>c__DisplayClass8_0:<RunFinished>b__0 (UnityEditor.TestTools.TestRunner.Api.ICallbacks) (at ./Library/PackageCache/com.unity.test-framework@1.1.33/UnityEditor.TestRunner/Api/CallbacksDelegator.cs:52)
UnityEditor.TestTools.TestRunner.Api.CallbacksDelegator:TryInvokeAllCallbacks (System.Action`1<UnityEditor.TestTools.TestRunner.Api.ICallbacks>) (at ./Library/PackageCache/com.unity.test-framework@1.1.33/UnityEditor.TestRunner/Api/CallbacksDelegator.cs:122)
UnityEditor.TestTools.TestRunner.Api.CallbacksDelegator:RunFinished (NUnit.Framework.Interfaces.ITestResult) (at ./Library/PackageCache/com.unity.test-framework@1.1.33/UnityEditor.TestRunner/Api/CallbacksDelegator.cs:52)
UnityEditor.TestTools.TestRunner.Api.CallbacksDelegatorListener:RunFinished (NUnit.Framework.Interfaces.ITestResult) (at ./Library/PackageCache/com.unity.test-framework@1.1.33/UnityEditor.TestRunner/Api/CallbacksDelegatorListener.cs:15)
UnityEngine.Events.InvokableCall`1<NUnit.Framework.Interfaces.ITestResult>:Invoke (NUnit.Framework.Interfaces.ITestResult) (at /Users/bokken/build/output/unity/unity/Runtime/Export/UnityEvent/UnityEvent.cs:219)
UnityEngine.Events.UnityEvent`1<NUnit.Framework.Interfaces.ITestResult>:Invoke (NUnit.Framework.Interfaces.ITestResult) (at /Users/bokken/build/output/unity/unity/artifacts/generated/UnityEvent/UnityEvent_1.cs:57)
UnityEditor.TestTools.TestRunner.EditModeRunner:CompleteTestRun () (at ./Library/PackageCache/com.unity.test-framework@1.1.33/UnityEditor.TestRunner/TestRunner/EditModeRunner.cs:305)
UnityEditor.TestTools.TestRunner.EditModeRunner:TestConsumer () (at ./Library/PackageCache/com.unity.test-framework@1.1.33/UnityEditor.TestRunner/TestRunner/EditModeRunner.cs:294)
UnityEditor.EditorApplication:Internal_CallUpdateFunctions () (at /Users/bokken/build/output/unity/unity/Editor/Mono/EditorApplication.cs:380)

(Filename: ./Library/PackageCache/com.ivanmurzak.unity.mcp@0.87.0/Runtime/UnityMcpPlugin.Log.cs Line: 48)

Saving results to: _workspace/current/qa/evidence/core-volley-cap-editmode.xml
Thread 0x16bcab000 may have been prematurely finalized
[PhysX] Initialized MultithreadedTaskDispatcher with 12 workers.
Input System module state changed to: ShutdownInProgress.
Input System polling thread exited.
Input System module state changed to: Shutdown.
[Licensing::IpcConnector] LicenseClient-jangyoung-notifications channel disconnected successfully.
[Licensing::IpcConnector] LicenseClient-jangyoung channel disconnected successfully.
Thread 0x16cb6f000 may have been prematurely finalized
[40m[32minfo[39m[22m[49m: Microsoft.Hosting.Lifetime[0]
      Application is shutting down...
Cleanup mono
[40m[32minfo[39m[22m[49m: Unity.ILPP.Runner.PostProcessingAssemblyLoadContext[0]
      ALC ILPP context 1 is unloading
<color=#ffaa00>warn:</color> [19:43:36:0267] <color=#B4FF32>[AI]</color> <color=#85C1E2><b>BufferedFileLogStorage</b></color> Flush called but already disposed, ignored.
<color=#ffaa00>warn:</color> [19:43:37:0362] <color=#B4FF32>[AI]</color> <color=#48C9B0><b>McpManagerClientHub</b></color> ConnectionManager[cea2f490-ca28-499b-9baa-5ce468de2abe] DisconnectImmediate Could not acquire gate within timeout. Proceeding without gate protection.
<color=#ffaa00>warn:</color> [19:43:42:0394] <color=#B4FF32>[AI]</color> <color=#48C9B0><b>McpManagerClientHub</b></color> ConnectionManager[cea2f490-ca28-499b-9baa-5ce468de2abe] Dispose Could not acquire gate within timeout during Dispose. Proceeding with cleanup anyway.
debugger-agent: Unable to listen on 54
[Performance] Application.InitializeProject                                                                                                        :        1 samples, Peak.  14.2 s (1.0x), Avg.  14.2 s, Total. 14.23 s (55.0%)
[Performance] Application.PackageManager.StartServer                                                                                               :        1 samples, Peak.  2.04 ms (1.0x), Avg.  2.04 ms, Total. 2.044 ms (0.0%)
[Performance] Application.AcquireProjectLock                                                                                                       :        1 samples, Peak.  8.70 ms (1.0x), Avg.  8.70 ms, Total. 8.701 ms (0.0%)
[Performance] Application.InitializeEngineNoGraphics                                                                                               :        1 samples, Peak.  60.7 ms (1.0x), Avg.  60.7 ms, Total. 60.66 ms (0.2%)
[Performance] Application.PackageManager.Initialize                                                                                                :        1 samples, Peak.   781 ms (1.0x), Avg.   781 ms, Total. 780.8 ms (3.0%)
[Performance] Connecting to Package Manager                                                                                                        :       79 samples, Peak.  52.6 us (23.8x), Avg.  2.21 us, Total. 174.9 us (0.0%)
[Performance] Application.EngineGraphics.Initialize                                                                                                :        1 samples, Peak.   131 ms (1.0x), Avg.   131 ms, Total. 131.4 ms (0.5%)
[Performance] Application.GI.Initialize                                                                                                            :        1 samples, Peak.  3.06 ms (1.0x), Avg.  3.06 ms, Total. 3.056 ms (0.0%)
[Performance] Application.LoadAllDefaultResourcesFromEditor                                                                                        :        1 samples, Peak.  1.35 ms (1.0x), Avg.  1.35 ms, Total. 1.346 ms (0.0%)
[Performance] Application.LoadMonoAssemblies                                                                                                       :        1 samples, Peak.   448 ms (1.0x), Avg.   448 ms, Total. 448.2 ms (1.7%)
[Performance] RestoreManagedReferences                                                                                                             :        2 samples, Peak.  58.6 ms (2.0x), Avg.  29.3 ms, Total. 58.57 ms (0.2%)
[Performance] InitializeOnLoad DrivenRectTransformUndo                                                                                             :        2 samples, Peak.   393 us (1.1x), Avg.   353 us, Total. 706.7 us (0.0%)
[Performance] InitializeOnLoad SceneSearch                                                                                                         :        2 samples, Peak.  81.1 us (1.1x), Avg.  76.1 us, Total. 152.3 us (0.0%)
[Performance] InitializeOnLoad CloudBuild                                                                                                          :        2 samples, Peak.  3.17 us (1.2x), Avg.  2.60 us, Total. 5.207 us (0.0%)
[Performance] InitializeOnLoad NativeFormatImporterUtility                                                                                         :        2 samples, Peak.  1.70 ms (1.2x), Avg.  1.41 ms, Total. 2.816 ms (0.0%)
[Performance] InitializeOnLoad SearchService                                                                                                       :        2 samples, Peak.  91.9 us (1.2x), Avg.  76.1 us, Total. 152.3 us (0.0%)
[Performance] InitializeOnLoad SettingsService                                                                                                     :        2 samples, Peak.  8.50 us (1.3x), Avg.  6.44 us, Total. 12.87 us (0.0%)
[Performance] InitializeOnLoad WindowLayout                                                                                                        :        2 samples, Peak.   430 us (1.0x), Avg.   427 us, Total. 854.0 us (0.0%)
[Performance] InitializeOnLoad AssetStoreContext                                                                                                   :        2 samples, Peak.  14.6 ms (1.1x), Avg.  13.4 ms, Total. 26.81 ms (0.1%)
[Performance] InitializeOnLoad PoolManager                                                                                                         :        2 samples, Peak.   361 us (1.0x), Avg.   356 us, Total. 712.7 us (0.0%)
[Performance] InitializeOnLoad MixerEffectDefinitionReloader                                                                                       :        2 samples, Peak.  1.95 ms (1.4x), Avg.  1.44 ms, Total. 2.870 ms (0.0%)
[Performance] InitializeOnLoad ProjectSearch                                                                                                       :        2 samples, Peak.  84.2 us (1.4x), Avg.  58.7 us, Total. 117.4 us (0.0%)
[Performance] InitializeOnLoad UISystemProfilerRenderService                                                                                       :        2 samples, Peak. 10.00 us (1.3x), Avg.  7.42 us, Total. 14.83 us (0.0%)
[Performance] InitializeOnLoad EditMode                                                                                                            :        2 samples, Peak.   598 us (1.5x), Avg.   404 us, Total. 808.6 us (0.0%)
[Performance] InitializeOnLoad UnityConnect                                                                                                        :        2 samples, Peak.  44.4 us (1.2x), Avg.  38.0 us, Total. 75.96 us (0.0%)
[Performance] InitializeOnLoad ManagedDebugger                                                                                                     :        2 samples, Peak.   398 us (1.7x), Avg.   235 us, Total. 469.4 us (0.0%)
[Performance] InitializeOnLoad ShortcutIntegration                                                                                                 :        2 samples, Peak.  44.5 us (1.1x), Avg.  39.1 us, Total. 78.17 us (0.0%)
[Performance] InitializeOnLoad AddComponentWindow                                                                                                  :        2 samples, Peak.  72.7 us (1.0x), Avg.  72.5 us, Total. 145.0 us (0.0%)
[Performance] InitializeOnLoad ManagedDebuggerWindow                                                                                               :        2 samples, Peak.  79.5 us (1.0x), Avg.  77.1 us, Total. 154.2 us (0.0%)
[Performance] InitializeOnLoad CacheServerWindow                                                                                                   :        2 samples, Peak.  6.04 us (1.4x), Avg.  4.42 us, Total. 8.833 us (0.0%)
[Performance] InitializeOnLoad PlayModeDownload                                                                                                    :        2 samples, Peak.  3.51 ms (1.9x), Avg.  1.81 ms, Total. 3.627 ms (0.0%)
[Performance] InitializeOnLoad MenuItems                                                                                                           :        2 samples, Peak.  55.3 us (1.1x), Avg.  52.7 us, Total. 105.4 us (0.0%)
[Performance] InitializeOnLoad PrefabInstanceChangedListener                                                                                       :        2 samples, Peak.  86.8 us (1.1x), Avg.  82.4 us, Total. 164.8 us (0.0%)
[Performance] InitializeOnLoad ObjectSelectorSearch                                                                                                :        2 samples, Peak.  29.8 us (1.2x), Avg.  24.1 us, Total. 48.29 us (0.0%)
[Performance] InitializeOnLoad EditorMonitor                                                                                                       :        2 samples, Peak.   453 us (1.3x), Avg.   348 us, Total. 695.6 us (0.0%)
[Performance] InitializeOnLoad RetainedMode                                                                                                        :        2 samples, Peak.  1.49 ms (1.0x), Avg.  1.43 ms, Total. 2.853 ms (0.0%)
[Performance] InitializeOnLoad EditorShaderLoader                                                                                                  :        2 samples, Peak.   706 us (1.3x), Avg.   526 us, Total. 1.052 ms (0.0%)
[Performance] InitializeOnLoad EditorDelegateRegistration                                                                                          :        2 samples, Peak.   374 us (1.1x), Avg.   347 us, Total. 693.2 us (0.0%)
[Performance] InitializeOnLoad UIDocumentHierarchyWatcher                                                                                          :        2 samples, Peak.  38.9 us (1.0x), Avg.  38.3 us, Total. 76.63 us (0.0%)
[Performance] InitializeOnLoad LiveReloadTrackerCreator                                                                                            :        2 samples, Peak.   142 us (1.2x), Avg.   113 us, Total. 227.0 us (0.0%)
[Performance] InitializeOnLoad UxmlObjectEditorFactories                                                                                           :        2 samples, Peak.   348 us (1.2x), Avg.   296 us, Total. 592.9 us (0.0%)
[Performance] InitializeOnLoad UXMLEditorFactories                                                                                                 :        2 samples, Peak.  37.2 ms (1.0x), Avg.  36.7 ms, Total. 73.44 ms (0.3%)
[Performance] InitializeOnLoad PurchasingService                                                                                                   :        2 samples, Peak.  5.53 ms (1.1x), Avg.  4.86 ms, Total. 9.719 ms (0.0%)
[Performance] InitializeOnLoad CloudBuildPoller                                                                                                    :        2 samples, Peak.  80.5 us (1.1x), Avg.  73.6 us, Total. 147.1 us (0.0%)
[Performance] InitializeOnLoad EditorGameServicesAnalytics                                                                                         :        2 samples, Peak.  1.12 ms (1.7x), Avg.   674 us, Total. 1.348 ms (0.0%)
[Performance] InitializeOnLoad AnalyticsService                                                                                                    :        2 samples, Peak.   123 us (1.0x), Avg.   123 us, Total. 245.6 us (0.0%)
[Performance] InitializeOnLoad BuildService                                                                                                        :        2 samples, Peak.  98.2 us (1.0x), Avg.  95.4 us, Total. 190.8 us (0.0%)
[Performance] InitializeOnLoad AdsService                                                                                                          :        2 samples, Peak.   456 us (1.4x), Avg.   334 us, Total. 667.9 us (0.0%)
[Performance] InitializeOnLoad UDPService                                                                                                          :        2 samples, Peak.   100 us (1.1x), Avg.  90.4 us, Total. 180.8 us (0.0%)
[Performance] InitializeOnLoad CrashService                                                                                                        :        2 samples, Peak.   100 us (1.0x), Avg.  96.0 us, Total. 192.0 us (0.0%)
[Performance] InitializeOnLoad ServicesRepository                                                                                                  :        2 samples, Peak.   292 ns (1.0x), Avg.   292 ns, Total. 583.0 ns (0.0%)
[Performance] InitializeOnLoad SearchWindow                                                                                                        :        2 samples, Peak.  89.5 us (1.1x), Avg.  80.8 us, Total. 161.5 us (0.0%)
[Performance] InitializeOnLoad CustomIndexers                                                                                                      :        2 samples, Peak.  12.7 ms (1.1x), Avg.  11.2 ms, Total. 22.43 ms (0.1%)
[Performance] InitializeOnLoad SearchMonitor                                                                                                       :        2 samples, Peak.   989 us (1.4x), Avg.   691 us, Total. 1.383 ms (0.0%)
[Performance] InitializeOnLoad ParameterControllerEditor                                                                                           :        2 samples, Peak.   114 us (1.8x), Avg.  62.4 us, Total. 124.8 us (0.0%)
[Performance] InitializeOnLoad LayerSettingsWindow                                                                                                 :        2 samples, Peak.  44.8 us (1.9x), Avg.  23.6 us, Total. 47.29 us (0.0%)
[Performance] InitializeOnLoad PackageManagerHookGUIDConverter.RegisterPackagesEventHandler                                                        :        2 samples, Peak.   617 us (1.7x), Avg.   363 us, Total. 725.0 us (0.0%)
[Performance] InitializeOnLoad EditorDragAndDrop.RegisterEditorClient                                                                              :        2 samples, Peak.   465 us (1.6x), Avg.   296 us, Total. 591.9 us (0.0%)
[Performance] InitializeOnLoad EditorEventCallbacks.InitializeFontAssetResourceChangeCallBacks                                                     :        2 samples, Peak.  1.59 ms (1.4x), Avg.  1.13 ms, Total. 2.267 ms (0.0%)
[Performance] InitializeOnLoad SceneTemplateService.Init                                                                                           :        2 samples, Peak.  2.61 ms (1.6x), Avg.  1.65 ms, Total. 3.292 ms (0.0%)
[Performance] InitializeOnLoad DiagnosticSwitchesConsoleMessage.Init                                                                               :        2 samples, Peak.  1.79 ms (1.6x), Avg.  1.09 ms, Total. 2.170 ms (0.0%)
[Performance] InitializeOnLoad PackageManagerWindow.EditorInitializedInSafeMode                                                                    :        2 samples, Peak.  17.3 ms (2.0x), Avg.  8.80 ms, Total. 17.60 ms (0.1%)
[Performance] InitializeOnLoad ToolShortcutContext.Init                                                                                            :        2 samples, Peak.  1.77 ms (1.9x), Avg.   924 us, Total. 1.847 ms (0.0%)
[Performance] InitializeOnLoad MemoryProfilerCompilationGuard.InjectCompileGuard                                                                   :        2 samples, Peak.  83.3 us (1.3x), Avg.  63.8 us, Total. 127.6 us (0.0%)
[Performance] InitializeOnLoad AssetPostprocessingInternal.RefreshCustomDependencies                                                               :        2 samples, Peak.  3.32 ms (1.5x), Avg.  2.27 ms, Total. 4.538 ms (0.0%)
[Performance] InitializeOnLoad SysrootManager.Initialize                                                                                           :        2 samples, Peak.  12.3 us (1.1x), Avg.  11.5 us, Total. 23.04 us (0.0%)
[Performance] InitializeOnLoad ScopedRegistryAddedPopup.SubscribeToRegistriesAdded                                                                 :        2 samples, Peak.  9.38 ms (2.0x), Avg.  4.73 ms, Total. 9.451 ms (0.0%)
[Performance] InitializeOnLoad SceneVisibilityManager.Initialize                                                                                   :        2 samples, Peak.  3.76 ms (1.7x), Avg.  2.27 ms, Total. 4.543 ms (0.0%)
[Performance] InitializeOnLoad EditorWindow.Initialize                                                                                             :        2 samples, Peak.   302 us (1.3x), Avg.   232 us, Total. 463.2 us (0.0%)
[Performance] AssemblyReloadEvents.afterAssemblyReload: UnityEditor.SceneTemplate.SceneTemplateService.AfterAssemblyReload                         :        2 samples, Peak.   481 us (1.5x), Avg.   320 us, Total. 640.8 us (0.0%)
[Performance] ProcessService.EditorAfterLoadAllAssemblies                                                                                          :        2 samples, Peak.   326 us (1.3x), Avg.   244 us, Total. 487.4 us (0.0%)
[Performance] Application.ReadLicenseInfo                                                                                                          :        1 samples, Peak.  11.4 ms (1.0x), Avg.  11.4 ms, Total. 11.37 ms (0.0%)
[Performance] Application.InitialRefresh                                                                                                           :        1 samples, Peak.  11.3 s (1.0x), Avg.  11.3 s, Total. 11.33 s (43.8%)
[Performance] ShaderImporter.SourceAssetModified                                                                                                   :        2 samples, Peak.  1.58 us (1.6x), Avg.  1000 ns, Total. 2.000 us (0.0%)
[Performance] ShaderIncludeImporter.SourceAssetModified                                                                                            :        2 samples, Peak.  1.46 us (1.4x), Avg.  1.04 us, Total. 2.084 us (0.0%)
[Performance] Compiling Scripts                                                                                                                    :        1 samples, Peak.  2.20 s (1.0x), Avg.  2.20 s, Total. 2.197 s (8.5%)
[Performance] AssemblyReloadEvents.beforeAssemblyReload: UnityEditor.SceneTemplate.SceneTemplateService.BeforeAssemblyReload                       :        1 samples, Peak.   368 us (1.0x), Avg.   368 us, Total. 368.3 us (0.0%)
[Performance] PresetManagerPostProcessor.OnPreprocessAsset                                                                                         :        1 samples, Peak.   728 us (1.0x), Avg.   728 us, Total. 728.1 us (0.0%)
[Performance] CancelSplashScreenOnAssetChange.OnPreprocessAsset                                                                                    :        1 samples, Peak.   600 us (1.0x), Avg.   600 us, Total. 599.9 us (0.0%)
[Performance] ShaderGraphAssetPostProcessor.OnPreprocessAsset                                                                                      :        1 samples, Peak.   164 us (1.0x), Avg.   164 us, Total. 164.2 us (0.0%)
[Performance] InitializeOnLoad SpriteApplyValidator                                                                                                :        1 samples, Peak.   128 us (1.0x), Avg.   128 us, Total. 127.8 us (0.0%)
[Performance] InitializeOnLoad ReadmeEditor                                                                                                        :        1 samples, Peak.  73.6 us (1.0x), Avg.  73.6 us, Total. 73.63 us (0.0%)
[Performance] InitializeOnLoad PlayModeCapture                                                                                                     :        1 samples, Peak.  96.8 us (1.0x), Avg.  96.8 us, Total. 96.83 us (0.0%)
[Performance] InitializeOnLoad BurstLoader                                                                                                         :        1 samples, Peak.  2.50 s (1.0x), Avg.  2.50 s, Total. 2.504 s (9.7%)
[Performance] InitializeOnLoad TouchSimulation                                                                                                     :        1 samples, Peak.   449 us (1.0x), Avg.   449 us, Total. 448.8 us (0.0%)
[Performance] InitializeOnLoad EnableUITKEditor                                                                                                    :        1 samples, Peak.   155 us (1.0x), Avg.   155 us, Total. 155.3 us (0.0%)
[Performance] InitializeOnLoad InputSystem                                                                                                         :        1 samples, Peak.  77.1 ms (1.0x), Avg.  77.1 ms, Total. 77.10 ms (0.3%)
[Performance] InitializeOnLoad InputSystemUIInputModuleEditor                                                                                      :        1 samples, Peak.   102 us (1.0x), Avg.   102 us, Total. 102.1 us (0.0%)
[Performance] InitializeOnLoad MainThreadDispatcher                                                                                                :        1 samples, Peak.   418 us (1.0x), Avg.   418 us, Total. 418.2 us (0.0%)
[Performance] InitializeOnLoad BackgroundWatcher                                                                                                   :        1 samples, Peak.  85.2 us (1.0x), Avg.  85.2 us, Total. 85.21 us (0.0%)
[Performance] InitializeOnLoad UnityTestProtocolStarter                                                                                            :        1 samples, Peak.   215 us (1.0x), Avg.   215 us, Total. 215.0 us (0.0%)
[Performance] InitializeOnLoad TestStarter                                                                                                         :        1 samples, Peak.  2.29 ms (1.0x), Avg.  2.29 ms, Total. 2.287 ms (0.0%)
[Performance] InitializeOnLoad RerunCallbackInitializer                                                                                            :        1 samples, Peak.  2.25 ms (1.0x), Avg.  2.25 ms, Total. 2.247 ms (0.0%)
[Performance] InitializeOnLoad NuGetDependencyResolver                                                                                             :        1 samples, Peak.   576 us (1.0x), Avg.   576 us, Total. 576.4 us (0.0%)
[Performance] InitializeOnLoad MainWindowInitializer                                                                                               :        1 samples, Peak.   833 us (1.0x), Avg.   833 us, Total. 832.8 us (0.0%)
[Performance] InitializeOnLoad Tool_Tests                                                                                                          :        1 samples, Peak.  88.6 ms (1.0x), Avg.  88.6 ms, Total. 88.56 ms (0.3%)
[Performance] InitializeOnLoad Tool_Script                                                                                                         :        1 samples, Peak.  3.92 us (1.0x), Avg.  3.92 us, Total. 3.916 us (0.0%)
[Performance] InitializeOnLoad ScriptUtils                                                                                                         :        1 samples, Peak.   271 us (1.0x), Avg.   271 us, Total. 271.0 us (0.0%)
[Performance] InitializeOnLoad ServerBinaryUpdateWatcher                                                                                           :        1 samples, Peak.   242 us (1.0x), Avg.   242 us, Total. 241.5 us (0.0%)
[Performance] InitializeOnLoad Startup                                                                                                             :        1 samples, Peak.  1.05 s (1.0x), Avg.  1.05 s, Total. 1.053 s (4.1%)
[Performance] InitializeOnLoad McpServerManager                                                                                                    :        1 samples, Peak.  3.20 ms (1.0x), Avg.  3.20 ms, Total. 3.199 ms (0.0%)
[Performance] InitializeOnLoad ProbeGIBaking                                                                                                       :        1 samples, Peak.  2.05 ms (1.0x), Avg.  2.05 ms, Total. 2.047 ms (0.0%)
[Performance] InitializeOnLoad FilterWindow                                                                                                        :        1 samples, Peak.  72.3 us (1.0x), Avg.  72.3 us, Total. 72.33 us (0.0%)
[Performance] InitializeOnLoad RealtimeProbeSubdivisionDebug                                                                                       :        1 samples, Peak.   321 us (1.0x), Avg.   321 us, Total. 320.5 us (0.0%)
[Performance] InitializeOnLoad SplineExtrudeUtility                                                                                                :        1 samples, Peak.   284 us (1.0x), Avg.   284 us, Total. 284.0 us (0.0%)
[Performance] InitializeOnLoad SplineDataReorderableListUtility                                                                                    :        1 samples, Peak.   175 us (1.0x), Avg.   175 us, Total. 175.5 us (0.0%)
[Performance] InitializeOnLoad PackageEntryPoint                                                                                                   :        1 samples, Peak.   140 ms (1.0x), Avg.   140 ms, Total. 140.3 ms (0.5%)
[Performance] InitializeOnLoad PurchasingServiceAnalyticsSender                                                                                    :        1 samples, Peak.   941 us (1.0x), Avg.   941 us, Total. 941.5 us (0.0%)
[Performance] InitializeOnLoad UnityPurchasingEditor                                                                                               :        1 samples, Peak.   613 us (1.0x), Avg.   613 us, Total. 612.6 us (0.0%)
[Performance] InitializeOnLoad PurchasingImporter                                                                                                  :        1 samples, Peak.   394 us (1.0x), Avg.   394 us, Total. 393.8 us (0.0%)
[Performance] InitializeOnLoad VSCodeScriptEditor                                                                                                  :        1 samples, Peak.  6.91 ms (1.0x), Avg.  6.91 ms, Total. 6.907 ms (0.0%)
[Performance] InitializeOnLoad ShadowCasterGroup2DManager                                                                                          :        1 samples, Peak.  69.1 us (1.0x), Avg.  69.1 us, Total. 69.08 us (0.0%)
[Performance] InitializeOnLoad NodeClassCache                                                                                                      :        1 samples, Peak.  10.4 us (1.0x), Avg.  10.4 us, Total. 10.38 us (0.0%)
[Performance] InitializeOnLoad ShaderGraphMaterialsUpdater                                                                                         :        2 samples, Peak.   313 us (1.7x), Avg.   188 us, Total. 375.1 us (0.0%)
[Performance] InitializeOnLoad Renderer2DAnalytics                                                                                                 :        1 samples, Peak.   154 us (1.0x), Avg.   154 us, Total. 153.5 us (0.0%)
[Performance] InitializeOnLoad EditorToolManager                                                                                                   :        1 samples, Peak.  1.36 ms (1.0x), Avg.  1.36 ms, Total. 1.356 ms (0.0%)
[Performance] InitializeOnLoad VisualStudioEditor                                                                                                  :        1 samples, Peak.  2.04 ms (1.0x), Avg.  2.04 ms, Total. 2.036 ms (0.0%)
[Performance] InitializeOnLoad TestRunnerApiListener                                                                                               :        1 samples, Peak.   350 us (1.0x), Avg.   350 us, Total. 349.8 us (0.0%)
[Performance] InitializeOnLoad VisualStudioIntegration                                                                                             :        1 samples, Peak.   431 us (1.0x), Avg.   431 us, Total. 431.5 us (0.0%)
[Performance] InitializeOnLoad PrefabLayoutRebuilder                                                                                               :        1 samples, Peak.   256 us (1.0x), Avg.   256 us, Total. 256.3 us (0.0%)
[Performance] InitializeOnLoad OnDomainReload                                                                                                      :        1 samples, Peak.   389 us (1.0x), Avg.   389 us, Total. 389.2 us (0.0%)
[Performance] InitializeOnLoad DeltaTimeScaleProcessor                                                                                             :        1 samples, Peak.   411 us (1.0x), Avg.   411 us, Total. 411.2 us (0.0%)
[Performance] InitializeOnLoad AverageFrameRateTracker                                                                                             :        1 samples, Peak.   154 us (1.0x), Avg.   154 us, Total. 153.6 us (0.0%)
[Performance] InitializeOnLoad EditorInitialize                                                                                                    :        4 samples, Peak.  1.50 ms (2.0x), Avg.   748 us, Total. 2.991 ms (0.0%)
[Performance] InitializeOnLoad CanvasesAndTheirOwners                                                                                              :        1 samples, Peak.  82.4 us (1.0x), Avg.  82.4 us, Total. 82.42 us (0.0%)
[Performance] InitializeOnLoad VSUsageUtility                                                                                                      :        1 samples, Peak.  9.54 ms (1.0x), Avg.  9.54 ms, Total. 9.540 ms (0.0%)
[Performance] InitializeOnLoad VersionValidator                                                                                                    :        1 samples, Peak.  1.07 ms (1.0x), Avg.  1.07 ms, Total. 1.069 ms (0.0%)
[Performance] InitializeOnLoad LogPreferences                                                                                                      :        1 samples, Peak.   152 us (1.0x), Avg.   152 us, Total. 151.6 us (0.0%)
[Performance] InitializeOnLoad DestroyListener                                                                                                     :        1 samples, Peak.   282 us (1.0x), Avg.   282 us, Total. 282.0 us (0.0%)
[Performance] InitializeOnLoad ProGridsInterface                                                                                                   :        1 samples, Peak.  3.60 ms (1.0x), Avg.  3.60 ms, Total. 3.596 ms (0.0%)
[Performance] InitializeOnLoad EntityVisibility                                                                                                    :        1 samples, Peak.   277 us (1.0x), Avg.   277 us, Total. 277.0 us (0.0%)
[Performance] InitializeOnLoad VertexManipulationToolSettings                                                                                      :        1 samples, Peak.  44.0 us (1.0x), Avg.  44.0 us, Total. 44.00 us (0.0%)
[Performance] InitializeOnLoad UndoUtility                                                                                                         :        1 samples, Peak.  69.9 us (1.0x), Avg.  69.9 us, Total. 69.87 us (0.0%)
[Performance] InitializeOnLoad HierarchyListener                                                                                                   :        1 samples, Peak.   142 us (1.0x), Avg.   142 us, Total. 141.7 us (0.0%)
[Performance] InitializeOnLoad Lightmapping                                                                                                        :        1 samples, Peak.   402 us (1.0x), Avg.   402 us, Total. 402.4 us (0.0%)
[Performance] InitializeOnLoad SceneDragAndDropListener                                                                                            :        1 samples, Peak.  1.21 ms (1.0x), Avg.  1.21 ms, Total. 1.206 ms (0.0%)
[Performance] InitializeOnLoad MeshSelection                                                                                                       :        1 samples, Peak.  2.25 ms (1.0x), Avg.  2.25 ms, Total. 2.251 ms (0.0%)
[Performance] InitializeOnLoad UnityInternalsInjector                                                                                              :        1 samples, Peak.  1.22 ms (1.0x), Avg.  1.22 ms, Total. 1.218 ms (0.0%)
[Performance] InitializeOnLoad UVCSToolbarBoostrap                                                                                                 :        1 samples, Peak.  74.4 ms (1.0x), Avg.  74.4 ms, Total. 74.38 ms (0.3%)
[Performance] InitializeOnLoad SampleDependencyImporter                                                                                            :        2 samples, Peak.  1.32 ms (1.7x), Avg.   777 us, Total. 1.554 ms (0.0%)
[Performance] InitializeOnLoad InspectorUtility                                                                                                    :        1 samples, Peak.   499 us (1.0x), Avg.   499 us, Total. 499.5 us (0.0%)
[Performance] InitializeOnLoad CinemachineEditorAnalytics                                                                                          :        1 samples, Peak.  82.0 us (1.0x), Avg.  82.0 us, Total. 82.00 us (0.0%)
[Performance] InitializeOnLoad AutoSmoothHookup                                                                                                    :        1 samples, Peak.   107 us (1.0x), Avg.   107 us, Total. 106.7 us (0.0%)
[Performance] InitializeOnLoad CreatePipelineWithUndo                                                                                              :        1 samples, Peak.   137 us (1.0x), Avg.   137 us, Total. 137.2 us (0.0%)
[Performance] InitializeOnLoad AutoDollyMenuItems                                                                                                  :        1 samples, Peak.  1.33 ms (1.0x), Avg.  1.33 ms, Total. 1.333 ms (0.0%)
[Performance] InitializeOnLoad SplineGizmoCache                                                                                                    :        1 samples, Peak.  1.25 ms (1.0x), Avg.  1.25 ms, Total. 1.252 ms (0.0%)
[Performance] InitializeOnLoad ModifierMenuItems                                                                                                   :        1 samples, Peak.   502 us (1.0x), Avg.   502 us, Total. 502.1 us (0.0%)
[Performance] InitializeOnLoad CreateRigWithUndo                                                                                                   :        1 samples, Peak.   103 us (1.0x), Avg.   103 us, Total. 103.5 us (0.0%)
[Performance] InitializeOnLoad CinemachineDeoccluderPrefs                                                                                          :        1 samples, Peak.  1.36 ms (1.0x), Avg.  1.36 ms, Total. 1.355 ms (0.0%)
[Performance] InitializeOnLoad PipelineStageMenu                                                                                                   :        1 samples, Peak.  2.33 ms (1.0x), Avg.  2.33 ms, Total. 2.326 ms (0.0%)
[Performance] InitializeOnLoad CinemachineSplineDollyPrefs                                                                                         :        1 samples, Peak.   607 us (1.0x), Avg.   607 us, Total. 607.3 us (0.0%)
[Performance] InitializeOnLoad SaveDuringPlay                                                                                                      :        1 samples, Peak.  72.0 us (1.0x), Avg.  72.0 us, Total. 71.96 us (0.0%)
[Performance] InitializeOnLoad DefaultControlInitializer                                                                                           :        1 samples, Peak.   109 us (1.0x), Avg.   109 us, Total. 109.4 us (0.0%)
[Performance] InitializeOnLoad SyncCacheEnabledSetting                                                                                             :        1 samples, Peak.   220 us (1.0x), Avg.   220 us, Total. 219.7 us (0.0%)
[Performance] InitializeOnLoad CinemachineComposerPrefs                                                                                            :        1 samples, Peak.   254 us (1.0x), Avg.   254 us, Total. 253.8 us (0.0%)
[Performance] InitializeOnLoad RiderScriptEditor                                                                                                   :        1 samples, Peak.  7.39 ms (1.0x), Avg.  7.39 ms, Total. 7.394 ms (0.0%)
[Performance] InitializeOnLoad CallbackInitializer                                                                                                 :        1 samples, Peak.  18.1 ms (1.0x), Avg.  18.1 ms, Total. 18.13 ms (0.1%)
[Performance] InitializeOnLoad NavigationWindow                                                                                                    :        1 samples, Peak.  1.25 ms (1.0x), Avg.  1.25 ms, Total. 1.248 ms (0.0%)
[Performance] InitializeOnLoad SceneViewGridManager.Initialize                                                                                     :        1 samples, Peak.  8.34 ms (1.0x), Avg.  8.34 ms, Total. 8.341 ms (0.0%)
[Performance] InitializeOnLoad TilemapPrefabStageHelper.Initialize                                                                                 :        1 samples, Peak.  2.16 ms (1.0x), Avg.  2.16 ms, Total. 2.165 ms (0.0%)
[Performance] InitializeOnLoad SceneViewOpenTilePaletteHelper.Initialize                                                                           :        1 samples, Peak.  4.16 ms (1.0x), Avg.  4.16 ms, Total. 4.158 ms (0.0%)
[Performance] InitializeOnLoad TileDragAndDropManager.Initialize                                                                                   :        1 samples, Peak.   855 us (1.0x), Avg.   855 us, Total. 854.7 us (0.0%)
[Performance] InitializeOnLoad ThreadHelper.Init                                                                                                   :        4 samples, Peak.   530 us (2.1x), Avg.   250 us, Total. 999.8 us (0.0%)
[Performance] InitializeOnLoad EngineStateHelper.Init                                                                                              :        4 samples, Peak.   156 us (1.4x), Avg.   112 us, Total. 448.0 us (0.0%)
[Performance] InitializeOnLoad InputSystemPackageControl.SubscribePackageManagerEvent                                                              :        1 samples, Peak.  73.5 us (1.0x), Avg.  73.5 us, Total. 73.54 us (0.0%)
[Performance] InitializeOnLoad InputSystemPluginControl.CheckForExtension                                                                          :        1 samples, Peak.  1.48 ms (1.0x), Avg.  1.48 ms, Total. 1.478 ms (0.0%)
[Performance] InitializeOnLoad MaterialReimporter.RegisterUpgraderReimport                                                                         :        2 samples, Peak.   209 us (1.7x), Avg.   122 us, Total. 243.2 us (0.0%)
[Performance] InitializeOnLoad ServiceInstallationListener.RegisterToEvents                                                                        :        1 samples, Peak.  1.52 ms (1.0x), Avg.  1.52 ms, Total. 1.525 ms (0.0%)
[Performance] InitializeOnLoad ActionSchedulerCleaner.RegisterSchedulerCleaner                                                                     :        1 samples, Peak.   284 us (1.0x), Avg.   284 us, Total. 283.8 us (0.0%)
[Performance] InitializeOnLoad EditorGameServiceRegistry.RegisterAllServices                                                                       :        1 samples, Peak.  10.1 ms (1.0x), Avg.  10.1 ms, Total. 10.09 ms (0.0%)
[Performance] InitializeOnLoad MainThreadDispatcher.EditorInitialize                                                                               :        1 samples, Peak.   190 us (1.0x), Avg.   190 us, Total. 190.1 us (0.0%)
[Performance] InitializeOnLoad MainThreadInstaller.Init                                                                                            :        1 samples, Peak.   119 us (1.0x), Avg.   119 us, Total. 119.3 us (0.0%)
[Performance] InitializeOnLoad ProjectConfigurationBuilder.SubscribeToResetComplete                                                                :        1 samples, Peak.   409 us (1.0x), Avg.   409 us, Total. 409.2 us (0.0%)
[Performance] InitializeOnLoad ProBuilderSettings.SaveSettingsOnExit                                                                               :        1 samples, Peak.  74.7 us (1.0x), Avg.  74.7 us, Total. 74.67 us (0.0%)
[Performance] InitializeOnLoad VisualStudioEditor.LegacyVisualStudioCodePackageDisabler                                                            :        1 samples, Peak.  2.38 ms (1.0x), Avg.  2.38 ms, Total. 2.379 ms (0.0%)
[Performance] InitializeOnLoad UnityPurchasingEditor.MigrateBillingMode                                                                            :        1 samples, Peak.   489 us (1.0x), Avg.   489 us, Total. 488.6 us (0.0%)
[Performance] InitializeOnLoad ProductCatalogEditor.MigrateProductCatalog                                                                          :        1 samples, Peak.   609 us (1.0x), Avg.   609 us, Total. 609.2 us (0.0%)
[Performance] InitializeOnLoad ObfuscationMigration.MigrateObfuscations                                                                            :        1 samples, Peak.   479 us (1.0x), Avg.   479 us, Total. 479.0 us (0.0%)
[Performance] InitializeOnLoad SplineCacheUtility.Initialize                                                                                       :        1 samples, Peak.   569 us (1.0x), Avg.   569 us, Total. 568.7 us (0.0%)
[Performance] InitializeOnLoad TestJobDataHolder.ResumeRunningJobs                                                                                 :        1 samples, Peak.  1.49 ms (1.0x), Avg.  1.49 ms, Total. 1.491 ms (0.0%)
[Performance] InitializeOnLoad AnalyticsReporter.RegisterCallbacks                                                                                 :        1 samples, Peak.   399 us (1.0x), Avg.   399 us, Total. 399.3 us (0.0%)
[Performance] InitializeOnLoad DebugManagerWindowLifetimeAnalytic.SubscribeToDebugManagerOpenCloseWindows                                          :        1 samples, Peak.   617 us (1.0x), Avg.   617 us, Total. 616.8 us (0.0%)
[Performance] InitializeOnLoad CoreRenderPipelinePreferences.InitPreferenceProviders                                                               :        1 samples, Peak.  33.1 ms (1.0x), Avg.  33.1 ms, Total. 33.14 ms (0.1%)
[Performance] InitializeOnLoad VolumeGizmoDrawer.InitVolumeGizmoCallbacks                                                                          :        1 samples, Peak.   334 us (1.0x), Avg.   334 us, Total. 333.6 us (0.0%)
[Performance] InitializeOnLoad UnityThreadUtils.CaptureUnityThreadInfo                                                                             :        1 samples, Peak.  70.9 us (1.0x), Avg.  70.9 us, Total. 70.87 us (0.0%)
[Performance] DidReloadScriptsAdvancedDropdownWindow.OnScriptReload                                                                                :        2 samples, Peak.  38.4 ms (1.6x), Avg.  24.6 ms, Total. 49.14 ms (0.2%)
[Performance] DidReloadScriptsCinemachineVirtualCameraBase.OnScriptReload                                                                          :        1 samples, Peak.   191 us (1.0x), Avg.   191 us, Total. 191.5 us (0.0%)
[Performance] DidReloadScriptsCinemachineExtension.OnScriptReload                                                                                  :        1 samples, Peak.   500 us (1.0x), Avg.   500 us, Total. 500.4 us (0.0%)
[Performance] DidReloadScriptsTestRunnerWindow.CompilationCallback                                                                                 :        1 samples, Peak.   384 us (1.0x), Avg.   384 us, Total. 384.4 us (0.0%)
[Performance] DidReloadScriptsTestListCache.ScriptReloaded                                                                                         :        1 samples, Peak.  2.45 ms (1.0x), Avg.  2.45 ms, Total. 2.450 ms (0.0%)
[Performance] DidReloadScriptsLookDev.OnEditorReload                                                                                               :        1 samples, Peak.   166 us (1.0x), Avg.   166 us, Total. 166.2 us (0.0%)
[Performance] DidReloadScriptsDebugWindow.OnEditorReload                                                                                           :        1 samples, Peak.  5.93 ms (1.0x), Avg.  5.93 ms, Total. 5.933 ms (0.0%)
[Performance] DidReloadScriptsVolumeComponentEditor.OnEditorReload                                                                                 :        1 samples, Peak.  40.2 ms (1.0x), Avg.  40.2 ms, Total. 40.23 ms (0.2%)
[Performance] AssemblyReloadEvents.afterAssemblyReload: com.IvanMurzak.Unity.MCP.Editor.Startup.OnAfterAssemblyReload                              :        1 samples, Peak.  70.4 ms (1.0x), Avg.  70.4 ms, Total. 70.40 ms (0.3%)
[Performance] AssemblyReloadEvents.afterAssemblyReload: UnityEditor.ProBuilder.HierarchyListener.OnAfterAssemblyReload                             :        1 samples, Peak.   129 us (1.0x), Avg.   129 us, Total. 129.2 us (0.0%)
[Performance] AssetDatabase.ImportAssets                                                                                                           :        3 samples, Peak.   709 ns (2.3x), Avg.   306 ns, Total. 918.0 ns (0.0%)
[Performance] VersionControl.Task.Wait                                                                                                             :        1 samples, Peak.   224 us (1.0x), Avg.   224 us, Total. 224.2 us (0.0%)
[Performance] TMPro_TexturePostProcessor.OnPostprocessAllAssets                                                                                    :        2 samples, Peak.   413 us (1.1x), Avg.   372 us, Total. 744.2 us (0.0%)
[Performance] CinemachineSettings.OnPostprocessAllAssets                                                                                           :        2 samples, Peak.   193 us (1.0x), Avg.   190 us, Total. 380.9 us (0.0%)
[Performance] DomainReloadProcessor.OnPostprocessAllAssets                                                                                         :        2 samples, Peak.   136 us (1.0x), Avg.   134 us, Total. 268.9 us (0.0%)
[Performance] SamplePostprocessor.OnPostprocessAllAssets                                                                                           :        4 samples, Peak.   129 us (1.2x), Avg.   104 us, Total. 414.5 us (0.0%)
[Performance] UVCSAssetPostprocessor.OnPostprocessAllAssets                                                                                        :        2 samples, Peak.   258 us (1.0x), Avg.   256 us, Total. 512.4 us (0.0%)
[Performance] AssetPostprocessorProxy.OnPostprocessAllAssets                                                                                       :        2 samples, Peak.   124 us (1.0x), Avg.   123 us, Total. 245.3 us (0.0%)
[Performance] BuilderAssetPostprocessor.OnPostprocessAllAssets                                                                                     :        2 samples, Peak.  1.90 ms (1.0x), Avg.  1.90 ms, Total. 3.792 ms (0.0%)
[Performance] ArtifactBrowserPostProcessor.OnPostprocessAllAssets                                                                                  :        2 samples, Peak.   422 us (1.0x), Avg.   420 us, Total. 840.5 us (0.0%)
[Performance] AssetEvents.OnPostprocessAllAssets                                                                                                   :        4 samples, Peak.   458 us (2.1x), Avg.   221 us, Total. 885.5 us (0.0%)
[Performance] AudioMixerPostprocessor.OnPostprocessAllAssets                                                                                       :        2 samples, Peak.   279 us (1.0x), Avg.   278 us, Total. 556.0 us (0.0%)
[Performance] StyleCatalogPostProcessor.OnPostprocessAllAssets                                                                                     :        2 samples, Peak.  30.0 ms (1.0x), Avg.  30.0 ms, Total. 60.09 ms (0.2%)
[Performance] BuildCatalog                                                                                                                         :        1 samples, Peak.  29.3 ms (1.0x), Avg.  29.3 ms, Total. 29.27 ms (0.1%)
[Performance] ModelImporterPostProcessor.OnPostprocessAllAssets                                                                                    :        2 samples, Peak.   854 us (1.0x), Avg.   853 us, Total. 1.706 ms (0.0%)
[Performance] MaterialPostprocessor.OnPostprocessAllAssets                                                                                         :        4 samples, Peak.   464 us (1.1x), Avg.   430 us, Total. 1.718 ms (0.0%)
[Performance] UniversalRenderPipelineGlobalSettingsPostprocessor.OnPostprocessAllAssets                                                            :        2 samples, Peak.  1.62 ms (1.0x), Avg.  1.62 ms, Total. 3.233 ms (0.0%)
[Performance] RetainedModeAssetPostprocessor.OnPostprocessAllAssets                                                                                :        2 samples, Peak.  1.57 ms (1.0x), Avg.  1.56 ms, Total. 3.124 ms (0.0%)
[Performance] AssetChangedListener.OnPostprocessAllAssets                                                                                          :        2 samples, Peak.  1.33 ms (1.0x), Avg.  1.33 ms, Total. 2.651 ms (0.0%)
[Performance] PostProcessor.OnPostprocessAllAssets                                                                                                 :        2 samples, Peak.   420 us (1.0x), Avg.   419 us, Total. 837.2 us (0.0%)
[Performance] ShaderGraphAssetPostProcessor.OnPostprocessAllAssets                                                                                 :        2 samples, Peak.  1.32 ms (1.0x), Avg.  1.32 ms, Total. 2.646 ms (0.0%)
[Performance] SpeedTreePostProcessor.OnPostprocessAllAssets                                                                                        :        2 samples, Peak.   366 us (1.0x), Avg.   362 us, Total. 723.3 us (0.0%)
[Performance] TextAssetPostProcessor.OnPostprocessAllAssets                                                                                        :        2 samples, Peak.   281 us (1.0x), Avg.   279 us, Total. 557.0 us (0.0%)
[Performance] AssetProcessor.OnPostprocessAllAssets                                                                                                :        6 samples, Peak.  5.09 ms (2.4x), Avg.  2.13 ms, Total. 12.76 ms (0.0%)
[Performance] InputActionAssetPostprocessor.OnPostprocessAllAssets                                                                                 :        2 samples, Peak.   547 us (1.0x), Avg.   531 us, Total. 1.062 ms (0.0%)
[Performance] InputActionJsonNameModifierAssetProcessor.OnPostprocessAllAssets                                                                     :        2 samples, Peak.  63.9 us (1.0x), Avg.  62.3 us, Total. 124.5 us (0.0%)
[Performance] ProjectSettingsPostprocessor.OnPostprocessAllAssets                                                                                  :        2 samples, Peak.   142 us (1.0x), Avg.   141 us, Total. 282.8 us (0.0%)
[Performance] SyncVS.PostprocessSyncProject                                                                                                        :        1 samples, Peak.  8.96 ms (1.0x), Avg.  8.96 ms, Total. 8.958 ms (0.0%)
[Performance] Application.ImportPackagesAndSetTemplateWhenCreatingProject                                                                          :        1 samples, Peak.  32.2 ms (1.0x), Avg.  32.2 ms, Total. 32.21 ms (0.1%)
[Performance] Application.SyncCurrentColorSpace                                                                                                    :        1 samples, Peak.  15.8 ms (1.0x), Avg.  15.8 ms, Total. 15.84 ms (0.1%)
[Performance] Application.OnUsbDevicesChanged                                                                                                      :        1 samples, Peak.  70.1 us (1.0x), Avg.  70.1 us, Total. 70.08 us (0.0%)
[Performance] Application.AssetInstanceCacheUpdate                                                                                                 :        1 samples, Peak.   166 ns (1.0x), Avg.   166 ns, Total. 166.0 ns (0.0%)
[Performance] Application.UnityExtensions.Initialize                                                                                               :        1 samples, Peak.  10.4 ms (1.0x), Avg.  10.4 ms, Total. 10.41 ms (0.0%)
[Performance] CodeEditorProjectSync.SyncEditorProject                                                                                              :        1 samples, Peak.   504 ms (1.0x), Avg.   504 ms, Total. 504.5 ms (1.9%)
[Performance] Application.ExecuteStartups                                                                                                          :        1 samples, Peak.  42.5 ms (1.0x), Avg.  42.5 ms, Total. 42.48 ms (0.2%)
[Performance] Menu.RegisterMenuInterface                                                                                                           :       26 samples, Peak.  4.04 us (8.8x), Avg.   462 ns, Total. 12.00 us (0.0%)
[Performance] Gizmo.RebuildRenderers                                                                                                               :        1 samples, Peak.  39.7 ms (1.0x), Avg.  39.7 ms, Total. 39.70 ms (0.2%)
[Performance] Gizmo.AddGizmoRenderers                                                                                                              :      196 samples, Peak.  1.51 ms (54.9x), Avg.  27.5 us, Total. 5.392 ms (0.0%)
[Performance] Application.editorInitializingProject                                                                                                :        1 samples, Peak.   469 us (1.0x), Avg.   469 us, Total. 468.8 us (0.0%)
[Performance] Application.FinishLoadingProject                                                                                                     :        1 samples, Peak.   386 ms (1.0x), Avg.   386 ms, Total. 386.0 ms (1.5%)
[Performance] Application.InitializeMenu                                                                                                           :        1 samples, Peak.   191 ms (1.0x), Avg.   191 ms, Total. 191.3 ms (0.7%)
[Performance] Menu.RebuildAll                                                                                                                      :        1 samples, Peak.   191 ms (1.0x), Avg.   191 ms, Total. 191.3 ms (0.7%)
[Performance] Menu.BuildRegisteredMenuInterfaces                                                                                                   :        1 samples, Peak.   191 ms (1.0x), Avg.   191 ms, Total. 190.8 ms (0.7%)
[Performance] Menu.FilterMenuItem                                                                                                                  :     1013 samples, Peak.   128 ms (1007.8x), Avg.   127 us, Total. 129.2 ms (0.5%)
[Performance] UpdateAllMenus                                                                                                                       :        1 samples, Peak.   471 us (1.0x), Avg.   471 us, Total. 471.5 us (0.0%)
[Performance] EditorSceneManager.sceneClosing: UnityEditor.SceneVisibilityManager.EditorSceneManagerOnSceneClosing                                 :        3 samples, Peak.   243 us (2.8x), Avg.  85.5 us, Total. 256.4 us (0.0%)
[Performance] GUIView.RepaintAll.PlayerLoopController                                                                                              :        5 samples, Peak.   709 ns (1.4x), Avg.   508 ns, Total. 2.542 us (0.0%)
[Performance] EditorSceneManager.newSceneCreated: UnityEditor.SceneTemplate.SceneTemplateService.OnNewSceneCreated                                 :        3 samples, Peak.   193 us (2.9x), Avg.  65.5 us, Total. 196.5 us (0.0%)
[Performance] EditorSceneManager.newSceneCreated: UnityEditor.SceneVisibilityManager.EditorSceneManagerOnNewSceneCreated                           :        3 samples, Peak.   162 us (1.6x), Avg.   103 us, Total. 310.0 us (0.0%)
[Performance] EditorSceneManager.newSceneCreated: UnityEditor.SceneManagement.StageNavigationManager.OnNewSceneCreated                             :        3 samples, Peak.  48.0 us (2.8x), Avg.  17.4 us, Total. 52.33 us (0.0%)
[Performance] Application.InvokeFinishedLoadingProject                                                                                             :        1 samples, Peak.  19.7 ms (1.0x), Avg.  19.7 ms, Total. 19.74 ms (0.1%)
[Performance] ProcessService.OnProjectLoaded                                                                                                       :        1 samples, Peak.  53.0 us (1.0x), Avg.  53.0 us, Total. 52.96 us (0.0%)
[Performance] Application.InvokeProjectWasLoaded                                                                                                   :        1 samples, Peak.  41.7 us (1.0x), Avg.  41.7 us, Total. 41.75 us (0.0%)
[Performance] Application.Tick                                                                                                                     :       50 samples, Peak.  1.23 s (20.3x), Avg.  60.6 ms, Total. 3.030 s (11.7%)
[Performance] CheckLicensingClient                                                                                                                 :        1 samples, Peak.  4.46 us (1.0x), Avg.  4.46 us, Total. 4.458 us (0.0%)
[Performance] CheckLicensingClientNotification                                                                                                     :        1 samples, Peak.  4.79 us (1.0x), Avg.  4.79 us, Total. 4.791 us (0.0%)
[Performance] LicenseActivated.Tick                                                                                                                :        1 samples, Peak.  7.00 us (1.0x), Avg.  7.00 us, Total. 7.000 us (0.0%)
[Performance] Application.TickVersionControl                                                                                                       :       51 samples, Peak.  4.08 us (4.0x), Avg.  1.02 us, Total. 52.20 us (0.0%)
[Performance] MonoCompiler.Tick                                                                                                                    :        5 samples, Peak.  11.6 us (1.7x), Avg.  6.89 us, Total. 34.46 us (0.0%)
[Performance] UnityConnect.Tick                                                                                                                    :        8 samples, Peak.  6.21 ms (7.0x), Avg.   889 us, Total. 7.116 ms (0.0%)
[Performance] UnityVersionControl.Tick                                                                                                             :        8 samples, Peak.  1.46 us (2.9x), Avg.   505 ns, Total. 4.041 us (0.0%)
[Performance] CurlRequest.Tick                                                                                                                     :        6 samples, Peak.  6.73 ms (6.0x), Avg.  1.13 ms, Total. 6.780 ms (0.0%)
[Performance] HubClient.Tick                                                                                                                       :        6 samples, Peak.  2.12 us (2.8x), Avg.   764 ns, Total. 4.584 us (0.0%)
[Performance] AssetDatabase.Tick                                                                                                                   :        6 samples, Peak.  43.2 us (5.9x), Avg.  7.33 us, Total. 44.00 us (0.0%)
[Performance] SceneBackgroundTask.Tick                                                                                                             :        5 samples, Peak.   416 ns (1.5x), Avg.   275 ns, Total. 1.375 us (0.0%)
[Performance] Scheduler.Tick                                                                                                                       :       17 samples, Peak.  2.30 ms (15.9x), Avg.   145 us, Total. 2.461 ms (0.0%)
[Performance] RepaintAllProfilerWindows                                                                                                            :        4 samples, Peak.   358 us (3.9x), Avg.  90.9 us, Total. 363.4 us (0.0%)
[Performance] PlayerUpdates.Tick                                                                                                                   :        8 samples, Peak.  27.9 us (2.0x), Avg.  14.2 us, Total. 113.6 us (0.0%)
[Performance] Application.TickGlobalCallbacks                                                                                                      :       51 samples, Peak.  40.2 ms (45.0x), Avg.   892 us, Total. 45.49 ms (0.2%)
[Performance] CoreBusinessMetrics.Tick                                                                                                             :        1 samples, Peak.  40.8 us (1.0x), Avg.  40.8 us, Total. 40.79 us (0.0%)
[Performance] EditorAnalytics.Tick                                                                                                                 :        5 samples, Peak.  8.21 us (3.1x), Avg.  2.62 us, Total. 13.12 us (0.0%)
[Performance] GI.Tick                                                                                                                              :        8 samples, Peak.  2.96 ms (4.9x), Avg.   599 us, Total. 4.791 ms (0.0%)
[Performance] Video.Update                                                                                                                         :       51 samples, Peak.  1.62 us (3.7x), Avg.   439 ns, Total. 22.38 us (0.0%)
[Performance] UnitySynchronization.ExecuteTasks                                                                                                    :        8 samples, Peak.  3.45 ms (7.4x), Avg.   465 us, Total. 3.723 ms (0.0%)
[Performance] Application.TickPreloadManager                                                                                                       :       51 samples, Peak.  19.5 us (6.3x), Avg.  3.08 us, Total. 157.3 us (0.0%)
[Performance] Application.TickProgress                                                                                                             :       51 samples, Peak.  3.26 ms (48.1x), Avg.  67.8 us, Total. 3.456 ms (0.0%)
[Performance] Application.TickSceneTracker                                                                                                         :       50 samples, Peak.   984 ms (17.8x), Avg.  55.2 ms, Total. 2.762 s (10.7%)
[Performance] EditorApplication.update                                                                                                             :       50 samples, Peak.   982 ms (17.8x), Avg.  55.2 ms, Total. 2.759 s (10.7%)
[Performance] EditorApplication.update: UnityEditor.TestTools.TestRunner.CommandLineTest.TestStarter.UpdateWatch                                   :        1 samples, Peak.   150 ms (1.0x), Avg.   150 ms, Total. 150.0 ms (0.6%)
[Performance] EditorApplication.update: com.IvanMurzak.Unity.MCP.Editor.DependencyResolver.NuGetDependencyResolver.ResolveOnce                     :        1 samples, Peak.   810 ms (1.0x), Avg.   810 ms, Total. 810.0 ms (3.1%)
[Performance] EditorApplication.update: com.IvanMurzak.Unity.MCP.Editor.Utils.ScriptUtils.ProcessPendingNotificationsOnce                          :        1 samples, Peak.   937 us (1.0x), Avg.   937 us, Total. 937.0 us (0.0%)
[Performance] EditorApplication.update: com.IvanMurzak.Unity.MCP.Editor.Utils.PackageUtils.ProcessPendingNotificationsOnce                         :        1 samples, Peak.   428 us (1.0x), Avg.   428 us, Total. 427.5 us (0.0%)
[Performance] EditorApplication.update: com.IvanMurzak.Unity.MCP.Editor.McpServerManager.CheckExistingProcess                                      :        1 samples, Peak.  1.28 ms (1.0x), Avg.  1.28 ms, Total. 1.283 ms (0.0%)
[Performance] EditorApplication.update: com.IvanMurzak.Unity.MCP.Editor.McpServerManager.StartServerIfNeeded                                       :        1 samples, Peak.   798 us (1.0x), Avg.   798 us, Total. 798.5 us (0.0%)
[Performance] EditorApplication.update: UnityEngine.Rendering.ProbeSubdivisionContext+RealtimeProbeSubdivisionDebug.UpdateRealtimeSubdivisionDebug :       51 samples, Peak.  6.29 ms (50.6x), Avg.   124 us, Total. 6.335 ms (0.0%)
[Performance] EditorApplication.update: Unity.PlasticSCM.Editor.Hub.ProcessHubCommand.RunOnceWhenAccessTokenIsInitialized                          :       51 samples, Peak.   144 us (34.7x), Avg.  4.14 us, Total. 211.3 us (0.0%)
[Performance] EditorApplication.update: callback in Unity.PlasticSCM.Editor.Execute                                                                :        1 samples, Peak.   858 us (1.0x), Avg.   858 us, Total. 858.0 us (0.0%)
[Performance] EditorApplication.update: UnityEditor.Timeline.SampleDependencyImporter+PackageChecker.WaitForRequestToComplete                      :        1 samples, Peak.  3.97 ms (1.0x), Avg.  3.97 ms, Total. 3.972 ms (0.0%)
[Performance] EditorApplication.update: Unity.Cinemachine.Editor.SampleDependencyImporter+PackageChecker.WaitForRequestToComplete                  :        1 samples, Peak.  3.76 ms (1.0x), Avg.  3.76 ms, Total. 3.755 ms (0.0%)
[Performance] EditorApplication.update: callback in UnityEditor.Rendering.Universal.MaterialReimporter                                             :       51 samples, Peak.  1.10 ms (46.6x), Avg.  23.5 us, Total. 1.201 ms (0.0%)
[Performance] EditorApplication.update: UnityEditor.PackageManager.UI.Internal.ApplicationProxy.OnUpdate                                           :       51 samples, Peak.   770 us (46.2x), Avg.  16.7 us, Total. 849.6 us (0.0%)
[Performance] EditorApplication.update: UnityEditor.SceneManagement.StageNavigationManager.Update                                                  :       51 samples, Peak.   375 us (47.8x), Avg.  7.83 us, Total. 399.3 us (0.0%)
[Performance] Package.AsyncRequest                                                                                                                 :        1 samples, Peak.   734 us (1.0x), Avg.   734 us, Total. 733.8 us (0.0%)
[Performance] ConsoleLog.Tick                                                                                                                      :        5 samples, Peak.   210 us (4.2x), Avg.  49.9 us, Total. 249.6 us (0.0%)
[Performance] HierarchyWindow.Tick                                                                                                                 :        5 samples, Peak.  14.6 ms (4.9x), Avg.  2.96 ms, Total. 14.79 ms (0.1%)
[Performance] EditorApplication.hierarchyChanged: Unity.UIElements.Editor.UIDocumentHierarchyWatcher.OnHierarchyChanged                            :        2 samples, Peak.   395 us (1.9x), Avg.   208 us, Total. 415.3 us (0.0%)
[Performance] EditorApplication.hierarchyChanged: UnityEditor.Tilemaps.SceneViewGridManager.UpdateCache                                            :        2 samples, Peak.  13.1 ms (2.0x), Avg.  6.56 ms, Total. 13.11 ms (0.1%)
[Performance] EditorApplication.hierarchyChanged: UnityEditor.Tilemaps.SceneViewOpenTilePaletteHelper.SelectionChanged                             :        2 samples, Peak.  17.2 us (1.9x), Avg.  9.21 us, Total. 18.42 us (0.0%)
[Performance] EditorApplication.hierarchyChanged: UnityEditor.Tilemaps.GridPaintingState.HierarchyChanged                                          :        2 samples, Peak.   142 us (2.0x), Avg.  71.8 us, Total. 143.5 us (0.0%)
[Performance] Inspector.Tick                                                                                                                       :        5 samples, Peak.   156 ms (5.0x), Avg.  31.2 ms, Total. 156.2 ms (0.6%)
[Performance] EditorApplication.delayCall: UnityEditor.ShortcutManagement.ShortcutIntegration.EnsureShortcutsAreInitialized                        :        1 samples, Peak.  33.8 ms (1.0x), Avg.  33.8 ms, Total. 33.84 ms (0.1%)
[Performance] EditorApplication.delayCall: SpriteApplyValidator.MaybeRun                                                                           :        1 samples, Peak.   230 us (1.0x), Avg.   230 us, Total. 230.0 us (0.0%)
[Performance] EditorApplication.delayCall: ReadmeEditor.SelectReadmeAutomatically                                                                  :        1 samples, Peak.  17.9 ms (1.0x), Avg.  17.9 ms, Total. 17.93 ms (0.1%)
[Performance] EditorApplication.delayCall: callback in UnityEngine.InputSystem.EnhancedTouch.TouchSimulation                                       :        1 samples, Peak.   610 us (1.0x), Avg.   610 us, Total. 609.5 us (0.0%)
[Performance] EditorApplication.delayCall: UnityEngine.InputSystem.InputSystem.SetUpRemotingInternal                                               :        1 samples, Peak.  7.21 ms (1.0x), Avg.  7.21 ms, Total. 7.210 ms (0.0%)
[Performance] EditorApplication.delayCall: UnityEngine.InputSystem.InputSystem.ShowRestartWarning                                                  :        1 samples, Peak.  7.51 ms (1.0x), Avg.  7.51 ms, Total. 7.512 ms (0.0%)
[Performance] EditorApplication.delayCall: com.IvanMurzak.Unity.MCP.Editor.Utils.UpdateChecker.CheckForUpdatesOnStartup                            :        1 samples, Peak.  7.88 ms (1.0x), Avg.  7.88 ms, Total. 7.882 ms (0.0%)
[Performance] EditorApplication.delayCall: callback in UnityEditor.Purchasing.UnityPurchasingEditor                                                :        1 samples, Peak.  1.56 ms (1.0x), Avg.  1.56 ms, Total. 1.559 ms (0.0%)
[Performance] EditorApplication.delayCall: UnityEditor.ProBuilder.VersionValidator.ValidateVersion                                                 :        1 samples, Peak.  4.21 ms (1.0x), Avg.  4.21 ms, Total. 4.211 ms (0.0%)
[Performance] EditorApplication.delayCall: callback in UnityEditor.ProBuilder.LogPreferences                                                       :        1 samples, Peak.  1.64 ms (1.0x), Avg.  1.64 ms, Total. 1.639 ms (0.0%)
[Performance] EditorApplication.delayCall: callback in UnityEditor.AI.NavMeshEditorHelpers                                                         :        1 samples, Peak.  43.2 us (1.0x), Avg.  43.2 us, Total. 43.21 us (0.0%)
[Performance] EditorApplication.delayCall: callback in UnityEditor.EditorTools.ToolShortcutContext                                                 :        1 samples, Peak.   754 us (1.0x), Avg.   754 us, Total. 754.0 us (0.0%)
[Performance] EditorApplication.delayCall: callback in UnityEditor.SceneVisibilityManager                                                          :        1 samples, Peak.  94.1 us (1.0x), Avg.  94.1 us, Total. 94.08 us (0.0%)
[Performance] EditorApplication.delayCall: callback in UnityEditor.EditorWindow                                                                    :        1 samples, Peak.  29.4 us (1.0x), Avg.  29.4 us, Total. 29.42 us (0.0%)
[Performance] EditorApplication.delayCall: callback in UnityEditor.ProBuilder.HierarchyListener                                                    :        1 samples, Peak.  72.2 ms (1.0x), Avg.  72.2 ms, Total. 72.22 ms (0.3%)
[Performance] EditorApplication.delayCall: UnityEditor.EditorTools.EditorToolContext.Activate                                                      :        1 samples, Peak.  3.58 us (1.0x), Avg.  3.58 us, Total. 3.584 us (0.0%)
[Performance] Tooltip.Tick                                                                                                                         :        7 samples, Peak.   247 us (5.4x), Avg.  45.8 us, Total. 320.4 us (0.0%)
[Performance] Application.RequestRepaintForPanels                                                                                                  :       50 samples, Peak.   317 us (33.7x), Avg.  9.40 us, Total. 470.2 us (0.0%)
[Performance] Application.UpdateScene                                                                                                              :       50 samples, Peak.  22.9 ms (47.1x), Avg.   486 us, Total. 24.31 ms (0.1%)
[Performance] Inspector.InitOrRebuild                                                                                                              :        2 samples, Peak.  7.88 ms (1.3x), Avg.  5.85 ms, Total. 11.69 ms (0.0%)
[Performance] Selection.selectionChanged: UnityEditor.PackageManager.UI.Internal.SelectionProxy.OnSelectionChanged                                 :        2 samples, Peak.   376 us (1.4x), Avg.   260 us, Total. 520.0 us (0.0%)
[Performance] Selection.selectionChanged: UnityEditorInternal.EditMode.OnSelectionChange                                                           :        2 samples, Peak.   132 us (2.0x), Avg.  66.2 us, Total. 132.5 us (0.0%)
[Performance] Selection.selectionChanged: UnityEditor.Splines.SplineDataReorderableListUtility.ClearReorderableLists                               :        2 samples, Peak.  42.3 us (1.7x), Avg.  24.5 us, Total. 49.08 us (0.0%)
[Performance] Selection.selectionChanged: UnityEditor.ProBuilder.MeshSelection.OnObjectSelectionChanged                                            :        2 samples, Peak.  15.5 us (1.5x), Avg.  10.2 us, Total. 20.46 us (0.0%)
[Performance] Selection.selectionChanged: Unity.Cinemachine.Editor.InspectorUtility.<.cctor>g__OnUserDidSomething|8_0                              :        2 samples, Peak.  48.5 us (1.9x), Avg.  24.9 us, Total. 49.79 us (0.0%)
[Performance] Selection.selectionChanged: UnityEditor.Tilemaps.SceneViewGridManager.UpdateCache                                                    :        2 samples, Peak.  11.0 us (1.6x), Avg.  6.92 us, Total. 13.83 us (0.0%)
[Performance] Selection.selectionChanged: UnityEditor.Tilemaps.SceneViewOpenTilePaletteHelper.SelectionChanged                                     :        2 samples, Peak.  10.8 us (1.2x), Avg.  9.10 us, Total. 18.21 us (0.0%)
[Performance] Selection.selectionChanged: UnityEditor.Tilemaps.GridPaintingState.OnSelectionChange                                                 :        2 samples, Peak.   112 us (2.0x), Avg.  56.6 us, Total. 113.2 us (0.0%)
[Performance] Application.UpdateTextureStreaming                                                                                                   :       50 samples, Peak.  1.04 us (5.8x), Avg.   180 ns, Total. 9.000 us (0.0%)
[Performance] Application.UpdateVideoTextures                                                                                                      :       50 samples, Peak.   417 ns (3.0x), Avg.   139 ns, Total. 6.955 us (0.0%)
[Performance] PackageImporter.Tick                                                                                                                 :        4 samples, Peak.   291 ns (1.2x), Avg.   249 ns, Total. 998.0 ns (0.0%)
[Performance] InspectorBackground.Tick                                                                                                             :        4 samples, Peak.   875 ns (2.0x), Avg.   438 ns, Total. 1.750 us (0.0%)
[Performance] BurstDebug.Tick                                                                                                                      :        3 samples, Peak.  1.67 us (1.8x), Avg.   931 ns, Total. 2.792 us (0.0%)
[Performance] Application.ChangeLayoutIfNeeded                                                                                                     :       50 samples, Peak.   209 ns (5.5x), Avg.  38.2 ns, Total. 1.912 us (0.0%)
[Performance] AsyncReadManager.ForceCloseFiles                                                                                                     :        2 samples, Peak.  48.2 us (2.0x), Avg.  24.6 us, Total. 49.13 us (0.0%)
[Performance] EditorApplication.update: UnityEditor.TestTools.TestRunner.TestRun.TestJobRunner.ExecuteStep                                         :       50 samples, Peak.   820 ms (23.3x), Avg.  35.2 ms, Total. 1.758 s (6.8%)
[Performance] GUIView.RepaintAll.RepaintScene                                                                                                      :       48 samples, Peak.   750 ns (2.5x), Avg.   296 ns, Total. 14.20 us (0.0%)
[Performance] EditorApplication.update: UnityEditor.TestTools.TestRunner.EditModeRunnerCallback.DisplayProgressBar                                 :        6 samples, Peak.   134 us (5.8x), Avg.  23.3 us, Total. 139.7 us (0.0%)
[Performance] EditorApplication.update: UnityEditor.TestTools.TestRunner.EditModeRunner.TestConsumer                                               :        5 samples, Peak.  7.81 ms (2.1x), Avg.  3.67 ms, Total. 18.35 ms (0.1%)
[Performance] Application.Shutdown.SaveDefaultWindowPreferences                                                                                    :        1 samples, Peak.   200 us (1.0x), Avg.   200 us, Total. 199.6 us (0.0%)
[Performance] Application.Shutdown.SaveSceneManagerSetup                                                                                           :        1 samples, Peak.   330 us (1.0x), Avg.   330 us, Total. 330.4 us (0.0%)
[Performance] Application.Shutdown.CleanupAllContainerWindows                                                                                      :        1 samples, Peak.  1.58 us (1.0x), Avg.  1.58 us, Total. 1.583 us (0.0%)
[Performance] EditorApplication.quitting: Unity.Burst.Editor.BurstLoader.OnEditorApplicationQuitting                                               :        1 samples, Peak.  50.6 us (1.0x), Avg.  50.6 us, Total. 50.63 us (0.0%)
[Performance] EditorApplication.quitting: com.IvanMurzak.Unity.MCP.Editor.McpServerManager.OnEditorQuitting                                        :        1 samples, Peak.   258 us (1.0x), Avg.   258 us, Total. 257.7 us (0.0%)
[Performance] EditorApplication.quitting: UnityEditor.SettingsManagement.FileSettingsRepository.Save                                               :        1 samples, Peak.  1.02 ms (1.0x), Avg.  1.02 ms, Total. 1.020 ms (0.0%)
[Performance] EditorApplication.quitting: UnityEditor.Tilemaps.SceneViewGridManager.EditorQuitting                                                 :        1 samples, Peak.   120 us (1.0x), Avg.   120 us, Total. 120.0 us (0.0%)
[Performance] EditorApplication.quitting: UnityEditor.ProBuilder.ProBuilderSettings.Save                                                           :        1 samples, Peak.   370 us (1.0x), Avg.   370 us, Total. 370.3 us (0.0%)
[Performance] EditorApplication.quitting: callback in UnityEditor.TextCore.Text.EditorEventCallbacks                                               :        1 samples, Peak.  19.8 ms (1.0x), Avg.  19.8 ms, Total. 19.77 ms (0.1%)
[Performance] Application.Shutdown.PauseProfilerSession                                                                                            :        1 samples, Peak.   245 us (1.0x), Avg.   245 us, Total. 245.0 us (0.0%)
[Performance] Application.Shutdown.PauseAssetImportWorkers                                                                                         :        1 samples, Peak.   537 us (1.0x), Avg.   537 us, Total. 536.9 us (0.0%)
[Performance] Application.Shutdown.SaveAssets                                                                                                      :        1 samples, Peak.  11.4 ms (1.0x), Avg.  11.4 ms, Total. 11.40 ms (0.0%)
[Performance] PaletteAssetModificationProcessor.OnWillSaveAssets                                                                                   :        1 samples, Peak.   399 us (1.0x), Avg.   399 us, Total. 399.0 us (0.0%)
[Performance] StateMacroSavedEvent.OnWillSaveAssets                                                                                                :        1 samples, Peak.   260 us (1.0x), Avg.   260 us, Total. 259.6 us (0.0%)
[Performance] FlowMacroSavedEvent.OnWillSaveAssets                                                                                                 :        1 samples, Peak.   324 us (1.0x), Avg.   324 us, Total. 324.4 us (0.0%)
[Performance] UnityCloudProjectLinkMonitor.OnWillSaveAssets                                                                                        :        1 samples, Peak.   753 us (1.0x), Avg.   753 us, Total. 752.7 us (0.0%)
[Performance] UVCSAssetModificationProcessor.OnWillSaveAssets                                                                                      :        1 samples, Peak.   168 us (1.0x), Avg.   168 us, Total. 167.9 us (0.0%)
[Performance] BuilderAssetModificationProcessor.OnWillSaveAssets                                                                                   :        1 samples, Peak.   278 us (1.0x), Avg.   278 us, Total. 277.8 us (0.0%)
[Performance] TerrainModificationProcessor.OnWillSaveAssets                                                                                        :        1 samples, Peak.   528 us (1.0x), Avg.   528 us, Total. 527.8 us (0.0%)
[Performance] Application.Shutdown.CleanupRenderPipeline                                                                                           :        1 samples, Peak.  5.25 us (1.0x), Avg.  5.25 us, Total. 5.250 us (0.0%)
[Performance] Application.Shutdown.StopPreloadManager                                                                                              :        1 samples, Peak.  12.1 ms (1.0x), Avg.  12.1 ms, Total. 12.06 ms (0.0%)
[Performance] Application.Shutdown.DestroyWorld                                                                                                    :        1 samples, Peak.   684 us (1.0x), Avg.   684 us, Total. 684.1 us (0.0%)
[Performance] Application.Shutdown.CleanupAfterLoad                                                                                                :        1 samples, Peak.   453 ms (1.0x), Avg.   453 ms, Total. 452.6 ms (1.7%)
[Performance] Application.Shutdown.Progress                                                                                                        :        1 samples, Peak.  3.42 us (1.0x), Avg.  3.42 us, Total. 3.417 us (0.0%)
[Performance] Application.Shutdown.GICleanupManagers                                                                                               :        1 samples, Peak.  5.05 ms (1.0x), Avg.  5.05 ms, Total. 5.047 ms (0.0%)
[Performance] Application.Shutdown.MenuCleanupClass                                                                                                :        1 samples, Peak.   540 us (1.0x), Avg.   540 us, Total. 540.2 us (0.0%)
[Performance] Application.Shutdown.ADBSaveStateBeforeShutdown                                                                                      :        1 samples, Peak.  30.2 us (1.0x), Avg.  30.2 us, Total. 30.21 us (0.0%)
[Performance] Application.Shutdown.RemoteShutdown                                                                                                  :        1 samples, Peak.   791 ns (1.0x), Avg.   791 ns, Total. 791.0 ns (0.0%)
[Performance] Application.Shutdown.CleanupVCProvider                                                                                               :        1 samples, Peak.   308 us (1.0x), Avg.   308 us, Total. 308.3 us (0.0%)
[Performance] Application.Shutdown.InputShutdown                                                                                                   :        1 samples, Peak.   130 us (1.0x), Avg.   130 us, Total. 130.0 us (0.0%)
[Performance] Application.Shutdown.GizmoManagerDestroy                                                                                             :        1 samples, Peak.   848 us (1.0x), Avg.   848 us, Total. 847.8 us (0.0%)
[Performance] Application.Shutdown.ProfilerSession                                                                                                 :        1 samples, Peak.  1.21 ms (1.0x), Avg.  1.21 ms, Total. 1.207 ms (0.0%)
[Performance] Application.Shutdown.ReleaseGfxWindowOnAllGUIViews                                                                                   :        1 samples, Peak.   333 ns (1.0x), Avg.   333 ns, Total. 333.0 ns (0.0%)
[Performance] Application.Shutdown.CleanupEngine                                                                                                   :        1 samples, Peak.  79.0 ms (1.0x), Avg.  79.0 ms, Total. 79.03 ms (0.3%)
[Performance] Application.Shutdown.CleanupAssetDatabase                                                                                            :        1 samples, Peak.  10.6 ms (1.0x), Avg.  10.6 ms, Total. 10.63 ms (0.0%)
[Performance] Application.Shutdown.ScriptCompilationCleanUp                                                                                        :        1 samples, Peak.  39.9 us (1.0x), Avg.  39.9 us, Total. 39.87 us (0.0%)
[Performance] Application.Shutdown.DestroyJobSystem                                                                                                :        1 samples, Peak.   330 us (1.0x), Avg.   330 us, Total. 330.2 us (0.0%)
[Performance] Application.Shutdown.CleanupPersistentManager                                                                                        :        1 samples, Peak.  2.25 ms (1.0x), Avg.  2.25 ms, Total. 2.253 ms (0.0%)
[Performance] Application.Shutdown.CleanupAsyncReadManager                                                                                         :        1 samples, Peak.   332 us (1.0x), Avg.   332 us, Total. 331.8 us (0.0%)
[Performance] Application.Shutdown.CleanupMono                                                                                                     :        1 samples, Peak.  6.30 s (1.0x), Avg.  6.30 s, Total. 6.305 s (24.4%)
[Performance] Application.Shutdown.CleanupStdConverters                                                                                            :        1 samples, Peak.   257 us (1.0x), Avg.   257 us, Total. 257.1 us (0.0%)
[Performance] Application.Shutdown.UnloadAllPlatformSupportModuleNativeDlls                                                                        :        1 samples, Peak.   459 ns (1.0x), Avg.   459 ns, Total. 459.0 ns (0.0%)
[Performance] Application.Shutdown.UnloadAllPlatformSupportNativeLibraries                                                                         :        1 samples, Peak.   250 ns (1.0x), Avg.   250 ns, Total. 250.0 ns (0.0%)
[Performance] Application.Shutdown.CleanupAutoDocumentation                                                                                        :        1 samples, Peak.   143 us (1.0x), Avg.   143 us, Total. 142.8 us (0.0%)
[Performance] Application.Shutdown.ShaderNameManagerDestroy                                                                                        :        1 samples, Peak.   286 us (1.0x), Avg.   286 us, Total. 286.1 us (0.0%)
[Performance] Application.Shutdown.CleanupCacheServer                                                                                              :        1 samples, Peak.   208 ns (1.0x), Avg.   208 ns, Total. 208.0 ns (0.0%)
[Performance] Application.Shutdown.Virtualization_Shutdown                                                                                         :        1 samples, Peak.   250 ns (1.0x), Avg.   250 ns, Total. 250.0 ns (0.0%)
[Performance] Application.Shutdown.DevConnections                                                                                                  :        1 samples, Peak.   293 us (1.0x), Avg.   293 us, Total. 292.7 us (0.0%)
[Package Manager] Server::Kill -- Server was shutdown
Checking for leaked weakptr:
  Found no leaked weakptrs.
Memory Statistics:
[ALLOC_TEMP_TLS] TLS Allocator
  StackAllocators : 
    [ALLOC_TEMP_CurlRequest]
      Initial Block Size 64.0 KB
      Current Block Size 64.0 KB
      Peak Allocated Bytes 0 B
      Overflow Count 0
    [ALLOC_TEMP_MAIN]
      Peak usage frame count: [1.0 MB-2.0 MB]: 1 frames, [16.0 MB-32.0 MB]: 1 frames
      Initial Block Size 16.0 MB
      Current Block Size 35.8 MB
      Peak Allocated Bytes 20.2 MB
      Overflow Count 0
    [ALLOC_TEMP_Background Job.Worker 8]
      Initial Block Size 32.0 KB
      Current Block Size 32.0 KB
      Peak Allocated Bytes 0 B
      Overflow Count 0
    [ALLOC_TEMP_Job.Worker 4]
      Initial Block Size 256.0 KB
      Current Block Size 256.0 KB
      Peak Allocated Bytes 5.5 KB
      Overflow Count 1
    [ALLOC_TEMP_BakingJobs.Worker 5]
      Initial Block Size 256.0 KB
      Current Block Size 256.0 KB
      Peak Allocated Bytes 0 B
      Overflow Count 0
    [ALLOC_TEMP_BakingJobs.Worker 10]
      Initial Block Size 256.0 KB
      Current Block Size 256.0 KB
      Peak Allocated Bytes 0 B
      Overflow Count 0
    [ALLOC_TEMP_Background Job.Worker 3]
      Initial Block Size 32.0 KB
      Current Block Size 32.0 KB
      Peak Allocated Bytes 0 B
      Overflow Count 0
    [ALLOC_TEMP_BatchDeleteObjects]
      Initial Block Size 64.0 KB
      Current Block Size 64.0 KB
      Peak Allocated Bytes 0 B
      Overflow Count 0
    [ALLOC_TEMP_Background Job.Worker 11]
      Initial Block Size 32.0 KB
      Current Block Size 32.0 KB
      Peak Allocated Bytes 0 B
      Overflow Count 0
    [ALLOC_TEMP_REST Message Handler]
      Initial Block Size 64.0 KB
      Current Block Size 64.0 KB
      Peak Allocated Bytes 0 B
      Overflow Count 0
    [ALLOC_TEMP_CoreBusinessMetricsCache]
      Initial Block Size 64.0 KB
      Current Block Size 64.0 KB
      Peak Allocated Bytes 7.9 KB
      Overflow Count 0
    [ALLOC_TEMP_AssetDatabase.IOService]
      Initial Block Size 64.0 KB
      Current Block Size 64.0 KB
      Peak Allocated Bytes 0 B
      Overflow Count 0
    [ALLOC_TEMP_Background Job.Worker 2]
      Initial Block Size 32.0 KB
      Current Block Size 32.0 KB
      Peak Allocated Bytes 66 B
      Overflow Count 0
    [ALLOC_TEMP_Job.Worker 10]
      Initial Block Size 256.0 KB
      Current Block Size 256.0 KB
      Peak Allocated Bytes 5.5 KB
      Overflow Count 1
    [ALLOC_TEMP_Loading.PreloadManager]
      Initial Block Size 32.0 MB
      Current Block Size 32.0 MB
      Peak Allocated Bytes 0 B
      Overflow Count 0
    [ALLOC_TEMP_Profiler.Dispatcher]
      Initial Block Size 64.0 KB
      Current Block Size 64.0 KB
      Peak Allocated Bytes 0 B
      Overflow Count 0
    [ALLOC_TEMP_Job.Worker 3]
      Initial Block Size 256.0 KB
      Current Block Size 256.0 KB
      Peak Allocated Bytes 5.5 KB
      Overflow Count 1
    [ALLOC_TEMP_BakingJobs.Worker 7]
      Initial Block Size 256.0 KB
      Current Block Size 256.0 KB
      Peak Allocated Bytes 0 B
      Overflow Count 0
    [ALLOC_TEMP_Background Job.Worker 5]
      Initial Block Size 32.0 KB
      Current Block Size 32.0 KB
      Peak Allocated Bytes 0 B
      Overflow Count 0
    [ALLOC_TEMP_CurlRequest]
      Initial Block Size 64.0 KB
      Current Block Size 64.0 KB
      Peak Allocated Bytes 29 B
      Overflow Count 0
    [ALLOC_TEMP_Background Job.Worker 13]
      Initial Block Size 32.0 KB
      Current Block Size 32.0 KB
      Peak Allocated Bytes 0 B
      Overflow Count 0
    [ALLOC_TEMP_Job.Worker 2]
      Initial Block Size 256.0 KB
      Current Block Size 256.0 KB
      Peak Allocated Bytes 5.5 KB
      Overflow Count 1
    [ALLOC_TEMP_BakingJobs.Worker 6]
      Initial Block Size 256.0 KB
      Current Block Size 256.0 KB
      Peak Allocated Bytes 0 B
      Overflow Count 0
    [ALLOC_TEMP_Job.Worker 0]
      Initial Block Size 256.0 KB
      Current Block Size 256.0 KB
      Peak Allocated Bytes 5.5 KB
      Overflow Count 0
    [ALLOC_TEMP_Job.Worker 5]
      Initial Block Size 256.0 KB
      Current Block Size 256.0 KB
      Peak Allocated Bytes 5.5 KB
      Overflow Count 1
    [ALLOC_TEMP_Job.Worker 6]
      Initial Block Size 256.0 KB
      Current Block Size 256.0 KB
      Peak Allocated Bytes 5.5 KB
      Overflow Count 1
    [ALLOC_TEMP_Background Job.Worker 9]
      Initial Block Size 32.0 KB
      Current Block Size 32.0 KB
      Peak Allocated Bytes 0 B
      Overflow Count 0
    [ALLOC_TEMP_BakingJobs.Worker 8]
      Initial Block Size 256.0 KB
      Current Block Size 256.0 KB
      Peak Allocated Bytes 0 B
      Overflow Count 0
    [ALLOC_TEMP_Job.Worker 9]
      Initial Block Size 256.0 KB
      Current Block Size 256.0 KB
      Peak Allocated Bytes 5.5 KB
      Overflow Count 1
    [ALLOC_TEMP_BakingJobs.Worker 1]
      Initial Block Size 256.0 KB
      Current Block Size 256.0 KB
      Peak Allocated Bytes 301 B
      Overflow Count 0
    [ALLOC_TEMP_Loading.AsyncRead]
      Initial Block Size 64.0 KB
      Current Block Size 64.0 KB
      Peak Allocated Bytes 128 B
      Overflow Count 0
    [ALLOC_TEMP_Background Job.Worker 10]
      Initial Block Size 32.0 KB
      Current Block Size 32.0 KB
      Peak Allocated Bytes 0 B
      Overflow Count 0
    [ALLOC_TEMP_Background Job.Worker 6]
      Initial Block Size 32.0 KB
      Current Block Size 32.0 KB
      Peak Allocated Bytes 0 B
      Overflow Count 0
    [ALLOC_TEMP_BakingJobs.Worker 9]
      Initial Block Size 256.0 KB
      Current Block Size 256.0 KB
      Peak Allocated Bytes 0 B
      Overflow Count 0
    [ALLOC_TEMP_Background Job.Worker 1]
      Initial Block Size 32.0 KB
      Current Block Size 256.0 KB
      Peak Allocated Bytes 139.9 KB
      Overflow Count 357
    [ALLOC_TEMP_BakingJobs.Worker 11]
      Initial Block Size 256.0 KB
      Current Block Size 256.0 KB
      Peak Allocated Bytes 0 B
      Overflow Count 0
    [ALLOC_TEMP_AUDIO_FMOD stream thread]
      Initial Block Size 64.0 KB
      Current Block Size 64.0 KB
      Peak Allocated Bytes 0 B
      Overflow Count 0
    [ALLOC_TEMP_BakingJobs.Worker 2]
      Initial Block Size 256.0 KB
      Current Block Size 256.0 KB
      Peak Allocated Bytes 0 B
      Overflow Count 0
    [ALLOC_TEMP_Background Job.Worker 7]
      Initial Block Size 32.0 KB
      Current Block Size 32.0 KB
      Peak Allocated Bytes 0 B
      Overflow Count 0
    [ALLOC_TEMP_Job.Worker 8]
      Initial Block Size 256.0 KB
      Current Block Size 256.0 KB
      Peak Allocated Bytes 5.5 KB
      Overflow Count 0
    [ALLOC_TEMP_Job.Worker 1]
      Initial Block Size 256.0 KB
      Current Block Size 256.0 KB
      Peak Allocated Bytes 5.5 KB
      Overflow Count 1
    [ALLOC_TEMP_BakingJobs.Worker 0]
      Initial Block Size 256.0 KB
      Current Block Size 256.0 KB
      Peak Allocated Bytes 0 B
      Overflow Count 0
    [ALLOC_TEMP_BakingJobs.Worker 3]
      Initial Block Size 256.0 KB
      Current Block Size 256.0 KB
      Peak Allocated Bytes 0 B
      Overflow Count 0
    [ALLOC_TEMP_EditorTaskManager]
      Initial Block Size 64.0 KB
      Current Block Size 80.0 KB
      Peak Allocated Bytes 64.0 KB
      Overflow Count 0
    [ALLOC_TEMP_Background Job.Worker 15]
      Initial Block Size 32.0 KB
      Current Block Size 32.0 KB
      Peak Allocated Bytes 0 B
      Overflow Count 0
    [ALLOC_TEMP_BakingJobs.Worker 4]
      Initial Block Size 256.0 KB
      Current Block Size 256.0 KB
      Peak Allocated Bytes 0 B
      Overflow Count 0
    [ALLOC_TEMP_Background Job.Worker 12]
      Initial Block Size 32.0 KB
      Current Block Size 32.0 KB
      Peak Allocated Bytes 0 B
      Overflow Count 0
    [ALLOC_TEMP_HTTP REST Server]
      Initial Block Size 64.0 KB
      Current Block Size 64.0 KB
      Peak Allocated Bytes 70 B
      Overflow Count 0
    [ALLOC_TEMP_AssetGarbageCollectorHelper] x 11
      Initial Block Size 64.0 KB
      Current Block Size 64.0 KB
      Peak Allocated Bytes 0 B
      Overflow Count 0
    [ALLOC_TEMP_Background Job.Worker 0]
      Initial Block Size 32.0 KB
      Current Block Size 32.0 KB
      Peak Allocated Bytes 0 B
      Overflow Count 0
    [ALLOC_TEMP_AUDIO_Audio Mixer Thread]
      Initial Block Size 64.0 KB
      Current Block Size 64.0 KB
      Peak Allocated Bytes 0 B
      Overflow Count 0
    [ALLOC_TEMP_Background Job.Worker 4]
      Initial Block Size 32.0 KB
      Current Block Size 32.0 KB
      Peak Allocated Bytes 0 B
      Overflow Count 0
    [ALLOC_TEMP_Background Job.Worker 14]
      Initial Block Size 32.0 KB
      Current Block Size 32.0 KB
      Peak Allocated Bytes 0 B
      Overflow Count 0
    [ALLOC_TEMP_Job.Worker 7]
      Initial Block Size 256.0 KB
      Current Block Size 256.0 KB
      Peak Allocated Bytes 5.5 KB
      Overflow Count 1
[ALLOC_MEMORYPROFILER]
  Peak usage frame count: [0.5 MB-1.0 MB]: 1 frames, [1.0 MB-2.0 MB]: 1 frames
  Requested Block Size 1.0 MB
  Peak Block count 3
  Peak Allocated memory 1.5 MB
  Peak Large allocation bytes 0 B
[ALLOC_DEFAULT] Dual Thread Allocator
  Peak main deferred allocation count 91
    [ALLOC_BUCKET]
      Large Block size 32.0 MB
      Used Block count 1
      Peak Allocated bytes 14.2 MB
    [ALLOC_DEFAULT_MAIN]
      Peak usage frame count: [128.0 MB-256.0 MB]: 2 frames
      Requested Block Size 16.0 MB
      Peak Block count 9
      Peak Allocated memory 132.5 MB
      Peak Large allocation bytes 0 B
    [ALLOC_DEFAULT_THREAD]
      Peak usage frame count: [4.0 MB-8.0 MB]: 1 frames, [64.0 MB-128.0 MB]: 1 frames
      Requested Block Size 16.0 MB
      Peak Block count 2
      Peak Allocated memory 80.2 MB
      Peak Large allocation bytes 80.2 MB
[ALLOC_TEMP_JOB_1_FRAME]
  Initial Block Size 2.0 MB
  Used Block Count 0
  Overflow Count (too large) 0
  Overflow Count (full) 0
[ALLOC_TEMP_JOB_2_FRAMES]
  Initial Block Size 2.0 MB
  Used Block Count 0
  Overflow Count (too large) 0
  Overflow Count (full) 0
[ALLOC_TEMP_JOB_4_FRAMES (JobTemp)]
  Initial Block Size 2.0 MB
  Used Block Count 1
  Overflow Count (too large) 0
  Overflow Count (full) 0
[ALLOC_TEMP_JOB_ASYNC (Background)]
  Initial Block Size 1.0 MB
  Used Block Count 1
  Overflow Count (too large) 5
  Overflow Count (full) 0
[ALLOC_GFX] Dual Thread Allocator
  Peak main deferred allocation count 82
    [ALLOC_BUCKET]
      Large Block size 32.0 MB
      Used Block count 1
      Peak Allocated bytes 14.2 MB
    [ALLOC_GFX_MAIN]
      Peak usage frame count: [8.0 MB-16.0 MB]: 2 frames
      Requested Block Size 16.0 MB
      Peak Block count 1
      Peak Allocated memory 13.5 MB
      Peak Large allocation bytes 0 B
    [ALLOC_GFX_THREAD]
      Peak usage frame count: [0-1.0 KB]: 2 frames
      Requested Block Size 16.0 MB
      Peak Block count 0
      Peak Allocated memory 0 B
      Peak Large allocation bytes 0 B
[ALLOC_CACHEOBJECTS] Dual Thread Allocator
  Peak main deferred allocation count 583
    [ALLOC_BUCKET]
      Large Block size 32.0 MB
      Used Block count 1
      Peak Allocated bytes 14.2 MB
    [ALLOC_CACHEOBJECTS_MAIN]
      Peak usage frame count: [16.0 MB-32.0 MB]: 1 frames, [64.0 MB-128.0 MB]: 1 frames
      Requested Block Size 4.0 MB
      Peak Block count 30
      Peak Allocated memory 107.5 MB
      Peak Large allocation bytes 35.5 MB
    [ALLOC_CACHEOBJECTS_THREAD]
      Peak usage frame count: [0-1.0 KB]: 2 frames
      Requested Block Size 4.0 MB
      Peak Block count 0
      Peak Allocated memory 0 B
      Peak Large allocation bytes 0 B
[ALLOC_TYPETREE] Dual Thread Allocator
  Peak main deferred allocation count 560
    [ALLOC_BUCKET]
      Large Block size 32.0 MB
      Used Block count 1
      Peak Allocated bytes 14.2 MB
    [ALLOC_TYPETREE_MAIN]
      Peak usage frame count: [2.0 MB-4.0 MB]: 1 frames, [32.0 MB-64.0 MB]: 1 frames
      Requested Block Size 2.0 MB
      Peak Block count 24
      Peak Allocated memory 42.2 MB
      Peak Large allocation bytes 0 B
    [ALLOC_TYPETREE_THREAD]
      Peak usage frame count: [0-1.0 KB]: 2 frames
      Requested Block Size 2.0 MB
      Peak Block count 0
      Peak Allocated memory 0 B
      Peak Large allocation bytes 0 B
[ALLOC_PROFILER]
  Peak usage frame count: [256.0 KB-0.5 MB]: 2 frames
  Requested Block Size 16.0 MB
  Peak Block count 1
  Peak Allocated memory 457.5 KB
  Peak Large allocation bytes 0 B
    [ALLOC_PROFILER_BUCKET]
      Large Block size 32.0 MB
      Used Block count 1
      Peak Allocated bytes 7.0 KB
[ALLOC_PROFILER_EDITOR]
  Peak usage frame count: [0-1.0 KB]: 2 frames
  Requested Block Size 1.0 MB
  Peak Block count 0
  Peak Allocated memory 0 B
  Peak Large allocation bytes 0 B
    [ALLOC_PROFILER_BUCKET]
      Large Block size 32.0 MB
      Used Block count 1
      Peak Allocated bytes 7.0 KB
##utp:{"type":"MemoryLeaks","version":2,"phase":"Immediate","time":1786272222242,"processId":58060,"allocatedMemory":28447972,"memoryLabels":[{"Default":19935},{"Permanent":15536},{"Thread":1083460},{"Manager":32519},{"VertexData":12},{"Geometry":280},{"Texture":176},{"Shader":68410},{"Material":24},{"GfxDevice":37880},{"Animation":312},{"Audio":3904},{"FontEngine":288},{"Physics":513},{"Serialization":676},{"Input":9248},{"JobScheduler":33224},{"Mono":40},{"ScriptingNativeRuntime":192016},{"BaseObject":1627212},{"Resource":952},{"Renderer":2312},{"Transform":24},{"File":732},{"WebCam":40},{"Culling":40},{"Terrain":1025},{"Wind":24},{"String":17491},{"DynamicArray":124605},{"HashMap":127793},{"Utility":2660942},{"Curl":1056},{"PoolAlloc":1496},{"AI":72},{"TypeTree":5061},{"ScriptManager":640},{"RuntimeInitializeOnLoadManager":80},{"SpriteAtlas":128},{"GI":3496},{"Director":7880},{"WebRequest":816},{"VR":45705},{"SceneManager":576},{"Video":1096},{"LazyScriptCache":40},{"NativeArray":12},{"Camera":25},{"Secure":10425},{"SerializationCache":1576},{"APIUpdating":11856},{"Subsystems":392},{"VirtualTexturing":57512},{"StaticSafetyDebugInfo":327680},{"EditorGui":56},{"EditorUtility":11237},{"VersionControl":4},{"Undo":720},{"AssetDatabase":21845539},{"RestService":1310},{"EditorGi":376},{"ProgressiveLightmapper":2728},{"License":3584},{"UnityConnect":25520},{"Collab":641},{"Upm":1872},{"DrivenProperties":96},{"LocalIPC":222},{"ProfilerEditor":10975},{"CoreBusinessMetrics":3747},{"AssetReference":40},{"IPCStream":40}]}
