Unity Editor version:    2022.3.62f2 (7670c08855a9)
Branch:                  2022.3/respin/2022.3.62f2-4af31df585-v2
Build type:              Release
Batch mode:              YES
macOS version:           Version 26.3.1 (Build 25D2128)
Darwin version:          25.3.0
Architecture:            arm64
Running under Rosetta:   NO
Available memory:        16384 MB
[Licensing::Module] Trying to connect to existing licensing client channel...
[Licensing::IpcConnector] Successfully connected to: "LicenseClient-jangyoung" at "2026-08-09T09:10:25.809181Z"
[Licensing::Client] Code 10 while verifying Licensing Client signature (process Id: 46180, path: "/Applications/Unity/Hub/Editor/6000.5.6f1/Unity.app/Contents/Helpers/UnityLicensingClient.app/Contents/MacOS/Unity.Licensing.Client")
[Licensing::Module] LicensingClient has failed validation; ignoring
[Licensing::Client] Handshaking with LicensingClient:
  Version:                 1.18.1+9fbee8e
  Session Id:              0a88a6f23f194240a4937fa5642fda18
  Correlation Id:          b687cf14460936fcfe7adcffd2fa98ba
  External correlation Id: 6595765171985611812
  Machine Id:              GDFq97hyJBwslTnyqVIUvhYydXg=
[Licensing::Module] Successfully connected to LicensingClient on channel: "LicenseClient-jangyoung" (connect: 0.00s, validation: 0.01s, handshake: 0.29s)
[Licensing::IpcConnector] Successfully connected to: "LicenseClient-jangyoung-notifications" at "2026-08-09T09:10:26.112787Z"
[Licensing::Module] Error: Access token is unavailable; failed to update
[Licensing::Client] Successfully updated license
[Licensing::Client] Successfully resolved entitlement details
[Licensing::Module] Serial number assigned to: "4513980-UnityPersXXXX"
Pro License: NO
[Licensing::Client] Successfully resolved entitlement details
Launching external process: /Applications/Unity/Hub/Editor/2022.3.62f2/Unity.app/Contents/Resources/PackageManager/Server/UnityPackageManager

COMMAND LINE ARGUMENTS:
/Applications/Unity/Hub/Editor/2022.3.62f2/Unity.app/Contents/MacOS/Unity
-batchmode
-quit
-projectPath
/Users/jangyoung/orca/Abyssal-Surge
-executeMethod
WebGLReleaseBuild.Build
-logFile
/Users/jangyoung/orca/Abyssal-Surge/_workspace/current/qa/evidence/final-webgl-release-build.log
Successfully changed project path to: /Users/jangyoung/orca/Abyssal-Surge
/Users/jangyoung/orca/Abyssal-Surge
[UnityMemory] Configuration Parameters - Can be set up in boot.config
    "memorysetup-bucket-allocator-granularity=16"
    "memorysetup-bucket-allocator-bucket-count=8"
    "memorysetup-bucket-allocator-block-size=33554432"
    "memorysetup-bucket-allocator-block-count=8"
    "memorysetup-main-allocator-block-size=16777216"
    "memorysetup-thread-allocator-block-size=16777216"
    "memorysetup-gfx-main-allocator-block-size=16777216"
    "memorysetup-gfx-thread-allocator-block-size=16777216"
    "memorysetup-cache-allocator-block-size=4194304"
    "memorysetup-typetree-allocator-block-size=2097152"
    "memorysetup-profiler-bucket-allocator-granularity=16"
    "memorysetup-profiler-bucket-allocator-bucket-count=8"
    "memorysetup-profiler-bucket-allocator-block-size=33554432"
    "memorysetup-profiler-bucket-allocator-block-count=8"
    "memorysetup-profiler-allocator-block-size=16777216"
    "memorysetup-profiler-editor-allocator-block-size=1048576"
    "memorysetup-temp-allocator-size-main=16777216"
    "memorysetup-job-temp-allocator-block-size=2097152"
    "memorysetup-job-temp-allocator-block-size-background=1048576"
    "memorysetup-job-temp-allocator-reduction-small-platforms=262144"
    "memorysetup-allocator-temp-initial-block-size-main=262144"
    "memorysetup-allocator-temp-initial-block-size-worker=262144"
    "memorysetup-temp-allocator-size-background-worker=32768"
    "memorysetup-temp-allocator-size-job-worker=262144"
    "memorysetup-temp-allocator-size-preload-manager=33554432"
    "memorysetup-temp-allocator-size-nav-mesh-worker=65536"
    "memorysetup-temp-allocator-size-audio-worker=65536"
    "memorysetup-temp-allocator-size-cloud-worker=32768"
    "memorysetup-temp-allocator-size-gi-baking-worker=262144"
    "memorysetup-temp-allocator-size-gfx=262144"
Player connection [8291234048]  Target information:

Player connection [8291234048]  * "[IP] 192.168.219.124 [Port] 55504 [Flags] 2 [Guid] 3343491410 [EditorId] 3343491410 [Version] 1048832 [Id] OSXEditor(0,MacBook-Pro-2.local) [Debug] 1 [PackageName] OSXEditor [ProjectName] Editor" 

Player connection [8291234048] Host joined multi-casting on [225.0.0.222:54997]...
Player connection [8291234048] Host joined alternative multi-casting on [225.0.0.222:34997]...
Input System module state changed to: Initialized.
[PhysX] Initialized MultithreadedTaskDispatcher with 12 workers.
[Package Manager] UpmClient::Connect -- Connected to IPC stream "Upm-62657" after 0.6 seconds.
[Package Manager] Restoring resolved packages state from cache
[Licensing::Client] Successfully resolved entitlement details
[Package Manager] Registered 73 packages:
  Packages from [https://package.openupm.com]:
    com.ivanmurzak.unity.mcp@0.87.0 (location: /Users/jangyoung/orca/Abyssal-Surge/Library/PackageCache/com.ivanmurzak.unity.mcp@0.87.0)
    com.ivanmurzak.unity.mcp.animation@1.2.25 (location: /Users/jangyoung/orca/Abyssal-Surge/Library/PackageCache/com.ivanmurzak.unity.mcp.animation@1.2.25)
    com.ivanmurzak.unity.mcp.cinemachine@1.0.11 (location: /Users/jangyoung/orca/Abyssal-Surge/Library/PackageCache/com.ivanmurzak.unity.mcp.cinemachine@1.0.11)
    com.ivanmurzak.unity.mcp.inputsystem@1.0.11 (location: /Users/jangyoung/orca/Abyssal-Surge/Library/PackageCache/com.ivanmurzak.unity.mcp.inputsystem@1.0.11)
    com.ivanmurzak.unity.mcp.navigation@1.0.11 (location: /Users/jangyoung/orca/Abyssal-Surge/Library/PackageCache/com.ivanmurzak.unity.mcp.navigation@1.0.11)
    com.ivanmurzak.unity.mcp.particlesystem@1.2.25 (location: /Users/jangyoung/orca/Abyssal-Surge/Library/PackageCache/com.ivanmurzak.unity.mcp.particlesystem@1.2.25)
    com.ivanmurzak.unity.mcp.probuilder@1.2.25 (location: /Users/jangyoung/orca/Abyssal-Surge/Library/PackageCache/com.ivanmurzak.unity.mcp.probuilder@1.2.25)
    com.ivanmurzak.unity.mcp.splines@1.0.10 (location: /Users/jangyoung/orca/Abyssal-Surge/Library/PackageCache/com.ivanmurzak.unity.mcp.splines@1.0.10)
    com.ivanmurzak.unity.mcp.terrain@1.0.11 (location: /Users/jangyoung/orca/Abyssal-Surge/Library/PackageCache/com.ivanmurzak.unity.mcp.terrain@1.0.11)
    com.ivanmurzak.unity.mcp.tilemap@1.0.10 (location: /Users/jangyoung/orca/Abyssal-Surge/Library/PackageCache/com.ivanmurzak.unity.mcp.tilemap@1.0.10)
    com.ivanmurzak.unity.mcp.timeline@1.0.11 (location: /Users/jangyoung/orca/Abyssal-Surge/Library/PackageCache/com.ivanmurzak.unity.mcp.timeline@1.0.11)
    extensions.unity.playerprefsex@2.1.5 (location: /Users/jangyoung/orca/Abyssal-Surge/Library/PackageCache/extensions.unity.playerprefsex@2.1.5)
  Packages from [https://packages.unity.com]:
    com.unity.2d.pixel-perfect@5.1.1 (location: /Users/jangyoung/orca/Abyssal-Surge/Library/PackageCache/com.unity.2d.pixel-perfect@5.1.1)
    com.unity.2d.tilemap.extras@3.1.3 (location: /Users/jangyoung/orca/Abyssal-Surge/Library/PackageCache/com.unity.2d.tilemap.extras@3.1.3)
    com.unity.collab-proxy@2.12.4 (location: /Users/jangyoung/orca/Abyssal-Surge/Library/PackageCache/com.unity.collab-proxy@2.12.4)
    com.unity.ide.rider@3.0.36 (location: /Users/jangyoung/orca/Abyssal-Surge/Library/PackageCache/com.unity.ide.rider@3.0.36)
    com.unity.ide.visualstudio@2.0.22 (location: /Users/jangyoung/orca/Abyssal-Surge/Library/PackageCache/com.unity.ide.visualstudio@2.0.22)
    com.unity.ide.vscode@1.2.5 (location: /Users/jangyoung/orca/Abyssal-Surge/Library/PackageCache/com.unity.ide.vscode@1.2.5)
    com.unity.purchasing@5.4.1 (location: /Users/jangyoung/orca/Abyssal-Surge/Library/PackageCache/com.unity.purchasing@5.4.1)
    com.unity.test-framework@1.1.33 (location: /Users/jangyoung/orca/Abyssal-Surge/Library/PackageCache/com.unity.test-framework@1.1.33)
    com.unity.textmeshpro@3.0.7 (location: /Users/jangyoung/orca/Abyssal-Surge/Library/PackageCache/com.unity.textmeshpro@3.0.7)
    com.unity.visualscripting@1.9.4 (location: /Users/jangyoung/orca/Abyssal-Surge/Library/PackageCache/com.unity.visualscripting@1.9.4)
    com.unity.ext.nunit@1.0.6 (location: /Users/jangyoung/orca/Abyssal-Surge/Library/PackageCache/com.unity.ext.nunit@1.0.6)
    com.unity.mathematics@1.2.6 (location: /Users/jangyoung/orca/Abyssal-Surge/Library/PackageCache/com.unity.mathematics@1.2.6)
    com.unity.burst@1.8.21 (location: /Users/jangyoung/orca/Abyssal-Surge/Library/PackageCache/com.unity.burst@1.8.21)
    com.unity.services.core@1.18.0 (location: /Users/jangyoung/orca/Abyssal-Surge/Library/PackageCache/com.unity.services.core@1.18.0)
    com.unity.timeline@1.8.12 (location: /Users/jangyoung/orca/Abyssal-Surge/Library/PackageCache/com.unity.timeline@1.8.12)
    com.unity.splines@2.8.4 (location: /Users/jangyoung/orca/Abyssal-Surge/Library/PackageCache/com.unity.splines@2.8.4)
    com.unity.probuilder@5.2.4 (location: /Users/jangyoung/orca/Abyssal-Surge/Library/PackageCache/com.unity.probuilder@5.2.4)
    com.unity.ai.navigation@1.1.7 (location: /Users/jangyoung/orca/Abyssal-Surge/Library/PackageCache/com.unity.ai.navigation@1.1.7)
    com.unity.inputsystem@1.14.0 (location: /Users/jangyoung/orca/Abyssal-Surge/Library/PackageCache/com.unity.inputsystem@1.14.0)
    com.unity.cinemachine@3.1.6 (location: /Users/jangyoung/orca/Abyssal-Surge/Library/PackageCache/com.unity.cinemachine@3.1.6)
    com.unity.searcher@4.9.2 (location: /Users/jangyoung/orca/Abyssal-Surge/Library/PackageCache/com.unity.searcher@4.9.2)
    com.unity.nuget.newtonsoft-json@3.2.2 (location: /Users/jangyoung/orca/Abyssal-Surge/Library/PackageCache/com.unity.nuget.newtonsoft-json@3.2.2)
    com.unity.settings-manager@2.1.0 (location: /Users/jangyoung/orca/Abyssal-Surge/Library/PackageCache/com.unity.settings-manager@2.1.0)
  Built-in packages:
    com.unity.render-pipelines.universal@14.0.12 (location: /Users/jangyoung/orca/Abyssal-Surge/Library/PackageCache/com.unity.render-pipelines.universal@14.0.12)
    com.unity.ugui@1.0.0 (location: /Users/jangyoung/orca/Abyssal-Surge/Library/PackageCache/com.unity.ugui@1.0.0)
    com.unity.modules.ai@1.0.0 (location: /Users/jangyoung/orca/Abyssal-Surge/Library/PackageCache/com.unity.modules.ai@1.0.0)
    com.unity.modules.androidjni@1.0.0 (location: /Users/jangyoung/orca/Abyssal-Surge/Library/PackageCache/com.unity.modules.androidjni@1.0.0)
    com.unity.modules.animation@1.0.0 (location: /Users/jangyoung/orca/Abyssal-Surge/Library/PackageCache/com.unity.modules.animation@1.0.0)
    com.unity.modules.assetbundle@1.0.0 (location: /Users/jangyoung/orca/Abyssal-Surge/Library/PackageCache/com.unity.modules.assetbundle@1.0.0)
    com.unity.modules.audio@1.0.0 (location: /Users/jangyoung/orca/Abyssal-Surge/Library/PackageCache/com.unity.modules.audio@1.0.0)
    com.unity.modules.cloth@1.0.0 (location: /Users/jangyoung/orca/Abyssal-Surge/Library/PackageCache/com.unity.modules.cloth@1.0.0)
    com.unity.modules.director@1.0.0 (location: /Users/jangyoung/orca/Abyssal-Surge/Library/PackageCache/com.unity.modules.director@1.0.0)
    com.unity.modules.imageconversion@1.0.0 (location: /Users/jangyoung/orca/Abyssal-Surge/Library/PackageCache/com.unity.modules.imageconversion@1.0.0)
    com.unity.modules.imgui@1.0.0 (location: /Users/jangyoung/orca/Abyssal-Surge/Library/PackageCache/com.unity.modules.imgui@1.0.0)
    com.unity.modules.jsonserialize@1.0.0 (location: /Users/jangyoung/orca/Abyssal-Surge/Library/PackageCache/com.unity.modules.jsonserialize@1.0.0)
    com.unity.modules.particlesystem@1.0.0 (location: /Users/jangyoung/orca/Abyssal-Surge/Library/PackageCache/com.unity.modules.particlesystem@1.0.0)
    com.unity.modules.physics@1.0.0 (location: /Users/jangyoung/orca/Abyssal-Surge/Library/PackageCache/com.unity.modules.physics@1.0.0)
    com.unity.modules.physics2d@1.0.0 (location: /Users/jangyoung/orca/Abyssal-Surge/Library/PackageCache/com.unity.modules.physics2d@1.0.0)
    com.unity.modules.screencapture@1.0.0 (location: /Users/jangyoung/orca/Abyssal-Surge/Library/PackageCache/com.unity.modules.screencapture@1.0.0)
    com.unity.modules.terrain@1.0.0 (location: /Users/jangyoung/orca/Abyssal-Surge/Library/PackageCache/com.unity.modules.terrain@1.0.0)
    com.unity.modules.terrainphysics@1.0.0 (location: /Users/jangyoung/orca/Abyssal-Surge/Library/PackageCache/com.unity.modules.terrainphysics@1.0.0)
    com.unity.modules.tilemap@1.0.0 (location: /Users/jangyoung/orca/Abyssal-Surge/Library/PackageCache/com.unity.modules.tilemap@1.0.0)
    com.unity.modules.ui@1.0.0 (location: /Users/jangyoung/orca/Abyssal-Surge/Library/PackageCache/com.unity.modules.ui@1.0.0)
    com.unity.modules.uielements@1.0.0 (location: /Users/jangyoung/orca/Abyssal-Surge/Library/PackageCache/com.unity.modules.uielements@1.0.0)
    com.unity.modules.umbra@1.0.0 (location: /Users/jangyoung/orca/Abyssal-Surge/Library/PackageCache/com.unity.modules.umbra@1.0.0)
    com.unity.modules.unityanalytics@1.0.0 (location: /Users/jangyoung/orca/Abyssal-Surge/Library/PackageCache/com.unity.modules.unityanalytics@1.0.0)
    com.unity.modules.unitywebrequest@1.0.0 (location: /Users/jangyoung/orca/Abyssal-Surge/Library/PackageCache/com.unity.modules.unitywebrequest@1.0.0)
    com.unity.modules.unitywebrequestassetbundle@1.0.0 (location: /Users/jangyoung/orca/Abyssal-Surge/Library/PackageCache/com.unity.modules.unitywebrequestassetbundle@1.0.0)
    com.unity.modules.unitywebrequestaudio@1.0.0 (location: /Users/jangyoung/orca/Abyssal-Surge/Library/PackageCache/com.unity.modules.unitywebrequestaudio@1.0.0)
    com.unity.modules.unitywebrequesttexture@1.0.0 (location: /Users/jangyoung/orca/Abyssal-Surge/Library/PackageCache/com.unity.modules.unitywebrequesttexture@1.0.0)
    com.unity.modules.unitywebrequestwww@1.0.0 (location: /Users/jangyoung/orca/Abyssal-Surge/Library/PackageCache/com.unity.modules.unitywebrequestwww@1.0.0)
    com.unity.modules.vehicles@1.0.0 (location: /Users/jangyoung/orca/Abyssal-Surge/Library/PackageCache/com.unity.modules.vehicles@1.0.0)
    com.unity.modules.video@1.0.0 (location: /Users/jangyoung/orca/Abyssal-Surge/Library/PackageCache/com.unity.modules.video@1.0.0)
    com.unity.modules.vr@1.0.0 (location: /Users/jangyoung/orca/Abyssal-Surge/Library/PackageCache/com.unity.modules.vr@1.0.0)
    com.unity.modules.wind@1.0.0 (location: /Users/jangyoung/orca/Abyssal-Surge/Library/PackageCache/com.unity.modules.wind@1.0.0)
    com.unity.modules.xr@1.0.0 (location: /Users/jangyoung/orca/Abyssal-Surge/Library/PackageCache/com.unity.modules.xr@1.0.0)
    com.unity.modules.subsystems@1.0.0 (location: /Users/jangyoung/orca/Abyssal-Surge/Library/PackageCache/com.unity.modules.subsystems@1.0.0)
    com.unity.render-pipelines.core@14.0.12 (location: /Users/jangyoung/orca/Abyssal-Surge/Library/PackageCache/com.unity.render-pipelines.core@14.0.12)
    com.unity.shadergraph@14.0.12 (location: /Users/jangyoung/orca/Abyssal-Surge/Library/PackageCache/com.unity.shadergraph@14.0.12)
    com.unity.render-pipelines.universal-config@14.0.10 (location: /Users/jangyoung/orca/Abyssal-Surge/Library/PackageCache/com.unity.render-pipelines.universal-config@14.0.10)
    com.unity.2d.tilemap@1.0.0 (location: /Users/jangyoung/orca/Abyssal-Surge/Library/PackageCache/com.unity.2d.tilemap@1.0.0)
[Subsystems] No new subsystems found in resolved package list.
Package Manager log level set to [2]
[Package Manager] Done registering packages in 0.16 seconds
Refreshing native plugins compatible for Editor in 64.28 ms, found 3 plugins.
Preloading 0 native plugins for Editor in 0.00 ms.
Initialize engine version: 2022.3.62f2 (7670c08855a9)
[Subsystems] Discovering subsystems at path /Applications/Unity/Hub/Editor/2022.3.62f2/Unity.app/Contents/Resources/UnitySubsystems
[Subsystems] Discovering subsystems at path /Users/jangyoung/orca/Abyssal-Surge/Assets
GfxDevice: creating device client; threaded=0; jobified=0
 preferred device: Apple M2 Pro (high power)
Metal devices available: 1
0: Apple M2 Pro (high power)
Using device Apple M2 Pro (high power)
Initializing Metal device caps: Apple M2 Pro
[Licensing::Client] Successfully resolved entitlement details
Initialize mono
Mono path[0] = '/Applications/Unity/Hub/Editor/2022.3.62f2/Unity.app/Contents/Managed'
Mono path[1] = '/Applications/Unity/Hub/Editor/2022.3.62f2/Unity.app/Contents/MonoBleedingEdge/lib/mono/unityjit-macos'
Mono config path = '/Applications/Unity/Hub/Editor/2022.3.62f2/Unity.app/Contents/MonoBleedingEdge/etc'
Using monoOptions --debugger-agent=transport=dt_socket,embedding=1,server=y,suspend=n,address=127.0.0.1:56657
Using cacheserver namespaces - metadata:defaultmetadata, artifacts:defaultartifacts
Using cacheserver namespaces - metadata:defaultmetadata, artifacts:defaultartifacts
ImportWorker Server TCP listen port: 0
Begin MonoManager ReloadAssembly
Registering precompiled unity dll's ...
Register platform support module: /Applications/Unity/Hub/Editor/2022.3.62f2/PlaybackEngines/WebGLSupport/UnityEditor.WebGL.Extensions.dll
Register platform support module: /Applications/Unity/Hub/Editor/2022.3.62f2/Unity.app/Contents/PlaybackEngines/MacStandaloneSupport/UnityEditor.OSXStandalone.Extensions.dll
Registered in 0.002683 seconds.
- Loaded All Assemblies, in  0.273 seconds
Native extension for OSXStandalone target not found
Native extension for WebGL target not found
Mono: successfully reloaded assembly
- Finished resetting the current domain, in  0.163 seconds
Domain Reload Profiling: 436ms
	BeginReloadAssembly (97ms)
		ExecutionOrderSort (0ms)
		DisableScriptedObjects (0ms)
		BackupInstance (0ms)
		ReleaseScriptingObjects (0ms)
		CreateAndSetChildDomain (1ms)
	RebuildCommonClasses (27ms)
	RebuildNativeTypeToScriptingClass (8ms)
	initialDomainReloadingComplete (36ms)
	LoadAllAssembliesAndSetupDomain (105ms)
		LoadAssemblies (97ms)
		RebuildTransferFunctionScriptingTraits (0ms)
		AnalyzeDomain (102ms)
			TypeCache.Refresh (100ms)
				TypeCache.ScanAssembly (87ms)
			ScanForSourceGeneratedMonoScriptInfo (0ms)
			ResolveRequiredComponents (1ms)
	FinalizeReload (163ms)
		ReleaseScriptCaches (0ms)
		RebuildScriptCaches (0ms)
		SetupLoadedEditorAssemblies (133ms)
			LogAssemblyErrors (0ms)
			InitializePlatformSupportModulesInManaged (8ms)
			SetLoadedEditorAssemblies (4ms)
			RefreshPlugins (0ms)
			BeforeProcessingInitializeOnLoad (2ms)
			ProcessInitializeOnLoadAttributes (92ms)
			ProcessInitializeOnLoadMethodAttributes (27ms)
			AfterProcessingInitializeOnLoad (0ms)
			EditorAssembliesLoaded (0ms)
		ExecutionOrderSort2 (0ms)
		AwakeInstancesAfterBackupRestoration (0ms)
[Licensing::Client] Successfully resolved entitlement details
Application.AssetDatabase Initial Refresh Start
Assembly reference Packages/com.unity.cinemachine/Editor/Samples/ExposeHDRPInternals/HDRP-Editor-ref.asmref has no target assembly definition
Assembly reference Packages/com.unity.cinemachine/Editor/Samples/ExposeHDRPInternals/HDRP-Editor-ref.asmref has no target assembly definition
[40m[32minfo[39m[22m[49m: Microsoft.Hosting.Lifetime[14]
      Now listening on: http://unix:/tmp/ilpp.sock-37085d6b862dd5a1fa1750a0d3c18b89
[40m[32minfo[39m[22m[49m: Microsoft.Hosting.Lifetime[0]
      Application started. Press Ctrl+C to shut down.
[40m[32minfo[39m[22m[49m: Microsoft.Hosting.Lifetime[0]
      Hosting environment: Production
[40m[32minfo[39m[22m[49m: Microsoft.Hosting.Lifetime[0]
      Content root path: /Users/jangyoung/orca/Abyssal-Surge/
[40m[32minfo[39m[22m[49m: Microsoft.AspNetCore.Hosting.Diagnostics[1]
      Request starting HTTP/2 POST http://ilpp/UnityILPP.PostProcessing/Ping application/grpc -
[40m[32minfo[39m[22m[49m: Microsoft.AspNetCore.Routing.EndpointMiddleware[0]
      Executing endpoint 'gRPC - /UnityILPP.PostProcessing/Ping'
[40m[32minfo[39m[22m[49m: Microsoft.AspNetCore.Routing.EndpointMiddleware[1]
      Executed endpoint 'gRPC - /UnityILPP.PostProcessing/Ping'
[40m[32minfo[39m[22m[49m: Microsoft.AspNetCore.Hosting.Diagnostics[2]
      Request finished HTTP/2 POST http://ilpp/UnityILPP.PostProcessing/Ping application/grpc - - 200 - application/grpc 37.7463ms
Starting: /Applications/Unity/Hub/Editor/2022.3.62f2/Unity.app/Contents/bee_backend --ipc --defer-dag-verification --dagfile="Library/Bee/2000b0aEDbg.dag" --continue-on-failure --profile="Library/Bee/backend1.traceevents" ScriptAssemblies
WorkingDir: /Users/jangyoung/orca/Abyssal-Surge
DisplayProgressbar: Compiling Scripts
[40m[32minfo[39m[22m[49m: Microsoft.AspNetCore.Hosting.Diagnostics[1]
      Request starting HTTP/2 POST http://ilpp/UnityILPP.PostProcessing/ConfigurePostProcessors application/grpc -
[40m[32minfo[39m[22m[49m: Microsoft.AspNetCore.Routing.EndpointMiddleware[0]
      Executing endpoint 'gRPC - /UnityILPP.PostProcessing/ConfigurePostProcessors'
[40m[1m[33mwarn[39m[22m[49m: Unity.ILPP.Runner.PostProcessingAssemblyLoadContext[0]
      Assembly system.runtime.interopservices.windowsruntime has duplicate hint path. Ignoring "/Applications/Unity/Hub/Editor/2022.3.62f2/Unity.app/Contents/UnityReferenceAssemblies/unity-4.8-api/Facades/System.Runtime.InteropServices.WindowsRuntime.dll" in favor of "/Applications/Unity/Hub/Editor/2022.3.62f2/Unity.app/Contents/NetStandard/Extensions/2.0.0/System.Runtime.InteropServices.WindowsRuntime.dll"
[40m[1m[33mwarn[39m[22m[49m: Unity.ILPP.Runner.PostProcessingAssemblyLoadContext[0]
      Assembly system.componentmodel.composition has duplicate hint path. Ignoring "/Applications/Unity/Hub/Editor/2022.3.62f2/Unity.app/Contents/UnityReferenceAssemblies/unity-4.8-api/System.ComponentModel.Composition.dll" in favor of "/Applications/Unity/Hub/Editor/2022.3.62f2/Unity.app/Contents/NetStandard/compat/2.1.0/shims/netfx/System.ComponentModel.Composition.dll"
[40m[32minfo[39m[22m[49m: Unity.ILPP.Runner.PostProcessingAssemblyLoadContext[0]
      Resolved Unity.Burst.Cecil, Version=0.11.4.0, Culture=neutral, PublicKeyToken=50cebf1cceb9d05e with Library/PackageCache/com.unity.burst@1.8.21/Unity.Burst.CodeGen/Unity.Burst.Cecil.dll
[40m[32minfo[39m[22m[49m: Microsoft.AspNetCore.Routing.EndpointMiddleware[1]
      Executed endpoint 'gRPC - /UnityILPP.PostProcessing/ConfigurePostProcessors'
[40m[32minfo[39m[22m[49m: Microsoft.AspNetCore.Hosting.Diagnostics[2]
      Request finished HTTP/2 POST http://ilpp/UnityILPP.PostProcessing/ConfigurePostProcessors application/grpc - - 200 - application/grpc 24.0369ms
ExitCode: 0 Duration: 0s497ms
[ 918/1258  0s] ILPP-Configuration Library/ilpp-configuration.nevergeneratedoutput
*** Tundra build success (0.48 seconds), 1 items updated, 1258 evaluated
AssetDatabase: script compilation time: 1.256338s
Assembly reference Packages/com.unity.cinemachine/Editor/Samples/ExposeHDRPInternals/HDRP-Editor-ref.asmref has no target assembly definition
Begin MonoManager ReloadAssembly
Total cache size 265057198
Total cache size after purge 265057198
Symbol file LoadedFromMemory is not a mono symbol file
- Loaded All Assemblies, in  0.790 seconds
Refreshing native plugins compatible for Editor in 6.42 ms, found 3 plugins.
Preloading 0 native plugins for Editor in 0.00 ms.
Refreshing native plugins compatible for Editor in 7.05 ms, found 3 plugins.
Native extension for OSXStandalone target not found
Native extension for WebGL target not found
Assembly reference Packages/com.unity.cinemachine/Editor/Samples/ExposeHDRPInternals/HDRP-Editor-ref.asmref has no target assembly definition
<color=#ffaa00>warn:</color> [18:10:37:6966] <color=#B4FF32>[AI]</color> <color=#48C9B0><b>McpManagerClientHub</b></color> ConnectionManager[0a90a37d-4b00-4884-b7c1-edec66cba33e] EnsureConnection Connection not available and auto-reconnect disabled for endpoint: /hub/mcp-server
UnityEngine.StackTraceUtility:ExtractStackTrace () (at /Users/bokken/build/output/unity/unity/Runtime/Export/Scripting/StackTrace.cs:37)
UnityEngine.DebugLogHandler:LogFormat (UnityEngine.LogType,UnityEngine.Object,string,object[])
UnityEngine.Logger:Log (UnityEngine.LogType,object)
UnityEngine.Debug:LogWarning (object)
com.IvanMurzak.Unity.MCP.Utils.UnityLogger:Log<Microsoft.Extensions.Logging.FormattedLogValues> (Microsoft.Extensions.Logging.LogLevel,Microsoft.Extensions.Logging.EventId,Microsoft.Extensions.Logging.FormattedLogValues,System.Exception,System.Func`3<Microsoft.Extensions.Logging.FormattedLogValues, System.Exception, string>) (at ./Library/PackageCache/com.ivanmurzak.unity.mcp@0.87.0/Runtime/Logger/UnityLogger.cs:125)
Microsoft.Extensions.Logging.Logger:<Log>g__LoggerLog|14_0<Microsoft.Extensions.Logging.FormattedLogValues> (Microsoft.Extensions.Logging.LogLevel,Microsoft.Extensions.Logging.EventId,Microsoft.Extensions.Logging.ILogger,System.Exception,System.Func`3<Microsoft.Extensions.Logging.FormattedLogValues, System.Exception, string>,System.Collections.Generic.List`1<System.Exception>&,Microsoft.Extensions.Logging.FormattedLogValues&)
Microsoft.Extensions.Logging.Logger:Log<Microsoft.Extensions.Logging.FormattedLogValues> (Microsoft.Extensions.Logging.LogLevel,Microsoft.Extensions.Logging.EventId,Microsoft.Extensions.Logging.FormattedLogValues,System.Exception,System.Func`3<Microsoft.Extensions.Logging.FormattedLogValues, System.Exception, string>)
Microsoft.Extensions.Logging.Logger`1<com.IvanMurzak.McpPlugin.McpManagerClientHub>:Microsoft.Extensions.Logging.ILogger.Log<Microsoft.Extensions.Logging.FormattedLogValues> (Microsoft.Extensions.Logging.LogLevel,Microsoft.Extensions.Logging.EventId,Microsoft.Extensions.Logging.FormattedLogValues,System.Exception,System.Func`3<Microsoft.Extensions.Logging.FormattedLogValues, System.Exception, string>)
Microsoft.Extensions.Logging.LoggerExtensions:Log (Microsoft.Extensions.Logging.ILogger,Microsoft.Extensions.Logging.LogLevel,Microsoft.Extensions.Logging.EventId,System.Exception,string,object[])
Microsoft.Extensions.Logging.LoggerExtensions:Log (Microsoft.Extensions.Logging.ILogger,Microsoft.Extensions.Logging.LogLevel,string,object[])
Microsoft.Extensions.Logging.LoggerExtensions:LogWarning (Microsoft.Extensions.Logging.ILogger,string,object[])
com.IvanMurzak.McpPlugin.ConnectionManager/<EnsureConnection>d__3:MoveNext ()
System.Runtime.CompilerServices.AsyncTaskMethodBuilder`1<bool>:Start<com.IvanMurzak.McpPlugin.ConnectionManager/<EnsureConnection>d__3> (com.IvanMurzak.McpPlugin.ConnectionManager/<EnsureConnection>d__3&)
com.IvanMurzak.McpPlugin.ConnectionManager:EnsureConnection (System.Threading.CancellationToken)
com.IvanMurzak.McpPlugin.ConnectionManager/<InvokeAsync>d__58`2<com.IvanMurzak.McpPlugin.Common.Model.RequestToolsUpdated, com.IvanMurzak.McpPlugin.Common.Model.ResponseData>:MoveNext ()
System.Runtime.CompilerServices.AsyncTaskMethodBuilder`1<com.IvanMurzak.McpPlugin.Common.Model.ResponseData>:Start<com.IvanMurzak.McpPlugin.ConnectionManager/<InvokeAsync>d__58`2<com.IvanMurzak.McpPlugin.Common.Model.RequestToolsUpdated, com.IvanMurzak.McpPlugin.Common.Model.ResponseData>> (com.IvanMurzak.McpPlugin.ConnectionManager/<InvokeAsync>d__58`2<com.IvanMurzak.McpPlugin.Common.Model.RequestToolsUpdated, com.IvanMurzak.McpPlugin.Common.Model.ResponseData>&)
com.IvanMurzak.McpPlugin.ConnectionManager:InvokeAsync<com.IvanMurzak.McpPlugin.Common.Model.RequestToolsUpdated, com.IvanMurzak.McpPlugin.Common.Model.ResponseData> (string,com.IvanMurzak.McpPlugin.Common.Model.RequestToolsUpdated,System.Threading.CancellationToken)
com.IvanMurzak.McpPlugin.McpManagerClientHub:NotifyAboutUpdatedTools (com.IvanMurzak.McpPlugin.Common.Model.RequestToolsUpdated,System.Threading.CancellationToken)
com.IvanMurzak.McpPlugin.McpManagerClientHub:NotifyAboutUpdatedTools (com.IvanMurzak.McpPlugin.Common.Model.RequestToolsUpdated)
com.IvanMurzak.McpPlugin.McpPlugin/<<-ctor>b__29_4>d:MoveNext ()
System.Runtime.CompilerServices.AsyncVoidMethodBuilder:Start<com.IvanMurzak.McpPlugin.McpPlugin/<<-ctor>b__29_4>d> (com.IvanMurzak.McpPlugin.McpPlugin/<<-ctor>b__29_4>d&)
com.IvanMurzak.McpPlugin.McpPlugin:<.ctor>b__29_4 (R3.Unit)
R3.AnonymousObserver`1<R3.Unit>:OnNextCore (R3.Unit)
R3.Observer`1<R3.Unit>:OnNext (R3.Unit)
R3.ThrottleFirst`1/_ThrottleFirst<R3.Unit>:OnNextCore (R3.Unit)
R3.Observer`1<R3.Unit>:OnNext (R3.Unit)
R3.Subject`1<R3.Unit>:OnNext (R3.Unit)
com.IvanMurzak.McpPlugin.McpToolManager:SetToolEnabled (string,bool)
com.IvanMurzak.Unity.MCP.UnityMcpPlugin:ApplyConfigToMcpPlugin (com.IvanMurzak.McpPlugin.IMcpPlugin) (at ./Library/PackageCache/com.ivanmurzak.unity.mcp@0.87.0/Runtime/UnityMcpPlugin.Build.cs:211)
com.IvanMurzak.Unity.MCP.UnityMcpPluginEditor:BuildMcpPluginIfNeeded () (at ./Library/PackageCache/com.ivanmurzak.unity.mcp@0.87.0/Editor/Scripts/UnityMcpPluginEditor.Build.cs:74)
com.IvanMurzak.Unity.MCP.Editor.Startup:.cctor () (at ./Library/PackageCache/com.ivanmurzak.unity.mcp@0.87.0/Editor/Scripts/Startup.cs:29)
System.Runtime.CompilerServices.RuntimeHelpers:RunClassConstructor (System.RuntimeTypeHandle)
UnityEditor.EditorAssemblies:ProcessInitializeOnLoadAttributes (System.Type[]) (at /Users/bokken/build/output/unity/unity/Editor/Mono/EditorAssemblies.cs:119)

(Filename: ./Library/PackageCache/com.ivanmurzak.unity.mcp@0.87.0/Runtime/UnityMcpPlugin.Build.cs Line: 211)

<color=#ffaa00>warn:</color> [18:10:37:7150] <color=#B4FF32>[AI]</color> <color=#48C9B0><b>McpManagerClientHub</b></color> ConnectionManager[0a90a37d-4b00-4884-b7c1-edec66cba33e] EnsureConnection Connection not available and auto-reconnect disabled for endpoint: /hub/mcp-server
UnityEngine.StackTraceUtility:ExtractStackTrace () (at /Users/bokken/build/output/unity/unity/Runtime/Export/Scripting/StackTrace.cs:37)
UnityEngine.DebugLogHandler:LogFormat (UnityEngine.LogType,UnityEngine.Object,string,object[])
UnityEngine.Logger:Log (UnityEngine.LogType,object)
UnityEngine.Debug:LogWarning (object)
com.IvanMurzak.Unity.MCP.Utils.UnityLogger:Log<Microsoft.Extensions.Logging.FormattedLogValues> (Microsoft.Extensions.Logging.LogLevel,Microsoft.Extensions.Logging.EventId,Microsoft.Extensions.Logging.FormattedLogValues,System.Exception,System.Func`3<Microsoft.Extensions.Logging.FormattedLogValues, System.Exception, string>) (at ./Library/PackageCache/com.ivanmurzak.unity.mcp@0.87.0/Runtime/Logger/UnityLogger.cs:125)
Microsoft.Extensions.Logging.Logger:<Log>g__LoggerLog|14_0<Microsoft.Extensions.Logging.FormattedLogValues> (Microsoft.Extensions.Logging.LogLevel,Microsoft.Extensions.Logging.EventId,Microsoft.Extensions.Logging.ILogger,System.Exception,System.Func`3<Microsoft.Extensions.Logging.FormattedLogValues, System.Exception, string>,System.Collections.Generic.List`1<System.Exception>&,Microsoft.Extensions.Logging.FormattedLogValues&)
Microsoft.Extensions.Logging.Logger:Log<Microsoft.Extensions.Logging.FormattedLogValues> (Microsoft.Extensions.Logging.LogLevel,Microsoft.Extensions.Logging.EventId,Microsoft.Extensions.Logging.FormattedLogValues,System.Exception,System.Func`3<Microsoft.Extensions.Logging.FormattedLogValues, System.Exception, string>)
Microsoft.Extensions.Logging.Logger`1<com.IvanMurzak.McpPlugin.McpManagerClientHub>:Microsoft.Extensions.Logging.ILogger.Log<Microsoft.Extensions.Logging.FormattedLogValues> (Microsoft.Extensions.Logging.LogLevel,Microsoft.Extensions.Logging.EventId,Microsoft.Extensions.Logging.FormattedLogValues,System.Exception,System.Func`3<Microsoft.Extensions.Logging.FormattedLogValues, System.Exception, string>)
Microsoft.Extensions.Logging.LoggerExtensions:Log (Microsoft.Extensions.Logging.ILogger,Microsoft.Extensions.Logging.LogLevel,Microsoft.Extensions.Logging.EventId,System.Exception,string,object[])
Microsoft.Extensions.Logging.LoggerExtensions:Log (Microsoft.Extensions.Logging.ILogger,Microsoft.Extensions.Logging.LogLevel,string,object[])
Microsoft.Extensions.Logging.LoggerExtensions:LogWarning (Microsoft.Extensions.Logging.ILogger,string,object[])
com.IvanMurzak.McpPlugin.ConnectionManager/<EnsureConnection>d__3:MoveNext ()
System.Runtime.CompilerServices.AsyncTaskMethodBuilder`1<bool>:Start<com.IvanMurzak.McpPlugin.ConnectionManager/<EnsureConnection>d__3> (com.IvanMurzak.McpPlugin.ConnectionManager/<EnsureConnection>d__3&)
com.IvanMurzak.McpPlugin.ConnectionManager:EnsureConnection (System.Threading.CancellationToken)
com.IvanMurzak.McpPlugin.ConnectionManager/<InvokeAsync>d__58`2<com.IvanMurzak.McpPlugin.Common.Model.RequestPromptsUpdated, com.IvanMurzak.McpPlugin.Common.Model.ResponseData>:MoveNext ()
System.Runtime.CompilerServices.AsyncTaskMethodBuilder`1<com.IvanMurzak.McpPlugin.Common.Model.ResponseData>:Start<com.IvanMurzak.McpPlugin.ConnectionManager/<InvokeAsync>d__58`2<com.IvanMurzak.McpPlugin.Common.Model.RequestPromptsUpdated, com.IvanMurzak.McpPlugin.Common.Model.ResponseData>> (com.IvanMurzak.McpPlugin.ConnectionManager/<InvokeAsync>d__58`2<com.IvanMurzak.McpPlugin.Common.Model.RequestPromptsUpdated, com.IvanMurzak.McpPlugin.Common.Model.ResponseData>&)
com.IvanMurzak.McpPlugin.ConnectionManager:InvokeAsync<com.IvanMurzak.McpPlugin.Common.Model.RequestPromptsUpdated, com.IvanMurzak.McpPlugin.Common.Model.ResponseData> (string,com.IvanMurzak.McpPlugin.Common.Model.RequestPromptsUpdated,System.Threading.CancellationToken)
com.IvanMurzak.McpPlugin.McpManagerClientHub:NotifyAboutUpdatedPrompts (com.IvanMurzak.McpPlugin.Common.Model.RequestPromptsUpdated,System.Threading.CancellationToken)
com.IvanMurzak.McpPlugin.McpManagerClientHub:NotifyAboutUpdatedPrompts (com.IvanMurzak.McpPlugin.Common.Model.RequestPromptsUpdated)
com.IvanMurzak.McpPlugin.McpPlugin/<<-ctor>b__29_5>d:MoveNext ()
System.Runtime.CompilerServices.AsyncVoidMethodBuilder:Start<com.IvanMurzak.McpPlugin.McpPlugin/<<-ctor>b__29_5>d> (com.IvanMurzak.McpPlugin.McpPlugin/<<-ctor>b__29_5>d&)
com.IvanMurzak.McpPlugin.McpPlugin:<.ctor>b__29_5 (R3.Unit)
R3.AnonymousObserver`1<R3.Unit>:OnNextCore (R3.Unit)
R3.Observer`1<R3.Unit>:OnNext (R3.Unit)
R3.ThrottleFirst`1/_ThrottleFirst<R3.Unit>:OnNextCore (R3.Unit)
R3.Observer`1<R3.Unit>:OnNext (R3.Unit)
R3.Subject`1<R3.Unit>:OnNext (R3.Unit)
com.IvanMurzak.McpPlugin.McpPromptManager:SetPromptEnabled (string,bool)
com.IvanMurzak.Unity.MCP.UnityMcpPlugin:ApplyConfigToMcpPlugin (com.IvanMurzak.McpPlugin.IMcpPlugin) (at ./Library/PackageCache/com.ivanmurzak.unity.mcp@0.87.0/Runtime/UnityMcpPlugin.Build.cs:226)
com.IvanMurzak.Unity.MCP.UnityMcpPluginEditor:BuildMcpPluginIfNeeded () (at ./Library/PackageCache/com.ivanmurzak.unity.mcp@0.87.0/Editor/Scripts/UnityMcpPluginEditor.Build.cs:74)
com.IvanMurzak.Unity.MCP.Editor.Startup:.cctor () (at ./Library/PackageCache/com.ivanmurzak.unity.mcp@0.87.0/Editor/Scripts/Startup.cs:29)
System.Runtime.CompilerServices.RuntimeHelpers:RunClassConstructor (System.RuntimeTypeHandle)
UnityEditor.EditorAssemblies:ProcessInitializeOnLoadAttributes (System.Type[]) (at /Users/bokken/build/output/unity/unity/Editor/Mono/EditorAssemblies.cs:119)

(Filename: ./Library/PackageCache/com.ivanmurzak.unity.mcp@0.87.0/Runtime/UnityMcpPlugin.Build.cs Line: 226)

<color=#ffaa00>warn:</color> [18:10:37:7163] <color=#B4FF32>[AI]</color> <color=#48C9B0><b>McpManagerClientHub</b></color> ConnectionManager[0a90a37d-4b00-4884-b7c1-edec66cba33e] EnsureConnection Connection not available and auto-reconnect disabled for endpoint: /hub/mcp-server
UnityEngine.StackTraceUtility:ExtractStackTrace () (at /Users/bokken/build/output/unity/unity/Runtime/Export/Scripting/StackTrace.cs:37)
UnityEngine.DebugLogHandler:LogFormat (UnityEngine.LogType,UnityEngine.Object,string,object[])
UnityEngine.Logger:Log (UnityEngine.LogType,object)
UnityEngine.Debug:LogWarning (object)
com.IvanMurzak.Unity.MCP.Utils.UnityLogger:Log<Microsoft.Extensions.Logging.FormattedLogValues> (Microsoft.Extensions.Logging.LogLevel,Microsoft.Extensions.Logging.EventId,Microsoft.Extensions.Logging.FormattedLogValues,System.Exception,System.Func`3<Microsoft.Extensions.Logging.FormattedLogValues, System.Exception, string>) (at ./Library/PackageCache/com.ivanmurzak.unity.mcp@0.87.0/Runtime/Logger/UnityLogger.cs:125)
Microsoft.Extensions.Logging.Logger:<Log>g__LoggerLog|14_0<Microsoft.Extensions.Logging.FormattedLogValues> (Microsoft.Extensions.Logging.LogLevel,Microsoft.Extensions.Logging.EventId,Microsoft.Extensions.Logging.ILogger,System.Exception,System.Func`3<Microsoft.Extensions.Logging.FormattedLogValues, System.Exception, string>,System.Collections.Generic.List`1<System.Exception>&,Microsoft.Extensions.Logging.FormattedLogValues&)
Microsoft.Extensions.Logging.Logger:Log<Microsoft.Extensions.Logging.FormattedLogValues> (Microsoft.Extensions.Logging.LogLevel,Microsoft.Extensions.Logging.EventId,Microsoft.Extensions.Logging.FormattedLogValues,System.Exception,System.Func`3<Microsoft.Extensions.Logging.FormattedLogValues, System.Exception, string>)
Microsoft.Extensions.Logging.Logger`1<com.IvanMurzak.McpPlugin.McpManagerClientHub>:Microsoft.Extensions.Logging.ILogger.Log<Microsoft.Extensions.Logging.FormattedLogValues> (Microsoft.Extensions.Logging.LogLevel,Microsoft.Extensions.Logging.EventId,Microsoft.Extensions.Logging.FormattedLogValues,System.Exception,System.Func`3<Microsoft.Extensions.Logging.FormattedLogValues, System.Exception, string>)
Microsoft.Extensions.Logging.LoggerExtensions:Log (Microsoft.Extensions.Logging.ILogger,Microsoft.Extensions.Logging.LogLevel,Microsoft.Extensions.Logging.EventId,System.Exception,string,object[])
Microsoft.Extensions.Logging.LoggerExtensions:Log (Microsoft.Extensions.Logging.ILogger,Microsoft.Extensions.Logging.LogLevel,string,object[])
Microsoft.Extensions.Logging.LoggerExtensions:LogWarning (Microsoft.Extensions.Logging.ILogger,string,object[])
com.IvanMurzak.McpPlugin.ConnectionManager/<EnsureConnection>d__3:MoveNext ()
System.Runtime.CompilerServices.AsyncTaskMethodBuilder`1<bool>:Start<com.IvanMurzak.McpPlugin.ConnectionManager/<EnsureConnection>d__3> (com.IvanMurzak.McpPlugin.ConnectionManager/<EnsureConnection>d__3&)
com.IvanMurzak.McpPlugin.ConnectionManager:EnsureConnection (System.Threading.CancellationToken)
com.IvanMurzak.McpPlugin.ConnectionManager/<InvokeAsync>d__58`2<com.IvanMurzak.McpPlugin.Common.Model.RequestResourcesUpdated, com.IvanMurzak.McpPlugin.Common.Model.ResponseData>:MoveNext ()
System.Runtime.CompilerServices.AsyncTaskMethodBuilder`1<com.IvanMurzak.McpPlugin.Common.Model.ResponseData>:Start<com.IvanMurzak.McpPlugin.ConnectionManager/<InvokeAsync>d__58`2<com.IvanMurzak.McpPlugin.Common.Model.RequestResourcesUpdated, com.IvanMurzak.McpPlugin.Common.Model.ResponseData>> (com.IvanMurzak.McpPlugin.ConnectionManager/<InvokeAsync>d__58`2<com.IvanMurzak.McpPlugin.Common.Model.RequestResourcesUpdated, com.IvanMurzak.McpPlugin.Common.Model.ResponseData>&)
com.IvanMurzak.McpPlugin.ConnectionManager:InvokeAsync<com.IvanMurzak.McpPlugin.Common.Model.RequestResourcesUpdated, com.IvanMurzak.McpPlugin.Common.Model.ResponseData> (string,com.IvanMurzak.McpPlugin.Common.Model.RequestResourcesUpdated,System.Threading.CancellationToken)
com.IvanMurzak.McpPlugin.McpManagerClientHub:NotifyAboutUpdatedResources (com.IvanMurzak.McpPlugin.Common.Model.RequestResourcesUpdated,System.Threading.CancellationToken)
com.IvanMurzak.McpPlugin.McpManagerClientHub:NotifyAboutUpdatedResources (com.IvanMurzak.McpPlugin.Common.Model.RequestResourcesUpdated)
com.IvanMurzak.McpPlugin.McpPlugin/<<-ctor>b__29_6>d:MoveNext ()
System.Runtime.CompilerServices.AsyncVoidMethodBuilder:Start<com.IvanMurzak.McpPlugin.McpPlugin/<<-ctor>b__29_6>d> (com.IvanMurzak.McpPlugin.McpPlugin/<<-ctor>b__29_6>d&)
com.IvanMurzak.McpPlugin.McpPlugin:<.ctor>b__29_6 (R3.Unit)
R3.AnonymousObserver`1<R3.Unit>:OnNextCore (R3.Unit)
R3.Observer`1<R3.Unit>:OnNext (R3.Unit)
R3.ThrottleFirst`1/_ThrottleFirst<R3.Unit>:OnNextCore (R3.Unit)
R3.Observer`1<R3.Unit>:OnNext (R3.Unit)
R3.Subject`1<R3.Unit>:OnNext (R3.Unit)
com.IvanMurzak.McpPlugin.McpResourceManager:SetResourceEnabled (string,bool)
com.IvanMurzak.Unity.MCP.UnityMcpPlugin:ApplyConfigToMcpPlugin (com.IvanMurzak.McpPlugin.IMcpPlugin) (at ./Library/PackageCache/com.ivanmurzak.unity.mcp@0.87.0/Runtime/UnityMcpPlugin.Build.cs:240)
com.IvanMurzak.Unity.MCP.UnityMcpPluginEditor:BuildMcpPluginIfNeeded () (at ./Library/PackageCache/com.ivanmurzak.unity.mcp@0.87.0/Editor/Scripts/UnityMcpPluginEditor.Build.cs:74)
com.IvanMurzak.Unity.MCP.Editor.Startup:.cctor () (at ./Library/PackageCache/com.ivanmurzak.unity.mcp@0.87.0/Editor/Scripts/Startup.cs:29)
System.Runtime.CompilerServices.RuntimeHelpers:RunClassConstructor (System.RuntimeTypeHandle)
UnityEditor.EditorAssemblies:ProcessInitializeOnLoadAttributes (System.Type[]) (at /Users/bokken/build/output/unity/unity/Editor/Mono/EditorAssemblies.cs:119)

(Filename: ./Library/PackageCache/com.ivanmurzak.unity.mcp@0.87.0/Runtime/UnityMcpPlugin.Build.cs Line: 240)

Mono: successfully reloaded assembly
- Finished resetting the current domain, in  3.984 seconds
Domain Reload Profiling: 4774ms
	BeginReloadAssembly (82ms)
		ExecutionOrderSort (0ms)
		DisableScriptedObjects (3ms)
		BackupInstance (0ms)
		ReleaseScriptingObjects (0ms)
		CreateAndSetChildDomain (18ms)
	RebuildCommonClasses (20ms)
	RebuildNativeTypeToScriptingClass (7ms)
	initialDomainReloadingComplete (19ms)
	LoadAllAssembliesAndSetupDomain (661ms)
		LoadAssemblies (397ms)
		RebuildTransferFunctionScriptingTraits (0ms)
		AnalyzeDomain (304ms)
			TypeCache.Refresh (264ms)
				TypeCache.ScanAssembly (242ms)
			ScanForSourceGeneratedMonoScriptInfo (27ms)
			ResolveRequiredComponents (9ms)
	FinalizeReload (3984ms)
		ReleaseScriptCaches (0ms)
		RebuildScriptCaches (0ms)
		SetupLoadedEditorAssemblies (3806ms)
			LogAssemblyErrors (0ms)
			InitializePlatformSupportModulesInManaged (3ms)
			SetLoadedEditorAssemblies (4ms)
			RefreshPlugins (0ms)
			BeforeProcessingInitializeOnLoad (105ms)
			ProcessInitializeOnLoadAttributes (3631ms)
			ProcessInitializeOnLoadMethodAttributes (61ms)
			AfterProcessingInitializeOnLoad (1ms)
			EditorAssembliesLoaded (2ms)
		ExecutionOrderSort2 (0ms)
		AwakeInstancesAfterBackupRestoration (2ms)
Asset Pipeline Refresh (id=78bfb6c990963413a9be19a640980edb): Total: 9.871 seconds - Initiated by InitialRefreshV2(ForceSynchronousImport)
	Summary:
		Imports: total=0 (actual=0, local cache=0, cache server=0)
		Asset DB Process Time: managed=0 ms, native=3573 ms
		Asset DB Callback time: managed=18 ms, native=0 ms
		Scripting: domain reloads=1, domain reload time=4929 ms, compile time=1258 ms, other=92 ms
		Project Asset Count: scripts=10978, non-scripts=2961
		Asset File Changes: new=0, changed=0, moved=0, deleted=0
		Scan Filter Count: 1
	InvokeBeforeRefreshCallbacks: 0.241ms
	ApplyChangesToAssetFolders: 0.058ms
	Scan: 862.995ms
	OnSourceAssetsModified: 0.001ms
	GetAllGuidsForCategorization: 0.959ms
	CategorizeAssets: 378.312ms
	ImportOutOfDateAssets: 4085.696ms (2792.519ms without children)
		CompileScripts: 1257.589ms
		ReloadNativeAssets: 0.020ms
		UnloadImportedAssets: 29.670ms
		EnsureUptoDateAssetsAreRegisteredWithGuidPM: 4.136ms
		InitializingProgressBar: 0.001ms
		PostProcessAllAssetNotificationsAddChangedAssets: 0.000ms
		OnDemandSchedulerStart: 1.760ms
	PostProcessAllAssets: 18.186ms
	GatherAllCurrentPrimaryArtifactRevisions: 0.000ms
	UnloadStreamsBegin: 1.424ms
	PersistCurrentRevisions: 0.351ms
	UnloadStreamsEnd: 0.037ms
	GenerateScriptTypeHashes: 102.107ms
	Untracked: 4522.379ms
Application.AssetDatabase Initial Refresh End
Launching external process: /Applications/Unity/Hub/Editor/2022.3.62f2/Unity.app/Contents/Tools/UnityShaderCompiler
Launched and connected shader compiler UnityShaderCompiler after 0.23 seconds
Scanning for USB devices : 0.030ms
Initializing Unity extensions:
[Licensing::Client] Successfully resolved entitlement details
[MODES] ModeService[none].Initialize
[MODES] ModeService[none].LoadModes
[MODES] Loading mode Default (0) for mode-current-id-castle-war
2026-08-09 18:10:40.360 Unity[62657:94659190] NSEventModifierFlagFunction specified to -setKeyEquivalentModifierMask: for item <NSMenuItem: 0x7cd24dfe0 Font Asset, ke='Command-F12'>, but is only supported for system-provided menu items; will not be used
[PhysX] Initialized MultithreadedTaskDispatcher with 12 workers.
ProgressiveSceneManager::Cancel()
-- Listing OpenCL platforms(s) --
 * OpenCL platform 0
	PROFILE = FULL_PROFILE
	VERSION = OpenCL 1.2 (Jan 16 2026 07:20:58)
	NAME = Apple
	VENDOR = Apple
-- Listing OpenCL device(s) --
 * OpenCL platform 0, device 0 
	DEVICE_TYPE = 4
	DEVICE_NAME = Apple M2 Pro
	DEVICE_VENDOR = Apple
	DEVICE_VERSION = OpenCL 1.2 
	DRIVER_VERSION = 1.2 1.0
	DEVICE_MAX_COMPUTE_UNITS = 19
	DEVICE_MAX_CLOCK_FREQUENCY = 1000
	CL_DEVICE_MAX_CONSTANT_BUFFER_SIZE = 1073741824
	CL_DEVICE_HOST_UNIFIED_MEMORY = true
	CL_DEVICE_MAX_MEM_ALLOC_SIZE = 2383708160
	DEVICE_GLOBAL_MEM_SIZE = 12713115648
-- GPU Progressive lightmapper will use OpenCL device 'Apple M2 Pro' from 'Apple'--
   use -OpenCL-PlatformAndDeviceIndices <platformIdx> <deviceIdx> as command line arguments if you want to select a specific adapter for OpenCL.
Unloading 11 Unused Serialized files (Serialized files now loaded: 0)
Unloading 245 unused Assets / (0.6 MB). Loaded Objects now: 9543.
Memory consumption went from 231.5 MB to 230.9 MB.
Total: 98.926459 ms (FindLiveObjects: 0.459333 ms CreateObjectMapping: 0.229875 ms MarkObjects: 95.978500 ms  DeleteObjects: 2.258125 ms)

[KoreanFontAssetBuilder] Baking 362 characters into static atlas
UnityEngine.StackTraceUtility:ExtractStackTrace () (at /Users/bokken/build/output/unity/unity/Runtime/Export/Scripting/StackTrace.cs:37)
UnityEngine.DebugLogHandler:LogFormat (UnityEngine.LogType,UnityEngine.Object,string,object[])
UnityEngine.Logger:Log (UnityEngine.LogType,object)
UnityEngine.Debug:Log (object)
KoreanFontAssetBuilder:Ensure () (at Assets/Editor/KoreanFontAssetBuilder.cs:34)
WebGLReleaseBuild:Build () (at Assets/Editor/WebGLReleaseBuild.cs:14)

(Filename: Assets/Editor/KoreanFontAssetBuilder.cs Line: 34)

Refreshing native plugins compatible for Editor in 8.12 ms, found 3 plugins.
Preloading 0 native plugins for Editor in 0.00 ms.
Asset Pipeline Refresh (id=1eb0ffa2e42c543558224ac5ffd949b2): Total: 0.151 seconds - Initiated by StopAssetImportingV2(NoUpdateAssetOptions)
[KoreanFontAssetBuilder] 2 characters missing from source font: ㄰㆏
UnityEngine.StackTraceUtility:ExtractStackTrace () (at /Users/bokken/build/output/unity/unity/Runtime/Export/Scripting/StackTrace.cs:37)
UnityEngine.DebugLogHandler:LogFormat (UnityEngine.LogType,UnityEngine.Object,string,object[])
UnityEngine.Logger:Log (UnityEngine.LogType,object)
UnityEngine.Debug:LogWarning (object)
KoreanFontAssetBuilder:Ensure () (at Assets/Editor/KoreanFontAssetBuilder.cs:61)
WebGLReleaseBuild:Build () (at Assets/Editor/WebGLReleaseBuild.cs:14)

(Filename: Assets/Editor/KoreanFontAssetBuilder.cs Line: 61)

Start importing Assets/Resources/Fonts/NotoSansKR-Dynamic.asset using Guid(e62eed18269ba4b32aa7808e4afa340a) Importer(-1,00000000000000000000000000000000) [PhysX] Initialized MultithreadedTaskDispatcher with 12 workers.
 -> (artifact id: '21de7fd292096cc0b900ed0007ea9529') in 0.048822 seconds
Refreshing native plugins compatible for Editor in 6.76 ms, found 3 plugins.
Preloading 0 native plugins for Editor in 0.00 ms.
Asset Pipeline Refresh (id=d4dd86b0ce2c94a28969a6590cfaf30a): Total: 0.136 seconds - Initiated by StopAssetImportingV2(NoUpdateAssetOptions)
Start importing Assets/Resources/Fonts/NotoSansKR-Dynamic.asset using Guid(e62eed18269ba4b32aa7808e4afa340a) Importer(-1,00000000000000000000000000000000) [PhysX] Initialized MultithreadedTaskDispatcher with 12 workers.
 -> (artifact id: 'a71a4b5cd56be979644fb9a6310c3749') in 0.006481 seconds
Refreshing native plugins compatible for Editor in 6.53 ms, found 3 plugins.
Preloading 0 native plugins for Editor in 0.00 ms.
Asset Pipeline Refresh (id=f730943464364411caac0d303abc2b3e): Total: 0.059 seconds - Initiated by StopAssetImportingV2(NoUpdateAssetOptions)
[KoreanFontAssetBuilder] Created Assets/Resources/Fonts/NotoSansKR-Dynamic.asset (1 atlas texture(s))
UnityEngine.StackTraceUtility:ExtractStackTrace () (at /Users/bokken/build/output/unity/unity/Runtime/Export/Scripting/StackTrace.cs:37)
UnityEngine.DebugLogHandler:LogFormat (UnityEngine.LogType,UnityEngine.Object,string,object[])
UnityEngine.Logger:Log (UnityEngine.LogType,object)
UnityEngine.Debug:Log (object)
KoreanFontAssetBuilder:Ensure () (at Assets/Editor/KoreanFontAssetBuilder.cs:73)
WebGLReleaseBuild:Build () (at Assets/Editor/WebGLReleaseBuild.cs:14)

(Filename: Assets/Editor/KoreanFontAssetBuilder.cs Line: 73)

Start importing Assets/TextMesh Pro/Resources/TMP Settings.asset using Guid(3f5b5dff67a942289a9defa416b206f3) Importer(-1,00000000000000000000000000000000) [PhysX] Initialized MultithreadedTaskDispatcher with 12 workers.
 -> (artifact id: 'ae5b8a30d1b901ad2fb123f0c18489dd') in 0.001523 seconds
Refreshing native plugins compatible for Editor in 8.26 ms, found 3 plugins.
Preloading 0 native plugins for Editor in 0.00 ms.
Asset Pipeline Refresh (id=a58a876cac36f483783f318f4b6affce): Total: 0.039 seconds - Initiated by StopAssetImportingV2(NoUpdateAssetOptions)
[KoreanFontAssetBuilder] Registered in TMP Settings fallback chain
UnityEngine.StackTraceUtility:ExtractStackTrace () (at /Users/bokken/build/output/unity/unity/Runtime/Export/Scripting/StackTrace.cs:37)
UnityEngine.DebugLogHandler:LogFormat (UnityEngine.LogType,UnityEngine.Object,string,object[])
UnityEngine.Logger:Log (UnityEngine.LogType,object)
UnityEngine.Debug:Log (object)
KoreanFontAssetBuilder:Ensure () (at Assets/Editor/KoreanFontAssetBuilder.cs:81)
WebGLReleaseBuild:Build () (at Assets/Editor/WebGLReleaseBuild.cs:14)

(Filename: Assets/Editor/KoreanFontAssetBuilder.cs Line: 81)

[LinkExtractor] Merged 1 link.xml files (27 unique elements) to /Users/jangyoung/orca/Abyssal-Surge/Assets/packages-merged-link/link.xml
UnityEngine.StackTraceUtility:ExtractStackTrace () (at /Users/bokken/build/output/unity/unity/Runtime/Export/Scripting/StackTrace.cs:37)
UnityEngine.DebugLogHandler:LogFormat (UnityEngine.LogType,UnityEngine.Object,string,object[])
UnityEngine.Logger:Log (UnityEngine.LogType,object)
UnityEngine.Debug:Log (object)
com.IvanMurzak.Unity.MCP.Editor.Utils.LinkExtractor:MergeAndSaveLinkFiles (System.Collections.Generic.List`1<string>) (at ./Library/PackageCache/com.ivanmurzak.unity.mcp@0.87.0/Editor/Scripts/Utils/LinkExtractor.cs:148)
com.IvanMurzak.Unity.MCP.Editor.Utils.LinkExtractor:CreateMergedLinkFromPackages () (at ./Library/PackageCache/com.ivanmurzak.unity.mcp@0.87.0/Editor/Scripts/Utils/LinkExtractor.cs:62)
com.IvanMurzak.Unity.MCP.Editor.Utils.LinkExtractor:OnPreprocessBuild (UnityEditor.Build.Reporting.BuildReport) (at ./Library/PackageCache/com.ivanmurzak.unity.mcp@0.87.0/Editor/Scripts/Utils/LinkExtractor.cs:38)
UnityEditor.Build.BuildPipelineInterfaces/<>c__DisplayClass16_0:<OnBuildPreProcess>b__1 (UnityEditor.Build.IPreprocessBuildWithReport) (at /Users/bokken/build/output/unity/unity/Editor/Mono/BuildPipeline/BuildPipelineInterfaces.cs:499)
UnityEditor.Build.BuildPipelineInterfaces:InvokeCallbackInterfacesPair<UnityEditor.Build.IPreprocessBuild, UnityEditor.Build.IPreprocessBuildWithReport> (System.Collections.Generic.List`1<UnityEditor.Build.IPreprocessBuild>,System.Action`1<UnityEditor.Build.IPreprocessBuild>,System.Collections.Generic.List`1<UnityEditor.Build.IPreprocessBuildWithReport>,System.Action`1<UnityEditor.Build.IPreprocessBuildWithReport>,bool) (at /Users/bokken/build/output/unity/unity/Editor/Mono/BuildPipeline/BuildPipelineInterfaces.cs:465)
UnityEditor.Build.BuildPipelineInterfaces:OnBuildPreProcess (UnityEditor.Build.Reporting.BuildReport) (at /Users/bokken/build/output/unity/unity/Editor/Mono/BuildPipeline/BuildPipelineInterfaces.cs:497)
UnityEditor.BuildPipeline:BuildPlayerInternal (string[],string,string,UnityEditor.BuildTargetGroup,UnityEditor.BuildTarget,int,UnityEditor.BuildOptions,string[]) (at /Users/bokken/build/output/unity/unity/Editor/Mono/BuildPipeline.bindings.cs:531)
UnityEditor.BuildPipeline:BuildPlayer (string[],string,string,UnityEditor.BuildTargetGroup,UnityEditor.BuildTarget,int,UnityEditor.BuildOptions,string[]) (at /Users/bokken/build/output/unity/unity/Editor/Mono/BuildPipeline.bindings.cs:396)
UnityEditor.BuildPipeline:BuildPlayer (UnityEditor.BuildPlayerOptions) (at /Users/bokken/build/output/unity/unity/Editor/Mono/BuildPipeline.bindings.cs:342)
UnityEditor.BuildPipeline:BuildPlayer (string[],string,UnityEditor.BuildTarget,UnityEditor.BuildOptions) (at /Users/bokken/build/output/unity/unity/Editor/Mono/BuildPipeline.bindings.cs:337)
WebGLReleaseBuild:Build () (at Assets/Editor/WebGLReleaseBuild.cs:36)

(Filename: ./Library/PackageCache/com.ivanmurzak.unity.mcp@0.87.0/Editor/Scripts/Utils/LinkExtractor.cs Line: 148)

[ServicesCore]: To use Unity's dashboard services, you need to link your Unity project to a project ID. To do this, go to Project Settings to select your organization, select your project and then link a project ID. You also need to make sure your organization has access to the required products. Visit https://dashboard.unity3d.com to sign up.
UnityEngine.StackTraceUtility:ExtractStackTrace () (at /Users/bokken/build/output/unity/unity/Runtime/Export/Scripting/StackTrace.cs:37)
UnityEngine.DebugLogHandler:LogFormat (UnityEngine.LogType,UnityEngine.Object,string,object[])
UnityEngine.Logger:LogWarning (string,object)
Unity.Services.Core.Internal.CoreLogger:LogWarning (object) (at ./Library/PackageCache/com.unity.services.core@1.18.0/Runtime/Core.Internal/Logging/CoreLogger.cs:15)
Unity.Services.Core.Editor.ProjectUnlinkBuildWarning:OnPreprocessBuild (UnityEditor.Build.Reporting.BuildReport) (at ./Library/PackageCache/com.unity.services.core@1.18.0/Editor/Core/Build/ProjectUnlinkBuildWarning.cs:29)
UnityEditor.Build.BuildPipelineInterfaces/<>c__DisplayClass16_0:<OnBuildPreProcess>b__1 (UnityEditor.Build.IPreprocessBuildWithReport) (at /Users/bokken/build/output/unity/unity/Editor/Mono/BuildPipeline/BuildPipelineInterfaces.cs:499)
UnityEditor.Build.BuildPipelineInterfaces:InvokeCallbackInterfacesPair<UnityEditor.Build.IPreprocessBuild, UnityEditor.Build.IPreprocessBuildWithReport> (System.Collections.Generic.List`1<UnityEditor.Build.IPreprocessBuild>,System.Action`1<UnityEditor.Build.IPreprocessBuild>,System.Collections.Generic.List`1<UnityEditor.Build.IPreprocessBuildWithReport>,System.Action`1<UnityEditor.Build.IPreprocessBuildWithReport>,bool) (at /Users/bokken/build/output/unity/unity/Editor/Mono/BuildPipeline/BuildPipelineInterfaces.cs:465)
UnityEditor.Build.BuildPipelineInterfaces:OnBuildPreProcess (UnityEditor.Build.Reporting.BuildReport) (at /Users/bokken/build/output/unity/unity/Editor/Mono/BuildPipeline/BuildPipelineInterfaces.cs:497)
UnityEditor.BuildPipeline:BuildPlayerInternal (string[],string,string,UnityEditor.BuildTargetGroup,UnityEditor.BuildTarget,int,UnityEditor.BuildOptions,string[]) (at /Users/bokken/build/output/unity/unity/Editor/Mono/BuildPipeline.bindings.cs:531)
UnityEditor.BuildPipeline:BuildPlayer (string[],string,string,UnityEditor.BuildTargetGroup,UnityEditor.BuildTarget,int,UnityEditor.BuildOptions,string[]) (at /Users/bokken/build/output/unity/unity/Editor/Mono/BuildPipeline.bindings.cs:396)
UnityEditor.BuildPipeline:BuildPlayer (UnityEditor.BuildPlayerOptions) (at /Users/bokken/build/output/unity/unity/Editor/Mono/BuildPipeline.bindings.cs:342)
UnityEditor.BuildPipeline:BuildPlayer (string[],string,UnityEditor.BuildTarget,UnityEditor.BuildOptions) (at /Users/bokken/build/output/unity/unity/Editor/Mono/BuildPipeline.bindings.cs:337)
WebGLReleaseBuild:Build () (at Assets/Editor/WebGLReleaseBuild.cs:36)

(Filename: ./Library/PackageCache/com.unity.services.core@1.18.0/Editor/Core/Build/ProjectUnlinkBuildWarning.cs Line: 29)

Start importing ProjectSettings/ProjectSettings.asset using Guid(00000000000000004000000000000000) Importer(-1,00000000000000000000000000000000) [PhysX] Initialized MultithreadedTaskDispatcher with 12 workers.
 -> (artifact id: '85eaf85976fbc598548177a0fc384f53') in 0.001879 seconds
Start importing Assets/Settings/URP-Performant.asset using Guid(d0e2fc18fe036412f8223b3b3d9ad574) Importer(-1,00000000000000000000000000000000) [PhysX] Initialized MultithreadedTaskDispatcher with 12 workers.
 -> (artifact id: '762acb58b8c7e672d808b8998fd711ee') in 0.001399 seconds
Start importing Assets/Settings/URP-Balanced.asset using Guid(e1260c1148f6143b28bae5ace5e9c5d1) Importer(-1,00000000000000000000000000000000) [PhysX] Initialized MultithreadedTaskDispatcher with 12 workers.
 -> (artifact id: 'f3d614c129f5643a5d42b39e1f5524e1') in 0.000843 seconds
Start importing Assets/Settings/URP-HighFidelity.asset using Guid(7b7fd9122c28c4d15b667c7040e3b3fd) Importer(-1,00000000000000000000000000000000) [PhysX] Initialized MultithreadedTaskDispatcher with 12 workers.
 -> (artifact id: '30def82d5293530c3e648f3ebcfc920a') in 0.000908 seconds
Start importing Assets/TextMesh Pro/Resources/Fonts & Materials/LiberationSans SDF - Fallback.asset using Guid(2e498d1c8094910479dc3e1b768306a4) Importer(-1,00000000000000000000000000000000) [PhysX] Initialized MultithreadedTaskDispatcher with 12 workers.
 -> (artifact id: '40745753072c3adc7ba809b6e6aa2e69') in 0.001269 seconds
Refreshing native plugins compatible for Editor in 6.48 ms, found 3 plugins.
Preloading 0 native plugins for Editor in 0.00 ms.
Asset Pipeline Refresh (id=da29153eaef304e8e9fca1f00f355b77): Total: 0.064 seconds - Initiated by StopAssetImportingV2(NoUpdateAssetOptions)
[40m[32minfo[39m[22m[49m: Microsoft.AspNetCore.Hosting.Diagnostics[1]
      Request starting HTTP/2 POST http://ilpp/UnityILPP.PostProcessing/Ping application/grpc -
[40m[32minfo[39m[22m[49m: Microsoft.AspNetCore.Routing.EndpointMiddleware[0]
      Executing endpoint 'gRPC - /UnityILPP.PostProcessing/Ping'
[40m[32minfo[39m[22m[49m: Microsoft.AspNetCore.Routing.EndpointMiddleware[1]
      Executed endpoint 'gRPC - /UnityILPP.PostProcessing/Ping'
[40m[32minfo[39m[22m[49m: Microsoft.AspNetCore.Hosting.Diagnostics[2]
      Request finished HTTP/2 POST http://ilpp/UnityILPP.PostProcessing/Ping application/grpc - - 200 - application/grpc 1.2631ms
Starting: /Applications/Unity/Hub/Editor/2022.3.62f2/Unity.app/Contents/bee_backend --ipc --defer-dag-verification --dagfile="Library/Bee/2000b0aEDbgSkipCompile.dag" --continue-on-failure --profile="Library/Bee/backend1.traceevents" ScriptAssembliesAndTypeDB
WorkingDir: /Users/jangyoung/orca/Abyssal-Surge
ExitCode: 0 Duration: 1s820ms
[2/3        1s] BuildPlayerDataGenerator Library/BuildPlayerData/Editor/TypeDb-All.json
*** Tundra build success (1.78 seconds), 1 items updated, 3 evaluated
Total cache size 265057198
Total cache size after purge 265057198
Start importing Assets/packages-merged-link using Guid(8391866d9bea24270889388ba11b62c6) Importer(-1,00000000000000000000000000000000) [PhysX] Initialized MultithreadedTaskDispatcher with 12 workers.
 -> (artifact id: '991499707a2254260eec8ec30ca76afd') in 0.002269 seconds
Start importing Assets/packages-merged-link/link.xml using Guid(c51e2298d226e4360b858ce6c699d17b) Importer(-1,00000000000000000000000000000000) [PhysX] Initialized MultithreadedTaskDispatcher with 12 workers.
 -> (artifact id: '8d8954c243bf2857a785cfee0692a45e') in 0.002045 seconds
Refreshing native plugins compatible for Editor in 6.61 ms, found 3 plugins.
Preloading 0 native plugins for Editor in 0.00 ms.
Asset Pipeline Refresh (id=36189b7f2872c4ac781ae0c14d5bd2cf): Total: 0.419 seconds - Initiated by RefreshV2(NoUpdateAssetOptions)
	Summary:
		Imports: total=2 (actual=2, local cache=0, cache server=0)
		Asset DB Process Time: managed=0 ms, native=236 ms
		Asset DB Callback time: managed=171 ms, native=10 ms
		Scripting: domain reloads=0, domain reload time=0 ms, compile time=0 ms, other=0 ms
		Project Asset Count: scripts=10979, non-scripts=2962
		Asset File Changes: new=2, changed=2, moved=0, deleted=0
		Scan Filter Count: 1
	InvokeBeforeRefreshCallbacks: 0.001ms
	ApplyChangesToAssetFolders: 0.110ms
	Scan: 184.093ms
	OnSourceAssetsModified: 0.112ms
	GetAllGuidsForCategorization: 0.290ms
	CategorizeAssets: 14.921ms
	ImportOutOfDateAssets: 13.582ms (0.650ms without children)
		ImportManagerImport: 8.411ms (2.507ms without children)
			ImportInProcess: 5.871ms
			UpdateCategorizedAssets: 0.033ms
		ReloadNativeAssets: 0.058ms
		UnloadImportedAssets: 0.064ms
		ReloadImportedAssets: 0.000ms
		EnsureUptoDateAssetsAreRegisteredWithGuidPM: 2.172ms
		InitializingProgressBar: 0.002ms
		OnDemandSchedulerStart: 2.226ms
	PostProcessAllAssets: 173.337ms
	Hotreload: 8.790ms
	GatherAllCurrentPrimaryArtifactRevisions: 1.591ms
	UnloadStreamsBegin: 0.367ms
	PersistCurrentRevisions: 0.410ms
	UnloadStreamsEnd: 0.042ms
	Untracked: 20.878ms
[ScriptCompilation] Requested script compilation because: Recompiling scripts for player build.
BuildPlayer: start building target 20
Assembly for Assembly Definition File 'Packages/com.ivanmurzak.unity.mcp.tilemap/Runtime/com.IvanMurzak.Unity.MCP.Tilemap.Runtime.asmdef' will not be compiled, because it has no scripts associated with it.
UnityEngine.StackTraceUtility:ExtractStackTrace () (at /Users/bokken/build/output/unity/unity/Runtime/Export/Scripting/StackTrace.cs:37)
UnityEngine.DebugLogHandler:LogFormat (UnityEngine.LogType,UnityEngine.Object,string,object[])
UnityEngine.Logger:LogFormat (UnityEngine.LogType,string,object[])
UnityEngine.Debug:LogWarningFormat (string,object[])
UnityEditor.Scripting.ScriptCompilation.EditorCompilation:WarnIfThereAreAssembliesWithoutAnyScripts (UnityEditor.Scripting.ScriptCompilation.ScriptAssemblySettings,UnityEditor.Scripting.ScriptCompilation.ScriptAssembly[]) (at /Users/bokken/build/output/unity/unity/Editor/Mono/Scripting/ScriptCompilation/EditorCompilation.cs:780)
UnityEditor.Scripting.ScriptCompilation.EditorCompilation:CompileScriptsWithSettings (UnityEditor.Scripting.ScriptCompilation.ScriptAssemblySettings) (at /Users/bokken/build/output/unity/unity/Editor/Mono/Scripting/ScriptCompilation/EditorCompilation.cs:833)
UnityEditor.Scripting.ScriptCompilation.EditorCompilation:CompileScripts (UnityEditor.Scripting.ScriptCompilation.EditorScriptCompilationOptions,UnityEditor.BuildTargetGroup,UnityEditor.BuildTarget,int,string[]) (at /Users/bokken/build/output/unity/unity/Editor/Mono/Scripting/ScriptCompilation/EditorCompilation.cs:716)
UnityEditor.Scripting.ScriptCompilation.EditorCompilationInterface/<>c__DisplayClass21_0:<CompileScripts>b__0 () (at /Users/bokken/build/output/unity/unity/Editor/Mono/Scripting/ScriptCompilation/EditorCompilationInterface.cs:184)
UnityEditor.Scripting.ScriptCompilation.EditorCompilationInterface:EmitExceptionAsError<UnityEditor.Scripting.ScriptCompilation.EditorCompilation/CompileStatus> (System.Func`1<UnityEditor.Scripting.ScriptCompilation.EditorCompilation/CompileStatus>,UnityEditor.Scripting.ScriptCompilation.EditorCompilation/CompileStatus) (at /Users/bokken/build/output/unity/unity/Editor/Mono/Scripting/ScriptCompilation/EditorCompilationInterface.cs:49)
UnityEditor.Scripting.ScriptCompilation.EditorCompilationInterface:CompileScripts (UnityEditor.Scripting.ScriptCompilation.EditorScriptCompilationOptions,UnityEditor.BuildTargetGroup,UnityEditor.BuildTarget,int,string[]) (at /Users/bokken/build/output/unity/unity/Editor/Mono/Scripting/ScriptCompilation/EditorCompilationInterface.cs:184)
UnityEditor.BuildPipeline:BuildPlayerInternal (string[],string,string,UnityEditor.BuildTargetGroup,UnityEditor.BuildTarget,int,UnityEditor.BuildOptions,string[]) (at /Users/bokken/build/output/unity/unity/Editor/Mono/BuildPipeline.bindings.cs:531)
UnityEditor.BuildPipeline:BuildPlayer (string[],string,string,UnityEditor.BuildTargetGroup,UnityEditor.BuildTarget,int,UnityEditor.BuildOptions,string[]) (at /Users/bokken/build/output/unity/unity/Editor/Mono/BuildPipeline.bindings.cs:396)
UnityEditor.BuildPipeline:BuildPlayer (UnityEditor.BuildPlayerOptions) (at /Users/bokken/build/output/unity/unity/Editor/Mono/BuildPipeline.bindings.cs:342)
UnityEditor.BuildPipeline:BuildPlayer (string[],string,UnityEditor.BuildTarget,UnityEditor.BuildOptions) (at /Users/bokken/build/output/unity/unity/Editor/Mono/BuildPipeline.bindings.cs:337)
WebGLReleaseBuild:Build () (at Assets/Editor/WebGLReleaseBuild.cs:36)

(Filename: /Users/bokken/build/output/unity/unity/Editor/Mono/Scripting/ScriptCompilation/EditorCompilation.cs Line: 780)

Assembly for Assembly Definition File 'Packages/com.ivanmurzak.unity.mcp.terrain/Runtime/com.IvanMurzak.Unity.MCP.Terrain.Runtime.asmdef' will not be compiled, because it has no scripts associated with it.
UnityEngine.StackTraceUtility:ExtractStackTrace () (at /Users/bokken/build/output/unity/unity/Runtime/Export/Scripting/StackTrace.cs:37)
UnityEngine.DebugLogHandler:LogFormat (UnityEngine.LogType,UnityEngine.Object,string,object[])
UnityEngine.Logger:LogFormat (UnityEngine.LogType,string,object[])
UnityEngine.Debug:LogWarningFormat (string,object[])
UnityEditor.Scripting.ScriptCompilation.EditorCompilation:WarnIfThereAreAssembliesWithoutAnyScripts (UnityEditor.Scripting.ScriptCompilation.ScriptAssemblySettings,UnityEditor.Scripting.ScriptCompilation.ScriptAssembly[]) (at /Users/bokken/build/output/unity/unity/Editor/Mono/Scripting/ScriptCompilation/EditorCompilation.cs:780)
UnityEditor.Scripting.ScriptCompilation.EditorCompilation:CompileScriptsWithSettings (UnityEditor.Scripting.ScriptCompilation.ScriptAssemblySettings) (at /Users/bokken/build/output/unity/unity/Editor/Mono/Scripting/ScriptCompilation/EditorCompilation.cs:833)
UnityEditor.Scripting.ScriptCompilation.EditorCompilation:CompileScripts (UnityEditor.Scripting.ScriptCompilation.EditorScriptCompilationOptions,UnityEditor.BuildTargetGroup,UnityEditor.BuildTarget,int,string[]) (at /Users/bokken/build/output/unity/unity/Editor/Mono/Scripting/ScriptCompilation/EditorCompilation.cs:716)
UnityEditor.Scripting.ScriptCompilation.EditorCompilationInterface/<>c__DisplayClass21_0:<CompileScripts>b__0 () (at /Users/bokken/build/output/unity/unity/Editor/Mono/Scripting/ScriptCompilation/EditorCompilationInterface.cs:184)
UnityEditor.Scripting.ScriptCompilation.EditorCompilationInterface:EmitExceptionAsError<UnityEditor.Scripting.ScriptCompilation.EditorCompilation/CompileStatus> (System.Func`1<UnityEditor.Scripting.ScriptCompilation.EditorCompilation/CompileStatus>,UnityEditor.Scripting.ScriptCompilation.EditorCompilation/CompileStatus) (at /Users/bokken/build/output/unity/unity/Editor/Mono/Scripting/ScriptCompilation/EditorCompilationInterface.cs:49)
UnityEditor.Scripting.ScriptCompilation.EditorCompilationInterface:CompileScripts (UnityEditor.Scripting.ScriptCompilation.EditorScriptCompilationOptions,UnityEditor.BuildTargetGroup,UnityEditor.BuildTarget,int,string[]) (at /Users/bokken/build/output/unity/unity/Editor/Mono/Scripting/ScriptCompilation/EditorCompilationInterface.cs:184)
UnityEditor.BuildPipeline:BuildPlayerInternal (string[],string,string,UnityEditor.BuildTargetGroup,UnityEditor.BuildTarget,int,UnityEditor.BuildOptions,string[]) (at /Users/bokken/build/output/unity/unity/Editor/Mono/BuildPipeline.bindings.cs:531)
UnityEditor.BuildPipeline:BuildPlayer (string[],string,string,UnityEditor.BuildTargetGroup,UnityEditor.BuildTarget,int,UnityEditor.BuildOptions,string[]) (at /Users/bokken/build/output/unity/unity/Editor/Mono/BuildPipeline.bindings.cs:396)
UnityEditor.BuildPipeline:BuildPlayer (UnityEditor.BuildPlayerOptions) (at /Users/bokken/build/output/unity/unity/Editor/Mono/BuildPipeline.bindings.cs:342)
UnityEditor.BuildPipeline:BuildPlayer (string[],string,UnityEditor.BuildTarget,UnityEditor.BuildOptions) (at /Users/bokken/build/output/unity/unity/Editor/Mono/BuildPipeline.bindings.cs:337)
WebGLReleaseBuild:Build () (at Assets/Editor/WebGLReleaseBuild.cs:36)

(Filename: /Users/bokken/build/output/unity/unity/Editor/Mono/Scripting/ScriptCompilation/EditorCompilation.cs Line: 780)

Assembly for Assembly Definition File 'Packages/com.ivanmurzak.unity.mcp.navigation/Runtime/com.IvanMurzak.Unity.MCP.Navigation.Runtime.asmdef' will not be compiled, because it has no scripts associated with it.
UnityEngine.StackTraceUtility:ExtractStackTrace () (at /Users/bokken/build/output/unity/unity/Runtime/Export/Scripting/StackTrace.cs:37)
UnityEngine.DebugLogHandler:LogFormat (UnityEngine.LogType,UnityEngine.Object,string,object[])
UnityEngine.Logger:LogFormat (UnityEngine.LogType,string,object[])
UnityEngine.Debug:LogWarningFormat (string,object[])
UnityEditor.Scripting.ScriptCompilation.EditorCompilation:WarnIfThereAreAssembliesWithoutAnyScripts (UnityEditor.Scripting.ScriptCompilation.ScriptAssemblySettings,UnityEditor.Scripting.ScriptCompilation.ScriptAssembly[]) (at /Users/bokken/build/output/unity/unity/Editor/Mono/Scripting/ScriptCompilation/EditorCompilation.cs:780)
UnityEditor.Scripting.ScriptCompilation.EditorCompilation:CompileScriptsWithSettings (UnityEditor.Scripting.ScriptCompilation.ScriptAssemblySettings) (at /Users/bokken/build/output/unity/unity/Editor/Mono/Scripting/ScriptCompilation/EditorCompilation.cs:833)
UnityEditor.Scripting.ScriptCompilation.EditorCompilation:CompileScripts (UnityEditor.Scripting.ScriptCompilation.EditorScriptCompilationOptions,UnityEditor.BuildTargetGroup,UnityEditor.BuildTarget,int,string[]) (at /Users/bokken/build/output/unity/unity/Editor/Mono/Scripting/ScriptCompilation/EditorCompilation.cs:716)
UnityEditor.Scripting.ScriptCompilation.EditorCompilationInterface/<>c__DisplayClass21_0:<CompileScripts>b__0 () (at /Users/bokken/build/output/unity/unity/Editor/Mono/Scripting/ScriptCompilation/EditorCompilationInterface.cs:184)
UnityEditor.Scripting.ScriptCompilation.EditorCompilationInterface:EmitExceptionAsError<UnityEditor.Scripting.ScriptCompilation.EditorCompilation/CompileStatus> (System.Func`1<UnityEditor.Scripting.ScriptCompilation.EditorCompilation/CompileStatus>,UnityEditor.Scripting.ScriptCompilation.EditorCompilation/CompileStatus) (at /Users/bokken/build/output/unity/unity/Editor/Mono/Scripting/ScriptCompilation/EditorCompilationInterface.cs:49)
UnityEditor.Scripting.ScriptCompilation.EditorCompilationInterface:CompileScripts (UnityEditor.Scripting.ScriptCompilation.EditorScriptCompilationOptions,UnityEditor.BuildTargetGroup,UnityEditor.BuildTarget,int,string[]) (at /Users/bokken/build/output/unity/unity/Editor/Mono/Scripting/ScriptCompilation/EditorCompilationInterface.cs:184)
UnityEditor.BuildPipeline:BuildPlayerInternal (string[],string,string,UnityEditor.BuildTargetGroup,UnityEditor.BuildTarget,int,UnityEditor.BuildOptions,string[]) (at /Users/bokken/build/output/unity/unity/Editor/Mono/BuildPipeline.bindings.cs:531)
UnityEditor.BuildPipeline:BuildPlayer (string[],string,string,UnityEditor.BuildTargetGroup,UnityEditor.BuildTarget,int,UnityEditor.BuildOptions,string[]) (at /Users/bokken/build/output/unity/unity/Editor/Mono/BuildPipeline.bindings.cs:396)
UnityEditor.BuildPipeline:BuildPlayer (UnityEditor.BuildPlayerOptions) (at /Users/bokken/build/output/unity/unity/Editor/Mono/BuildPipeline.bindings.cs:342)
UnityEditor.BuildPipeline:BuildPlayer (string[],string,UnityEditor.BuildTarget,UnityEditor.BuildOptions) (at /Users/bokken/build/output/unity/unity/Editor/Mono/BuildPipeline.bindings.cs:337)
WebGLReleaseBuild:Build () (at Assets/Editor/WebGLReleaseBuild.cs:36)

(Filename: /Users/bokken/build/output/unity/unity/Editor/Mono/Scripting/ScriptCompilation/EditorCompilation.cs Line: 780)

Assembly for Assembly Definition File 'Packages/com.ivanmurzak.unity.mcp.inputsystem/Runtime/com.IvanMurzak.Unity.MCP.InputSystem.Runtime.asmdef' will not be compiled, because it has no scripts associated with it.
UnityEngine.StackTraceUtility:ExtractStackTrace () (at /Users/bokken/build/output/unity/unity/Runtime/Export/Scripting/StackTrace.cs:37)
UnityEngine.DebugLogHandler:LogFormat (UnityEngine.LogType,UnityEngine.Object,string,object[])
UnityEngine.Logger:LogFormat (UnityEngine.LogType,string,object[])
UnityEngine.Debug:LogWarningFormat (string,object[])
UnityEditor.Scripting.ScriptCompilation.EditorCompilation:WarnIfThereAreAssembliesWithoutAnyScripts (UnityEditor.Scripting.ScriptCompilation.ScriptAssemblySettings,UnityEditor.Scripting.ScriptCompilation.ScriptAssembly[]) (at /Users/bokken/build/output/unity/unity/Editor/Mono/Scripting/ScriptCompilation/EditorCompilation.cs:780)
UnityEditor.Scripting.ScriptCompilation.EditorCompilation:CompileScriptsWithSettings (UnityEditor.Scripting.ScriptCompilation.ScriptAssemblySettings) (at /Users/bokken/build/output/unity/unity/Editor/Mono/Scripting/ScriptCompilation/EditorCompilation.cs:833)
UnityEditor.Scripting.ScriptCompilation.EditorCompilation:CompileScripts (UnityEditor.Scripting.ScriptCompilation.EditorScriptCompilationOptions,UnityEditor.BuildTargetGroup,UnityEditor.BuildTarget,int,string[]) (at /Users/bokken/build/output/unity/unity/Editor/Mono/Scripting/ScriptCompilation/EditorCompilation.cs:716)
UnityEditor.Scripting.ScriptCompilation.EditorCompilationInterface/<>c__DisplayClass21_0:<CompileScripts>b__0 () (at /Users/bokken/build/output/unity/unity/Editor/Mono/Scripting/ScriptCompilation/EditorCompilationInterface.cs:184)
UnityEditor.Scripting.ScriptCompilation.EditorCompilationInterface:EmitExceptionAsError<UnityEditor.Scripting.ScriptCompilation.EditorCompilation/CompileStatus> (System.Func`1<UnityEditor.Scripting.ScriptCompilation.EditorCompilation/CompileStatus>,UnityEditor.Scripting.ScriptCompilation.EditorCompilation/CompileStatus) (at /Users/bokken/build/output/unity/unity/Editor/Mono/Scripting/ScriptCompilation/EditorCompilationInterface.cs:49)
UnityEditor.Scripting.ScriptCompilation.EditorCompilationInterface:CompileScripts (UnityEditor.Scripting.ScriptCompilation.EditorScriptCompilationOptions,UnityEditor.BuildTargetGroup,UnityEditor.BuildTarget,int,string[]) (at /Users/bokken/build/output/unity/unity/Editor/Mono/Scripting/ScriptCompilation/EditorCompilationInterface.cs:184)
UnityEditor.BuildPipeline:BuildPlayerInternal (string[],string,string,UnityEditor.BuildTargetGroup,UnityEditor.BuildTarget,int,UnityEditor.BuildOptions,string[]) (at /Users/bokken/build/output/unity/unity/Editor/Mono/BuildPipeline.bindings.cs:531)
UnityEditor.BuildPipeline:BuildPlayer (string[],string,string,UnityEditor.BuildTargetGroup,UnityEditor.BuildTarget,int,UnityEditor.BuildOptions,string[]) (at /Users/bokken/build/output/unity/unity/Editor/Mono/BuildPipeline.bindings.cs:396)
UnityEditor.BuildPipeline:BuildPlayer (UnityEditor.BuildPlayerOptions) (at /Users/bokken/build/output/unity/unity/Editor/Mono/BuildPipeline.bindings.cs:342)
UnityEditor.BuildPipeline:BuildPlayer (string[],string,UnityEditor.BuildTarget,UnityEditor.BuildOptions) (at /Users/bokken/build/output/unity/unity/Editor/Mono/BuildPipeline.bindings.cs:337)
WebGLReleaseBuild:Build () (at Assets/Editor/WebGLReleaseBuild.cs:36)

(Filename: /Users/bokken/build/output/unity/unity/Editor/Mono/Scripting/ScriptCompilation/EditorCompilation.cs Line: 780)

Assembly for Assembly Definition File 'Packages/com.ivanmurzak.unity.mcp.probuilder/Runtime/com.IvanMurzak.Unity.MCP.ProBuilder.Runtime.asmdef' will not be compiled, because it has no scripts associated with it.
UnityEngine.StackTraceUtility:ExtractStackTrace () (at /Users/bokken/build/output/unity/unity/Runtime/Export/Scripting/StackTrace.cs:37)
UnityEngine.DebugLogHandler:LogFormat (UnityEngine.LogType,UnityEngine.Object,string,object[])
UnityEngine.Logger:LogFormat (UnityEngine.LogType,string,object[])
UnityEngine.Debug:LogWarningFormat (string,object[])
UnityEditor.Scripting.ScriptCompilation.EditorCompilation:WarnIfThereAreAssembliesWithoutAnyScripts (UnityEditor.Scripting.ScriptCompilation.ScriptAssemblySettings,UnityEditor.Scripting.ScriptCompilation.ScriptAssembly[]) (at /Users/bokken/build/output/unity/unity/Editor/Mono/Scripting/ScriptCompilation/EditorCompilation.cs:780)
UnityEditor.Scripting.ScriptCompilation.EditorCompilation:CompileScriptsWithSettings (UnityEditor.Scripting.ScriptCompilation.ScriptAssemblySettings) (at /Users/bokken/build/output/unity/unity/Editor/Mono/Scripting/ScriptCompilation/EditorCompilation.cs:833)
UnityEditor.Scripting.ScriptCompilation.EditorCompilation:CompileScripts (UnityEditor.Scripting.ScriptCompilation.EditorScriptCompilationOptions,UnityEditor.BuildTargetGroup,UnityEditor.BuildTarget,int,string[]) (at /Users/bokken/build/output/unity/unity/Editor/Mono/Scripting/ScriptCompilation/EditorCompilation.cs:716)
UnityEditor.Scripting.ScriptCompilation.EditorCompilationInterface/<>c__DisplayClass21_0:<CompileScripts>b__0 () (at /Users/bokken/build/output/unity/unity/Editor/Mono/Scripting/ScriptCompilation/EditorCompilationInterface.cs:184)
UnityEditor.Scripting.ScriptCompilation.EditorCompilationInterface:EmitExceptionAsError<UnityEditor.Scripting.ScriptCompilation.EditorCompilation/CompileStatus> (System.Func`1<UnityEditor.Scripting.ScriptCompilation.EditorCompilation/CompileStatus>,UnityEditor.Scripting.ScriptCompilation.EditorCompilation/CompileStatus) (at /Users/bokken/build/output/unity/unity/Editor/Mono/Scripting/ScriptCompilation/EditorCompilationInterface.cs:49)
UnityEditor.Scripting.ScriptCompilation.EditorCompilationInterface:CompileScripts (UnityEditor.Scripting.ScriptCompilation.EditorScriptCompilationOptions,UnityEditor.BuildTargetGroup,UnityEditor.BuildTarget,int,string[]) (at /Users/bokken/build/output/unity/unity/Editor/Mono/Scripting/ScriptCompilation/EditorCompilationInterface.cs:184)
UnityEditor.BuildPipeline:BuildPlayerInternal (string[],string,string,UnityEditor.BuildTargetGroup,UnityEditor.BuildTarget,int,UnityEditor.BuildOptions,string[]) (at /Users/bokken/build/output/unity/unity/Editor/Mono/BuildPipeline.bindings.cs:531)
UnityEditor.BuildPipeline:BuildPlayer (string[],string,string,UnityEditor.BuildTargetGroup,UnityEditor.BuildTarget,int,UnityEditor.BuildOptions,string[]) (at /Users/bokken/build/output/unity/unity/Editor/Mono/BuildPipeline.bindings.cs:396)
UnityEditor.BuildPipeline:BuildPlayer (UnityEditor.BuildPlayerOptions) (at /Users/bokken/build/output/unity/unity/Editor/Mono/BuildPipeline.bindings.cs:342)
UnityEditor.BuildPipeline:BuildPlayer (string[],string,UnityEditor.BuildTarget,UnityEditor.BuildOptions) (at /Users/bokken/build/output/unity/unity/Editor/Mono/BuildPipeline.bindings.cs:337)
WebGLReleaseBuild:Build () (at Assets/Editor/WebGLReleaseBuild.cs:36)

(Filename: /Users/bokken/build/output/unity/unity/Editor/Mono/Scripting/ScriptCompilation/EditorCompilation.cs Line: 780)

Assembly for Assembly Definition File 'Packages/com.ivanmurzak.unity.mcp.splines/Runtime/com.IvanMurzak.Unity.MCP.Splines.Runtime.asmdef' will not be compiled, because it has no scripts associated with it.
UnityEngine.StackTraceUtility:ExtractStackTrace () (at /Users/bokken/build/output/unity/unity/Runtime/Export/Scripting/StackTrace.cs:37)
UnityEngine.DebugLogHandler:LogFormat (UnityEngine.LogType,UnityEngine.Object,string,object[])
UnityEngine.Logger:LogFormat (UnityEngine.LogType,string,object[])
UnityEngine.Debug:LogWarningFormat (string,object[])
UnityEditor.Scripting.ScriptCompilation.EditorCompilation:WarnIfThereAreAssembliesWithoutAnyScripts (UnityEditor.Scripting.ScriptCompilation.ScriptAssemblySettings,UnityEditor.Scripting.ScriptCompilation.ScriptAssembly[]) (at /Users/bokken/build/output/unity/unity/Editor/Mono/Scripting/ScriptCompilation/EditorCompilation.cs:780)
UnityEditor.Scripting.ScriptCompilation.EditorCompilation:CompileScriptsWithSettings (UnityEditor.Scripting.ScriptCompilation.ScriptAssemblySettings) (at /Users/bokken/build/output/unity/unity/Editor/Mono/Scripting/ScriptCompilation/EditorCompilation.cs:833)
UnityEditor.Scripting.ScriptCompilation.EditorCompilation:CompileScripts (UnityEditor.Scripting.ScriptCompilation.EditorScriptCompilationOptions,UnityEditor.BuildTargetGroup,UnityEditor.BuildTarget,int,string[]) (at /Users/bokken/build/output/unity/unity/Editor/Mono/Scripting/ScriptCompilation/EditorCompilation.cs:716)
UnityEditor.Scripting.ScriptCompilation.EditorCompilationInterface/<>c__DisplayClass21_0:<CompileScripts>b__0 () (at /Users/bokken/build/output/unity/unity/Editor/Mono/Scripting/ScriptCompilation/EditorCompilationInterface.cs:184)
UnityEditor.Scripting.ScriptCompilation.EditorCompilationInterface:EmitExceptionAsError<UnityEditor.Scripting.ScriptCompilation.EditorCompilation/CompileStatus> (System.Func`1<UnityEditor.Scripting.ScriptCompilation.EditorCompilation/CompileStatus>,UnityEditor.Scripting.ScriptCompilation.EditorCompilation/CompileStatus) (at /Users/bokken/build/output/unity/unity/Editor/Mono/Scripting/ScriptCompilation/EditorCompilationInterface.cs:49)
UnityEditor.Scripting.ScriptCompilation.EditorCompilationInterface:CompileScripts (UnityEditor.Scripting.ScriptCompilation.EditorScriptCompilationOptions,UnityEditor.BuildTargetGroup,UnityEditor.BuildTarget,int,string[]) (at /Users/bokken/build/output/unity/unity/Editor/Mono/Scripting/ScriptCompilation/EditorCompilationInterface.cs:184)
UnityEditor.BuildPipeline:BuildPlayerInternal (string[],string,string,UnityEditor.BuildTargetGroup,UnityEditor.BuildTarget,int,UnityEditor.BuildOptions,string[]) (at /Users/bokken/build/output/unity/unity/Editor/Mono/BuildPipeline.bindings.cs:531)
UnityEditor.BuildPipeline:BuildPlayer (string[],string,string,UnityEditor.BuildTargetGroup,UnityEditor.BuildTarget,int,UnityEditor.BuildOptions,string[]) (at /Users/bokken/build/output/unity/unity/Editor/Mono/BuildPipeline.bindings.cs:396)
UnityEditor.BuildPipeline:BuildPlayer (UnityEditor.BuildPlayerOptions) (at /Users/bokken/build/output/unity/unity/Editor/Mono/BuildPipeline.bindings.cs:342)
UnityEditor.BuildPipeline:BuildPlayer (string[],string,UnityEditor.BuildTarget,UnityEditor.BuildOptions) (at /Users/bokken/build/output/unity/unity/Editor/Mono/BuildPipeline.bindings.cs:337)
WebGLReleaseBuild:Build () (at Assets/Editor/WebGLReleaseBuild.cs:36)

(Filename: /Users/bokken/build/output/unity/unity/Editor/Mono/Scripting/ScriptCompilation/EditorCompilation.cs Line: 780)

Assembly for Assembly Definition File 'Packages/com.ivanmurzak.unity.mcp.cinemachine/Runtime/com.IvanMurzak.Unity.MCP.Cinemachine.Runtime.asmdef' will not be compiled, because it has no scripts associated with it.
UnityEngine.StackTraceUtility:ExtractStackTrace () (at /Users/bokken/build/output/unity/unity/Runtime/Export/Scripting/StackTrace.cs:37)
UnityEngine.DebugLogHandler:LogFormat (UnityEngine.LogType,UnityEngine.Object,string,object[])
UnityEngine.Logger:LogFormat (UnityEngine.LogType,string,object[])
UnityEngine.Debug:LogWarningFormat (string,object[])
UnityEditor.Scripting.ScriptCompilation.EditorCompilation:WarnIfThereAreAssembliesWithoutAnyScripts (UnityEditor.Scripting.ScriptCompilation.ScriptAssemblySettings,UnityEditor.Scripting.ScriptCompilation.ScriptAssembly[]) (at /Users/bokken/build/output/unity/unity/Editor/Mono/Scripting/ScriptCompilation/EditorCompilation.cs:780)
UnityEditor.Scripting.ScriptCompilation.EditorCompilation:CompileScriptsWithSettings (UnityEditor.Scripting.ScriptCompilation.ScriptAssemblySettings) (at /Users/bokken/build/output/unity/unity/Editor/Mono/Scripting/ScriptCompilation/EditorCompilation.cs:833)
UnityEditor.Scripting.ScriptCompilation.EditorCompilation:CompileScripts (UnityEditor.Scripting.ScriptCompilation.EditorScriptCompilationOptions,UnityEditor.BuildTargetGroup,UnityEditor.BuildTarget,int,string[]) (at /Users/bokken/build/output/unity/unity/Editor/Mono/Scripting/ScriptCompilation/EditorCompilation.cs:716)
UnityEditor.Scripting.ScriptCompilation.EditorCompilationInterface/<>c__DisplayClass21_0:<CompileScripts>b__0 () (at /Users/bokken/build/output/unity/unity/Editor/Mono/Scripting/ScriptCompilation/EditorCompilationInterface.cs:184)
UnityEditor.Scripting.ScriptCompilation.EditorCompilationInterface:EmitExceptionAsError<UnityEditor.Scripting.ScriptCompilation.EditorCompilation/CompileStatus> (System.Func`1<UnityEditor.Scripting.ScriptCompilation.EditorCompilation/CompileStatus>,UnityEditor.Scripting.ScriptCompilation.EditorCompilation/CompileStatus) (at /Users/bokken/build/output/unity/unity/Editor/Mono/Scripting/ScriptCompilation/EditorCompilationInterface.cs:49)
UnityEditor.Scripting.ScriptCompilation.EditorCompilationInterface:CompileScripts (UnityEditor.Scripting.ScriptCompilation.EditorScriptCompilationOptions,UnityEditor.BuildTargetGroup,UnityEditor.BuildTarget,int,string[]) (at /Users/bokken/build/output/unity/unity/Editor/Mono/Scripting/ScriptCompilation/EditorCompilationInterface.cs:184)
UnityEditor.BuildPipeline:BuildPlayerInternal (string[],string,string,UnityEditor.BuildTargetGroup,UnityEditor.BuildTarget,int,UnityEditor.BuildOptions,string[]) (at /Users/bokken/build/output/unity/unity/Editor/Mono/BuildPipeline.bindings.cs:531)
UnityEditor.BuildPipeline:BuildPlayer (string[],string,string,UnityEditor.BuildTargetGroup,UnityEditor.BuildTarget,int,UnityEditor.BuildOptions,string[]) (at /Users/bokken/build/output/unity/unity/Editor/Mono/BuildPipeline.bindings.cs:396)
UnityEditor.BuildPipeline:BuildPlayer (UnityEditor.BuildPlayerOptions) (at /Users/bokken/build/output/unity/unity/Editor/Mono/BuildPipeline.bindings.cs:342)
UnityEditor.BuildPipeline:BuildPlayer (string[],string,UnityEditor.BuildTarget,UnityEditor.BuildOptions) (at /Users/bokken/build/output/unity/unity/Editor/Mono/BuildPipeline.bindings.cs:337)
WebGLReleaseBuild:Build () (at Assets/Editor/WebGLReleaseBuild.cs:36)

(Filename: /Users/bokken/build/output/unity/unity/Editor/Mono/Scripting/ScriptCompilation/EditorCompilation.cs Line: 780)

Assembly for Assembly Definition File 'Packages/com.ivanmurzak.unity.mcp.particlesystem/Runtime/com.IvanMurzak.Unity.MCP.ParticleSystem.Runtime.asmdef' will not be compiled, because it has no scripts associated with it.
UnityEngine.StackTraceUtility:ExtractStackTrace () (at /Users/bokken/build/output/unity/unity/Runtime/Export/Scripting/StackTrace.cs:37)
UnityEngine.DebugLogHandler:LogFormat (UnityEngine.LogType,UnityEngine.Object,string,object[])
UnityEngine.Logger:LogFormat (UnityEngine.LogType,string,object[])
UnityEngine.Debug:LogWarningFormat (string,object[])
UnityEditor.Scripting.ScriptCompilation.EditorCompilation:WarnIfThereAreAssembliesWithoutAnyScripts (UnityEditor.Scripting.ScriptCompilation.ScriptAssemblySettings,UnityEditor.Scripting.ScriptCompilation.ScriptAssembly[]) (at /Users/bokken/build/output/unity/unity/Editor/Mono/Scripting/ScriptCompilation/EditorCompilation.cs:780)
UnityEditor.Scripting.ScriptCompilation.EditorCompilation:CompileScriptsWithSettings (UnityEditor.Scripting.ScriptCompilation.ScriptAssemblySettings) (at /Users/bokken/build/output/unity/unity/Editor/Mono/Scripting/ScriptCompilation/EditorCompilation.cs:833)
UnityEditor.Scripting.ScriptCompilation.EditorCompilation:CompileScripts (UnityEditor.Scripting.ScriptCompilation.EditorScriptCompilationOptions,UnityEditor.BuildTargetGroup,UnityEditor.BuildTarget,int,string[]) (at /Users/bokken/build/output/unity/unity/Editor/Mono/Scripting/ScriptCompilation/EditorCompilation.cs:716)
UnityEditor.Scripting.ScriptCompilation.EditorCompilationInterface/<>c__DisplayClass21_0:<CompileScripts>b__0 () (at /Users/bokken/build/output/unity/unity/Editor/Mono/Scripting/ScriptCompilation/EditorCompilationInterface.cs:184)
UnityEditor.Scripting.ScriptCompilation.EditorCompilationInterface:EmitExceptionAsError<UnityEditor.Scripting.ScriptCompilation.EditorCompilation/CompileStatus> (System.Func`1<UnityEditor.Scripting.ScriptCompilation.EditorCompilation/CompileStatus>,UnityEditor.Scripting.ScriptCompilation.EditorCompilation/CompileStatus) (at /Users/bokken/build/output/unity/unity/Editor/Mono/Scripting/ScriptCompilation/EditorCompilationInterface.cs:49)
UnityEditor.Scripting.ScriptCompilation.EditorCompilationInterface:CompileScripts (UnityEditor.Scripting.ScriptCompilation.EditorScriptCompilationOptions,UnityEditor.BuildTargetGroup,UnityEditor.BuildTarget,int,string[]) (at /Users/bokken/build/output/unity/unity/Editor/Mono/Scripting/ScriptCompilation/EditorCompilationInterface.cs:184)
UnityEditor.BuildPipeline:BuildPlayerInternal (string[],string,string,UnityEditor.BuildTargetGroup,UnityEditor.BuildTarget,int,UnityEditor.BuildOptions,string[]) (at /Users/bokken/build/output/unity/unity/Editor/Mono/BuildPipeline.bindings.cs:531)
UnityEditor.BuildPipeline:BuildPlayer (string[],string,string,UnityEditor.BuildTargetGroup,UnityEditor.BuildTarget,int,UnityEditor.BuildOptions,string[]) (at /Users/bokken/build/output/unity/unity/Editor/Mono/BuildPipeline.bindings.cs:396)
UnityEditor.BuildPipeline:BuildPlayer (UnityEditor.BuildPlayerOptions) (at /Users/bokken/build/output/unity/unity/Editor/Mono/BuildPipeline.bindings.cs:342)
UnityEditor.BuildPipeline:BuildPlayer (string[],string,UnityEditor.BuildTarget,UnityEditor.BuildOptions) (at /Users/bokken/build/output/unity/unity/Editor/Mono/BuildPipeline.bindings.cs:337)
WebGLReleaseBuild:Build () (at Assets/Editor/WebGLReleaseBuild.cs:36)

(Filename: /Users/bokken/build/output/unity/unity/Editor/Mono/Scripting/ScriptCompilation/EditorCompilation.cs Line: 780)

Assembly for Assembly Definition File 'Packages/com.ivanmurzak.unity.mcp.timeline/Runtime/com.IvanMurzak.Unity.MCP.Timeline.Runtime.asmdef' will not be compiled, because it has no scripts associated with it.
UnityEngine.StackTraceUtility:ExtractStackTrace () (at /Users/bokken/build/output/unity/unity/Runtime/Export/Scripting/StackTrace.cs:37)
UnityEngine.DebugLogHandler:LogFormat (UnityEngine.LogType,UnityEngine.Object,string,object[])
UnityEngine.Logger:LogFormat (UnityEngine.LogType,string,object[])
UnityEngine.Debug:LogWarningFormat (string,object[])
UnityEditor.Scripting.ScriptCompilation.EditorCompilation:WarnIfThereAreAssembliesWithoutAnyScripts (UnityEditor.Scripting.ScriptCompilation.ScriptAssemblySettings,UnityEditor.Scripting.ScriptCompilation.ScriptAssembly[]) (at /Users/bokken/build/output/unity/unity/Editor/Mono/Scripting/ScriptCompilation/EditorCompilation.cs:780)
UnityEditor.Scripting.ScriptCompilation.EditorCompilation:CompileScriptsWithSettings (UnityEditor.Scripting.ScriptCompilation.ScriptAssemblySettings) (at /Users/bokken/build/output/unity/unity/Editor/Mono/Scripting/ScriptCompilation/EditorCompilation.cs:833)
UnityEditor.Scripting.ScriptCompilation.EditorCompilation:CompileScripts (UnityEditor.Scripting.ScriptCompilation.EditorScriptCompilationOptions,UnityEditor.BuildTargetGroup,UnityEditor.BuildTarget,int,string[]) (at /Users/bokken/build/output/unity/unity/Editor/Mono/Scripting/ScriptCompilation/EditorCompilation.cs:716)
UnityEditor.Scripting.ScriptCompilation.EditorCompilationInterface/<>c__DisplayClass21_0:<CompileScripts>b__0 () (at /Users/bokken/build/output/unity/unity/Editor/Mono/Scripting/ScriptCompilation/EditorCompilationInterface.cs:184)
UnityEditor.Scripting.ScriptCompilation.EditorCompilationInterface:EmitExceptionAsError<UnityEditor.Scripting.ScriptCompilation.EditorCompilation/CompileStatus> (System.Func`1<UnityEditor.Scripting.ScriptCompilation.EditorCompilation/CompileStatus>,UnityEditor.Scripting.ScriptCompilation.EditorCompilation/CompileStatus) (at /Users/bokken/build/output/unity/unity/Editor/Mono/Scripting/ScriptCompilation/EditorCompilationInterface.cs:49)
UnityEditor.Scripting.ScriptCompilation.EditorCompilationInterface:CompileScripts (UnityEditor.Scripting.ScriptCompilation.EditorScriptCompilationOptions,UnityEditor.BuildTargetGroup,UnityEditor.BuildTarget,int,string[]) (at /Users/bokken/build/output/unity/unity/Editor/Mono/Scripting/ScriptCompilation/EditorCompilationInterface.cs:184)
UnityEditor.BuildPipeline:BuildPlayerInternal (string[],string,string,UnityEditor.BuildTargetGroup,UnityEditor.BuildTarget,int,UnityEditor.BuildOptions,string[]) (at /Users/bokken/build/output/unity/unity/Editor/Mono/BuildPipeline.bindings.cs:531)
UnityEditor.BuildPipeline:BuildPlayer (string[],string,string,UnityEditor.BuildTargetGroup,UnityEditor.BuildTarget,int,UnityEditor.BuildOptions,string[]) (at /Users/bokken/build/output/unity/unity/Editor/Mono/BuildPipeline.bindings.cs:396)
UnityEditor.BuildPipeline:BuildPlayer (UnityEditor.BuildPlayerOptions) (at /Users/bokken/build/output/unity/unity/Editor/Mono/BuildPipeline.bindings.cs:342)
UnityEditor.BuildPipeline:BuildPlayer (string[],string,UnityEditor.BuildTarget,UnityEditor.BuildOptions) (at /Users/bokken/build/output/unity/unity/Editor/Mono/BuildPipeline.bindings.cs:337)
WebGLReleaseBuild:Build () (at Assets/Editor/WebGLReleaseBuild.cs:36)

(Filename: /Users/bokken/build/output/unity/unity/Editor/Mono/Scripting/ScriptCompilation/EditorCompilation.cs Line: 780)

[40m[32minfo[39m[22m[49m: Microsoft.AspNetCore.Hosting.Diagnostics[1]
      Request starting HTTP/2 POST http://ilpp/UnityILPP.PostProcessing/Ping application/grpc -
[40m[32minfo[39m[22m[49m: Microsoft.AspNetCore.Routing.EndpointMiddleware[0]
      Executing endpoint 'gRPC - /UnityILPP.PostProcessing/Ping'
[40m[32minfo[39m[22m[49m: Microsoft.AspNetCore.Routing.EndpointMiddleware[1]
      Executed endpoint 'gRPC - /UnityILPP.PostProcessing/Ping'
[40m[32minfo[39m[22m[49m: Microsoft.AspNetCore.Hosting.Diagnostics[2]
      Request finished HTTP/2 POST http://ilpp/UnityILPP.PostProcessing/Ping application/grpc - - 200 - application/grpc 1.2637ms
Starting: /Applications/Unity/Hub/Editor/2022.3.62f2/Unity.app/Contents/bee_backend --ipc --defer-dag-verification --dagfile="Library/Bee/2000b0aP.dag" --continue-on-failure --profile="Library/Bee/backend1.traceevents" ScriptAssembliesAndTypeDB
WorkingDir: /Users/jangyoung/orca/Abyssal-Surge
[40m[32minfo[39m[22m[49m: Microsoft.AspNetCore.Hosting.Diagnostics[1]
      Request starting HTTP/2 POST http://ilpp/UnityILPP.PostProcessing/ConfigurePostProcessors application/grpc -
[40m[32minfo[39m[22m[49m: Microsoft.AspNetCore.Routing.EndpointMiddleware[0]
      Executing endpoint 'gRPC - /UnityILPP.PostProcessing/ConfigurePostProcessors'
[40m[32minfo[39m[22m[49m: Unity.ILPP.Runner.PostProcessingAssemblyLoadContext[0]
      ALC ILPP context 1 is unloading
[40m[1m[33mwarn[39m[22m[49m: Unity.ILPP.Runner.PostProcessingAssemblyLoadContext[0]
      Assembly system.runtime.interopservices.windowsruntime has duplicate hint path. Ignoring "/Applications/Unity/Hub/Editor/2022.3.62f2/Unity.app/Contents/UnityReferenceAssemblies/unity-4.8-api/Facades/System.Runtime.InteropServices.WindowsRuntime.dll" in favor of "/Applications/Unity/Hub/Editor/2022.3.62f2/Unity.app/Contents/NetStandard/Extensions/2.0.0/System.Runtime.InteropServices.WindowsRuntime.dll"
[40m[1m[33mwarn[39m[22m[49m: Unity.ILPP.Runner.PostProcessingAssemblyLoadContext[0]
      Assembly system.componentmodel.composition has duplicate hint path. Ignoring "/Applications/Unity/Hub/Editor/2022.3.62f2/Unity.app/Contents/UnityReferenceAssemblies/unity-4.8-api/System.ComponentModel.Composition.dll" in favor of "/Applications/Unity/Hub/Editor/2022.3.62f2/Unity.app/Contents/NetStandard/compat/2.1.0/shims/netfx/System.ComponentModel.Composition.dll"
[40m[32minfo[39m[22m[49m: Unity.ILPP.Runner.PostProcessingAssemblyLoadContext[0]
      Resolved Unity.Burst.Cecil, Version=0.11.4.0, Culture=neutral, PublicKeyToken=50cebf1cceb9d05e with Library/PackageCache/com.unity.burst@1.8.21/Unity.Burst.CodeGen/Unity.Burst.Cecil.dll
[40m[32minfo[39m[22m[49m: Microsoft.AspNetCore.Routing.EndpointMiddleware[1]
      Executed endpoint 'gRPC - /UnityILPP.PostProcessing/ConfigurePostProcessors'
[40m[32minfo[39m[22m[49m: Microsoft.AspNetCore.Hosting.Diagnostics[2]
      Request finished HTTP/2 POST http://ilpp/UnityILPP.PostProcessing/ConfigurePostProcessors application/grpc - - 200 - application/grpc 8.2577ms
[40m[32minfo[39m[22m[49m: Microsoft.AspNetCore.Hosting.Diagnostics[1]
      Request starting HTTP/2 POST http://ilpp/UnityILPP.PostProcessing/PostProcessAssembly application/grpc -
[40m[32minfo[39m[22m[49m: Microsoft.AspNetCore.Routing.EndpointMiddleware[0]
      Executing endpoint 'gRPC - /UnityILPP.PostProcessing/PostProcessAssembly'
[40m[32minfo[39m[22m[49m: Unity.ILPP.Runner.PostProcessingPipeline[0]
      Processing assembly Library/Bee/artifacts/2000b0aP.dag/CastleBusters.dll, with 93 defines and 228 references
[40m[32minfo[39m[22m[49m: Unity.ILPP.Runner.PostProcessingPipeline[0]
      processors: zzzUnity.Burst.CodeGen.BurstILPostProcessor
[40m[32minfo[39m[22m[49m: Unity.ILPP.Runner.PostProcessingPipeline[0]
      running zzzUnity.Burst.CodeGen.BurstILPostProcessor
[40m[32minfo[39m[22m[49m: Microsoft.AspNetCore.Routing.EndpointMiddleware[1]
      Executed endpoint 'gRPC - /UnityILPP.PostProcessing/PostProcessAssembly'
[40m[32minfo[39m[22m[49m: Microsoft.AspNetCore.Hosting.Diagnostics[2]
      Request finished HTTP/2 POST http://ilpp/UnityILPP.PostProcessing/PostProcessAssembly application/grpc - - 200 - application/grpc 15.4720ms
[40m[32minfo[39m[22m[49m: Microsoft.AspNetCore.Hosting.Diagnostics[1]
      Request starting HTTP/2 POST http://ilpp/UnityILPP.PostProcessing/PostProcessAssembly application/grpc -
[40m[32minfo[39m[22m[49m: Microsoft.AspNetCore.Routing.EndpointMiddleware[0]
      Executing endpoint 'gRPC - /UnityILPP.PostProcessing/PostProcessAssembly'
[40m[32minfo[39m[22m[49m: Unity.ILPP.Runner.PostProcessingPipeline[0]
      Processing assembly Library/Bee/artifacts/2000b0aP.dag/Assembly-CSharp.dll, with 93 defines and 267 references
[40m[32minfo[39m[22m[49m: Unity.ILPP.Runner.PostProcessingPipeline[0]
      processors: zzzUnity.Burst.CodeGen.BurstILPostProcessor
[40m[32minfo[39m[22m[49m: Unity.ILPP.Runner.PostProcessingPipeline[0]
      running zzzUnity.Burst.CodeGen.BurstILPostProcessor
[40m[32minfo[39m[22m[49m: Unity.ILPP.Runner.PostProcessingAssemblyLoadContext[0]
      Resolved Unity.Burst.Cecil.Rocks, Version=0.11.4.0, Culture=neutral, PublicKeyToken=50cebf1cceb9d05e with Library/PackageCache/com.unity.burst@1.8.21/Unity.Burst.CodeGen/Unity.Burst.Cecil.Rocks.dll
[40m[32minfo[39m[22m[49m: Microsoft.AspNetCore.Routing.EndpointMiddleware[1]
      Executed endpoint 'gRPC - /UnityILPP.PostProcessing/PostProcessAssembly'
[40m[32minfo[39m[22m[49m: Microsoft.AspNetCore.Hosting.Diagnostics[2]
      Request finished HTTP/2 POST http://ilpp/UnityILPP.PostProcessing/PostProcessAssembly application/grpc - - 200 - application/grpc 115.7666ms
ExitCode: 0 Duration: 4s32ms
[436/797    0s] CopyFiles Library/Bee/PlayerScriptAssemblies/UnityEngine.TestRunner.pdb
[437/797    0s] CopyFiles Library/Bee/PlayerScriptAssemblies/UnityEngine.TestRunner.dll
[615/797    0s] ILPP-Configuration Library/ilpp-configuration.nevergeneratedoutput
[664/797    0s] CopyFiles Library/Bee/PlayerScriptAssemblies/Unity.RenderPipelines.Core.ShaderLibrary.dll
[665/797    0s] CopyFiles Library/Bee/PlayerScriptAssemblies/com.IvanMurzak.Unity.MCP.TestFiles.dll
[667/797    0s] CopyFiles Library/Bee/PlayerScriptAssemblies/Unity.ProBuilder.Poly2Tri.dll
[668/797    0s] CopyFiles Library/Bee/PlayerScriptAssemblies/Unity.ProBuilder.Stl.dll
[669/797    0s] CopyFiles Library/Bee/PlayerScriptAssemblies/Unity.Services.Core.Networking.dll
[670/797    0s] CopyFiles Library/Bee/PlayerScriptAssemblies/Unity.Services.Core.Internal.dll
[671/797    0s] CopyFiles Library/Bee/PlayerScriptAssemblies/Unity.Purchasing.AppleStub.dll
[672/797    0s] CopyFiles Library/Bee/PlayerScriptAssemblies/Unity.TextMeshPro.dll
[673/797    0s] CopyFiles Library/Bee/PlayerScriptAssemblies/Unity.AI.Navigation.dll
[674/797    0s] CopyFiles Library/Bee/PlayerScriptAssemblies/Unity.RenderPipelines.Universal.Shaders.dll
[675/797    0s] CopyFiles Library/Bee/PlayerScriptAssemblies/Unity.Services.Core.Environments.Internal.dll
[676/797    0s] CopyFiles Library/Bee/PlayerScriptAssemblies/Unity.RenderPipelines.Universal.Runtime.dll
[677/797    0s] CopyFiles Library/Bee/PlayerScriptAssemblies/Unity.VisualScripting.State.dll
[678/797    0s] CopyFiles Library/Bee/PlayerScriptAssemblies/Unity.Purchasing.AppleMacosStub.dll
[680/797    0s] CopyFiles Library/Bee/PlayerScriptAssemblies/Unity.InputSystem.dll
[681/797    0s] CopyFiles Library/Bee/PlayerScriptAssemblies/Unity.Purchasing.LiveContentAdapterService.dll
[682/797    0s] CopyFiles Library/Bee/PlayerScriptAssemblies/Unity.VisualScripting.Flow.dll
[684/797    0s] CopyFiles Library/Bee/PlayerScriptAssemblies/Unity.Purchasing.Codeless.dll
[685/797    0s] CopyFiles Library/Bee/PlayerScriptAssemblies/Unity.RenderPipelines.Universal.Config.Runtime.dll
[687/797    0s] CopyFiles Library/Bee/PlayerScriptAssemblies/Unity.Purchasing.SecurityStub.dll
[688/797    0s] CopyFiles Library/Bee/PlayerScriptAssemblies/Unity.InputSystem.ForUI.dll
[689/797    0s] CopyFiles Library/Bee/PlayerScriptAssemblies/Unity.ProBuilder.Csg.dll
[690/797    0s] CopyFiles Library/Bee/PlayerScriptAssemblies/UnityEngine.UI.dll
[691/797    0s] CopyFiles Library/Bee/PlayerScriptAssemblies/Unity.Services.Core.Scheduler.dll
[692/797    0s] CopyFiles Library/Bee/PlayerScriptAssemblies/Unity.Services.Core.Telemetry.dll
[693/797    0s] CopyFiles Library/Bee/PlayerScriptAssemblies/Unity.Services.Core.dll
[694/797    0s] CopyFiles Library/Bee/PlayerScriptAssemblies/Unity.Services.Core.Registration.dll
[696/797    0s] CopyFiles Library/Bee/PlayerScriptAssemblies/Unity.ProBuilder.KdTree.dll
[697/797    0s] CopyFiles Library/Bee/PlayerScriptAssemblies/Unity.Services.Core.Threading.dll
[698/797    0s] CopyFiles Library/Bee/PlayerScriptAssemblies/Unity.Purchasing.Stores.dll
[699/797    0s] CopyFiles Library/Bee/PlayerScriptAssemblies/Unity.Purchasing.PaymentProviderService.dll
[701/797    0s] CopyFiles Library/Bee/PlayerScriptAssemblies/Unity.Purchasing.Stores.XboxCloudServices.dll
[702/797    0s] CopyFiles Library/Bee/PlayerScriptAssemblies/Unity.RenderPipelines.Universal.2D.Internal.dll
[703/797    0s] CopyFiles Library/Bee/PlayerScriptAssemblies/Unity.Mathematics.dll
[704/797    0s] CopyFiles Library/Bee/PlayerScriptAssemblies/Unity.Purchasing.Utilities.dll
[705/797    0s] CopyFiles Library/Bee/PlayerScriptAssemblies/Unity.Purchasing.WebshopService.dll
[707/797    0s] CopyFiles Library/Bee/PlayerScriptAssemblies/Unity.Services.Core.Environments.dll
[708/797    0s] CopyFiles Library/Bee/PlayerScriptAssemblies/Unity.RenderPipelines.Core.Runtime.dll
[709/797    0s] CopyFiles Library/Bee/PlayerScriptAssemblies/Unity.Timeline.dll
[710/797    0s] CopyFiles Library/Bee/PlayerScriptAssemblies/Unity.RenderPipelines.ShaderGraph.ShaderGraphLibrary.dll
[711/797    0s] CopyFiles Library/Bee/PlayerScriptAssemblies/Unity.Purchasing.SecurityCore.dll
[712/797    0s] CopyFiles Library/Bee/PlayerScriptAssemblies/Unity.Splines.dll
[713/797    0s] CopyFiles Library/Bee/PlayerScriptAssemblies/com.IvanMurzak.Unity.MCP.Animation.Runtime.dll
[714/797    0s] CopyFiles Library/Bee/PlayerScriptAssemblies/Unity.VisualScripting.Core.dll
[715/797    0s] CopyFiles Library/Bee/PlayerScriptAssemblies/Extensions.Unity.PlayerPrefsEx.dll
[716/797    0s] CopyFiles Library/Bee/PlayerScriptAssemblies/Unity.Services.Core.Analytics.dll
[717/797    0s] CopyFiles Library/Bee/PlayerScriptAssemblies/Unity.Purchasing.dll
[718/797    0s] CopyFiles Library/Bee/PlayerScriptAssemblies/Unity.Services.Core.Components.dll
[719/797    0s] CopyFiles Library/Bee/PlayerScriptAssemblies/Unity.Services.Core.Device.dll
[720/797    0s] CopyFiles Library/Bee/PlayerScriptAssemblies/Unity.Cinemachine.dll
[721/797    0s] CopyFiles Library/Bee/PlayerScriptAssemblies/Unity.RenderPipeline.Universal.ShaderLibrary.dll
[722/797    0s] CopyFiles Library/Bee/PlayerScriptAssemblies/com.IvanMurzak.Unity.MCP.Runtime.dll
[723/797    0s] CopyFiles Library/Bee/PlayerScriptAssemblies/Unity.ProBuilder.dll
[724/797    0s] CopyFiles Library/Bee/PlayerScriptAssemblies/Unity.Burst.dll
[725/797    0s] CopyFiles Library/Bee/PlayerScriptAssemblies/Unity.Services.Core.Analytics.pdb
[726/797    0s] CopyFiles Library/Bee/PlayerScriptAssemblies/Unity.Services.Core.Configuration.dll
[727/797    0s] CopyFiles Library/Bee/PlayerScriptAssemblies/Unity.Services.Core.Environments.pdb
[729/797    0s] CopyFiles Library/Bee/PlayerScriptAssemblies/Unity.Purchasing.Utilities.pdb
[730/797    0s] CopyFiles Library/Bee/PlayerScriptAssemblies/Unity.Services.Core.Networking.pdb
[731/797    0s] CopyFiles Library/Bee/PlayerScriptAssemblies/Unity.ProBuilder.KdTree.pdb
[732/797    0s] CopyFiles Library/Bee/PlayerScriptAssemblies/UnityEngine.UI.pdb
[733/797    0s] CopyFiles Library/Bee/PlayerScriptAssemblies/Unity.Purchasing.Codeless.pdb
[734/797    0s] CopyFiles Library/Bee/PlayerScriptAssemblies/com.IvanMurzak.Unity.MCP.TestFiles.pdb
[735/797    0s] CopyFiles Library/Bee/PlayerScriptAssemblies/Unity.Services.Core.Internal.pdb
[736/797    0s] CopyFiles Library/Bee/PlayerScriptAssemblies/Unity.Purchasing.AppleStub.pdb
[737/797    0s] CopyFiles Library/Bee/PlayerScriptAssemblies/Unity.AI.Navigation.pdb
[738/797    0s] CopyFiles Library/Bee/PlayerScriptAssemblies/Unity.2D.Tilemap.Extras.dll
[740/797    0s] CopyFiles Library/Bee/PlayerScriptAssemblies/Unity.VisualScripting.State.pdb
[741/797    0s] CopyFiles Library/Bee/PlayerScriptAssemblies/Unity.Purchasing.LiveContentAdapterService.pdb
[742/797    0s] CopyFiles Library/Bee/PlayerScriptAssemblies/Unity.VisualScripting.Flow.pdb
[743/797    0s] CopyFiles Library/Bee/PlayerScriptAssemblies/Unity.2D.Tilemap.Extras.pdb
[744/797    0s] CopyFiles Library/Bee/PlayerScriptAssemblies/Unity.Services.Core.Environments.Internal.pdb
[745/797    0s] CopyFiles Library/Bee/PlayerScriptAssemblies/Unity.Services.Core.Threading.pdb
[746/797    0s] CopyFiles Library/Bee/PlayerScriptAssemblies/Unity.Services.Core.pdb
[747/797    0s] CopyFiles Library/Bee/PlayerScriptAssemblies/Unity.Purchasing.SecurityStub.pdb
[748/797    0s] CopyFiles Library/Bee/PlayerScriptAssemblies/Unity.Purchasing.WebshopService.pdb
[749/797    0s] CopyFiles Library/Bee/PlayerScriptAssemblies/Unity.Timeline.pdb
[750/797    0s] CopyFiles Library/Bee/PlayerScriptAssemblies/Unity.2D.PixelPerfect.dll
[751/797    0s] CopyFiles Library/Bee/PlayerScriptAssemblies/Unity.RenderPipelines.ShaderGraph.ShaderGraphLibrary.pdb
[752/797    0s] CopyFiles Library/Bee/PlayerScriptAssemblies/Unity.Splines.pdb
[753/797    0s] CopyFiles Library/Bee/PlayerScriptAssemblies/Unity.Purchasing.pdb
[754/797    0s] CopyFiles Library/Bee/PlayerScriptAssemblies/Unity.2D.PixelPerfect.pdb
[755/797    0s] CopyFiles Library/Bee/PlayerScriptAssemblies/Unity.Purchasing.PaymentProviderService.pdb
[756/797    0s] CopyFiles Library/Bee/PlayerScriptAssemblies/Unity.ProBuilder.pdb
[757/797    0s] CopyFiles Library/Bee/PlayerScriptAssemblies/Unity.Cinemachine.pdb
[758/797    0s] CopyFiles Library/Bee/PlayerScriptAssemblies/Unity.Burst.pdb
[759/797    0s] CopyFiles Library/Bee/PlayerScriptAssemblies/Unity.TextMeshPro.pdb
[760/797    0s] CopyFiles Library/Bee/PlayerScriptAssemblies/Unity.Services.Core.Registration.pdb
[761/797    0s] CopyFiles Library/Bee/PlayerScriptAssemblies/Unity.Services.Core.Components.pdb
[762/797    0s] CopyFiles Library/Bee/PlayerScriptAssemblies/Unity.RenderPipelines.Universal.Config.Runtime.pdb
[763/797    0s] CopyFiles Library/Bee/PlayerScriptAssemblies/Extensions.Unity.PlayerPrefsEx.pdb
[764/797    0s] CopyFiles Library/Bee/PlayerScriptAssemblies/Unity.RenderPipelines.Universal.2D.Internal.pdb
[765/797    0s] CopyFiles Library/Bee/PlayerScriptAssemblies/Unity.Purchasing.SecurityCore.pdb
[766/797    0s] CopyFiles Library/Bee/PlayerScriptAssemblies/Unity.RenderPipelines.Universal.Shaders.pdb
[767/797    0s] CopyFiles Library/Bee/PlayerScriptAssemblies/Unity.Mathematics.pdb
[768/797    0s] CopyFiles Library/Bee/PlayerScriptAssemblies/Unity.InputSystem.ForUI.pdb
[769/797    0s] CopyFiles Library/Bee/PlayerScriptAssemblies/com.IvanMurzak.Unity.MCP.Runtime.pdb
[770/797    0s] CopyFiles Library/Bee/PlayerScriptAssemblies/Unity.Services.Core.Telemetry.pdb
[771/797    0s] CopyFiles Library/Bee/PlayerScriptAssemblies/Unity.Purchasing.Stores.pdb
[772/797    0s] CopyFiles Library/Bee/PlayerScriptAssemblies/Unity.InputSystem.pdb
[773/797    0s] CopyFiles Library/Bee/PlayerScriptAssemblies/Unity.Services.Core.Configuration.pdb
[774/797    0s] CopyFiles Library/Bee/PlayerScriptAssemblies/Unity.Services.Core.Scheduler.pdb
[775/797    0s] CopyFiles Library/Bee/PlayerScriptAssemblies/Unity.RenderPipelines.Core.Runtime.pdb
[776/797    0s] CopyFiles Library/Bee/PlayerScriptAssemblies/Unity.Purchasing.AppleMacosStub.pdb
[777/797    0s] CopyFiles Library/Bee/PlayerScriptAssemblies/Unity.Purchasing.Stores.XboxCloudServices.pdb
[778/797    0s] CopyFiles Library/Bee/PlayerScriptAssemblies/Unity.ProBuilder.Poly2Tri.pdb
[779/797    0s] CopyFiles Library/Bee/PlayerScriptAssemblies/Unity.ProBuilder.Stl.pdb
[780/797    0s] CopyFiles Library/Bee/PlayerScriptAssemblies/Unity.RenderPipelines.Universal.Runtime.pdb
[781/797    0s] CopyFiles Library/Bee/PlayerScriptAssemblies/Unity.VisualScripting.Core.pdb
[782/797    0s] CopyFiles Library/Bee/PlayerScriptAssemblies/Unity.RenderPipeline.Universal.ShaderLibrary.pdb
[783/797    0s] CopyFiles Library/Bee/PlayerScriptAssemblies/Unity.RenderPipelines.Core.ShaderLibrary.pdb
[784/797    0s] CopyFiles Library/Bee/PlayerScriptAssemblies/Unity.Services.Core.Device.pdb
[785/797    0s] CopyFiles Library/Bee/PlayerScriptAssemblies/Unity.ProBuilder.Csg.pdb
[786/797    0s] CopyFiles Library/Bee/PlayerScriptAssemblies/com.IvanMurzak.Unity.MCP.Animation.Runtime.pdb
[787/797    2s] Csc Library/Bee/artifacts/2000b0aP.dag/CastleBusters.dll (+2 others)
[788/797    0s] ILPostProcess Library/Bee/artifacts/2000b0aP.dag/post-processed/CastleBusters.dll (+pdb)
Processing assembly Library/Bee/artifacts/2000b0aP.dag/CastleBusters.dll, with 93 defines and 228 references
processors: zzzUnity.Burst.CodeGen.BurstILPostProcessor
running zzzUnity.Burst.CodeGen.BurstILPostProcessor
[789/797    0s] CopyFiles Library/Bee/PlayerScriptAssemblies/CastleBusters.pdb
[790/797    0s] CopyFiles Library/Bee/PlayerScriptAssemblies/CastleBusters.dll
[791/797    0s] Csc Library/Bee/artifacts/2000b0aP.dag/Assembly-CSharp.dll (+2 others)
[792/797    0s] ILPostProcess Library/Bee/artifacts/2000b0aP.dag/post-processed/Assembly-CSharp.dll (+pdb)
Processing assembly Library/Bee/artifacts/2000b0aP.dag/Assembly-CSharp.dll, with 93 defines and 267 references
processors: zzzUnity.Burst.CodeGen.BurstILPostProcessor
running zzzUnity.Burst.CodeGen.BurstILPostProcessor
[793/797    0s] CopyFiles Library/Bee/PlayerScriptAssemblies/Assembly-CSharp.pdb
[794/797    0s] CopyFiles Library/Bee/PlayerScriptAssemblies/Assembly-CSharp.dll
[796/797    0s] BuildPlayerDataGenerator Library/BuildPlayerData/Player/RuntimeInitializeOnLoads.json (+1 other)
*** Tundra build success (4.01 seconds), 126 items updated, 797 evaluated
Total cache size 265057198
Total cache size after purge 265057198
Rebuilding Data files because Assets/Resources/Fonts/NotoSansKR-Dynamic.asset is dirty (hash)
2026-08-09 18:10:51.441 Unity[62657:94659190] NSEventModifierFlagFunction specified to -setKeyEquivalentModifierMask: for item <NSMenuItem: 0x7cd24e9e0 Font Asset, ke='Command-F12'>, but is only supported for system-provided menu items; will not be used
Asset Pipeline Refresh (id=2d11939140d85403985e94a94178fa65): Total: 0.332 seconds - Initiated by RefreshV2(NoUpdateAssetOptions)
	Summary:
		Imports: total=0 (actual=0, local cache=0, cache server=0)
		Asset DB Process Time: managed=0 ms, native=331 ms
		Asset DB Callback time: managed=0 ms, native=0 ms
		Scripting: domain reloads=0, domain reload time=0 ms, compile time=0 ms, other=0 ms
		Project Asset Count: scripts=10979, non-scripts=2962
		Asset File Changes: new=0, changed=0, moved=0, deleted=0
		Scan Filter Count: 1
	InvokeBeforeRefreshCallbacks: 0.000ms
	ApplyChangesToAssetFolders: 0.081ms
	Scan: 218.368ms
	OnSourceAssetsModified: 0.000ms
	GetAllGuidsForCategorization: 0.238ms
	CategorizeAssets: 79.848ms
	ImportOutOfDateAssets: 5.777ms (0.641ms without children)
		ReloadNativeAssets: 0.042ms
		UnloadImportedAssets: 0.075ms
		EnsureUptoDateAssetsAreRegisteredWithGuidPM: 2.125ms
		InitializingProgressBar: 0.000ms
		PostProcessAllAssetNotificationsAddChangedAssets: 0.000ms
		OnDemandSchedulerStart: 2.893ms
	GatherAllCurrentPrimaryArtifactRevisions: 1.492ms
	UnloadStreamsBegin: 0.344ms
	PersistCurrentRevisions: 0.364ms
	UnloadStreamsEnd: 0.036ms
	Untracked: 24.963ms
Opening scene 'Assets/Scenes/SampleScene.unity'
[PhysX] Initialized MultithreadedTaskDispatcher with 12 workers.
Unloading 8 Unused Serialized files (Serialized files now loaded: 0)
Loaded scene 'Assets/Scenes/SampleScene.unity'
	Deserialize:            21.799 ms
	Integration:            487.985 ms
	Integration of assets:  8.538 ms
	Thread Wait Time:       0.000 ms
	Total Operation Time:   518.323 ms
Unloading 168 unused Assets / (1.0 MB). Loaded Objects now: 10021.
Memory consumption went from 252.7 MB to 251.7 MB.
Total: 113.784709 ms (FindLiveObjects: 0.332541 ms CreateObjectMapping: 0.172833 ms MarkObjects: 112.479750 ms  DeleteObjects: 0.798666 ms)

Created GICache directory at /Users/jangyoung/Library/Caches/com.unity3d.UnityEditor/GiCache. Took: 0.002s, timestamps: [26.736 - 26.738]
gi::BakeBackendSwitch: switching bake backend from 3 to 2.
[00:00:00] Builtin Sky manager started.
[00:00:00] Finished 1 Bake Ambient Probe job (0.00s execute, 0.00s integrate, 0.01s wallclock)
[00:00:00] Finished 1 Bake Ambient Probe job (0.00s execute, 0.00s integrate, 0.01s wallclock)


Mono dependencies included in the build
Dependency assembly - System.Net.dll
Dependency assembly - System.Xml.XPath.XDocument.dll
Dependency assembly - System.Configuration.Install.dll
Dependency assembly - com.IvanMurzak.Unity.MCP.Runtime.dll
Dependency assembly - System.Web.Extensions.Design.dll
Dependency assembly - System.Net.Http.WebRequest.dll
Dependency assembly - System.Globalization.dll
Dependency assembly - System.Runtime.InteropServices.WindowsRuntime.dll
Dependency assembly - System.Diagnostics.StackTrace.dll
Dependency assembly - Accessibility.dll
Dependency assembly - System.Drawing.dll
Dependency assembly - System.EnterpriseServices.dll
Dependency assembly - Microsoft.Extensions.FileProviders.Abstractions.dll
Dependency assembly - System.IO.FileSystem.DriveInfo.dll
Dependency assembly - System.Windows.dll
Dependency assembly - System.Data.DataSetExtensions.dll
Dependency assembly - System.IdentityModel.dll
Dependency assembly - Microsoft.Extensions.Hosting.Abstractions.dll
Dependency assembly - System.ServiceModel.dll
Dependency assembly - System.Text.Encoding.Extensions.dll
Dependency assembly - Microsoft.Extensions.Logging.dll
Dependency assembly - System.Collections.dll
Dependency assembly - Microsoft.Win32.Registry.dll
Dependency assembly - Unity.Purchasing.AppleMacosStub.dll
Dependency assembly - System.Security.Cryptography.Encryption.ECDsa.dll
Dependency assembly - Unity.RenderPipelines.Core.ShaderLibrary.dll
Dependency assembly - System.ServiceProcess.ServiceController.dll
Dependency assembly - System.Threading.dll
Dependency assembly - System.Globalization.Extensions.dll
Dependency assembly - System.Text.Json.dll
Dependency assembly - System.Net.NetworkInformation.dll
Dependency assembly - Unity.RenderPipeline.Universal.ShaderLibrary.dll
Dependency assembly - Unity.Timeline.dll
Dependency assembly - System.Net.Ping.dll
Dependency assembly - McpPlugin.dll
Dependency assembly - System.ServiceModel.Security.dll
Dependency assembly - System.Reflection.Emit.dll
Dependency assembly - System.Security.Cryptography.RSA.dll
Dependency assembly - System.Xml.XmlDocument.dll
Dependency assembly - System.Drawing.Design.dll
Dependency assembly - System.Security.Cryptography.RandomNumberGenerator.dll
Dependency assembly - System.Runtime.Serialization.Xml.dll
Dependency assembly - System.Xml.XPath.XmlDocument.dll
Dependency assembly - System.Reflection.DispatchProxy.dll
Dependency assembly - System.Security.Claims.dll
Dependency assembly - mscorlib.dll
Dependency assembly - System.Threading.Thread.dll
Dependency assembly - System.Security.Cryptography.Encryption.dll
Dependency assembly - System.Dynamic.Runtime.dll
Dependency assembly - Unity.ProBuilder.KdTree.dll
Dependency assembly - System.Runtime.InteropServices.dll
Dependency assembly - System.ServiceModel.Internals.dll
Dependency assembly - Microsoft.CSharp.dll
Dependency assembly - Unity.ProBuilder.Csg.dll
Dependency assembly - System.Reflection.Emit.ILGeneration.dll
Dependency assembly - Mono.Data.Sqlite.dll
Dependency assembly - System.IO.MemoryMappedFiles.dll
Dependency assembly - System.ComponentModel.Annotations.dll
Dependency assembly - System.Collections.NonGeneric.dll
Dependency assembly - System.Messaging.dll
Dependency assembly - System.Diagnostics.Tracing.dll
Dependency assembly - R3.dll
Dependency assembly - Microsoft.AspNetCore.Http.Connections.Client.dll
Dependency assembly - System.Security.Principal.Windows.dll
Dependency assembly - System.Linq.Queryable.dll
Dependency assembly - System.Xml.Xsl.Primitives.dll
Dependency assembly - UnityEngine.UI.dll
Dependency assembly - System.Console.dll
Dependency assembly - System.Xml.XDocument.dll
Dependency assembly - Unity.Purchasing.Stores.dll
Dependency assembly - Unity.Services.Core.Analytics.dll
Dependency assembly - System.Text.Encoding.dll
Dependency assembly - Microsoft.AspNetCore.Connections.Abstractions.dll
Dependency assembly - System.Data.Common.dll
Dependency assembly - Microsoft.Bcl.AsyncInterfaces.dll
Dependency assembly - System.Diagnostics.Contracts.dll
Dependency assembly - Microsoft.Extensions.DependencyInjection.dll
Dependency assembly - CastleBusters.dll
Dependency assembly - System.IO.FileSystem.Watcher.dll
Dependency assembly - System.Diagnostics.Tools.dll
Dependency assembly - System.Security.Cryptography.X509Certificates.dll
Dependency assembly - System.Web.Extensions.dll
Dependency assembly - Microsoft.Extensions.Configuration.Abstractions.dll
Dependency assembly - System.Memory.dll
Dependency assembly - Unity.Purchasing.WebshopService.dll
Dependency assembly - System.AppContext.dll
Dependency assembly - System.Net.Http.dll
Dependency assembly - System.Threading.Timer.dll
Dependency assembly - System.Xml.XPath.dll
Dependency assembly - System.Xml.Serialization.dll
Dependency assembly - System.ServiceModel.Primitives.dll
Dependency assembly - Assembly-CSharp.dll
Dependency assembly - System.IO.Compression.dll
Dependency assembly - System.Runtime.Extensions.dll
Dependency assembly - Microsoft.Extensions.Primitives.dll
Dependency assembly - Unity.VisualScripting.State.dll
Dependency assembly - System.Runtime.Handles.dll
Dependency assembly - Unity.RenderPipelines.Universal.Config.Runtime.dll
Dependency assembly - System.ServiceModel.Http.dll
Dependency assembly - System.Net.WebSockets.Client.dll
Dependency assembly - System.Linq.dll
Dependency assembly - Unity.Purchasing.dll
Dependency assembly - System.Text.RegularExpressions.dll
Dependency assembly - Unity.Purchasing.AppleStub.dll
Dependency assembly - Microsoft.Extensions.DependencyInjection.Abstractions.dll
Dependency assembly - Unity.Splines.dll
Dependency assembly - Microsoft.Extensions.Caching.Abstractions.dll
Dependency assembly - System.Diagnostics.Process.dll
Dependency assembly - Microsoft.AspNetCore.SignalR.Client.Core.dll
Dependency assembly - System.Resources.ResourceManager.dll
Dependency assembly - System.Net.Security.dll
Dependency assembly - McpPlugin.Common.dll
Dependency assembly - System.Threading.Tasks.Extensions.dll
Dependency assembly - System.Threading.AccessControl.dll
Dependency assembly - System.Diagnostics.TextWriterTraceListener.dll
Dependency assembly - System.Text.Encodings.Web.dll
Dependency assembly - Unity.TextMeshPro.dll
Dependency assembly - System.Numerics.Vectors.dll
Dependency assembly - Microsoft.Extensions.Features.dll
Dependency assembly - System.Xml.dll
Dependency assembly - Microsoft.Extensions.Logging.Abstractions.dll
Dependency assembly - Unity.Services.Core.Networking.dll
Dependency assembly - System.Runtime.CompilerServices.VisualC.dll
Dependency assembly - System.Reflection.Metadata.dll
Dependency assembly - Unity.Services.Core.Configuration.dll
Dependency assembly - System.Xml.Linq.dll
Dependency assembly - Unity.2D.PixelPerfect.dll
Dependency assembly - System.IO.Compression.ZipFile.dll
Dependency assembly - System.Net.HttpListener.dll
Dependency assembly - Microsoft.Extensions.Diagnostics.Abstractions.dll
Dependency assembly - System.Runtime.Serialization.Json.dll
Dependency assembly - System.ComponentModel.Composition.dll
Dependency assembly - System.IO.dll
Dependency assembly - Unity.InputSystem.ForUI.dll
Dependency assembly - System.ValueTuple.dll
Dependency assembly - System.Data.Services.dll
Dependency assembly - System.ServiceModel.Routing.dll
Dependency assembly - System.Text.Encoding.CodePages.dll
Dependency assembly - System.Configuration.dll
Dependency assembly - Mono.Data.Tds.dll
Dependency assembly - Unity.Services.Core.dll
Dependency assembly - Unity.ProBuilder.Stl.dll
Dependency assembly - Microsoft.AspNetCore.SignalR.Protocols.Json.dll
Dependency assembly - Unity.ProBuilder.Poly2Tri.dll
Dependency assembly - System.Security.Cryptography.Csp.dll
Dependency assembly - System.Data.SqlClient.dll
Dependency assembly - System.ComponentModel.Annotations.dll
Dependency assembly - System.ServiceModel.Web.dll
Dependency assembly - System.Reflection.TypeExtensions.dll
Dependency assembly - System.Xml.ReaderWriter.dll
Dependency assembly - Unity.VisualScripting.Flow.dll
Dependency assembly - Unity.Cinemachine.dll
Dependency assembly - System.ComponentModel.DataAnnotations.dll
Dependency assembly - System.Diagnostics.TraceSource.dll
Dependency assembly - Unity.AI.Navigation.dll
Dependency assembly - Microsoft.Win32.Primitives.dll
Dependency assembly - System.DirectoryServices.dll
Dependency assembly - System.Reflection.Context.dll
Dependency assembly - System.Resources.ReaderWriter.dll
Dependency assembly - System.Windows.Forms.dll
Dependency assembly - System.Diagnostics.Debug.dll
Dependency assembly - System.Xml.XmlSerializer.dll
Dependency assembly - System.DirectoryServices.Protocols.dll
Dependency assembly - System.Reflection.Primitives.dll
Dependency assembly - System.Net.Requests.dll
Dependency assembly - System.Management.dll
Dependency assembly - System.Xaml.dll
Dependency assembly - System.Net.NameResolution.dll
Dependency assembly - System.ComponentModel.dll
Dependency assembly - com.IvanMurzak.Unity.MCP.TestFiles.dll
Dependency assembly - System.Security.Cryptography.Encryption.Aes.dll
Dependency assembly - System.Runtime.Remoting.dll
Dependency assembly - Unity.Burst.dll
Dependency assembly - System.Security.Cryptography.Primitives.dll
Dependency assembly - Unity.Services.Core.Scheduler.dll
Dependency assembly - System.Diagnostics.FileVersionInfo.dll
Dependency assembly - System.Drawing.Primitives.dll
Dependency assembly - System.Runtime.Serialization.Primitives.dll
Dependency assembly - System.Security.Cryptography.Encryption.ECDiffieHellman.dll
Dependency assembly - ReflectorNet.dll
Dependency assembly - System.Net.Mail.dll
Dependency assembly - Unity.Purchasing.Utilities.dll
Dependency assembly - System.Security.Cryptography.OpenSsl.dll
Dependency assembly - System.Runtime.CompilerServices.Unsafe.dll
Dependency assembly - Unity.VisualScripting.Core.dll
Dependency assembly - System.Resources.Reader.dll
Dependency assembly - System.Security.Cryptography.Pkcs.dll
Dependency assembly - System.Data.Linq.dll
Dependency assembly - System.Data.Entity.dll
Dependency assembly - Unity.Services.Core.Threading.dll
Dependency assembly - Microsoft.AspNetCore.Http.Connections.Common.dll
Dependency assembly - Microsoft.Extensions.Options.dll
Dependency assembly - System.ServiceProcess.dll
Dependency assembly - System.Web.Services.dll
Dependency assembly - System.Net.Utilities.dll
Dependency assembly - Unity.Purchasing.SecurityCore.dll
Dependency assembly - System.Numerics.dll
Dependency assembly - System.Runtime.InteropServices.RuntimeInformation.dll
Dependency assembly - System.IO.Pipelines.dll
Dependency assembly - Microsoft.AspNetCore.SignalR.Client.dll
Dependency assembly - System.ServiceModel.Activation.dll
Dependency assembly - System.Text.Encoding.CodePages.dll
Dependency assembly - System.Net.WebHeaderCollection.dll
Dependency assembly - System.IO.FileSystem.Primitives.dll
Dependency assembly - System.Security.dll
Dependency assembly - System.ObjectModel.dll
Dependency assembly - System.Runtime.Serialization.Formatters.Soap.dll
Dependency assembly - netstandard.dll
Dependency assembly - Unity.Services.Core.Components.dll
Dependency assembly - Unity.RenderPipelines.Universal.2D.Internal.dll
Dependency assembly - Microsoft.Win32.Registry.AccessControl.dll
Dependency assembly - System.Diagnostics.TraceEvent.dll
Dependency assembly - System.Linq.Parallel.dll
Dependency assembly - Unity.Services.Core.Environments.dll
Dependency assembly - System.Resources.Writer.dll
Dependency assembly - Mono.Security.dll
Dependency assembly - Unity.Services.Core.Registration.dll
Dependency assembly - System.Linq.Expressions.dll
Dependency assembly - System.Security.Cryptography.Encoding.dll
Dependency assembly - System.ComponentModel.TypeConverter.dll
Dependency assembly - System.Net.Primitives.dll
Dependency assembly - System.Data.dll
Dependency assembly - System.Runtime.DurableInstancing.dll
Dependency assembly - Unity.2D.Tilemap.Extras.dll
Dependency assembly - System.Security.Cryptography.DeriveBytes.dll
Dependency assembly - Unity.RenderPipelines.Universal.Runtime.dll
Dependency assembly - System.Collections.Immutable.dll
Dependency assembly - Microsoft.CodeAnalysis.dll
Dependency assembly - System.Runtime.Numerics.dll
Dependency assembly - System.Security.SecureString.dll
Dependency assembly - System.Collections.Specialized.dll
Dependency assembly - System.ComponentModel.Primitives.dll
Dependency assembly - Unity.Services.Core.Device.dll
Dependency assembly - Unity.RenderPipelines.Universal.Shaders.dll
Dependency assembly - Unity.Services.Core.Environments.Internal.dll
Dependency assembly - System.Net.WebSockets.dll
Dependency assembly - System.Web.dll
Dependency assembly - System.Security.Cryptography.Algorithms.dll
Dependency assembly - System.Runtime.Caching.dll
Dependency assembly - Unity.RenderPipelines.Core.Runtime.dll
Dependency assembly - Unity.RenderPipelines.ShaderGraph.ShaderGraphLibrary.dll
Dependency assembly - Unity.Mathematics.dll
Dependency assembly - Unity.Purchasing.Codeless.dll
Dependency assembly - System.ComponentModel.EventBasedAsync.dll
Dependency assembly - System.IO.UnmanagedMemoryStream.dll
Dependency assembly - System.Net.Sockets.dll
Dependency assembly - System.Reflection.Extensions.dll
Dependency assembly - com.IvanMurzak.Unity.MCP.Animation.Runtime.dll
Dependency assembly - System.Reflection.Emit.Lightweight.dll
Dependency assembly - Unity.Purchasing.LiveContentAdapterService.dll
Dependency assembly - System.Security.AccessControl.dll
Dependency assembly - System.Security.Principal.dll
Dependency assembly - System.Threading.Channels.dll
Dependency assembly - System.Transactions.dll
Dependency assembly - Unity.Burst.Unsafe.dll
Dependency assembly - System.Security.Cryptography.Hashing.Algorithms.dll
Dependency assembly - System.Json.dll
Dependency assembly - Unity.Purchasing.PaymentProviderService.dll
Dependency assembly - Unity.Services.Core.Internal.dll
Dependency assembly - System.Security.Cryptography.Hashing.dll
Dependency assembly - System.Net.ServicePoint.dll
Dependency assembly - Unity.Services.Core.Telemetry.dll
Dependency assembly - System.ServiceModel.Duplex.dll
Dependency assembly - System.Design.dll
Dependency assembly - System.Globalization.Calendars.dll
Dependency assembly - System.IO.FileSystem.AccessControl.dll
Dependency assembly - System.IO.Pipes.dll
Dependency assembly - System.Diagnostics.DiagnosticSource.dll
Dependency assembly - System.Security.Cryptography.ProtectedData.dll
Dependency assembly - Newtonsoft.Json.dll
Dependency assembly - System.Reflection.dll
Dependency assembly - Unity.ProBuilder.dll
Dependency assembly - System.Threading.Overlapped.dll
Dependency assembly - System.ServiceModel.NetTcp.dll
Dependency assembly - System.ServiceModel.Discovery.dll
Dependency assembly - Unity.Purchasing.SecurityStub.dll
Dependency assembly - System.IO.Compression.FileSystem.dll
Dependency assembly - System.Windows.Forms.DataVisualization.dll
Dependency assembly - System.Web.ApplicationServices.dll
Dependency assembly - System.Web.DynamicData.dll
Dependency assembly - Unity.Purchasing.Stores.XboxCloudServices.dll
Dependency assembly - System.Runtime.Serialization.dll
Dependency assembly - System.IdentityModel.Selectors.dll
Dependency assembly - System.dll
Dependency assembly - Extensions.Unity.PlayerPrefsEx.dll
Dependency assembly - System.Threading.ThreadPool.dll
Dependency assembly - Unity.VisualScripting.Antlr3.Runtime.dll
Dependency assembly - System.Data.OracleClient.dll
Dependency assembly - Unity.InputSystem.dll
Dependency assembly - System.IO.IsolatedStorage.dll
Dependency assembly - System.Core.dll
Dependency assembly - System.Runtime.Loader.dll
Dependency assembly - System.Net.Cache.dll
Dependency assembly - System.IO.FileSystem.dll
Dependency assembly - Microsoft.AspNetCore.SignalR.Common.dll
Dependency assembly - System.Buffers.dll
Dependency assembly - System.Net.AuthenticationManager.dll
Dependency assembly - System.Data.Services.Client.dll
Dependency assembly - System.Web.RegularExpressions.dll
Dependency assembly - System.Threading.Tasks.Parallel.dll
Dependency assembly - System.Threading.Tasks.dll
Dependency assembly - System.Collections.Concurrent.dll
Dependency assembly - System.Runtime.dll
Dependency assembly - System.Security.Cryptography.Cng.dll
Dependency assembly - Microsoft.Bcl.TimeProvider.dll
Dependency assembly - System.Runtime.Serialization.Formatters.dll

[PhysX] Initialized MultithreadedTaskDispatcher with 12 workers.
Unloading 362 Unused Serialized files (Serialized files now loaded: 0)
Unloading 1997 unused Assets / (2.5 MB). Loaded Objects now: 9728.
Memory consumption went from 474.8 MB to 472.3 MB.
Total: 103.875666 ms (FindLiveObjects: 0.352417 ms CreateObjectMapping: 0.203958 ms MarkObjects: 100.079500 ms  DeleteObjects: 3.239292 ms)

[EnlightenBakeManager] m_Clear = false;
Unloading 0 Unused Serialized files (Serialized files now loaded: 0)
Unloading 0 unused Assets / (10.4 KB). Loaded Objects now: 9728.
Memory consumption went from 472.3 MB to 472.3 MB.
Total: 85.658125 ms (FindLiveObjects: 0.339875 ms CreateObjectMapping: 0.170625 ms MarkObjects: 85.133625 ms  DeleteObjects: 0.013084 ms)

[PhysX] Initialized MultithreadedTaskDispatcher with 12 workers.
Unloading 1 Unused Serialized files (Serialized files now loaded: 0)
Unloading 165 unused Assets / (132.0 MB). Loaded Objects now: 9728.
Memory consumption went from 0.55 GB to 433.2 MB.
Total: 96.473916 ms (FindLiveObjects: 0.262333 ms CreateObjectMapping: 0.172709 ms MarkObjects: 85.978625 ms  DeleteObjects: 10.059750 ms)

Compiling shader "Hidden/Universal Render Pipeline/Sampling" pass "BoxDownsample" (vp)
    Full variant space:         1
    After settings filtering:   1
    After built-in stripping:   1
    After scriptable stripping: 1
    Processed in 2.04 seconds
    starting compilation...
    finished in 0.00 seconds. Local cache hits 1 (0.00s CPU time), remote cache hits 0 (0.00s CPU time), compiled 0 variants (0.00s CPU time), skipped 0 variants
    Prepared data for serialisation in 0.00s
Serialized binary data for shader Hidden/Universal Render Pipeline/Sampling in 0.00s
    gles3 (total internal programs: 1, unique: 1)
Compiling shader "Hidden/Universal Render Pipeline/ScreenSpaceAmbientOcclusion" pass "SSAO_Occlusion" (vp)
    Full variant space:         96
    After settings filtering:   4
    After built-in stripping:   4
    After scriptable stripping: 4
    Processed in 0.00 seconds
    starting compilation...
    finished in 0.00 seconds. Local cache hits 4 (0.00s CPU time), remote cache hits 0 (0.00s CPU time), compiled 0 variants (0.00s CPU time), skipped 0 variants
    Prepared data for serialisation in 0.00s
Compiling shader "Hidden/Universal Render Pipeline/ScreenSpaceAmbientOcclusion" pass "SSAO_Bilateral_HorizontalBlur" (vp)
    Full variant space:         1
    After settings filtering:   1
    After built-in stripping:   1
    After scriptable stripping: 1
    Processed in 0.00 seconds
    starting compilation...
    finished in 0.00 seconds. Local cache hits 1 (0.00s CPU time), remote cache hits 0 (0.00s CPU time), compiled 0 variants (0.00s CPU time), skipped 0 variants
    Prepared data for serialisation in 0.00s
Compiling shader "Hidden/Universal Render Pipeline/ScreenSpaceAmbientOcclusion" pass "SSAO_Bilateral_VerticalBlur" (vp)
    Full variant space:         1
    After settings filtering:   1
    After built-in stripping:   1
    After scriptable stripping: 1
    Processed in 0.00 seconds
    starting compilation...
    finished in 0.00 seconds. Local cache hits 1 (0.00s CPU time), remote cache hits 0 (0.00s CPU time), compiled 0 variants (0.00s CPU time), skipped 0 variants
    Prepared data for serialisation in 0.00s
Compiling shader "Hidden/Universal Render Pipeline/ScreenSpaceAmbientOcclusion" pass "SSAO_Bilateral_FinalBlur" (vp)
    Full variant space:         1
    After settings filtering:   1
    After built-in stripping:   1
    After scriptable stripping: 1
    Processed in 0.00 seconds
    starting compilation...
    finished in 0.00 seconds. Local cache hits 1 (0.00s CPU time), remote cache hits 0 (0.00s CPU time), compiled 0 variants (0.00s CPU time), skipped 0 variants
    Prepared data for serialisation in 0.00s
Compiling shader "Hidden/Universal Render Pipeline/ScreenSpaceAmbientOcclusion" pass "SSAO_Bilateral_FinalBlur_AfterOpaque" (vp)
    Full variant space:         1
    After settings filtering:   1
    After built-in stripping:   1
    After scriptable stripping: 1
    Processed in 0.00 seconds
    starting compilation...
    finished in 0.00 seconds. Local cache hits 1 (0.00s CPU time), remote cache hits 0 (0.00s CPU time), compiled 0 variants (0.00s CPU time), skipped 0 variants
    Prepared data for serialisation in 0.00s
Compiling shader "Hidden/Universal Render Pipeline/ScreenSpaceAmbientOcclusion" pass "SSAO_Gaussian_HorizontalBlur" (vp)
    Full variant space:         1
    After settings filtering:   1
    After built-in stripping:   1
    After scriptable stripping: 1
    Processed in 0.00 seconds
    starting compilation...
    finished in 0.00 seconds. Local cache hits 1 (0.00s CPU time), remote cache hits 0 (0.00s CPU time), compiled 0 variants (0.00s CPU time), skipped 0 variants
    Prepared data for serialisation in 0.00s
Compiling shader "Hidden/Universal Render Pipeline/ScreenSpaceAmbientOcclusion" pass "SSAO_Gaussian_VerticalBlur" (vp)
    Full variant space:         1
    After settings filtering:   1
    After built-in stripping:   1
    After scriptable stripping: 1
    Processed in 0.00 seconds
    starting compilation...
    finished in 0.00 seconds. Local cache hits 1 (0.00s CPU time), remote cache hits 0 (0.00s CPU time), compiled 0 variants (0.00s CPU time), skipped 0 variants
    Prepared data for serialisation in 0.00s
Compiling shader "Hidden/Universal Render Pipeline/ScreenSpaceAmbientOcclusion" pass "SSAO_Gaussian_VerticalBlur_AfterOpaque" (vp)
    Full variant space:         1
    After settings filtering:   1
    After built-in stripping:   1
    After scriptable stripping: 1
    Processed in 0.00 seconds
    starting compilation...
    finished in 0.00 seconds. Local cache hits 1 (0.00s CPU time), remote cache hits 0 (0.00s CPU time), compiled 0 variants (0.00s CPU time), skipped 0 variants
    Prepared data for serialisation in 0.00s
Compiling shader "Hidden/Universal Render Pipeline/ScreenSpaceAmbientOcclusion" pass "SSAO_Kawase" (vp)
    Full variant space:         1
    After settings filtering:   1
    After built-in stripping:   1
    After scriptable stripping: 1
    Processed in 0.00 seconds
    starting compilation...
    finished in 0.00 seconds. Local cache hits 1 (0.00s CPU time), remote cache hits 0 (0.00s CPU time), compiled 0 variants (0.00s CPU time), skipped 0 variants
    Prepared data for serialisation in 0.00s
Compiling shader "Hidden/Universal Render Pipeline/ScreenSpaceAmbientOcclusion" pass "SSAO_Kawase_AfterOpaque" (vp)
    Full variant space:         1
    After settings filtering:   1
    After built-in stripping:   1
    After scriptable stripping: 1
    Processed in 0.00 seconds
    starting compilation...
    finished in 0.00 seconds. Local cache hits 1 (0.00s CPU time), remote cache hits 0 (0.00s CPU time), compiled 0 variants (0.00s CPU time), skipped 0 variants
    Prepared data for serialisation in 0.00s
Serialized binary data for shader Hidden/Universal Render Pipeline/ScreenSpaceAmbientOcclusion in 0.00s
    gles3 (total internal programs: 13, unique: 13)
Compiling shader "Hidden/Universal Render Pipeline/Stop NaN" pass "Stop NaN" (vp)
    Full variant space:         1
    After settings filtering:   1
    After built-in stripping:   1
    After scriptable stripping: 1
    Processed in 0.00 seconds
    starting compilation...
    finished in 0.00 seconds. Local cache hits 1 (0.00s CPU time), remote cache hits 0 (0.00s CPU time), compiled 0 variants (0.00s CPU time), skipped 0 variants
    Prepared data for serialisation in 0.00s
Serialized binary data for shader Hidden/Universal Render Pipeline/Stop NaN in 0.00s
    gles3 (total internal programs: 1, unique: 1)
Compiling shader "Hidden/Universal Render Pipeline/TemporalAA" pass "TemporalAA - Accumulate - Quality Very Low" (vp)
    Full variant space:         2
    After settings filtering:   2
    After built-in stripping:   2
    After scriptable stripping: 2
    Processed in 0.00 seconds
    starting compilation...
    finished in 0.00 seconds. Local cache hits 2 (0.00s CPU time), remote cache hits 0 (0.00s CPU time), compiled 0 variants (0.00s CPU time), skipped 0 variants
    Prepared data for serialisation in 0.00s
Compiling shader "Hidden/Universal Render Pipeline/TemporalAA" pass "TemporalAA - Accumulate - Quality Low" (vp)
    Full variant space:         2
    After settings filtering:   2
    After built-in stripping:   2
    After scriptable stripping: 2
    Processed in 0.00 seconds
    starting compilation...
    finished in 0.00 seconds. Local cache hits 2 (0.00s CPU time), remote cache hits 0 (0.00s CPU time), compiled 0 variants (0.00s CPU time), skipped 0 variants
    Prepared data for serialisation in 0.00s
Compiling shader "Hidden/Universal Render Pipeline/TemporalAA" pass "TemporalAA - Accumulate - Quality Medium" (vp)
    Full variant space:         2
    After settings filtering:   2
    After built-in stripping:   2
    After scriptable stripping: 2
    Processed in 0.00 seconds
    starting compilation...
    finished in 0.00 seconds. Local cache hits 2 (0.00s CPU time), remote cache hits 0 (0.00s CPU time), compiled 0 variants (0.00s CPU time), skipped 0 variants
    Prepared data for serialisation in 0.00s
Compiling shader "Hidden/Universal Render Pipeline/TemporalAA" pass "TemporalAA - Accumulate - Quality High" (vp)
    Full variant space:         2
    After settings filtering:   2
    After built-in stripping:   2
    After scriptable stripping: 2
    Processed in 0.00 seconds
    starting compilation...
    finished in 0.00 seconds. Local cache hits 2 (0.00s CPU time), remote cache hits 0 (0.00s CPU time), compiled 0 variants (0.00s CPU time), skipped 0 variants
    Prepared data for serialisation in 0.00s
Compiling shader "Hidden/Universal Render Pipeline/TemporalAA" pass "TemporalAA - Accumulate - Quality Very High" (vp)
    Full variant space:         4
    After settings filtering:   4
    After built-in stripping:   4
    After scriptable stripping: 4
    Processed in 0.00 seconds
    starting compilation...
    finished in 0.00 seconds. Local cache hits 4 (0.00s CPU time), remote cache hits 0 (0.00s CPU time), compiled 0 variants (0.00s CPU time), skipped 0 variants
    Prepared data for serialisation in 0.00s
Compiling shader "Hidden/Universal Render Pipeline/TemporalAA" pass "TemporalAA - Copy History" (vp)
    Full variant space:         2
    After settings filtering:   2
    After built-in stripping:   2
    After scriptable stripping: 2
    Processed in 0.00 seconds
    starting compilation...
    finished in 0.00 seconds. Local cache hits 2 (0.00s CPU time), remote cache hits 0 (0.00s CPU time), compiled 0 variants (0.00s CPU time), skipped 0 variants
    Prepared data for serialisation in 0.00s
Serialized binary data for shader Hidden/Universal Render Pipeline/TemporalAA in 0.00s
    gles3 (total internal programs: 14, unique: 14)
Compiling shader "Hidden/Universal Render Pipeline/CameraMotionBlur" pass "Camera Motion Blur - Low Quality" (vp)
    Full variant space:         1
    After settings filtering:   1
    After built-in stripping:   1
    After scriptable stripping: 0
    Processed in 0.00 seconds
    Prepared data for serialisation in 0.00s
Compiling shader "Hidden/Universal Render Pipeline/CameraMotionBlur" pass "Camera Motion Blur - Medium Quality" (vp)
    Full variant space:         1
    After settings filtering:   1
    After built-in stripping:   1
    After scriptable stripping: 0
    Processed in 0.00 seconds
    Prepared data for serialisation in 0.00s
Compiling shader "Hidden/Universal Render Pipeline/CameraMotionBlur" pass "Camera Motion Blur - High Quality" (vp)
    Full variant space:         1
    After settings filtering:   1
    After built-in stripping:   1
    After scriptable stripping: 0
    Processed in 0.00 seconds
    Prepared data for serialisation in 0.00s
Serialized binary data for shader Hidden/Universal Render Pipeline/CameraMotionBlur in 0.00s
    gles3 (total internal programs: 0, unique: 0)
Compiling shader "Hidden/TerrainEngine/Details/UniversalPipeline/BillboardWavingDoublePass" pass "" (vp)
    Full variant space:         61440
    After settings filtering:   1280
    After built-in stripping:   10
    After scriptable stripping: 9
    Processed in 0.00 seconds
    starting compilation...
    finished in 0.00 seconds. Local cache hits 9 (0.00s CPU time), remote cache hits 0 (0.00s CPU time), compiled 0 variants (0.00s CPU time), skipped 0 variants
    Prepared data for serialisation in 0.00s
Compiling shader "Hidden/TerrainEngine/Details/UniversalPipeline/BillboardWavingDoublePass" pass "DepthOnly" (vp)
    Full variant space:         2
    After settings filtering:   2
    After built-in stripping:   1
    After scriptable stripping: 1
    Processed in 0.00 seconds
    starting compilation...
    finished in 0.00 seconds. Local cache hits 1 (0.00s CPU time), remote cache hits 0 (0.00s CPU time), compiled 0 variants (0.00s CPU time), skipped 0 variants
    Prepared data for serialisation in 0.00s
Compiling shader "Hidden/TerrainEngine/Details/UniversalPipeline/BillboardWavingDoublePass" pass "DepthNormals" (vp)
    Full variant space:         2
    After settings filtering:   2
    After built-in stripping:   1
    After scriptable stripping: 1
    Processed in 0.00 seconds
    starting compilation...
    finished in 0.00 seconds. Local cache hits 1 (0.00s CPU time), remote cache hits 0 (0.00s CPU time), compiled 0 variants (0.00s CPU time), skipped 0 variants
    Prepared data for serialisation in 0.00s
Serialized binary data for shader Hidden/TerrainEngine/Details/UniversalPipeline/BillboardWavingDoublePass in 0.00s
    gles3 (total internal programs: 11, unique: 11)
Compiling shader "Hidden/Universal Render Pipeline/BokehDepthOfField" pass "Bokeh Depth Of Field CoC" (vp)
    Full variant space:         2
    After settings filtering:   1
    After built-in stripping:   1
    After scriptable stripping: 0
    Processed in 0.00 seconds
    Prepared data for serialisation in 0.00s
Compiling shader "Hidden/Universal Render Pipeline/BokehDepthOfField" pass "Bokeh Depth Of Field Prefilter" (vp)
    Full variant space:         2
    After settings filtering:   1
    After built-in stripping:   1
    After scriptable stripping: 0
    Processed in 0.00 seconds
    Prepared data for serialisation in 0.00s
Compiling shader "Hidden/Universal Render Pipeline/BokehDepthOfField" pass "Bokeh Depth Of Field Blur" (vp)
    Full variant space:         2
    After settings filtering:   1
    After built-in stripping:   1
    After scriptable stripping: 0
    Processed in 0.00 seconds
    Prepared data for serialisation in 0.00s
Compiling shader "Hidden/Universal Render Pipeline/BokehDepthOfField" pass "Bokeh Depth Of Field Post Blur" (vp)
    Full variant space:         2
    After settings filtering:   1
    After built-in stripping:   1
    After scriptable stripping: 0
    Processed in 0.00 seconds
    Prepared data for serialisation in 0.00s
Compiling shader "Hidden/Universal Render Pipeline/BokehDepthOfField" pass "Bokeh Depth Of Field Composite" (vp)
    Full variant space:         2
    After settings filtering:   1
    After built-in stripping:   1
    After scriptable stripping: 0
    Processed in 0.00 seconds
    Prepared data for serialisation in 0.00s
Compiling shader "Hidden/Universal Render Pipeline/BokehDepthOfField" pass "Bokeh Depth Of Field CoC" (vp)
    Full variant space:         2
    After settings filtering:   1
    After built-in stripping:   1
    After scriptable stripping: 0
    Processed in 0.00 seconds
    Prepared data for serialisation in 0.00s
Compiling shader "Hidden/Universal Render Pipeline/BokehDepthOfField" pass "Bokeh Depth Of Field Prefilter" (vp)
    Full variant space:         2
    After settings filtering:   1
    After built-in stripping:   1
    After scriptable stripping: 0
    Processed in 0.00 seconds
    Prepared data for serialisation in 0.00s
Compiling shader "Hidden/Universal Render Pipeline/BokehDepthOfField" pass "Bokeh Depth Of Field Blur" (vp)
    Full variant space:         2
    After settings filtering:   1
    After built-in stripping:   1
    After scriptable stripping: 0
    Processed in 0.00 seconds
    Prepared data for serialisation in 0.00s
Compiling shader "Hidden/Universal Render Pipeline/BokehDepthOfField" pass "Bokeh Depth Of Field Post Blur" (vp)
    Full variant space:         2
    After settings filtering:   1
    After built-in stripping:   1
    After scriptable stripping: 0
    Processed in 0.00 seconds
    Prepared data for serialisation in 0.00s
Compiling shader "Hidden/Universal Render Pipeline/BokehDepthOfField" pass "Bokeh Depth Of Field Composite" (vp)
    Full variant space:         2
    After settings filtering:   1
    After built-in stripping:   1
    After scriptable stripping: 0
    Processed in 0.00 seconds
    Prepared data for serialisation in 0.00s
Serialized binary data for shader Hidden/Universal Render Pipeline/BokehDepthOfField in 0.00s
    gles3 (total internal programs: 0, unique: 0)
Compiling shader "Hidden/Core/FallbackError" pass "" (vp)
    Full variant space:         4
    After settings filtering:   4
    After built-in stripping:   1
    After scriptable stripping: 1
    Processed in 0.00 seconds
    starting compilation...
    finished in 0.00 seconds. Local cache hits 1 (0.00s CPU time), remote cache hits 0 (0.00s CPU time), compiled 0 variants (0.00s CPU time), skipped 0 variants
    Prepared data for serialisation in 0.00s
Serialized binary data for shader Hidden/Core/FallbackError in 0.00s
    gles3 (total internal programs: 1, unique: 1)
Compiling shader "Hidden/Universal Render Pipeline/XR/XROcclusionMesh" pass "" (vp)
    Full variant space:         2
    After settings filtering:   1
    After built-in stripping:   1
    After scriptable stripping: 1
    Processed in 0.00 seconds
    starting compilation...
    finished in 0.00 seconds. Local cache hits 1 (0.00s CPU time), remote cache hits 0 (0.00s CPU time), compiled 0 variants (0.00s CPU time), skipped 0 variants
    Prepared data for serialisation in 0.00s
Serialized binary data for shader Hidden/Universal Render Pipeline/XR/XROcclusionMesh in 0.00s
    gles3 (total internal programs: 1, unique: 1)
Compiling shader "Hidden/Universal Render Pipeline/Edge Adaptive Spatial Upsampling" pass "EASU" (vp)
    Full variant space:         1
    After settings filtering:   1
    After built-in stripping:   1
    After scriptable stripping: 1
    Processed in 0.00 seconds
    starting compilation...
    finished in 0.00 seconds. Local cache hits 1 (0.00s CPU time), remote cache hits 0 (0.00s CPU time), compiled 0 variants (0.00s CPU time), skipped 0 variants
    Prepared data for serialisation in 0.00s
Serialized binary data for shader Hidden/Universal Render Pipeline/Edge Adaptive Spatial Upsampling in 0.00s
    gles3 (total internal programs: 1, unique: 1)
Compiling shader "Hidden/Universal/HDRDebugView" pass "" (vp)
    Full variant space:         4
    After settings filtering:   1
    After built-in stripping:   1
    After scriptable stripping: 1
    Processed in 0.00 seconds
    starting compilation...
    finished in 0.00 seconds. Local cache hits 1 (0.00s CPU time), remote cache hits 0 (0.00s CPU time), compiled 0 variants (0.00s CPU time), skipped 0 variants
    Prepared data for serialisation in 0.00s
Compiling shader "Hidden/Universal/HDRDebugView" pass "" (vp)
    Full variant space:         4
    After settings filtering:   1
    After built-in stripping:   1
    After scriptable stripping: 1
    Processed in 0.00 seconds
    starting compilation...
    finished in 0.00 seconds. Local cache hits 1 (0.00s CPU time), remote cache hits 0 (0.00s CPU time), compiled 0 variants (0.00s CPU time), skipped 0 variants
    Prepared data for serialisation in 0.00s
Serialized binary data for shader Hidden/Universal/HDRDebugView in 0.00s
    gles3 (total internal programs: 2, unique: 2)
Compiling shader "Hidden/Universal Render Pipeline/GaussianDepthOfField" pass "Gaussian Depth Of Field CoC" (vp)
    Full variant space:         1
    After settings filtering:   1
    After built-in stripping:   1
    After scriptable stripping: 0
    Processed in 0.00 seconds
    Prepared data for serialisation in 0.00s
Compiling shader "Hidden/Universal Render Pipeline/GaussianDepthOfField" pass "Gaussian Depth Of Field Prefilter" (vp)
    Full variant space:         2
    After settings filtering:   2
    After built-in stripping:   2
    After scriptable stripping: 0
    Processed in 0.00 seconds
    Prepared data for serialisation in 0.00s
Compiling shader "Hidden/Universal Render Pipeline/GaussianDepthOfField" pass "Gaussian Depth Of Field Blur Horizontal" (vp)
    Full variant space:         1
    After settings filtering:   1
    After built-in stripping:   1
    After scriptable stripping: 0
    Processed in 0.00 seconds
    Prepared data for serialisation in 0.00s
Compiling shader "Hidden/Universal Render Pipeline/GaussianDepthOfField" pass "Gaussian Depth Of Field Blur Vertical" (vp)
    Full variant space:         1
    After settings filtering:   1
    After built-in stripping:   1
    After scriptable stripping: 0
    Processed in 0.00 seconds
    Prepared data for serialisation in 0.00s
Compiling shader "Hidden/Universal Render Pipeline/GaussianDepthOfField" pass "Gaussian Depth Of Field Composite" (vp)
    Full variant space:         2
    After settings filtering:   2
    After built-in stripping:   2
    After scriptable stripping: 0
    Processed in 0.00 seconds
    Prepared data for serialisation in 0.00s
Serialized binary data for shader Hidden/Universal Render Pipeline/GaussianDepthOfField in 0.00s
    gles3 (total internal programs: 0, unique: 0)
Compiling shader "Hidden/Universal Render Pipeline/Bloom" pass "Bloom Prefilter" (vp)
    Full variant space:         4
    After settings filtering:   4
    After built-in stripping:   4
    After scriptable stripping: 4
    Processed in 0.00 seconds
    starting compilation...
    finished in 0.00 seconds. Local cache hits 4 (0.00s CPU time), remote cache hits 0 (0.00s CPU time), compiled 0 variants (0.00s CPU time), skipped 0 variants
    Prepared data for serialisation in 0.00s
Compiling shader "Hidden/Universal Render Pipeline/Bloom" pass "Bloom Blur Horizontal" (vp)
    Full variant space:         2
    After settings filtering:   2
    After built-in stripping:   2
    After scriptable stripping: 2
    Processed in 0.00 seconds
    starting compilation...
    finished in 0.00 seconds. Local cache hits 2 (0.00s CPU time), remote cache hits 0 (0.00s CPU time), compiled 0 variants (0.00s CPU time), skipped 0 variants
    Prepared data for serialisation in 0.00s
Compiling shader "Hidden/Universal Render Pipeline/Bloom" pass "Bloom Blur Vertical" (vp)
    Full variant space:         2
    After settings filtering:   2
    After built-in stripping:   2
    After scriptable stripping: 2
    Processed in 0.00 seconds
    starting compilation...
    finished in 0.00 seconds. Local cache hits 2 (0.00s CPU time), remote cache hits 0 (0.00s CPU time), compiled 0 variants (0.00s CPU time), skipped 0 variants
    Prepared data for serialisation in 0.00s
Compiling shader "Hidden/Universal Render Pipeline/Bloom" pass "Bloom Upsample" (vp)
    Full variant space:         4
    After settings filtering:   4
    After built-in stripping:   4
    After scriptable stripping: 4
    Processed in 0.00 seconds
    starting compilation...
    finished in 0.00 seconds. Local cache hits 4 (0.00s CPU time), remote cache hits 0 (0.00s CPU time), compiled 0 variants (0.00s CPU time), skipped 0 variants
    Prepared data for serialisation in 0.00s
Serialized binary data for shader Hidden/Universal Render Pipeline/Bloom in 0.00s
    gles3 (total internal programs: 12, unique: 12)
Compiling shader "Hidden/Universal Render Pipeline/MaterialError" pass "" (vp)
    Full variant space:         6
    After settings filtering:   6
    After built-in stripping:   1
    After scriptable stripping: 1
    Processed in 0.00 seconds
    starting compilation...
    finished in 0.00 seconds. Local cache hits 1 (0.00s CPU time), remote cache hits 0 (0.00s CPU time), compiled 0 variants (0.00s CPU time), skipped 0 variants
    Prepared data for serialisation in 0.00s
Serialized binary data for shader Hidden/Universal Render Pipeline/MaterialError in 0.00s
    gles3 (total internal programs: 1, unique: 1)
Compiling shader "Hidden/Universal Render Pipeline/SubpixelMorphologicalAntialiasing" pass "" (vp)
    Full variant space:         3
    After settings filtering:   3
    After built-in stripping:   3
    After scriptable stripping: 3
    Processed in 0.00 seconds
    starting compilation...
    finished in 0.00 seconds. Local cache hits 3 (0.00s CPU time), remote cache hits 0 (0.00s CPU time), compiled 0 variants (0.00s CPU time), skipped 0 variants
    Prepared data for serialisation in 0.00s
Compiling shader "Hidden/Universal Render Pipeline/SubpixelMorphologicalAntialiasing" pass "" (vp)
    Full variant space:         3
    After settings filtering:   3
    After built-in stripping:   3
    After scriptable stripping: 3
    Processed in 0.00 seconds
    starting compilation...
    finished in 0.00 seconds. Local cache hits 3 (0.00s CPU time), remote cache hits 0 (0.00s CPU time), compiled 0 variants (0.00s CPU time), skipped 0 variants
    Prepared data for serialisation in 0.00s
Compiling shader "Hidden/Universal Render Pipeline/SubpixelMorphologicalAntialiasing" pass "" (vp)
    Full variant space:         3
    After settings filtering:   3
    After built-in stripping:   3
    After scriptable stripping: 3
    Processed in 0.00 seconds
    starting compilation...
    finished in 0.00 seconds. Local cache hits 3 (0.00s CPU time), remote cache hits 0 (0.00s CPU time), compiled 0 variants (0.00s CPU time), skipped 0 variants
    Prepared data for serialisation in 0.00s
Serialized binary data for shader Hidden/Universal Render Pipeline/SubpixelMorphologicalAntialiasing in 0.00s
    gles3 (total internal programs: 9, unique: 9)
Compiling shader "Hidden/Universal Render Pipeline/LutBuilderLdr" pass "LutBuilderLdr" (vp)
    Full variant space:         1
    After settings filtering:   1
    After built-in stripping:   1
    After scriptable stripping: 1
    Processed in 0.00 seconds
    starting compilation...
    finished in 0.00 seconds. Local cache hits 1 (0.00s CPU time), remote cache hits 0 (0.00s CPU time), compiled 0 variants (0.00s CPU time), skipped 0 variants
    Prepared data for serialisation in 0.00s
Serialized binary data for shader Hidden/Universal Render Pipeline/LutBuilderLdr in 0.00s
    gles3 (total internal programs: 1, unique: 1)
Compiling shader "Hidden/Universal Render Pipeline/LensFlareDataDriven" pass "LensFlareAdditive" (vp)
    Full variant space:         24
    After settings filtering:   24
    After built-in stripping:   24
    After scriptable stripping: 24
    Processed in 0.00 seconds
    starting compilation...
    finished in 0.00 seconds. Local cache hits 24 (0.01s CPU time), remote cache hits 0 (0.00s CPU time), compiled 0 variants (0.00s CPU time), skipped 0 variants
    Prepared data for serialisation in 0.00s
Compiling shader "Hidden/Universal Render Pipeline/LensFlareDataDriven" pass "LensFlareScreen" (vp)
    Full variant space:         24
    After settings filtering:   24
    After built-in stripping:   24
    After scriptable stripping: 24
    Processed in 0.00 seconds
    starting compilation...
    finished in 0.00 seconds. Local cache hits 24 (0.02s CPU time), remote cache hits 0 (0.00s CPU time), compiled 0 variants (0.00s CPU time), skipped 0 variants
    Prepared data for serialisation in 0.00s
Compiling shader "Hidden/Universal Render Pipeline/LensFlareDataDriven" pass "LensFlarePremultiply" (vp)
    Full variant space:         24
    After settings filtering:   24
    After built-in stripping:   24
    After scriptable stripping: 24
    Processed in 0.00 seconds
    starting compilation...
    finished in 0.00 seconds. Local cache hits 24 (0.01s CPU time), remote cache hits 0 (0.00s CPU time), compiled 0 variants (0.00s CPU time), skipped 0 variants
    Prepared data for serialisation in 0.00s
Compiling shader "Hidden/Universal Render Pipeline/LensFlareDataDriven" pass "LensFlareLerp" (vp)
    Full variant space:         24
    After settings filtering:   24
    After built-in stripping:   24
    After scriptable stripping: 24
    Processed in 0.00 seconds
    starting compilation...
    finished in 0.00 seconds. Local cache hits 24 (0.01s CPU time), remote cache hits 0 (0.00s CPU time), compiled 0 variants (0.00s CPU time), skipped 0 variants
    Prepared data for serialisation in 0.00s
Compiling shader "Hidden/Universal Render Pipeline/LensFlareDataDriven" pass "LensFlareOcclusion" (vp)
    Full variant space:         1
    After settings filtering:   1
    After built-in stripping:   1
    After scriptable stripping: 1
    Processed in 0.00 seconds
    starting compilation...
    finished in 0.00 seconds. Local cache hits 1 (0.00s CPU time), remote cache hits 0 (0.00s CPU time), compiled 0 variants (0.00s CPU time), skipped 0 variants
    Prepared data for serialisation in 0.00s
Serialized binary data for shader Hidden/Universal Render Pipeline/LensFlareDataDriven in 0.00s
    gles3 (total internal programs: 97, unique: 25)
Compiling shader "Hidden/Universal Render Pipeline/ObjectMotionVectors" pass "Object Motion Vectors" (vp)
    Full variant space:         4
    After settings filtering:   4
    After built-in stripping:   1
    After scriptable stripping: 1
    Processed in 0.00 seconds
    starting compilation...
    finished in 0.00 seconds. Local cache hits 1 (0.00s CPU time), remote cache hits 0 (0.00s CPU time), compiled 0 variants (0.00s CPU time), skipped 0 variants
    Prepared data for serialisation in 0.00s
Serialized binary data for shader Hidden/Universal Render Pipeline/ObjectMotionVectors in 0.00s
    gles3 (total internal programs: 1, unique: 1)
Compiling shader "Hidden/Universal Render Pipeline/FallbackLoading" pass "" (vp)
    Full variant space:         6
    After settings filtering:   6
    After built-in stripping:   1
    After scriptable stripping: 1
    Processed in 0.00 seconds
    starting compilation...
    finished in 0.00 seconds. Local cache hits 1 (0.00s CPU time), remote cache hits 0 (0.00s CPU time), compiled 0 variants (0.00s CPU time), skipped 0 variants
    Prepared data for serialisation in 0.00s
Serialized binary data for shader Hidden/Universal Render Pipeline/FallbackLoading in 0.00s
    gles3 (total internal programs: 1, unique: 1)
Compiling shader "Hidden/Universal/CoreBlit" pass "" (vp)
    Full variant space:         4
    After settings filtering:   2
    After built-in stripping:   2
    After scriptable stripping: 2
    Processed in 0.00 seconds
    starting compilation...
    finished in 0.00 seconds. Local cache hits 2 (0.00s CPU time), remote cache hits 0 (0.00s CPU time), compiled 0 variants (0.00s CPU time), skipped 0 variants
    Prepared data for serialisation in 0.00s
Compiling shader "Hidden/Universal/CoreBlit" pass "" (vp)
    Full variant space:         4
    After settings filtering:   2
    After built-in stripping:   2
    After scriptable stripping: 2
    Processed in 0.00 seconds
    starting compilation...
    finished in 0.00 seconds. Local cache hits 2 (0.00s CPU time), remote cache hits 0 (0.00s CPU time), compiled 0 variants (0.00s CPU time), skipped 0 variants
    Prepared data for serialisation in 0.00s
Compiling shader "Hidden/Universal/CoreBlit" pass "" (vp)
    Full variant space:         4
    After settings filtering:   2
    After built-in stripping:   2
    After scriptable stripping: 2
    Processed in 0.00 seconds
    starting compilation...
    finished in 0.00 seconds. Local cache hits 2 (0.00s CPU time), remote cache hits 0 (0.00s CPU time), compiled 0 variants (0.00s CPU time), skipped 0 variants
    Prepared data for serialisation in 0.00s
Compiling shader "Hidden/Universal/CoreBlit" pass "" (vp)
    Full variant space:         4
    After settings filtering:   2
    After built-in stripping:   2
    After scriptable stripping: 2
    Processed in 0.00 seconds
    starting compilation...
    finished in 0.00 seconds. Local cache hits 2 (0.00s CPU time), remote cache hits 0 (0.00s CPU time), compiled 0 variants (0.00s CPU time), skipped 0 variants
    Prepared data for serialisation in 0.00s
Compiling shader "Hidden/Universal/CoreBlit" pass "" (vp)
    Full variant space:         4
    After settings filtering:   2
    After built-in stripping:   2
    After scriptable stripping: 2
    Processed in 0.00 seconds
    starting compilation...
    finished in 0.00 seconds. Local cache hits 2 (0.00s CPU time), remote cache hits 0 (0.00s CPU time), compiled 0 variants (0.00s CPU time), skipped 0 variants
    Prepared data for serialisation in 0.00s
Compiling shader "Hidden/Universal/CoreBlit" pass "" (vp)
    Full variant space:         4
    After settings filtering:   2
    After built-in stripping:   2
    After scriptable stripping: 2
    Processed in 0.00 seconds
    starting compilation...
    finished in 0.00 seconds. Local cache hits 2 (0.00s CPU time), remote cache hits 0 (0.00s CPU time), compiled 0 variants (0.00s CPU time), skipped 0 variants
    Prepared data for serialisation in 0.00s
Compiling shader "Hidden/Universal/CoreBlit" pass "" (vp)
    Full variant space:         4
    After settings filtering:   2
    After built-in stripping:   2
    After scriptable stripping: 2
    Processed in 0.00 seconds
    starting compilation...
    finished in 0.00 seconds. Local cache hits 2 (0.00s CPU time), remote cache hits 0 (0.00s CPU time), compiled 0 variants (0.00s CPU time), skipped 0 variants
    Prepared data for serialisation in 0.00s
Compiling shader "Hidden/Universal/CoreBlit" pass "" (vp)
    Full variant space:         4
    After settings filtering:   2
    After built-in stripping:   2
    After scriptable stripping: 2
    Processed in 0.00 seconds
    starting compilation...
    finished in 0.00 seconds. Local cache hits 2 (0.00s CPU time), remote cache hits 0 (0.00s CPU time), compiled 0 variants (0.00s CPU time), skipped 0 variants
    Prepared data for serialisation in 0.00s
Compiling shader "Hidden/Universal/CoreBlit" pass "" (vp)
    Full variant space:         4
    After settings filtering:   2
    After built-in stripping:   2
    After scriptable stripping: 2
    Processed in 0.00 seconds
    starting compilation...
    finished in 0.00 seconds. Local cache hits 2 (0.00s CPU time), remote cache hits 0 (0.00s CPU time), compiled 0 variants (0.00s CPU time), skipped 0 variants
    Prepared data for serialisation in 0.00s
Compiling shader "Hidden/Universal/CoreBlit" pass "" (vp)
    Full variant space:         4
    After settings filtering:   2
    After built-in stripping:   2
    After scriptable stripping: 2
    Processed in 0.00 seconds
    starting compilation...
    finished in 0.00 seconds. Local cache hits 2 (0.00s CPU time), remote cache hits 0 (0.00s CPU time), compiled 0 variants (0.00s CPU time), skipped 0 variants
    Prepared data for serialisation in 0.00s
Compiling shader "Hidden/Universal/CoreBlit" pass "" (vp)
    Full variant space:         4
    After settings filtering:   2
    After built-in stripping:   2
    After scriptable stripping: 2
    Processed in 0.00 seconds
    starting compilation...
    finished in 0.00 seconds. Local cache hits 2 (0.00s CPU time), remote cache hits 0 (0.00s CPU time), compiled 0 variants (0.00s CPU time), skipped 0 variants
    Prepared data for serialisation in 0.00s
Compiling shader "Hidden/Universal/CoreBlit" pass "" (vp)
    Full variant space:         4
    After settings filtering:   2
    After built-in stripping:   2
    After scriptable stripping: 2
    Processed in 0.00 seconds
    starting compilation...
    finished in 0.00 seconds. Local cache hits 2 (0.00s CPU time), remote cache hits 0 (0.00s CPU time), compiled 0 variants (0.00s CPU time), skipped 0 variants
    Prepared data for serialisation in 0.00s
Compiling shader "Hidden/Universal/CoreBlit" pass "" (vp)
    Full variant space:         4
    After settings filtering:   2
    After built-in stripping:   2
    After scriptable stripping: 2
    Processed in 0.00 seconds
    starting compilation...
    finished in 0.00 seconds. Local cache hits 2 (0.00s CPU time), remote cache hits 0 (0.00s CPU time), compiled 0 variants (0.00s CPU time), skipped 0 variants
    Prepared data for serialisation in 0.00s
Compiling shader "Hidden/Universal/CoreBlit" pass "" (vp)
    Full variant space:         4
    After settings filtering:   2
    After built-in stripping:   2
    After scriptable stripping: 2
    Processed in 0.00 seconds
    starting compilation...
    finished in 0.00 seconds. Local cache hits 2 (0.00s CPU time), remote cache hits 0 (0.00s CPU time), compiled 0 variants (0.00s CPU time), skipped 0 variants
    Prepared data for serialisation in 0.00s
Compiling shader "Hidden/Universal/CoreBlit" pass "" (vp)
    Full variant space:         4
    After settings filtering:   2
    After built-in stripping:   2
    After scriptable stripping: 2
    Processed in 0.00 seconds
    starting compilation...
    finished in 0.00 seconds. Local cache hits 2 (0.00s CPU time), remote cache hits 0 (0.00s CPU time), compiled 0 variants (0.00s CPU time), skipped 0 variants
    Prepared data for serialisation in 0.00s
Compiling shader "Hidden/Universal/CoreBlit" pass "" (vp)
    Full variant space:         4
    After settings filtering:   2
    After built-in stripping:   2
    After scriptable stripping: 2
    Processed in 0.00 seconds
    starting compilation...
    finished in 0.00 seconds. Local cache hits 2 (0.00s CPU time), remote cache hits 0 (0.00s CPU time), compiled 0 variants (0.00s CPU time), skipped 0 variants
    Prepared data for serialisation in 0.00s
Compiling shader "Hidden/Universal/CoreBlit" pass "" (vp)
    Full variant space:         4
    After settings filtering:   2
    After built-in stripping:   2
    After scriptable stripping: 2
    Processed in 0.00 seconds
    starting compilation...
    finished in 0.00 seconds. Local cache hits 2 (0.00s CPU time), remote cache hits 0 (0.00s CPU time), compiled 0 variants (0.00s CPU time), skipped 0 variants
    Prepared data for serialisation in 0.00s
Compiling shader "Hidden/Universal/CoreBlit" pass "" (vp)
    Full variant space:         4
    After settings filtering:   2
    After built-in stripping:   2
    After scriptable stripping: 2
    Processed in 0.00 seconds
    starting compilation...
    finished in 0.00 seconds. Local cache hits 2 (0.00s CPU time), remote cache hits 0 (0.00s CPU time), compiled 0 variants (0.00s CPU time), skipped 0 variants
    Prepared data for serialisation in 0.00s
Compiling shader "Hidden/Universal/CoreBlit" pass "" (vp)
    Full variant space:         4
    After settings filtering:   2
    After built-in stripping:   2
    After scriptable stripping: 2
    Processed in 0.00 seconds
    starting compilation...
    finished in 0.00 seconds. Local cache hits 2 (0.00s CPU time), remote cache hits 0 (0.00s CPU time), compiled 0 variants (0.00s CPU time), skipped 0 variants
    Prepared data for serialisation in 0.00s
Compiling shader "Hidden/Universal/CoreBlit" pass "" (vp)
    Full variant space:         4
    After settings filtering:   2
    After built-in stripping:   2
    After scriptable stripping: 2
    Processed in 0.00 seconds
    starting compilation...
    finished in 0.00 seconds. Local cache hits 2 (0.00s CPU time), remote cache hits 0 (0.00s CPU time), compiled 0 variants (0.00s CPU time), skipped 0 variants
    Prepared data for serialisation in 0.00s
Compiling shader "Hidden/Universal/CoreBlit" pass "" (vp)
    Full variant space:         4
    After settings filtering:   2
    After built-in stripping:   2
    After scriptable stripping: 2
    Processed in 0.00 seconds
    starting compilation...
    finished in 0.00 seconds. Local cache hits 2 (0.00s CPU time), remote cache hits 0 (0.00s CPU time), compiled 0 variants (0.00s CPU time), skipped 0 variants
    Prepared data for serialisation in 0.00s
Compiling shader "Hidden/Universal/CoreBlit" pass "" (vp)
    Full variant space:         8
    After settings filtering:   4
    After built-in stripping:   4
    After scriptable stripping: 4
    Processed in 0.00 seconds
    starting compilation...
    finished in 0.00 seconds. Local cache hits 4 (0.00s CPU time), remote cache hits 0 (0.00s CPU time), compiled 0 variants (0.00s CPU time), skipped 0 variants
    Prepared data for serialisation in 0.00s
Compiling shader "Hidden/Universal/CoreBlit" pass "" (vp)
    Full variant space:         8
    After settings filtering:   4
    After built-in stripping:   4
    After scriptable stripping: 4
    Processed in 0.00 seconds
    starting compilation...
    finished in 0.00 seconds. Local cache hits 4 (0.00s CPU time), remote cache hits 0 (0.00s CPU time), compiled 0 variants (0.00s CPU time), skipped 0 variants
    Prepared data for serialisation in 0.00s
Compiling shader "Hidden/Universal/CoreBlit" pass "BilinearDebugDraw" (vp)
    Full variant space:         16
    After settings filtering:   4
    After built-in stripping:   4
    After scriptable stripping: 4
    Processed in 0.00 seconds
    starting compilation...
    finished in 0.00 seconds. Local cache hits 4 (0.00s CPU time), remote cache hits 0 (0.00s CPU time), compiled 0 variants (0.00s CPU time), skipped 0 variants
    Prepared data for serialisation in 0.00s
Compiling shader "Hidden/Universal/CoreBlit" pass "NearestDebugDraw" (vp)
    Full variant space:         16
    After settings filtering:   4
    After built-in stripping:   4
    After scriptable stripping: 4
    Processed in 0.00 seconds
    starting compilation...
    finished in 0.00 seconds. Local cache hits 4 (0.00s CPU time), remote cache hits 0 (0.00s CPU time), compiled 0 variants (0.00s CPU time), skipped 0 variants
    Prepared data for serialisation in 0.00s
Serialized binary data for shader Hidden/Universal/CoreBlit in 0.00s
    gles3 (total internal programs: 58, unique: 28)
Compiling shader "Hidden/Universal Render Pipeline/PaniniProjection" pass "Panini Projection" (vp)
    Full variant space:         2
    After settings filtering:   2
    After built-in stripping:   2
    After scriptable stripping: 0
    Processed in 0.00 seconds
    Prepared data for serialisation in 0.00s
Serialized binary data for shader Hidden/Universal Render Pipeline/PaniniProjection in 0.00s
    gles3 (total internal programs: 0, unique: 0)
Compiling shader "Hidden/Universal/BlitHDROverlay" pass "BilinearDebugDraw" (vp)
    Full variant space:         32
    After settings filtering:   2
    After built-in stripping:   2
    After scriptable stripping: 0
    Processed in 0.00 seconds
    Prepared data for serialisation in 0.00s
Compiling shader "Hidden/Universal/BlitHDROverlay" pass "NearestDebugDraw" (vp)
    Full variant space:         32
    After settings filtering:   2
    After built-in stripping:   2
    After scriptable stripping: 0
    Processed in 0.00 seconds
    Prepared data for serialisation in 0.00s
Serialized binary data for shader Hidden/Universal/BlitHDROverlay in 0.00s
    gles3 (total internal programs: 0, unique: 0)
Compiling shader "Hidden/Universal Render Pipeline/Blit" pass "Blit" (vp)
    Full variant space:         4
    After settings filtering:   2
    After built-in stripping:   2
    After scriptable stripping: 2
    Processed in 0.00 seconds
    starting compilation...
    finished in 0.00 seconds. Local cache hits 2 (0.00s CPU time), remote cache hits 0 (0.00s CPU time), compiled 0 variants (0.00s CPU time), skipped 0 variants
    Prepared data for serialisation in 0.00s
Serialized binary data for shader Hidden/Universal Render Pipeline/Blit in 0.00s
    gles3 (total internal programs: 2, unique: 2)
Compiling shader "Hidden/Universal Render Pipeline/FinalPost" pass "FinalPost" (vp)
    Full variant space:         1280
    After settings filtering:   64
    After built-in stripping:   64
    After scriptable stripping: 48
    Processed in 0.00 seconds
    starting compilation...
    finished in 0.00 seconds. Local cache hits 48 (0.03s CPU time), remote cache hits 0 (0.00s CPU time), compiled 0 variants (0.00s CPU time), skipped 0 variants
    Prepared data for serialisation in 0.00s
Compiling shader "Hidden/Universal Render Pipeline/FinalPost" pass "FinalPost" (vp)
    Full variant space:         1280
    After settings filtering:   64
    After built-in stripping:   64
    After scriptable stripping: 48
    Processed in 0.00 seconds
    starting compilation...
    finished in 0.00 seconds. Local cache hits 48 (0.02s CPU time), remote cache hits 0 (0.00s CPU time), compiled 0 variants (0.00s CPU time), skipped 0 variants
    Prepared data for serialisation in 0.00s
Serialized binary data for shader Hidden/Universal Render Pipeline/FinalPost in 0.00s
    gles3 (total internal programs: 96, unique: 96)
Compiling shader "Hidden/Universal Render Pipeline/CameraMotionVectors" pass "Camera Motion Vectors" (vp)
    Full variant space:         1
    After settings filtering:   1
    After built-in stripping:   1
    After scriptable stripping: 1
    Processed in 0.00 seconds
    starting compilation...
    finished in 0.00 seconds. Local cache hits 1 (0.00s CPU time), remote cache hits 0 (0.00s CPU time), compiled 0 variants (0.00s CPU time), skipped 0 variants
    Prepared data for serialisation in 0.00s
Serialized binary data for shader Hidden/Universal Render Pipeline/CameraMotionVectors in 0.00s
    gles3 (total internal programs: 1, unique: 1)
Compiling shader "Hidden/Universal Render Pipeline/Debug/DebugReplacement" pass "Vertex Attributes" (vp)
    Full variant space:         2
    After settings filtering:   2
    After built-in stripping:   1
    After scriptable stripping: 1
    Processed in 0.00 seconds
    starting compilation...
    finished in 0.00 seconds. Local cache hits 1 (0.00s CPU time), remote cache hits 0 (0.00s CPU time), compiled 0 variants (0.00s CPU time), skipped 0 variants
    Prepared data for serialisation in 0.00s
Serialized binary data for shader Hidden/Universal Render Pipeline/Debug/DebugReplacement in 0.00s
    gles3 (total internal programs: 1, unique: 1)
Compiling shader "Hidden/Universal/CoreBlitColorAndDepth" pass "" (vp)
    Full variant space:         4
    After settings filtering:   2
    After built-in stripping:   2
    After scriptable stripping: 2
    Processed in 0.00 seconds
    starting compilation...
    finished in 0.00 seconds. Local cache hits 2 (0.00s CPU time), remote cache hits 0 (0.00s CPU time), compiled 0 variants (0.00s CPU time), skipped 0 variants
    Prepared data for serialisation in 0.00s
Compiling shader "Hidden/Universal/CoreBlitColorAndDepth" pass "" (vp)
    Full variant space:         4
    After settings filtering:   2
    After built-in stripping:   2
    After scriptable stripping: 2
    Processed in 0.00 seconds
    starting compilation...
    finished in 0.00 seconds. Local cache hits 2 (0.00s CPU time), remote cache hits 0 (0.00s CPU time), compiled 0 variants (0.00s CPU time), skipped 0 variants
    Prepared data for serialisation in 0.00s
Serialized binary data for shader Hidden/Universal/CoreBlitColorAndDepth in 0.00s
    gles3 (total internal programs: 4, unique: 4)
Compiling shader "Hidden/Universal Render Pipeline/XR/XRMirrorView" pass "" (vp)
    Full variant space:         2
    After settings filtering:   1
    After built-in stripping:   1
    After scriptable stripping: 1
    Processed in 0.00 seconds
    starting compilation...
    finished in 0.00 seconds. Local cache hits 1 (0.00s CPU time), remote cache hits 0 (0.00s CPU time), compiled 0 variants (0.00s CPU time), skipped 0 variants
    Prepared data for serialisation in 0.00s
Compiling shader "Hidden/Universal Render Pipeline/XR/XRMirrorView" pass "" (vp)
    Full variant space:         2
    After settings filtering:   1
    After built-in stripping:   1
    After scriptable stripping: 1
    Processed in 0.00 seconds
    starting compilation...
    finished in 0.00 seconds. Local cache hits 1 (0.00s CPU time), remote cache hits 0 (0.00s CPU time), compiled 0 variants (0.00s CPU time), skipped 0 variants
    Prepared data for serialisation in 0.00s
Serialized binary data for shader Hidden/Universal Render Pipeline/XR/XRMirrorView in 0.00s
    gles3 (total internal programs: 2, unique: 2)
Compiling shader "Hidden/Universal Render Pipeline/CopyDepth" pass "CopyDepth" (vp)
    Full variant space:         8
    After settings filtering:   8
    After built-in stripping:   8
    After scriptable stripping: 8
    Processed in 0.00 seconds
    starting compilation...
    finished in 0.00 seconds. Local cache hits 8 (0.00s CPU time), remote cache hits 0 (0.00s CPU time), compiled 0 variants (0.00s CPU time), skipped 0 variants
    Prepared data for serialisation in 0.00s
Serialized binary data for shader Hidden/Universal Render Pipeline/CopyDepth in 0.00s
    gles3 (total internal programs: 8, unique: 8)
Compiling shader "Hidden/TerrainEngine/Details/UniversalPipeline/WavingDoublePass" pass "" (vp)
    Full variant space:         589824
    After settings filtering:   7680
    After built-in stripping:   60
    After scriptable stripping: 18
    Processed in 0.00 seconds
    starting compilation...
    finished in 0.00 seconds. Local cache hits 18 (0.02s CPU time), remote cache hits 0 (0.00s CPU time), compiled 0 variants (0.00s CPU time), skipped 0 variants
    Prepared data for serialisation in 0.00s
Compiling shader "Hidden/TerrainEngine/Details/UniversalPipeline/WavingDoublePass" pass "DepthOnly" (vp)
    Full variant space:         2
    After settings filtering:   2
    After built-in stripping:   1
    After scriptable stripping: 1
    Processed in 0.00 seconds
    starting compilation...
    finished in 0.00 seconds. Local cache hits 1 (0.00s CPU time), remote cache hits 0 (0.00s CPU time), compiled 0 variants (0.00s CPU time), skipped 0 variants
    Prepared data for serialisation in 0.00s
Compiling shader "Hidden/TerrainEngine/Details/UniversalPipeline/WavingDoublePass" pass "DepthNormalsOnly" (vp)
    Full variant space:         4
    After settings filtering:   2
    After built-in stripping:   1
    After scriptable stripping: 1
    Processed in 0.00 seconds
    starting compilation...
    finished in 0.00 seconds. Local cache hits 1 (0.00s CPU time), remote cache hits 0 (0.00s CPU time), compiled 0 variants (0.00s CPU time), skipped 0 variants
    Prepared data for serialisation in 0.00s
Serialized binary data for shader Hidden/TerrainEngine/Details/UniversalPipeline/WavingDoublePass in 0.00s
    gles3 (total internal programs: 20, unique: 20)
Compiling shader "Hidden/Universal Render Pipeline/FallbackError" pass "" (vp)
    Full variant space:         6
    After settings filtering:   6
    After built-in stripping:   1
    After scriptable stripping: 1
    Processed in 0.00 seconds
    starting compilation...
    finished in 0.00 seconds. Local cache hits 1 (0.00s CPU time), remote cache hits 0 (0.00s CPU time), compiled 0 variants (0.00s CPU time), skipped 0 variants
    Prepared data for serialisation in 0.00s
Serialized binary data for shader Hidden/Universal Render Pipeline/FallbackError in 0.00s
    gles3 (total internal programs: 1, unique: 1)
Compiling shader "Hidden/Universal Render Pipeline/UberPost" pass "UberPost" (vp)
    Full variant space:         23040
    After settings filtering:   960
    After built-in stripping:   960
    After scriptable stripping: 90
    Processed in 0.01 seconds
    starting compilation...
    finished in 0.00 seconds. Local cache hits 90 (0.05s CPU time), remote cache hits 0 (0.00s CPU time), compiled 0 variants (0.00s CPU time), skipped 0 variants
    Prepared data for serialisation in 0.00s
Serialized binary data for shader Hidden/Universal Render Pipeline/UberPost in 0.00s
    gles3 (total internal programs: 90, unique: 90)
Compiling shader "Hidden/Universal Render Pipeline/Scaling Setup" pass "ScalingSetup" (vp)
    Full variant space:         6
    After settings filtering:   3
    After built-in stripping:   3
    After scriptable stripping: 3
    Processed in 0.00 seconds
    starting compilation...
    finished in 0.00 seconds. Local cache hits 3 (0.00s CPU time), remote cache hits 0 (0.00s CPU time), compiled 0 variants (0.00s CPU time), skipped 0 variants
    Prepared data for serialisation in 0.00s
Serialized binary data for shader Hidden/Universal Render Pipeline/Scaling Setup in 0.00s
    gles3 (total internal programs: 3, unique: 3)
    Prepared data for serialisation in 0.00s
    Prepared data for serialisation in 0.00s
    Prepared data for serialisation in 0.00s
    Prepared data for serialisation in 0.00s
    Prepared data for serialisation in 0.00s
    Prepared data for serialisation in 0.00s
    Prepared data for serialisation in 0.00s
    Prepared data for serialisation in 0.00s
Serialized binary data for shader Hidden/Universal Render Pipeline/StencilDeferred in 0.00s
    gles3 (total internal programs: 0, unique: 0)
Compiling shader "Hidden/Universal Render Pipeline/LutBuilderHdr" pass "LutBuilderHdr" (vp)
    Full variant space:         6
    After settings filtering:   3
    After built-in stripping:   3
    After scriptable stripping: 3
    Processed in 0.00 seconds
    starting compilation...
    finished in 0.00 seconds. Local cache hits 3 (0.00s CPU time), remote cache hits 0 (0.00s CPU time), compiled 0 variants (0.00s CPU time), skipped 0 variants
    Prepared data for serialisation in 0.00s
Serialized binary data for shader Hidden/Universal Render Pipeline/LutBuilderHdr in 0.00s
    gles3 (total internal programs: 3, unique: 3)
Compiling shader "Hidden/TerrainEngine/Details/UniversalPipeline/Vertexlit" pass "TerrainDetailVertex" (vp)
    Full variant space:         61440
    After settings filtering:   768
    After built-in stripping:   12
    After scriptable stripping: 10
    Processed in 0.00 seconds
    starting compilation...
    finished in 0.00 seconds. Local cache hits 10 (0.00s CPU time), remote cache hits 0 (0.00s CPU time), compiled 0 variants (0.00s CPU time), skipped 0 variants
    Prepared data for serialisation in 0.00s
Compiling shader "Hidden/TerrainEngine/Details/UniversalPipeline/Vertexlit" pass "TerrainDetailVertex - GBuffer" (vp)
    Full variant space:         1280
    After settings filtering:   80
    After built-in stripping:   20
    After scriptable stripping: 10
    Processed in 0.00 seconds
    starting compilation...
    finished in 0.00 seconds. Local cache hits 10 (0.01s CPU time), remote cache hits 0 (0.00s CPU time), compiled 0 variants (0.00s CPU time), skipped 0 variants
    Prepared data for serialisation in 0.00s
Compiling shader "Hidden/TerrainEngine/Details/UniversalPipeline/Vertexlit" pass "DepthOnly" (vp)
    Full variant space:         2
    After settings filtering:   2
    After built-in stripping:   1
    After scriptable stripping: 1
    Processed in 0.00 seconds
    starting compilation...
    finished in 0.00 seconds. Local cache hits 1 (0.00s CPU time), remote cache hits 0 (0.00s CPU time), compiled 0 variants (0.00s CPU time), skipped 0 variants
    Prepared data for serialisation in 0.00s
Compiling shader "Hidden/TerrainEngine/Details/UniversalPipeline/Vertexlit" pass "DepthNormals" (vp)
    Full variant space:         2
    After settings filtering:   2
    After built-in stripping:   1
    After scriptable stripping: 1
    Processed in 0.00 seconds
    starting compilation...
    finished in 0.00 seconds. Local cache hits 1 (0.00s CPU time), remote cache hits 0 (0.00s CPU time), compiled 0 variants (0.00s CPU time), skipped 0 variants
    Prepared data for serialisation in 0.00s
Serialized binary data for shader Hidden/TerrainEngine/Details/UniversalPipeline/Vertexlit in 0.00s
    gles3 (total internal programs: 22, unique: 22)
Compiling shader "Standard" pass "FORWARD" (vp)
    Full variant space:         664
    After settings filtering:   664
    After built-in stripping:   8
    After scriptable stripping: 8
    Processed in 0.00 seconds
    starting compilation...
    finished in 0.00 seconds. Local cache hits 8 (0.01s CPU time), remote cache hits 0 (0.00s CPU time), compiled 0 variants (0.00s CPU time), skipped 0 variants
    Prepared data for serialisation in 0.00s
Compiling shader "Standard" pass "FORWARD_DELTA" (vp)
    Full variant space:         188
    After settings filtering:   188
    After built-in stripping:   13
    After scriptable stripping: 13
    Processed in 0.00 seconds
    starting compilation...
    finished in 0.00 seconds. Local cache hits 13 (0.01s CPU time), remote cache hits 0 (0.00s CPU time), compiled 0 variants (0.00s CPU time), skipped 0 variants
    Prepared data for serialisation in 0.00s
Compiling shader "Standard" pass "ShadowCaster" (vp)
    Full variant space:         4
    After settings filtering:   4
    After built-in stripping:   2
    After scriptable stripping: 2
    Processed in 0.00 seconds
    starting compilation...
    finished in 0.00 seconds. Local cache hits 2 (0.00s CPU time), remote cache hits 0 (0.00s CPU time), compiled 0 variants (0.00s CPU time), skipped 0 variants
    Prepared data for serialisation in 0.00s
Compiling shader "Standard" pass "DEFERRED" (vp)
    Full variant space:         76
    After settings filtering:   76
    After built-in stripping:   4
    After scriptable stripping: 4
    Processed in 0.00 seconds
    starting compilation...
    finished in 0.00 seconds. Local cache hits 4 (0.00s CPU time), remote cache hits 0 (0.00s CPU time), compiled 0 variants (0.00s CPU time), skipped 0 variants
    Prepared data for serialisation in 0.00s
Compiling shader "Standard" pass "FORWARD" (vp)
    Full variant space:         208
    After settings filtering:   208
    After built-in stripping:   8
    After scriptable stripping: 8
    Processed in 0.00 seconds
    starting compilation...
    finished in 0.00 seconds. Local cache hits 8 (0.00s CPU time), remote cache hits 0 (0.00s CPU time), compiled 0 variants (0.00s CPU time), skipped 0 variants
    Prepared data for serialisation in 0.00s
Compiling shader "Standard" pass "FORWARD_DELTA" (vp)
    Full variant space:         140
    After settings filtering:   140
    After built-in stripping:   10
    After scriptable stripping: 10
    Processed in 0.00 seconds
    starting compilation...
    finished in 0.00 seconds. Local cache hits 10 (0.01s CPU time), remote cache hits 0 (0.00s CPU time), compiled 0 variants (0.00s CPU time), skipped 0 variants
    Prepared data for serialisation in 0.00s
Compiling shader "Standard" pass "ShadowCaster" (vp)
    Full variant space:         2
    After settings filtering:   2
    After built-in stripping:   2
    After scriptable stripping: 2
    Processed in 0.00 seconds
    starting compilation...
    finished in 0.00 seconds. Local cache hits 2 (0.00s CPU time), remote cache hits 0 (0.00s CPU time), compiled 0 variants (0.00s CPU time), skipped 0 variants
    Prepared data for serialisation in 0.00s
Serialized binary data for shader Standard in 0.00s
    gles3 (total internal programs: 47, unique: 39)
Compiling shader "Legacy Shaders/Particles/Alpha Blended" pass "" (vp)
    Full variant space:         8
    After settings filtering:   8
    After built-in stripping:   2
    After scriptable stripping: 2
    Processed in 0.00 seconds
    starting compilation...
    finished in 0.00 seconds. Local cache hits 2 (0.00s CPU time), remote cache hits 0 (0.00s CPU time), compiled 0 variants (0.00s CPU time), skipped 0 variants
    Prepared data for serialisation in 0.00s
Serialized binary data for shader Legacy Shaders/Particles/Alpha Blended in 0.00s
    gles3 (total internal programs: 2, unique: 2)
Compiling shader "Unlit/Texture" pass "" (vp)
    Full variant space:         4
    After settings filtering:   4
    After built-in stripping:   1
    After scriptable stripping: 1
    Processed in 0.00 seconds
    starting compilation...
    finished in 0.00 seconds. Local cache hits 1 (0.00s CPU time), remote cache hits 0 (0.00s CPU time), compiled 0 variants (0.00s CPU time), skipped 0 variants
    Prepared data for serialisation in 0.00s
Serialized binary data for shader Unlit/Texture in 0.00s
    gles3 (total internal programs: 1, unique: 1)
Compiling shader "ProBuilder/Standard Vertex Color" pass "FORWARD" (vp)
    Full variant space:         664
    After settings filtering:   664
    After built-in stripping:   8
    After scriptable stripping: 8
    Processed in 0.00 seconds
    starting compilation...
    finished in 0.00 seconds. Local cache hits 8 (0.00s CPU time), remote cache hits 0 (0.00s CPU time), compiled 0 variants (0.00s CPU time), skipped 0 variants
    Prepared data for serialisation in 0.00s
Compiling shader "ProBuilder/Standard Vertex Color" pass "FORWARD" (vp)
    Full variant space:         188
    After settings filtering:   188
    After built-in stripping:   13
    After scriptable stripping: 13
    Processed in 0.00 seconds
    starting compilation...
    finished in 0.00 seconds. Local cache hits 13 (0.01s CPU time), remote cache hits 0 (0.00s CPU time), compiled 0 variants (0.00s CPU time), skipped 0 variants
    Prepared data for serialisation in 0.00s
Compiling shader "ProBuilder/Standard Vertex Color" pass "DEFERRED" (vp)
    Full variant space:         76
    After settings filtering:   76
    After built-in stripping:   4
    After scriptable stripping: 4
    Processed in 0.00 seconds
    starting compilation...
    finished in 0.00 seconds. Local cache hits 4 (0.00s CPU time), remote cache hits 0 (0.00s CPU time), compiled 0 variants (0.00s CPU time), skipped 0 variants
    Prepared data for serialisation in 0.00s
Serialized binary data for shader ProBuilder/Standard Vertex Color in 0.00s
    gles3 (total internal programs: 25, unique: 25)
Compiling shader "ProBuilder/UnlitVertexColor" pass "" (vp)
    Full variant space:         1
    After settings filtering:   1
    After built-in stripping:   1
    After scriptable stripping: 1
    Processed in 0.00 seconds
    starting compilation...
    finished in 0.00 seconds. Local cache hits 1 (0.00s CPU time), remote cache hits 0 (0.00s CPU time), compiled 0 variants (0.00s CPU time), skipped 0 variants
    Prepared data for serialisation in 0.00s
Serialized binary data for shader ProBuilder/UnlitVertexColor in 0.00s
    gles3 (total internal programs: 1, unique: 1)
Compiling shader "TextMeshPro/Distance Field" pass "" (vp)
    Full variant space:         16
    After settings filtering:   16
    After built-in stripping:   16
    After scriptable stripping: 16
    Processed in 0.00 seconds
    starting compilation...
    finished in 0.00 seconds. Local cache hits 16 (0.01s CPU time), remote cache hits 0 (0.00s CPU time), compiled 0 variants (0.00s CPU time), skipped 0 variants
    Prepared data for serialisation in 0.00s
Serialized binary data for shader TextMeshPro/Distance Field in 0.00s
    gles3 (total internal programs: 16, unique: 16)
Compiling shader "TextMeshPro/Mobile/Distance Field (Surface)" pass "FORWARD" (vp)
    Full variant space:         24
    After settings filtering:   24
    After built-in stripping:   3
    After scriptable stripping: 3
    Processed in 0.00 seconds
    starting compilation...
    finished in 0.00 seconds. Local cache hits 3 (0.00s CPU time), remote cache hits 0 (0.00s CPU time), compiled 0 variants (0.00s CPU time), skipped 0 variants
    Prepared data for serialisation in 0.00s
Compiling shader "TextMeshPro/Mobile/Distance Field (Surface)" pass "Caster" (vp)
    Full variant space:         2
    After settings filtering:   2
    After built-in stripping:   2
    After scriptable stripping: 2
    Processed in 0.00 seconds
    starting compilation...
    finished in 0.00 seconds. Local cache hits 2 (0.00s CPU time), remote cache hits 0 (0.00s CPU time), compiled 0 variants (0.00s CPU time), skipped 0 variants
    Prepared data for serialisation in 0.00s
Serialized binary data for shader TextMeshPro/Mobile/Distance Field (Surface) in 0.00s
    gles3 (total internal programs: 5, unique: 5)
Compiling shader "Hidden/ProBuilder/EdgePicker" pass "Edges" (vp)
    Full variant space:         1
    After settings filtering:   1
    After built-in stripping:   1
    After scriptable stripping: 1
    Processed in 0.00 seconds
    starting compilation...
    finished in 0.00 seconds. Local cache hits 1 (0.00s CPU time), remote cache hits 0 (0.00s CPU time), compiled 0 variants (0.00s CPU time), skipped 0 variants
    Prepared data for serialisation in 0.00s
Serialized binary data for shader Hidden/ProBuilder/EdgePicker in 0.00s
    gles3 (total internal programs: 1, unique: 1)
Compiling shader "TextMeshPro/Mobile/Distance Field Overlay" pass "" (vp)
    Full variant space:         4
    After settings filtering:   4
    After built-in stripping:   4
    After scriptable stripping: 4
    Processed in 0.00 seconds
    starting compilation...
    finished in 0.00 seconds. Local cache hits 4 (0.00s CPU time), remote cache hits 0 (0.00s CPU time), compiled 0 variants (0.00s CPU time), skipped 0 variants
    Prepared data for serialisation in 0.00s
Serialized binary data for shader TextMeshPro/Mobile/Distance Field Overlay in 0.00s
    gles3 (total internal programs: 4, unique: 4)
Compiling shader "TextMeshPro/Mobile/Distance Field - Masking" pass "" (vp)
    Full variant space:         4
    After settings filtering:   4
    After built-in stripping:   4
    After scriptable stripping: 4
    Processed in 0.00 seconds
    starting compilation...
    finished in 0.00 seconds. Local cache hits 4 (0.00s CPU time), remote cache hits 0 (0.00s CPU time), compiled 0 variants (0.00s CPU time), skipped 0 variants
    Prepared data for serialisation in 0.00s
Serialized binary data for shader TextMeshPro/Mobile/Distance Field - Masking in 0.00s
    gles3 (total internal programs: 4, unique: 4)
Compiling shader "Hidden/ProBuilder/VertexPicker" pass "Vertices" (vp)
    Full variant space:         1
    After settings filtering:   1
    After built-in stripping:   1
    After scriptable stripping: 1
    Processed in 0.00 seconds
    starting compilation...
    finished in 0.00 seconds. Local cache hits 1 (0.00s CPU time), remote cache hits 0 (0.00s CPU time), compiled 0 variants (0.00s CPU time), skipped 0 variants
    Prepared data for serialisation in 0.00s
Serialized binary data for shader Hidden/ProBuilder/VertexPicker in 0.00s
    gles3 (total internal programs: 1, unique: 1)
Compiling shader "Hidden/ProBuilder/FacePicker" pass "Base" (vp)
    Full variant space:         1
    After settings filtering:   1
    After built-in stripping:   1
    After scriptable stripping: 1
    Processed in 0.00 seconds
    starting compilation...
    finished in 0.00 seconds. Local cache hits 1 (0.00s CPU time), remote cache hits 0 (0.00s CPU time), compiled 0 variants (0.00s CPU time), skipped 0 variants
    Prepared data for serialisation in 0.00s
Serialized binary data for shader Hidden/ProBuilder/FacePicker in 0.00s
    gles3 (total internal programs: 1, unique: 1)
Compiling shader "TextMeshPro/Sprite" pass "Default" (vp)
    Full variant space:         4
    After settings filtering:   4
    After built-in stripping:   4
    After scriptable stripping: 4
    Processed in 0.00 seconds
    starting compilation...
    finished in 0.00 seconds. Local cache hits 4 (0.00s CPU time), remote cache hits 0 (0.00s CPU time), compiled 0 variants (0.00s CPU time), skipped 0 variants
    Prepared data for serialisation in 0.00s
Serialized binary data for shader TextMeshPro/Sprite in 0.00s
    gles3 (total internal programs: 4, unique: 4)
Compiling shader "Hidden/ProBuilder/HideVertices" pass "" (vp)
    Full variant space:         1
    After settings filtering:   1
    After built-in stripping:   1
    After scriptable stripping: 1
    Processed in 0.00 seconds
    starting compilation...
    finished in 0.00 seconds. Local cache hits 1 (0.00s CPU time), remote cache hits 0 (0.00s CPU time), compiled 0 variants (0.00s CPU time), skipped 0 variants
    Prepared data for serialisation in 0.00s
Serialized binary data for shader Hidden/ProBuilder/HideVertices in 0.00s
    gles3 (total internal programs: 1, unique: 1)
Compiling shader "TextMeshPro/Distance Field (Surface)" pass "FORWARD" (vp)
    Full variant space:         48
    After settings filtering:   48
    After built-in stripping:   6
    After scriptable stripping: 6
    Processed in 0.00 seconds
    starting compilation...
    finished in 0.00 seconds. Local cache hits 6 (0.00s CPU time), remote cache hits 0 (0.00s CPU time), compiled 0 variants (0.00s CPU time), skipped 0 variants
    Prepared data for serialisation in 0.00s
Compiling shader "TextMeshPro/Distance Field (Surface)" pass "FORWARD" (vp)
    Full variant space:         40
    After settings filtering:   40
    After built-in stripping:   10
    After scriptable stripping: 10
    Processed in 0.00 seconds
    starting compilation...
    finished in 0.00 seconds. Local cache hits 10 (0.00s CPU time), remote cache hits 0 (0.00s CPU time), compiled 0 variants (0.00s CPU time), skipped 0 variants
    Prepared data for serialisation in 0.00s
Compiling shader "TextMeshPro/Distance Field (Surface)" pass "Caster" (vp)
    Full variant space:         2
    After settings filtering:   2
    After built-in stripping:   2
    After scriptable stripping: 2
    Processed in 0.00 seconds
    starting compilation...
    finished in 0.00 seconds. Local cache hits 2 (0.00s CPU time), remote cache hits 0 (0.00s CPU time), compiled 0 variants (0.00s CPU time), skipped 0 variants
    Prepared data for serialisation in 0.00s
Serialized binary data for shader TextMeshPro/Distance Field (Surface) in 0.00s
    gles3 (total internal programs: 18, unique: 18)
Compiling shader "Skybox/Procedural" pass "" (vp)
    Full variant space:         3
    After settings filtering:   3
    After built-in stripping:   3
    After scriptable stripping: 3
    Processed in 0.00 seconds
    starting compilation...
    finished in 0.00 seconds. Local cache hits 3 (0.00s CPU time), remote cache hits 0 (0.00s CPU time), compiled 0 variants (0.00s CPU time), skipped 0 variants
    Prepared data for serialisation in 0.00s
Serialized binary data for shader Skybox/Procedural in 0.00s
    gles3 (total internal programs: 3, unique: 3)
Compiling shader "TextMeshPro/Mobile/Distance Field" pass "" (vp)
    Full variant space:         16
    After settings filtering:   16
    After built-in stripping:   16
    After scriptable stripping: 16
    Processed in 0.00 seconds
    starting compilation...
    finished in 0.00 seconds. Local cache hits 16 (0.01s CPU time), remote cache hits 0 (0.00s CPU time), compiled 0 variants (0.00s CPU time), skipped 0 variants
    Prepared data for serialisation in 0.00s
Serialized binary data for shader TextMeshPro/Mobile/Distance Field in 0.00s
    gles3 (total internal programs: 16, unique: 16)
Compiling shader "Legacy Shaders/VertexLit" pass "" (vp)
    Full variant space:         12
    After settings filtering:   12
    After built-in stripping:   3
    After scriptable stripping: 3
    Processed in 0.00 seconds
    starting compilation...
    finished in 0.00 seconds. Local cache hits 3 (0.00s CPU time), remote cache hits 0 (0.00s CPU time), compiled 0 variants (0.00s CPU time), skipped 0 variants
    Prepared data for serialisation in 0.00s
Compiling shader "Legacy Shaders/VertexLit" pass "" (vp)
    Full variant space:         4
    After settings filtering:   4
    After built-in stripping:   1
    After scriptable stripping: 1
    Processed in 0.00 seconds
    starting compilation...
    finished in 0.00 seconds. Local cache hits 1 (0.00s CPU time), remote cache hits 0 (0.00s CPU time), compiled 0 variants (0.00s CPU time), skipped 0 variants
    Prepared data for serialisation in 0.00s
Compiling shader "Legacy Shaders/VertexLit" pass "ShadowCaster" (vp)
    Full variant space:         4
    After settings filtering:   4
    After built-in stripping:   2
    After scriptable stripping: 2
    Processed in 0.00 seconds
    starting compilation...
    finished in 0.00 seconds. Local cache hits 2 (0.00s CPU time), remote cache hits 0 (0.00s CPU time), compiled 0 variants (0.00s CPU time), skipped 0 variants
    Prepared data for serialisation in 0.00s
Serialized binary data for shader Legacy Shaders/VertexLit in 0.00s
    gles3 (total internal programs: 6, unique: 6)
Compiling shader "Legacy Shaders/Diffuse" pass "FORWARD" (vp)
    Full variant space:         664
    After settings filtering:   664
    After built-in stripping:   8
    After scriptable stripping: 8
    Processed in 0.00 seconds
    starting compilation...
    finished in 0.00 seconds. Local cache hits 8 (0.00s CPU time), remote cache hits 0 (0.00s CPU time), compiled 0 variants (0.00s CPU time), skipped 0 variants
    Prepared data for serialisation in 0.00s
Compiling shader "Legacy Shaders/Diffuse" pass "FORWARD" (vp)
    Full variant space:         20
    After settings filtering:   20
    After built-in stripping:   5
    After scriptable stripping: 5
    Processed in 0.00 seconds
    starting compilation...
    finished in 0.00 seconds. Local cache hits 5 (0.00s CPU time), remote cache hits 0 (0.00s CPU time), compiled 0 variants (0.00s CPU time), skipped 0 variants
    Prepared data for serialisation in 0.00s
Compiling shader "Legacy Shaders/Diffuse" pass "DEFERRED" (vp)
    Full variant space:         76
    After settings filtering:   76
    After built-in stripping:   4
    After scriptable stripping: 4
    Processed in 0.00 seconds
    starting compilation...
    finished in 0.00 seconds. Local cache hits 4 (0.00s CPU time), remote cache hits 0 (0.00s CPU time), compiled 0 variants (0.00s CPU time), skipped 0 variants
    Prepared data for serialisation in 0.00s
Serialized binary data for shader Legacy Shaders/Diffuse in 0.00s
    gles3 (total internal programs: 17, unique: 17)
Compiling shader "Hidden/Internal-StencilWrite" pass "" (vp)
    Full variant space:         1
    After settings filtering:   1
    After built-in stripping:   1
    After scriptable stripping: 1
    Processed in 0.00 seconds
    starting compilation...
    finished in 0.00 seconds. Local cache hits 1 (0.00s CPU time), remote cache hits 0 (0.00s CPU time), compiled 0 variants (0.00s CPU time), skipped 0 variants
    Prepared data for serialisation in 0.00s
Serialized binary data for shader Hidden/Internal-StencilWrite in 0.00s
    gles3 (total internal programs: 1, unique: 1)
Compiling shader "Hidden/Internal-DepthNormalsTexture" pass "" (vp)
    Full variant space:         1
    After settings filtering:   1
    After built-in stripping:   1
    After scriptable stripping: 1
    Processed in 0.00 seconds
    starting compilation...
    finished in 0.00 seconds. Local cache hits 1 (0.00s CPU time), remote cache hits 0 (0.00s CPU time), compiled 0 variants (0.00s CPU time), skipped 0 variants
    Prepared data for serialisation in 0.00s
Compiling shader "Hidden/Internal-DepthNormalsTexture" pass "" (vp)
    Full variant space:         1
    After settings filtering:   1
    After built-in stripping:   1
    After scriptable stripping: 1
    Processed in 0.00 seconds
    starting compilation...
    finished in 0.00 seconds. Local cache hits 1 (0.00s CPU time), remote cache hits 0 (0.00s CPU time), compiled 0 variants (0.00s CPU time), skipped 0 variants
    Prepared data for serialisation in 0.00s
Compiling shader "Hidden/Internal-DepthNormalsTexture" pass "" (vp)
    Full variant space:         1
    After settings filtering:   1
    After built-in stripping:   1
    After scriptable stripping: 1
    Processed in 0.00 seconds
    starting compilation...
    finished in 0.00 seconds. Local cache hits 1 (0.00s CPU time), remote cache hits 0 (0.00s CPU time), compiled 0 variants (0.00s CPU time), skipped 0 variants
    Prepared data for serialisation in 0.00s
Compiling shader "Hidden/Internal-DepthNormalsTexture" pass "" (vp)
    Full variant space:         1
    After settings filtering:   1
    After built-in stripping:   1
    After scriptable stripping: 1
    Processed in 0.00 seconds
    starting compilation...
    finished in 0.00 seconds. Local cache hits 1 (0.00s CPU time), remote cache hits 0 (0.00s CPU time), compiled 0 variants (0.00s CPU time), skipped 0 variants
    Prepared data for serialisation in 0.00s
Compiling shader "Hidden/Internal-DepthNormalsTexture" pass "" (vp)
    Full variant space:         1
    After settings filtering:   1
    After built-in stripping:   1
    After scriptable stripping: 1
    Processed in 0.00 seconds
    starting compilation...
    finished in 0.00 seconds. Local cache hits 1 (0.00s CPU time), remote cache hits 0 (0.00s CPU time), compiled 0 variants (0.00s CPU time), skipped 0 variants
    Prepared data for serialisation in 0.00s
Compiling shader "Hidden/Internal-DepthNormalsTexture" pass "" (vp)
    Full variant space:         1
    After settings filtering:   1
    After built-in stripping:   1
    After scriptable stripping: 1
    Processed in 0.00 seconds
    starting compilation...
    finished in 0.00 seconds. Local cache hits 1 (0.00s CPU time), remote cache hits 0 (0.00s CPU time), compiled 0 variants (0.00s CPU time), skipped 0 variants
    Prepared data for serialisation in 0.00s
Compiling shader "Hidden/Internal-DepthNormalsTexture" pass "" (vp)
    Full variant space:         1
    After settings filtering:   1
    After built-in stripping:   1
    After scriptable stripping: 1
    Processed in 0.00 seconds
    starting compilation...
    finished in 0.00 seconds. Local cache hits 1 (0.00s CPU time), remote cache hits 0 (0.00s CPU time), compiled 0 variants (0.00s CPU time), skipped 0 variants
    Prepared data for serialisation in 0.00s
Compiling shader "Hidden/Internal-DepthNormalsTexture" pass "" (vp)
    Full variant space:         1
    After settings filtering:   1
    After built-in stripping:   1
    After scriptable stripping: 1
    Processed in 0.00 seconds
    starting compilation...
    finished in 0.00 seconds. Local cache hits 1 (0.00s CPU time), remote cache hits 0 (0.00s CPU time), compiled 0 variants (0.00s CPU time), skipped 0 variants
    Prepared data for serialisation in 0.00s
Compiling shader "Hidden/Internal-DepthNormalsTexture" pass "" (vp)
    Full variant space:         1
    After settings filtering:   1
    After built-in stripping:   1
    After scriptable stripping: 1
    Processed in 0.00 seconds
    starting compilation...
    finished in 0.00 seconds. Local cache hits 1 (0.00s CPU time), remote cache hits 0 (0.00s CPU time), compiled 0 variants (0.00s CPU time), skipped 0 variants
    Prepared data for serialisation in 0.00s
Compiling shader "Hidden/Internal-DepthNormalsTexture" pass "" (vp)
    Full variant space:         1
    After settings filtering:   1
    After built-in stripping:   1
    After scriptable stripping: 1
    Processed in 0.00 seconds
    starting compilation...
    finished in 0.00 seconds. Local cache hits 1 (0.00s CPU time), remote cache hits 0 (0.00s CPU time), compiled 0 variants (0.00s CPU time), skipped 0 variants
    Prepared data for serialisation in 0.00s
Serialized binary data for shader Hidden/Internal-DepthNormalsTexture in 0.00s
    gles3 (total internal programs: 10, unique: 10)
Compiling shader "Hidden/Internal-ScreenSpaceShadows" pass "" (vp)
    Full variant space:         4
    After settings filtering:   4
    After built-in stripping:   4
    After scriptable stripping: 4
    Processed in 0.00 seconds
    starting compilation...
    finished in 0.00 seconds. Local cache hits 4 (0.00s CPU time), remote cache hits 0 (0.00s CPU time), compiled 0 variants (0.00s CPU time), skipped 0 variants
    Prepared data for serialisation in 0.00s
Compiling shader "Hidden/Internal-ScreenSpaceShadows" pass "" (vp)
    Full variant space:         4
    After settings filtering:   4
    After built-in stripping:   4
    After scriptable stripping: 4
    Processed in 0.00 seconds
    starting compilation...
    finished in 0.00 seconds. Local cache hits 4 (0.00s CPU time), remote cache hits 0 (0.00s CPU time), compiled 0 variants (0.00s CPU time), skipped 0 variants
    Prepared data for serialisation in 0.00s
Compiling shader "Hidden/Internal-ScreenSpaceShadows" pass "" (vp)
    Full variant space:         4
    After settings filtering:   4
    After built-in stripping:   4
    After scriptable stripping: 4
    Processed in 0.00 seconds
    starting compilation...
    finished in 0.00 seconds. Local cache hits 4 (0.00s CPU time), remote cache hits 0 (0.00s CPU time), compiled 0 variants (0.00s CPU time), skipped 0 variants
    Prepared data for serialisation in 0.00s
Compiling shader "Hidden/Internal-ScreenSpaceShadows" pass "" (vp)
    Full variant space:         4
    After settings filtering:   4
    After built-in stripping:   4
    After scriptable stripping: 4
    Processed in 0.00 seconds
    starting compilation...
    finished in 0.00 seconds. Local cache hits 4 (0.00s CPU time), remote cache hits 0 (0.00s CPU time), compiled 0 variants (0.00s CPU time), skipped 0 variants
    Prepared data for serialisation in 0.00s
Serialized binary data for shader Hidden/Internal-ScreenSpaceShadows in 0.00s
    gles3 (total internal programs: 16, unique: 16)
Compiling shader "Hidden/Internal-CombineDepthNormals" pass "" (vp)
    Full variant space:         1
    After settings filtering:   1
    After built-in stripping:   1
    After scriptable stripping: 1
    Processed in 0.00 seconds
    starting compilation...
    finished in 0.00 seconds. Local cache hits 1 (0.00s CPU time), remote cache hits 0 (0.00s CPU time), compiled 0 variants (0.00s CPU time), skipped 0 variants
    Prepared data for serialisation in 0.00s
Serialized binary data for shader Hidden/Internal-CombineDepthNormals in 0.00s
    gles3 (total internal programs: 1, unique: 1)
Compiling shader "Hidden/BlitCopy" pass "" (vp)
    Full variant space:         1
    After settings filtering:   1
    After built-in stripping:   1
    After scriptable stripping: 1
    Processed in 0.00 seconds
    starting compilation...
    finished in 0.00 seconds. Local cache hits 1 (0.00s CPU time), remote cache hits 0 (0.00s CPU time), compiled 0 variants (0.00s CPU time), skipped 0 variants
    Prepared data for serialisation in 0.00s
Serialized binary data for shader Hidden/BlitCopy in 0.00s
    gles3 (total internal programs: 1, unique: 1)
Compiling shader "Hidden/BlitCopyDepth" pass "" (vp)
    Full variant space:         1
    After settings filtering:   1
    After built-in stripping:   1
    After scriptable stripping: 1
    Processed in 0.00 seconds
    starting compilation...
    finished in 0.00 seconds. Local cache hits 1 (0.00s CPU time), remote cache hits 0 (0.00s CPU time), compiled 0 variants (0.00s CPU time), skipped 0 variants
    Prepared data for serialisation in 0.00s
Serialized binary data for shader Hidden/BlitCopyDepth in 0.00s
    gles3 (total internal programs: 1, unique: 1)
Compiling shader "Hidden/ConvertTexture" pass "" (vp)
    Full variant space:         1
    After settings filtering:   1
    After built-in stripping:   1
    After scriptable stripping: 1
    Processed in 0.00 seconds
    starting compilation...
    finished in 0.00 seconds. Local cache hits 1 (0.00s CPU time), remote cache hits 0 (0.00s CPU time), compiled 0 variants (0.00s CPU time), skipped 0 variants
    Prepared data for serialisation in 0.00s
Serialized binary data for shader Hidden/ConvertTexture in 0.00s
    gles3 (total internal programs: 1, unique: 1)
Compiling shader "Hidden/Internal-DeferredShading" pass "" (vp)
    Full variant space:         94
    After settings filtering:   94
    After built-in stripping:   26
    After scriptable stripping: 26
    Processed in 0.00 seconds
    starting compilation...
    finished in 0.00 seconds. Local cache hits 26 (0.01s CPU time), remote cache hits 0 (0.00s CPU time), compiled 0 variants (0.00s CPU time), skipped 0 variants
    Prepared data for serialisation in 0.00s
Compiling shader "Hidden/Internal-DeferredShading" pass "" (vp)
    Full variant space:         1
    After settings filtering:   1
    After built-in stripping:   1
    After scriptable stripping: 1
    Processed in 0.00 seconds
    starting compilation...
    finished in 0.00 seconds. Local cache hits 1 (0.00s CPU time), remote cache hits 0 (0.00s CPU time), compiled 0 variants (0.00s CPU time), skipped 0 variants
    Prepared data for serialisation in 0.00s
Serialized binary data for shader Hidden/Internal-DeferredShading in 0.00s
    gles3 (total internal programs: 27, unique: 27)
Compiling shader "Hidden/Internal-DeferredReflections" pass "" (vp)
    Full variant space:         1
    After settings filtering:   1
    After built-in stripping:   1
    After scriptable stripping: 1
    Processed in 0.00 seconds
    starting compilation...
    finished in 0.00 seconds. Local cache hits 1 (0.00s CPU time), remote cache hits 0 (0.00s CPU time), compiled 0 variants (0.00s CPU time), skipped 0 variants
    Prepared data for serialisation in 0.00s
Compiling shader "Hidden/Internal-DeferredReflections" pass "" (vp)
    Full variant space:         2
    After settings filtering:   2
    After built-in stripping:   2
    After scriptable stripping: 2
    Processed in 0.00 seconds
    starting compilation...
    finished in 0.00 seconds. Local cache hits 2 (0.00s CPU time), remote cache hits 0 (0.00s CPU time), compiled 0 variants (0.00s CPU time), skipped 0 variants
    Prepared data for serialisation in 0.00s
Serialized binary data for shader Hidden/Internal-DeferredReflections in 0.00s
    gles3 (total internal programs: 3, unique: 3)
Compiling shader "Hidden/Internal-MotionVectors" pass "" (vp)
    Full variant space:         1
    After settings filtering:   1
    After built-in stripping:   1
    After scriptable stripping: 1
    Processed in 0.00 seconds
    starting compilation...
    finished in 0.00 seconds. Local cache hits 1 (0.00s CPU time), remote cache hits 0 (0.00s CPU time), compiled 0 variants (0.00s CPU time), skipped 0 variants
    Prepared data for serialisation in 0.00s
Compiling shader "Hidden/Internal-MotionVectors" pass "" (vp)
    Full variant space:         1
    After settings filtering:   1
    After built-in stripping:   1
    After scriptable stripping: 1
    Processed in 0.00 seconds
    starting compilation...
    finished in 0.00 seconds. Local cache hits 1 (0.00s CPU time), remote cache hits 0 (0.00s CPU time), compiled 0 variants (0.00s CPU time), skipped 0 variants
    Prepared data for serialisation in 0.00s
Compiling shader "Hidden/Internal-MotionVectors" pass "" (vp)
    Full variant space:         1
    After settings filtering:   1
    After built-in stripping:   1
    After scriptable stripping: 1
    Processed in 0.00 seconds
    starting compilation...
    finished in 0.00 seconds. Local cache hits 1 (0.00s CPU time), remote cache hits 0 (0.00s CPU time), compiled 0 variants (0.00s CPU time), skipped 0 variants
    Prepared data for serialisation in 0.00s
Serialized binary data for shader Hidden/Internal-MotionVectors in 0.00s
    gles3 (total internal programs: 3, unique: 3)
Compiling shader "Hidden/Internal-Flare" pass "" (vp)
    Full variant space:         1
    After settings filtering:   1
    After built-in stripping:   1
    After scriptable stripping: 1
    Processed in 0.00 seconds
    starting compilation...
    finished in 0.00 seconds. Local cache hits 1 (0.00s CPU time), remote cache hits 0 (0.00s CPU time), compiled 0 variants (0.00s CPU time), skipped 0 variants
    Prepared data for serialisation in 0.00s
Serialized binary data for shader Hidden/Internal-Flare in 0.00s
    gles3 (total internal programs: 1, unique: 1)
Compiling shader "Hidden/Internal-Halo" pass "" (vp)
    Full variant space:         4
    After settings filtering:   4
    After built-in stripping:   1
    After scriptable stripping: 1
    Processed in 0.00 seconds
    starting compilation...
    finished in 0.00 seconds. Local cache hits 1 (0.00s CPU time), remote cache hits 0 (0.00s CPU time), compiled 0 variants (0.00s CPU time), skipped 0 variants
    Prepared data for serialisation in 0.00s
Serialized binary data for shader Hidden/Internal-Halo in 0.00s
    gles3 (total internal programs: 1, unique: 1)
Compiling shader "Hidden/BlitCopyWithDepth" pass "" (vp)
    Full variant space:         1
    After settings filtering:   1
    After built-in stripping:   1
    After scriptable stripping: 1
    Processed in 0.00 seconds
    starting compilation...
    finished in 0.00 seconds. Local cache hits 1 (0.00s CPU time), remote cache hits 0 (0.00s CPU time), compiled 0 variants (0.00s CPU time), skipped 0 variants
    Prepared data for serialisation in 0.00s
Serialized binary data for shader Hidden/BlitCopyWithDepth in 0.00s
    gles3 (total internal programs: 1, unique: 1)
Compiling shader "Hidden/BlitToDepth" pass "" (vp)
    Full variant space:         1
    After settings filtering:   1
    After built-in stripping:   1
    After scriptable stripping: 1
    Processed in 0.00 seconds
    starting compilation...
    finished in 0.00 seconds. Local cache hits 1 (0.00s CPU time), remote cache hits 0 (0.00s CPU time), compiled 0 variants (0.00s CPU time), skipped 0 variants
    Prepared data for serialisation in 0.00s
Serialized binary data for shader Hidden/BlitToDepth in 0.00s
    gles3 (total internal programs: 1, unique: 1)
Compiling shader "Hidden/BlitToDepth_MSAA" pass "" (vp)
    Full variant space:         1
    After settings filtering:   1
    After built-in stripping:   1
    After scriptable stripping: 1
    Processed in 0.00 seconds
    starting compilation...
    finished in 0.00 seconds. Local cache hits 1 (0.00s CPU time), remote cache hits 0 (0.00s CPU time), compiled 0 variants (0.00s CPU time), skipped 0 variants
    Prepared data for serialisation in 0.00s
Serialized binary data for shader Hidden/BlitToDepth_MSAA in 0.00s
    gles3 (total internal programs: 1, unique: 1)
Compiling shader "Hidden/BlitCopyHDRTonemap" pass "" (vp)
    Full variant space:         1
    After settings filtering:   1
    After built-in stripping:   1
    After scriptable stripping: 1
    Processed in 0.00 seconds
    starting compilation...
    finished in 0.00 seconds. Local cache hits 1 (0.00s CPU time), remote cache hits 0 (0.00s CPU time), compiled 0 variants (0.00s CPU time), skipped 0 variants
    Prepared data for serialisation in 0.00s
Serialized binary data for shader Hidden/BlitCopyHDRTonemap in 0.00s
    gles3 (total internal programs: 1, unique: 1)
Compiling shader "Hidden/Internal-DebugPattern" pass "Target Color and DepthStencil" (vp)
    Full variant space:         1
    After settings filtering:   1
    After built-in stripping:   1
    After scriptable stripping: 1
    Processed in 0.00 seconds
    starting compilation...
    finished in 0.00 seconds. Local cache hits 1 (0.00s CPU time), remote cache hits 0 (0.00s CPU time), compiled 0 variants (0.00s CPU time), skipped 0 variants
    Prepared data for serialisation in 0.00s
Compiling shader "Hidden/Internal-DebugPattern" pass "Target only Color" (vp)
    Full variant space:         1
    After settings filtering:   1
    After built-in stripping:   1
    After scriptable stripping: 1
    Processed in 0.00 seconds
    starting compilation...
    finished in 0.00 seconds. Local cache hits 1 (0.00s CPU time), remote cache hits 0 (0.00s CPU time), compiled 0 variants (0.00s CPU time), skipped 0 variants
    Prepared data for serialisation in 0.00s
Compiling shader "Hidden/Internal-DebugPattern" pass "Target only DepthStencil" (vp)
    Full variant space:         1
    After settings filtering:   1
    After built-in stripping:   1
    After scriptable stripping: 1
    Processed in 0.00 seconds
    starting compilation...
    finished in 0.00 seconds. Local cache hits 1 (0.00s CPU time), remote cache hits 0 (0.00s CPU time), compiled 0 variants (0.00s CPU time), skipped 0 variants
    Prepared data for serialisation in 0.00s
Serialized binary data for shader Hidden/Internal-DebugPattern in 0.00s
    gles3 (total internal programs: 3, unique: 3)
Compiling shader "Hidden/Internal-GUITextureClip" pass "" (vp)
    Full variant space:         1
    After settings filtering:   1
    After built-in stripping:   1
    After scriptable stripping: 1
    Processed in 0.00 seconds
    starting compilation...
    finished in 0.00 seconds. Local cache hits 1 (0.00s CPU time), remote cache hits 0 (0.00s CPU time), compiled 0 variants (0.00s CPU time), skipped 0 variants
    Prepared data for serialisation in 0.00s
Compiling shader "Hidden/Internal-GUITextureClip" pass "" (vp)
    Full variant space:         1
    After settings filtering:   1
    After built-in stripping:   1
    After scriptable stripping: 1
    Processed in 0.00 seconds
    starting compilation...
    finished in 0.00 seconds. Local cache hits 1 (0.00s CPU time), remote cache hits 0 (0.00s CPU time), compiled 0 variants (0.00s CPU time), skipped 0 variants
    Prepared data for serialisation in 0.00s
Serialized binary data for shader Hidden/Internal-GUITextureClip in 0.00s
    gles3 (total internal programs: 2, unique: 1)
Compiling shader "Hidden/Internal-GUITextureClipText" pass "" (vp)
    Full variant space:         1
    After settings filtering:   1
    After built-in stripping:   1
    After scriptable stripping: 1
    Processed in 0.00 seconds
    starting compilation...
    finished in 0.00 seconds. Local cache hits 1 (0.00s CPU time), remote cache hits 0 (0.00s CPU time), compiled 0 variants (0.00s CPU time), skipped 0 variants
    Prepared data for serialisation in 0.00s
Compiling shader "Hidden/Internal-GUITextureClipText" pass "" (vp)
    Full variant space:         1
    After settings filtering:   1
    After built-in stripping:   1
    After scriptable stripping: 1
    Processed in 0.00 seconds
    starting compilation...
    finished in 0.00 seconds. Local cache hits 1 (0.00s CPU time), remote cache hits 0 (0.00s CPU time), compiled 0 variants (0.00s CPU time), skipped 0 variants
    Prepared data for serialisation in 0.00s
Serialized binary data for shader Hidden/Internal-GUITextureClipText in 0.00s
    gles3 (total internal programs: 2, unique: 1)
Compiling shader "Hidden/Internal-GUITexture" pass "" (vp)
    Full variant space:         1
    After settings filtering:   1
    After built-in stripping:   1
    After scriptable stripping: 1
    Processed in 0.00 seconds
    starting compilation...
    finished in 0.00 seconds. Local cache hits 1 (0.00s CPU time), remote cache hits 0 (0.00s CPU time), compiled 0 variants (0.00s CPU time), skipped 0 variants
    Prepared data for serialisation in 0.00s
Compiling shader "Hidden/Internal-GUITexture" pass "" (vp)
    Full variant space:         1
    After settings filtering:   1
    After built-in stripping:   1
    After scriptable stripping: 1
    Processed in 0.00 seconds
    starting compilation...
    finished in 0.00 seconds. Local cache hits 1 (0.00s CPU time), remote cache hits 0 (0.00s CPU time), compiled 0 variants (0.00s CPU time), skipped 0 variants
    Prepared data for serialisation in 0.00s
Serialized binary data for shader Hidden/Internal-GUITexture in 0.00s
    gles3 (total internal programs: 2, unique: 1)
Compiling shader "Hidden/Internal-GUITextureBlit" pass "" (vp)
    Full variant space:         1
    After settings filtering:   1
    After built-in stripping:   1
    After scriptable stripping: 1
    Processed in 0.00 seconds
    starting compilation...
    finished in 0.00 seconds. Local cache hits 1 (0.00s CPU time), remote cache hits 0 (0.00s CPU time), compiled 0 variants (0.00s CPU time), skipped 0 variants
    Prepared data for serialisation in 0.00s
Compiling shader "Hidden/Internal-GUITextureBlit" pass "" (vp)
    Full variant space:         1
    After settings filtering:   1
    After built-in stripping:   1
    After scriptable stripping: 1
    Processed in 0.00 seconds
    starting compilation...
    finished in 0.00 seconds. Local cache hits 1 (0.00s CPU time), remote cache hits 0 (0.00s CPU time), compiled 0 variants (0.00s CPU time), skipped 0 variants
    Prepared data for serialisation in 0.00s
Serialized binary data for shader Hidden/Internal-GUITextureBlit in 0.00s
    gles3 (total internal programs: 2, unique: 1)
Compiling shader "Hidden/Internal-GUIRoundedRect" pass "" (vp)
    Full variant space:         1
    After settings filtering:   1
    After built-in stripping:   1
    After scriptable stripping: 1
    Processed in 0.00 seconds
    starting compilation...
    finished in 0.00 seconds. Local cache hits 1 (0.00s CPU time), remote cache hits 0 (0.00s CPU time), compiled 0 variants (0.00s CPU time), skipped 0 variants
    Prepared data for serialisation in 0.00s
Compiling shader "Hidden/Internal-GUIRoundedRect" pass "" (vp)
    Full variant space:         1
    After settings filtering:   1
    After built-in stripping:   1
    After scriptable stripping: 1
    Processed in 0.00 seconds
    starting compilation...
    finished in 0.00 seconds. Local cache hits 1 (0.00s CPU time), remote cache hits 0 (0.00s CPU time), compiled 0 variants (0.00s CPU time), skipped 0 variants
    Prepared data for serialisation in 0.00s
Serialized binary data for shader Hidden/Internal-GUIRoundedRect in 0.00s
    gles3 (total internal programs: 2, unique: 1)
Compiling shader "Hidden/Internal-GUIRoundedRectWithColorPerBorder" pass "" (vp)
    Full variant space:         1
    After settings filtering:   1
    After built-in stripping:   1
    After scriptable stripping: 1
    Processed in 0.00 seconds
    starting compilation...
    finished in 0.00 seconds. Local cache hits 1 (0.00s CPU time), remote cache hits 0 (0.00s CPU time), compiled 0 variants (0.00s CPU time), skipped 0 variants
    Prepared data for serialisation in 0.00s
Compiling shader "Hidden/Internal-GUIRoundedRectWithColorPerBorder" pass "" (vp)
    Full variant space:         1
    After settings filtering:   1
    After built-in stripping:   1
    After scriptable stripping: 1
    Processed in 0.00 seconds
    starting compilation...
    finished in 0.00 seconds. Local cache hits 1 (0.00s CPU time), remote cache hits 0 (0.00s CPU time), compiled 0 variants (0.00s CPU time), skipped 0 variants
    Prepared data for serialisation in 0.00s
Serialized binary data for shader Hidden/Internal-GUIRoundedRectWithColorPerBorder in 0.00s
    gles3 (total internal programs: 2, unique: 1)
Compiling shader "Hidden/Internal-UIRDefault" pass "" (vp)
    Full variant space:         1
    After settings filtering:   1
    After built-in stripping:   1
    After scriptable stripping: 1
    Processed in 0.00 seconds
    starting compilation...
    finished in 0.00 seconds. Local cache hits 1 (0.00s CPU time), remote cache hits 0 (0.00s CPU time), compiled 0 variants (0.00s CPU time), skipped 0 variants
    Prepared data for serialisation in 0.00s
Compiling shader "Hidden/Internal-UIRDefault" pass "" (vp)
    Full variant space:         1
    After settings filtering:   1
    After built-in stripping:   1
    After scriptable stripping: 1
    Processed in 0.00 seconds
    starting compilation...
    finished in 0.00 seconds. Local cache hits 1 (0.00s CPU time), remote cache hits 0 (0.00s CPU time), compiled 0 variants (0.00s CPU time), skipped 0 variants
    Prepared data for serialisation in 0.00s
Serialized binary data for shader Hidden/Internal-UIRDefault in 0.00s
    gles3 (total internal programs: 2, unique: 2)
Compiling shader "Hidden/Internal-UIRAtlasBlitCopy" pass "" (vp)
    Full variant space:         1
    After settings filtering:   1
    After built-in stripping:   1
    After scriptable stripping: 1
    Processed in 0.00 seconds
    starting compilation...
    finished in 0.00 seconds. Local cache hits 1 (0.00s CPU time), remote cache hits 0 (0.00s CPU time), compiled 0 variants (0.00s CPU time), skipped 0 variants
    Prepared data for serialisation in 0.00s
Serialized binary data for shader Hidden/Internal-UIRAtlasBlitCopy in 0.00s
    gles3 (total internal programs: 1, unique: 1)
Compiling shader "Hidden/Internal-UIRDefaultWorld" pass "" (vp)
    Full variant space:         1
    After settings filtering:   1
    After built-in stripping:   1
    After scriptable stripping: 1
    Processed in 0.00 seconds
    starting compilation...
    finished in 0.00 seconds. Local cache hits 1 (0.00s CPU time), remote cache hits 0 (0.00s CPU time), compiled 0 variants (0.00s CPU time), skipped 0 variants
    Prepared data for serialisation in 0.00s
Compiling shader "Hidden/Internal-UIRDefaultWorld" pass "" (vp)
    Full variant space:         1
    After settings filtering:   1
    After built-in stripping:   1
    After scriptable stripping: 1
    Processed in 0.00 seconds
    starting compilation...
    finished in 0.00 seconds. Local cache hits 1 (0.00s CPU time), remote cache hits 0 (0.00s CPU time), compiled 0 variants (0.00s CPU time), skipped 0 variants
    Prepared data for serialisation in 0.00s
Serialized binary data for shader Hidden/Internal-UIRDefaultWorld in 0.00s
    gles3 (total internal programs: 2, unique: 2)
Compiling shader "Sprites/Default" pass "" (vp)
    Full variant space:         8
    After settings filtering:   8
    After built-in stripping:   4
    After scriptable stripping: 4
    Processed in 0.00 seconds
    starting compilation...
    finished in 0.00 seconds. Local cache hits 4 (0.00s CPU time), remote cache hits 0 (0.00s CPU time), compiled 0 variants (0.00s CPU time), skipped 0 variants
    Prepared data for serialisation in 0.00s
Serialized binary data for shader Sprites/Default in 0.00s
    gles3 (total internal programs: 4, unique: 4)
Compiling shader "Sprites/Mask" pass "" (vp)
    Full variant space:         4
    After settings filtering:   4
    After built-in stripping:   4
    After scriptable stripping: 4
    Processed in 0.00 seconds
    starting compilation...
    finished in 0.00 seconds. Local cache hits 4 (0.00s CPU time), remote cache hits 0 (0.00s CPU time), compiled 0 variants (0.00s CPU time), skipped 0 variants
    Prepared data for serialisation in 0.00s
Serialized binary data for shader Sprites/Mask in 0.00s
    gles3 (total internal programs: 4, unique: 4)
Compiling shader "UI/Default" pass "Default" (vp)
    Full variant space:         4
    After settings filtering:   4
    After built-in stripping:   4
    After scriptable stripping: 4
    Processed in 0.00 seconds
    starting compilation...
    finished in 0.00 seconds. Local cache hits 4 (0.00s CPU time), remote cache hits 0 (0.00s CPU time), compiled 0 variants (0.00s CPU time), skipped 0 variants
    Prepared data for serialisation in 0.00s
Serialized binary data for shader UI/Default in 0.00s
    gles3 (total internal programs: 4, unique: 4)
Compiling shader "UI/DefaultETC1" pass "Default" (vp)
    Full variant space:         4
    After settings filtering:   4
    After built-in stripping:   4
    After scriptable stripping: 4
    Processed in 0.00 seconds
    starting compilation...
    finished in 0.00 seconds. Local cache hits 4 (0.00s CPU time), remote cache hits 0 (0.00s CPU time), compiled 0 variants (0.00s CPU time), skipped 0 variants
    Prepared data for serialisation in 0.00s
Serialized binary data for shader UI/DefaultETC1 in 0.00s
    gles3 (total internal programs: 4, unique: 4)
Compiling shader "Hidden/CubeBlur" pass "" (vp)
    Full variant space:         1
    After settings filtering:   1
    After built-in stripping:   1
    After scriptable stripping: 1
    Processed in 0.00 seconds
    starting compilation...
    finished in 0.00 seconds. Local cache hits 1 (0.00s CPU time), remote cache hits 0 (0.00s CPU time), compiled 0 variants (0.00s CPU time), skipped 0 variants
    Prepared data for serialisation in 0.00s
Compiling shader "Hidden/CubeBlur" pass "" (vp)
    Full variant space:         1
    After settings filtering:   1
    After built-in stripping:   1
    After scriptable stripping: 1
    Processed in 0.00 seconds
    starting compilation...
    finished in 0.00 seconds. Local cache hits 1 (0.00s CPU time), remote cache hits 0 (0.00s CPU time), compiled 0 variants (0.00s CPU time), skipped 0 variants
    Prepared data for serialisation in 0.00s
Serialized binary data for shader Hidden/CubeBlur in 0.00s
    gles3 (total internal programs: 2, unique: 2)
Compiling shader "Hidden/CubeCopy" pass "" (vp)
    Full variant space:         1
    After settings filtering:   1
    After built-in stripping:   1
    After scriptable stripping: 1
    Processed in 0.00 seconds
    starting compilation...
    finished in 0.00 seconds. Local cache hits 1 (0.00s CPU time), remote cache hits 0 (0.00s CPU time), compiled 0 variants (0.00s CPU time), skipped 0 variants
    Prepared data for serialisation in 0.00s
Compiling shader "Hidden/CubeCopy" pass "" (vp)
    Full variant space:         1
    After settings filtering:   1
    After built-in stripping:   1
    After scriptable stripping: 1
    Processed in 0.00 seconds
    starting compilation...
    finished in 0.00 seconds. Local cache hits 1 (0.00s CPU time), remote cache hits 0 (0.00s CPU time), compiled 0 variants (0.00s CPU time), skipped 0 variants
    Prepared data for serialisation in 0.00s
Serialized binary data for shader Hidden/CubeCopy in 0.00s
    gles3 (total internal programs: 2, unique: 1)
Compiling shader "Hidden/CubeBlend" pass "" (vp)
    Full variant space:         1
    After settings filtering:   1
    After built-in stripping:   1
    After scriptable stripping: 1
    Processed in 0.00 seconds
    starting compilation...
    finished in 0.00 seconds. Local cache hits 1 (0.00s CPU time), remote cache hits 0 (0.00s CPU time), compiled 0 variants (0.00s CPU time), skipped 0 variants
    Prepared data for serialisation in 0.00s
Compiling shader "Hidden/CubeBlend" pass "" (vp)
    Full variant space:         1
    After settings filtering:   1
    After built-in stripping:   1
    After scriptable stripping: 1
    Processed in 0.00 seconds
    starting compilation...
    finished in 0.00 seconds. Local cache hits 1 (0.00s CPU time), remote cache hits 0 (0.00s CPU time), compiled 0 variants (0.00s CPU time), skipped 0 variants
    Prepared data for serialisation in 0.00s
Serialized binary data for shader Hidden/CubeBlend in 0.00s
    gles3 (total internal programs: 2, unique: 1)
Compiling shader "Hidden/VR/BlitTexArraySlice" pass "" (vp)
    Full variant space:         1
    After settings filtering:   1
    After built-in stripping:   1
    After scriptable stripping: 1
    Processed in 0.00 seconds
    starting compilation...
    finished in 0.00 seconds. Local cache hits 1 (0.00s CPU time), remote cache hits 0 (0.00s CPU time), compiled 0 variants (0.00s CPU time), skipped 0 variants
    Prepared data for serialisation in 0.00s
Serialized binary data for shader Hidden/VR/BlitTexArraySlice in 0.00s
    gles3 (total internal programs: 1, unique: 1)
Compiling shader "Hidden/Internal-ODSWorldTexture" pass "" (vp)
    Full variant space:         1
    After settings filtering:   1
    After built-in stripping:   1
    After scriptable stripping: 1
    Processed in 0.00 seconds
    starting compilation...
    finished in 0.00 seconds. Local cache hits 1 (0.00s CPU time), remote cache hits 0 (0.00s CPU time), compiled 0 variants (0.00s CPU time), skipped 0 variants
    Prepared data for serialisation in 0.00s
Compiling shader "Hidden/Internal-ODSWorldTexture" pass "" (vp)
    Full variant space:         1
    After settings filtering:   1
    After built-in stripping:   1
    After scriptable stripping: 1
    Processed in 0.00 seconds
    starting compilation...
    finished in 0.00 seconds. Local cache hits 1 (0.00s CPU time), remote cache hits 0 (0.00s CPU time), compiled 0 variants (0.00s CPU time), skipped 0 variants
    Prepared data for serialisation in 0.00s
Compiling shader "Hidden/Internal-ODSWorldTexture" pass "" (vp)
    Full variant space:         1
    After settings filtering:   1
    After built-in stripping:   1
    After scriptable stripping: 1
    Processed in 0.00 seconds
    starting compilation...
    finished in 0.00 seconds. Local cache hits 1 (0.00s CPU time), remote cache hits 0 (0.00s CPU time), compiled 0 variants (0.00s CPU time), skipped 0 variants
    Prepared data for serialisation in 0.00s
Compiling shader "Hidden/Internal-ODSWorldTexture" pass "" (vp)
    Full variant space:         1
    After settings filtering:   1
    After built-in stripping:   1
    After scriptable stripping: 1
    Processed in 0.00 seconds
    starting compilation...
    finished in 0.00 seconds. Local cache hits 1 (0.00s CPU time), remote cache hits 0 (0.00s CPU time), compiled 0 variants (0.00s CPU time), skipped 0 variants
    Prepared data for serialisation in 0.00s
Compiling shader "Hidden/Internal-ODSWorldTexture" pass "" (vp)
    Full variant space:         1
    After settings filtering:   1
    After built-in stripping:   1
    After scriptable stripping: 1
    Processed in 0.00 seconds
    starting compilation...
    finished in 0.00 seconds. Local cache hits 1 (0.00s CPU time), remote cache hits 0 (0.00s CPU time), compiled 0 variants (0.00s CPU time), skipped 0 variants
    Prepared data for serialisation in 0.00s
Compiling shader "Hidden/Internal-ODSWorldTexture" pass "" (vp)
    Full variant space:         1
    After settings filtering:   1
    After built-in stripping:   1
    After scriptable stripping: 1
    Processed in 0.00 seconds
    starting compilation...
    finished in 0.00 seconds. Local cache hits 1 (0.00s CPU time), remote cache hits 0 (0.00s CPU time), compiled 0 variants (0.00s CPU time), skipped 0 variants
    Prepared data for serialisation in 0.00s
Compiling shader "Hidden/Internal-ODSWorldTexture" pass "" (vp)
    Full variant space:         1
    After settings filtering:   1
    After built-in stripping:   1
    After scriptable stripping: 1
    Processed in 0.00 seconds
    starting compilation...
    finished in 0.00 seconds. Local cache hits 1 (0.00s CPU time), remote cache hits 0 (0.00s CPU time), compiled 0 variants (0.00s CPU time), skipped 0 variants
    Prepared data for serialisation in 0.00s
Compiling shader "Hidden/Internal-ODSWorldTexture" pass "" (vp)
    Full variant space:         1
    After settings filtering:   1
    After built-in stripping:   1
    After scriptable stripping: 1
    Processed in 0.00 seconds
    starting compilation...
    finished in 0.00 seconds. Local cache hits 1 (0.00s CPU time), remote cache hits 0 (0.00s CPU time), compiled 0 variants (0.00s CPU time), skipped 0 variants
    Prepared data for serialisation in 0.00s
Compiling shader "Hidden/Internal-ODSWorldTexture" pass "" (vp)
    Full variant space:         1
    After settings filtering:   1
    After built-in stripping:   1
    After scriptable stripping: 1
    Processed in 0.00 seconds
    starting compilation...
    finished in 0.00 seconds. Local cache hits 1 (0.00s CPU time), remote cache hits 0 (0.00s CPU time), compiled 0 variants (0.00s CPU time), skipped 0 variants
    Prepared data for serialisation in 0.00s
Compiling shader "Hidden/Internal-ODSWorldTexture" pass "" (vp)
    Full variant space:         1
    After settings filtering:   1
    After built-in stripping:   1
    After scriptable stripping: 1
    Processed in 0.00 seconds
    starting compilation...
    finished in 0.00 seconds. Local cache hits 1 (0.00s CPU time), remote cache hits 0 (0.00s CPU time), compiled 0 variants (0.00s CPU time), skipped 0 variants
    Prepared data for serialisation in 0.00s
Serialized binary data for shader Hidden/Internal-ODSWorldTexture in 0.00s
    gles3 (total internal programs: 10, unique: 9)
Compiling shader "Hidden/Internal-CubemapToEquirect" pass "" (vp)
    Full variant space:         1
    After settings filtering:   1
    After built-in stripping:   1
    After scriptable stripping: 1
    Processed in 0.00 seconds
    starting compilation...
    finished in 0.00 seconds. Local cache hits 1 (0.00s CPU time), remote cache hits 0 (0.00s CPU time), compiled 0 variants (0.00s CPU time), skipped 0 variants
    Prepared data for serialisation in 0.00s
Serialized binary data for shader Hidden/Internal-CubemapToEquirect in 0.00s
    gles3 (total internal programs: 1, unique: 1)
Compiling shader "Hidden/VR/BlitFromTex2DToTexArraySlice" pass "" (vp)
    Full variant space:         1
    After settings filtering:   1
    After built-in stripping:   1
    After scriptable stripping: 1
    Processed in 0.00 seconds
    starting compilation...
    finished in 0.00 seconds. Local cache hits 1 (0.00s CPU time), remote cache hits 0 (0.00s CPU time), compiled 0 variants (0.00s CPU time), skipped 0 variants
    Prepared data for serialisation in 0.00s
Compiling shader "Hidden/VR/BlitFromTex2DToTexArraySlice" pass "" (vp)
    Full variant space:         1
    After settings filtering:   1
    After built-in stripping:   1
    After scriptable stripping: 1
    Processed in 0.00 seconds
    starting compilation...
    finished in 0.00 seconds. Local cache hits 1 (0.00s CPU time), remote cache hits 0 (0.00s CPU time), compiled 0 variants (0.00s CPU time), skipped 0 variants
    Prepared data for serialisation in 0.00s
Serialized binary data for shader Hidden/VR/BlitFromTex2DToTexArraySlice in 0.00s
    gles3 (total internal programs: 2, unique: 2)
Compiling shader "Hidden/VideoComposite" pass "Default" (vp)
    Full variant space:         1
    After settings filtering:   1
    After built-in stripping:   1
    After scriptable stripping: 1
    Processed in 0.00 seconds
    starting compilation...
    finished in 0.00 seconds. Local cache hits 1 (0.00s CPU time), remote cache hits 0 (0.00s CPU time), compiled 0 variants (0.00s CPU time), skipped 0 variants
    Prepared data for serialisation in 0.00s
Serialized binary data for shader Hidden/VideoComposite in 0.00s
    gles3 (total internal programs: 1, unique: 1)
Compiling shader "Hidden/TextCore/Distance Field SSD" pass "" (vp)
    Full variant space:         1
    After settings filtering:   1
    After built-in stripping:   1
    After scriptable stripping: 1
    Processed in 0.00 seconds
    starting compilation...
    finished in 0.00 seconds. Local cache hits 1 (0.00s CPU time), remote cache hits 0 (0.00s CPU time), compiled 0 variants (0.00s CPU time), skipped 0 variants
    Prepared data for serialisation in 0.00s
Serialized binary data for shader Hidden/TextCore/Distance Field SSD in 0.00s
    gles3 (total internal programs: 1, unique: 1)

***Player size statistics***
Level 0 'Assets/Scenes/SampleScene.unity' uses 60.1 MB compressed / 176.1 MB uncompressed.
Total compressed size 60.1 MB. Total uncompressed size 176.1 MB.
[40m[32minfo[39m[22m[49m: Microsoft.AspNetCore.Hosting.Diagnostics[1]
      Request starting HTTP/2 POST http://ilpp/UnityILPP.PostProcessing/Ping application/grpc -
[40m[32minfo[39m[22m[49m: Microsoft.AspNetCore.Routing.EndpointMiddleware[0]
      Executing endpoint 'gRPC - /UnityILPP.PostProcessing/Ping'
[40m[32minfo[39m[22m[49m: Microsoft.AspNetCore.Routing.EndpointMiddleware[1]
      Executed endpoint 'gRPC - /UnityILPP.PostProcessing/Ping'
[40m[32minfo[39m[22m[49m: Microsoft.AspNetCore.Hosting.Diagnostics[2]
      Request finished HTTP/2 POST http://ilpp/UnityILPP.PostProcessing/Ping application/grpc - - 200 - application/grpc 1.3262ms
Starting: /Applications/Unity/Hub/Editor/2022.3.62f2/Unity.app/Contents/bee_backend --ipc --dagfile="Library/Bee/Player09f4737b.dag" --profile="Library/Bee/backend1.traceevents" Player
WorkingDir: /Users/jangyoung/orca/Abyssal-Surge
DisplayProgressbar: Incremental Player Build
[214/796    0s] AddBootConfigGUID Library/Bee/artifacts/WebGL/boot.config
[215/796    1s] PreprocessJS Builds/WebGL/castle-war/index.html
[216/796    6s] UnityLinker /Users/jangyoung/orca/Abyssal-Surge/Library/Bee/artifacts/unitylinker_ber2.traceevents
/Applications/Unity/Hub/Editor/2022.3.62f2/Unity.app/Contents/il2cpp/build/deploy/UnityLinker --allowed-assembly=/Applications/Unity/Hub/Editor/2022.3.62f2/PlaybackEngines/WebGLSupport/Managed/UnityEngine.AIModule.dll --allowed-assembly=/Applications/Unity/Hub/Editor/2022.3.62f2/PlaybackEngines/WebGLSupport/Managed/UnityEngine.AccessibilityModule.dll --allowed-assembly=/Applications/Unity/Hub/Editor/2022.3.62f2/PlaybackEngines/WebGLSupport/Managed/UnityEngine.AndroidJNIModule.dll --allowed-assembly=/Applications/Unity/Hub/Editor/2022.3.62f2/PlaybackEngines/WebGLSupport/Managed/UnityEngine.AnimationModule.dll --allowed-assembly=/Applications/Unity/Hub/Editor/2022.3.62f2/PlaybackEngines/WebGLSupport/Managed/UnityEngine.AssetBundleModule.dll --allowed-assembly=/Applications/Unity/Hub/Editor/2022.3.62f2/PlaybackEngines/WebGLSupport/Managed/UnityEngine.AudioModule.dll --allowed-assembly=/Applications/Unity/Hub/Editor/2022.3.62f2/PlaybackEngines/WebGLSupport/Managed/UnityEngine.ClothModule.dll --allowed-assembly=/Applications/Unity/Hub/Editor/2022.3.62f2/PlaybackEngines/WebGLSupport/Managed/UnityEngine.ContentLoadModule.dll --allowed-assembly=/Applications/Unity/Hub/Editor/2022.3.62f2/PlaybackEngines/WebGLSupport/Managed/UnityEngine.CoreModule.dll --allowed-assembly=/Applications/Unity/Hub/Editor/2022.3.62f2/PlaybackEngines/WebGLSupport/Managed/UnityEngine.CrashReportingModule.dll --allowed-assembly=/Applications/Unity/Hub/Editor/2022.3.62f2/PlaybackEngines/WebGLSupport/Managed/UnityEngine.DSPGraphModule.dll --allowed-assembly=/Applications/Unity/Hub/Editor/2022.3.62f2/PlaybackEngines/WebGLSupport/Managed/UnityEngine.DirectorModule.dll --allowed-assembly=/Applications/Unity/Hub/Editor/2022.3.62f2/PlaybackEngines/WebGLSupport/Managed/UnityEngine.GIModule.dll --allowed-assembly=/Applications/Unity/Hub/Editor/2022.3.62f2/PlaybackEngines/WebGLSupport/Managed/UnityEngine.GameCenterModule.dll --allowed-assembly=/Applications/Unity/Hub/Editor/2022.3.62f2/PlaybackEngines/WebGLSupport/Managed/UnityEngine.GridModule.dll --allowed-assembly=/Applications/Unity/Hub/Editor/2022.3.62f2/PlaybackEngines/WebGLSupport/Managed/UnityEngine.HotReloadModule.dll --allowed-assembly=/Applications/Unity/Hub/Editor/2022.3.62f2/PlaybackEngines/WebGLSupport/Managed/UnityEngine.IMGUIModule.dll --allowed-assembly=/Applications/Unity/Hub/Editor/2022.3.62f2/PlaybackEngines/WebGLSupport/Managed/UnityEngine.ImageConversionModule.dll --allowed-assembly=/Applications/Unity/Hub/Editor/2022.3.62f2/PlaybackEngines/WebGLSupport/Managed/UnityEngine.InputLegacyModule.dll --allowed-assembly=/Applications/Unity/Hub/Editor/2022.3.62f2/PlaybackEngines/WebGLSupport/Managed/UnityEngine.InputModule.dll --allowed-assembly=/Applications/Unity/Hub/Editor/2022.3.62f2/PlaybackEngines/WebGLSupport/Managed/UnityEngine.JSONSerializeModule.dll --allowed-assembly=/Applications/Unity/Hub/Editor/2022.3.62f2/PlaybackEngines/WebGLSupport/Managed/UnityEngine.LocalizationModule.dll --allowed-assembly=/Applications/Unity/Hub/Editor/2022.3.62f2/PlaybackEngines/WebGLSupport/Managed/UnityEngine.ParticleSystemModule.dll --allowed-assembly=/Applications/Unity/Hub/Editor/2022.3.62f2/PlaybackEngines/WebGLSupport/Managed/UnityEngine.PerformanceReportingModule.dll --allowed-assembly=/Applications/Unity/Hub/Editor/2022.3.62f2/PlaybackEngines/WebGLSupport/Managed/UnityEngine.Physics2DModule.dll --allowed-assembly=/Applications/Unity/Hub/Editor/2022.3.62f2/PlaybackEngines/WebGLSupport/Managed/UnityEngine.PhysicsModule.dll --allowed-assembly=/Applications/Unity/Hub/Editor/2022.3.62f2/PlaybackEngines/WebGLSupport/Managed/UnityEngine.ProfilerModule.dll --allowed-assembly=/Applications/Unity/Hub/Editor/2022.3.62f2/PlaybackEngines/WebGLSupport/Managed/UnityEngine.PropertiesModule.dll --allowed-assembly=/Applications/Unity/Hub/Editor/2022.3.62f2/PlaybackEngines/WebGLSupport/Managed/UnityEngine.RuntimeInitializeOnLoadManagerInitializerModule.dll --allowed-assembly=/Applications/Unity/Hub/Editor/2022.3.62f2/PlaybackEngines/WebGLSupport/Managed/UnityEngine.ScreenCaptureModule.dll --allowed-assembly=/Applications/Unity/Hub/Editor/2022.3.62f2/PlaybackEngines/WebGLSupport/Managed/UnityEngine.SharedInternalsModule.dll --allowed-assembly=/Applications/Unity/Hub/Editor/2022.3.62f2/PlaybackEngines/WebGLSupport/Managed/UnityEngine.SpriteMaskModule.dll --allowed-assembly=/Applications/Unity/Hub/Editor/2022.3.62f2/PlaybackEngines/WebGLSupport/Managed/UnityEngine.SpriteShapeModule.dll --allowed-assembly=/Applications/Unity/Hub/Editor/2022.3.62f2/PlaybackEngines/WebGLSupport/Managed/UnityEngine.StreamingModule.dll --allowed-assembly=/Applications/Unity/Hub/Editor/2022.3.62f2/PlaybackEngines/WebGLSupport/Managed/UnityEngine.SubstanceModule.dll --allowed-assembly=/Applications/Unity/Hub/Editor/2022.3.62f2/PlaybackEngines/WebGLSupport/Managed/UnityEngine.SubsystemsModule.dll --allowed-assembly=/Applications/Unity/Hub/Editor/2022.3.62f2/PlaybackEngines/WebGLSupport/Managed/UnityEngine.TLSModule.dll --allowed-assembly=/Applications/Unity/Hub/Editor/2022.3.62f2/PlaybackEngines/WebGLSupport/Managed/UnityEngine.TerrainModule.dll --allowed-assembly=/Applications/Unity/Hub/Editor/2022.3.62f2/PlaybackEngines/WebGLSupport/Managed/UnityEngine.TerrainPhysicsModule.dll --allowed-assembly=/Applications/Unity/Hub/Editor/2022.3.62f2/PlaybackEngines/WebGLSupport/Managed/UnityEngine.TextCoreFontEngineModule.dll --allowed-assembly=/Applications/Unity/Hub/Editor/2022.3.62f2/PlaybackEngines/WebGLSupport/Managed/UnityEngine.TextCoreTextEngineModule.dll --allowed-assembly=/Applications/Unity/Hub/Editor/2022.3.62f2/PlaybackEngines/WebGLSupport/Managed/UnityEngine.TextRenderingModule.dll --allowed-assembly=/Applications/Unity/Hub/Editor/2022.3.62f2/PlaybackEngines/WebGLSupport/Managed/UnityEngine.TilemapModule.dll --allowed-assembly=/Applications/Unity/Hub/Editor/2022.3.62f2/PlaybackEngines/WebGLSupport/Managed/UnityEngine.UIElementsModule.dll --allowed-assembly=/Applications/Unity/Hub/Editor/2022.3.62f2/PlaybackEngines/WebGLSupport/Managed/UnityEngine.UIModule.dll --allowed-assembly=/Applications/Unity/Hub/Editor/2022.3.62f2/PlaybackEngines/WebGLSupport/Managed/UnityEngine.UmbraModule.dll --allowed-assembly=/Applications/Unity/Hub/Editor/2022.3.62f2/PlaybackEngines/WebGLSupport/Managed/UnityEngine.UnityAnalyticsCommonModule.dll --allowed-assembly=/Applications/Unity/Hub/Editor/2022.3.62f2/PlaybackEngines/WebGLSupport/Managed/UnityEngine.UnityAnalyticsModule.dll --allowed-assembly=/Applications/Unity/Hub/Editor/2022.3.62f2/PlaybackEngines/WebGLSupport/Managed/UnityEngine.UnityConnectModule.dll --allowed-assembly=/Applications/Unity/Hub/Editor/2022.3.62f2/PlaybackEngines/WebGLSupport/Managed/UnityEngine.UnityCurlModule.dll --allowed-assembly=/Applications/Unity/Hub/Editor/2022.3.62f2/PlaybackEngines/WebGLSupport/Managed/UnityEngine.UnityTestProtocolModule.dll --allowed-assembly=/Applications/Unity/Hub/Editor/2022.3.62f2/PlaybackEngines/WebGLSupport/Managed/UnityEngine.UnityWebRequestAssetBundleModule.dll --allowed-assembly=/Applications/Unity/Hub/Editor/2022.3.62f2/PlaybackEngines/WebGLSupport/Managed/UnityEngine.UnityWebRequestAudioModule.dll --allowed-assembly=/Applications/Unity/Hub/Editor/2022.3.62f2/PlaybackEngines/WebGLSupport/Managed/UnityEngine.UnityWebRequestModule.dll --allowed-assembly=/Applications/Unity/Hub/Editor/2022.3.62f2/PlaybackEngines/WebGLSupport/Managed/UnityEngine.UnityWebRequestTextureModule.dll --allowed-assembly=/Applications/Unity/Hub/Editor/2022.3.62f2/PlaybackEngines/WebGLSupport/Managed/UnityEngine.UnityWebRequestWWWModule.dll --allowed-assembly=/Applications/Unity/Hub/Editor/2022.3.62f2/PlaybackEngines/WebGLSupport/Managed/UnityEngine.VFXModule.dll --allowed-assembly=/Applications/Unity/Hub/Editor/2022.3.62f2/PlaybackEngines/WebGLSupport/Managed/UnityEngine.VRModule.dll --allowed-assembly=/Applications/Unity/Hub/Editor/2022.3.62f2/PlaybackEngines/WebGLSupport/Managed/UnityEngine.VehiclesModule.dll --allowed-assembly=/Applications/Unity/Hub/Editor/2022.3.62f2/PlaybackEngines/WebGLSupport/Managed/UnityEngine.VideoModule.dll --allowed-assembly=/Applications/Unity/Hub/Editor/2022.3.62f2/PlaybackEngines/WebGLSupport/Managed/UnityEngine.WebGLModule.dll --allowed-assembly=/Applications/Unity/Hub/Editor/2022.3.62f2/PlaybackEngines/WebGLSupport/Managed/UnityEngine.WindModule.dll --allowed-assembly=/Applications/Unity/Hub/Editor/2022.3.62f2/PlaybackEngines/WebGLSupport/Managed/UnityEngine.XRModule.dll --allowed-assembly=/Applications/Unity/Hub/Editor/2022.3.62f2/PlaybackEngines/WebGLSupport/Managed/UnityEngine.dll --allowed-assembly=/Users/jangyoung/orca/Abyssal-Surge/Library/Bee/PlayerScriptAssemblies/Assembly-CSharp.dll --allowed-assembly=/Users/jangyoung/orca/Abyssal-Surge/Library/Bee/PlayerScriptAssemblies/Unity.Services.Core.dll --allowed-assembly=/Users/jangyoung/orca/Abyssal-Surge/Library/Bee/PlayerScriptAssemblies/Unity.Purchasing.Stores.XboxCloudServices.dll --allowed-assembly=/Users/jangyoung/orca/Abyssal-Surge/Library/Bee/PlayerScriptAssemblies/Unity.RenderPipelines.Universal.Config.Runtime.dll --allowed-assembly=/Users/jangyoung/orca/Abyssal-Surge/Library/Bee/PlayerScriptAssemblies/Unity.Services.Core.Scheduler.dll --allowed-assembly=/Users/jangyoung/orca/Abyssal-Surge/Library/Bee/PlayerScriptAssemblies/Unity.Services.Core.Configuration.dll --allowed-assembly=/Users/jangyoung/orca/Abyssal-Surge/Library/Bee/PlayerScriptAssemblies/Unity.RenderPipelines.Core.ShaderLibrary.dll --allowed-assembly=/Users/jangyoung/orca/Abyssal-Surge/Library/Bee/PlayerScriptAssemblies/Unity.ProBuilder.Poly2Tri.dll --allowed-assembly=/Users/jangyoung/orca/Abyssal-Surge/Library/Bee/PlayerScriptAssemblies/CastleBusters.dll --allowed-assembly=/Users/jangyoung/orca/Abyssal-Surge/Library/Bee/PlayerScriptAssemblies/Unity.2D.PixelPerfect.dll --allowed-assembly=/Users/jangyoung/orca/Abyssal-Surge/Library/Bee/PlayerScriptAssemblies/Unity.Purchasing.AppleMacosStub.dll --allowed-assembly=/Users/jangyoung/orca/Abyssal-Surge/Library/Bee/PlayerScriptAssemblies/Unity.TextMeshPro.dll --allowed-assembly=/Users/jangyoung/orca/Abyssal-Surge/Library/Bee/PlayerScriptAssemblies/Unity.RenderPipelines.Universal.Runtime.dll --allowed-assembly=/Users/jangyoung/orca/Abyssal-Surge/Library/Bee/PlayerScriptAssemblies/com.IvanMurzak.Unity.MCP.TestFiles.dll --allowed-assembly=/Users/jangyoung/orca/Abyssal-Surge/Library/Bee/PlayerScriptAssemblies/Unity.Burst.dll --allowed-assembly=/Users/jangyoung/orca/Abyssal-Surge/Library/Bee/PlayerScriptAssemblies/Unity.ProBuilder.dll --allowed-assembly=/Users/jangyoung/orca/Abyssal-Surge/Library/Bee/PlayerScriptAssemblies/Unity.Services.Core.Device.dll --allowed-assembly=/Users/jangyoung/orca/Abyssal-Surge/Library/Bee/PlayerScriptAssemblies/Unity.Services.Core.Threading.dll --allowed-assembly=/Users/jangyoung/orca/Abyssal-Surge/Library/Bee/PlayerScriptAssemblies/Unity.RenderPipeline.Universal.ShaderLibrary.dll --allowed-assembly=/Users/jangyoung/orca/Abyssal-Surge/Library/Bee/PlayerScriptAssemblies/Unity.InputSystem.ForUI.dll --allowed-assembly=/Users/jangyoung/orca/Abyssal-Surge/Library/Bee/PlayerScriptAssemblies/Unity.Services.Core.Components.dll --allowed-assembly=/Users/jangyoung/orca/Abyssal-Surge/Library/Bee/PlayerScriptAssemblies/Extensions.Unity.PlayerPrefsEx.dll --allowed-assembly=/Users/jangyoung/orca/Abyssal-Surge/Library/Bee/PlayerScriptAssemblies/Unity.Splines.dll --allowed-assembly=/Users/jangyoung/orca/Abyssal-Surge/Library/Bee/PlayerScriptAssemblies/Unity.RenderPipelines.Universal.Shaders.dll --allowed-assembly=/Users/jangyoung/orca/Abyssal-Surge/Library/Bee/PlayerScriptAssemblies/Unity.Purchasing.SecurityCore.dll --allowed-assembly=/Users/jangyoung/orca/Abyssal-Surge/Library/Bee/PlayerScriptAssemblies/Unity.VisualScripting.State.dll --allowed-assembly=/Users/jangyoung/orca/Abyssal-Surge/Library/Bee/PlayerScriptAssemblies/Unity.RenderPipelines.Core.Runtime.dll --allowed-assembly=/Users/jangyoung/orca/Abyssal-Surge/Library/Bee/PlayerScriptAssemblies/Unity.AI.Navigation.dll --allowed-assembly=/Users/jangyoung/orca/Abyssal-Surge/Library/Bee/PlayerScriptAssemblies/Unity.ProBuilder.Stl.dll --allowed-assembly=/Users/jangyoung/orca/Abyssal-Surge/Library/Bee/PlayerScriptAssemblies/Unity.Purchasing.Stores.dll --allowed-assembly=/Users/jangyoung/orca/Abyssal-Surge/Library/Bee/PlayerScriptAssemblies/Unity.Services.Core.Environments.Internal.dll --allowed-assembly=/Users/jangyoung/orca/Abyssal-Surge/Library/Bee/PlayerScriptAssemblies/Unity.Services.Core.Networking.dll --allowed-assembly=/Users/jangyoung/orca/Abyssal-Surge/Library/Bee/PlayerScriptAssemblies/Unity.ProBuilder.Csg.dll --allowed-assembly=/Users/jangyoung/orca/Abyssal-Surge/Library/Bee/PlayerScriptAssemblies/Unity.Purchasing.AppleStub.dll --allowed-assembly=/Users/jangyoung/orca/Abyssal-Surge/Library/Bee/PlayerScriptAssemblies/Unity.VisualScripting.Flow.dll --allowed-assembly=/Users/jangyoung/orca/Abyssal-Surge/Library/Bee/PlayerScriptAssemblies/Unity.Services.Core.Environments.dll --allowed-assembly=/Users/jangyoung/orca/Abyssal-Surge/Library/Bee/PlayerScriptAssemblies/com.IvanMurzak.Unity.MCP.Runtime.dll --allowed-assembly=/Users/jangyoung/orca/Abyssal-Surge/Library/Bee/PlayerScriptAssemblies/Unity.Purchasing.PaymentProviderService.dll --allowed-assembly=/Users/jangyoung/orca/Abyssal-Surge/Library/Bee/PlayerScriptAssemblies/Unity.Services.Core.Analytics.dll --allowed-assembly=/Users/jangyoung/orca/Abyssal-Surge/Library/Bee/PlayerScriptAssemblies/Unity.Purchasing.dll --allowed-assembly=/Users/jangyoung/orca/Abyssal-Surge/Library/Bee/PlayerScriptAssemblies/Unity.Purchasing.Utilities.dll --allowed-assembly=/Users/jangyoung/orca/Abyssal-Surge/Library/Bee/PlayerScriptAssemblies/Unity.RenderPipelines.ShaderGraph.ShaderGraphLibrary.dll --allowed-assembly=/Users/jangyoung/orca/Abyssal-Surge/Library/Bee/PlayerScriptAssemblies/Unity.Purchasing.Codeless.dll --allowed-assembly=/Users/jangyoung/orca/Abyssal-Surge/Library/Bee/PlayerScriptAssemblies/Unity.Purchasing.SecurityStub.dll --allowed-assembly=/Users/jangyoung/orca/Abyssal-Surge/Library/Bee/PlayerScriptAssemblies/Unity.Services.Core.Internal.dll --allowed-assembly=/Users/jangyoung/orca/Abyssal-Surge/Library/Bee/PlayerScriptAssemblies/Unity.VisualScripting.Core.dll --allowed-assembly=/Users/jangyoung/orca/Abyssal-Surge/Library/Bee/PlayerScriptAssemblies/Unity.2D.Tilemap.Extras.dll --allowed-assembly=/Users/jangyoung/orca/Abyssal-Surge/Library/Bee/PlayerScriptAssemblies/Unity.Cinemachine.dll --allowed-assembly=/Users/jangyoung/orca/Abyssal-Surge/Library/Bee/PlayerScriptAssemblies/UnityEngine.UI.dll --allowed-assembly=/Users/jangyoung/orca/Abyssal-Surge/Library/Bee/PlayerScriptAssemblies/Unity.Services.Core.Telemetry.dll --allowed-assembly=/Users/jangyoung/orca/Abyssal-Surge/Library/Bee/PlayerScriptAssemblies/Unity.RenderPipelines.Universal.2D.Internal.dll --allowed-assembly=/Users/jangyoung/orca/Abyssal-Surge/Library/Bee/PlayerScriptAssemblies/Unity.Purchasing.LiveContentAdapterService.dll --allowed-assembly=/Users/jangyoung/orca/Abyssal-Surge/Library/Bee/PlayerScriptAssemblies/Unity.Timeline.dll --allowed-assembly=/Users/jangyoung/orca/Abyssal-Surge/Library/Bee/PlayerScriptAssemblies/Unity.InputSystem.dll --allowed-assembly=/Users/jangyoung/orca/Abyssal-Surge/Library/Bee/PlayerScriptAssemblies/Unity.ProBuilder.KdTree.dll --allowed-assembly=/Users/jangyoung/orca/Abyssal-Surge/Library/Bee/PlayerScriptAssemblies/Unity.Mathematics.dll --allowed-assembly=/Users/jangyoung/orca/Abyssal-Surge/Library/Bee/PlayerScriptAssemblies/Unity.Purchasing.WebshopService.dll --allowed-assembly=/Users/jangyoung/orca/Abyssal-Surge/Library/Bee/PlayerScriptAssemblies/Unity.Services.Core.Registration.dll --allowed-assembly=/Users/jangyoung/orca/Abyssal-Surge/Library/Bee/PlayerScriptAssemblies/com.IvanMurzak.Unity.MCP.Animation.Runtime.dll --allowed-assembly=/Users/jangyoung/orca/Abyssal-Surge/Assets/Plugins/NuGet/Microsoft.Extensions.Options.dll --allowed-assembly=/Users/jangyoung/orca/Abyssal-Surge/Assets/Plugins/NuGet/Microsoft.Bcl.AsyncInterfaces.dll --allowed-assembly=/Users/jangyoung/orca/Abyssal-Surge/Assets/Plugins/NuGet/Microsoft.AspNetCore.SignalR.Client.dll --allowed-assembly=/Users/jangyoung/orca/Abyssal-Surge/Assets/Plugins/NuGet/ReflectorNet.dll --allowed-assembly=/Users/jangyoung/orca/Abyssal-Surge/Assets/Plugins/NuGet/Microsoft.Extensions.Caching.Abstractions.dll --allowed-assembly=/Users/jangyoung/orca/Abyssal-Surge/Assets/Plugins/NuGet/Microsoft.Extensions.Configuration.Abstractions.dll --allowed-assembly=/Users/jangyoung/orca/Abyssal-Surge/Assets/Plugins/NuGet/Microsoft.AspNetCore.SignalR.Client.Core.dll --allowed-assembly=/Users/jangyoung/orca/Abyssal-Surge/Assets/Plugins/NuGet/Microsoft.Extensions.FileProviders.Abstractions.dll --allowed-assembly=/Users/jangyoung/orca/Abyssal-Surge/Assets/Plugins/NuGet/System.ComponentModel.Annotations.dll --allowed-assembly=/Users/jangyoung/orca/Abyssal-Surge/Assets/Plugins/NuGet/System.Text.Json.dll --allowed-assembly=/Users/jangyoung/orca/Abyssal-Surge/Assets/Plugins/NuGet/System.Collections.Immutable.dll --allowed-assembly=/Users/jangyoung/orca/Abyssal-Surge/Assets/Plugins/NuGet/Microsoft.Extensions.Features.dll --allowed-assembly=/Users/jangyoung/orca/Abyssal-Surge/Assets/Plugins/NuGet/Microsoft.Extensions.DependencyInjection.dll --allowed-assembly=/Users/jangyoung/orca/Abyssal-Surge/Assets/Plugins/NuGet/Microsoft.Extensions.Hosting.Abstractions.dll --allowed-assembly=/Users/jangyoung/orca/Abyssal-Surge/Assets/Plugins/NuGet/McpPlugin.dll --allowed-assembly=/Users/jangyoung/orca/Abyssal-Surge/Assets/Plugins/NuGet/Microsoft.Extensions.Logging.dll --allowed-assembly=/Users/jangyoung/orca/Abyssal-Surge/Assets/Plugins/NuGet/R3.dll --allowed-assembly=/Users/jangyoung/orca/Abyssal-Surge/Assets/Plugins/NuGet/Microsoft.AspNetCore.SignalR.Common.dll --allowed-assembly=/Users/jangyoung/orca/Abyssal-Surge/Assets/Plugins/NuGet/System.Threading.Channels.dll --allowed-assembly=/Users/jangyoung/orca/Abyssal-Surge/Assets/Plugins/NuGet/System.Runtime.CompilerServices.Unsafe.dll --allowed-assembly=/Users/jangyoung/orca/Abyssal-Surge/Assets/Plugins/NuGet/Microsoft.Bcl.TimeProvider.dll --allowed-assembly=/Users/jangyoung/orca/Abyssal-Surge/Assets/Plugins/NuGet/Microsoft.AspNetCore.SignalR.Protocols.Json.dll --allowed-assembly=/Users/jangyoung/orca/Abyssal-Surge/Assets/Plugins/NuGet/System.Text.Encodings.Web.dll --allowed-assembly=/Users/jangyoung/orca/Abyssal-Surge/Assets/Plugins/NuGet/System.IO.Pipelines.dll --allowed-assembly=/Users/jangyoung/orca/Abyssal-Surge/Assets/Plugins/NuGet/Microsoft.AspNetCore.Http.Connections.Common.dll --allowed-assembly=/Users/jangyoung/orca/Abyssal-Surge/Library/PackageCache/com.unity.visualscripting@1.9.4/Runtime/VisualScripting.Flow/Dependencies/NCalc/Unity.VisualScripting.Antlr3.Runtime.dll --allowed-assembly=/Users/jangyoung/orca/Abyssal-Surge/Library/PackageCache/com.unity.burst@1.8.21/Unity.Burst.Unsafe.dll --allowed-assembly=/Users/jangyoung/orca/Abyssal-Surge/Assets/Plugins/NuGet/Microsoft.Extensions.DependencyInjection.Abstractions.dll --allowed-assembly=/Users/jangyoung/orca/Abyssal-Surge/Assets/Plugins/NuGet/Microsoft.Extensions.Diagnostics.Abstractions.dll --allowed-assembly=/Users/jangyoung/orca/Abyssal-Surge/Assets/Plugins/NuGet/Microsoft.Extensions.Primitives.dll --allowed-assembly=/Users/jangyoung/orca/Abyssal-Surge/Assets/Plugins/NuGet/Microsoft.AspNetCore.Http.Connections.Client.dll --allowed-assembly=/Users/jangyoung/orca/Abyssal-Surge/Library/PackageCache/com.unity.nuget.newtonsoft-json@3.2.2/Runtime/AOT/Newtonsoft.Json.dll --allowed-assembly=/Users/jangyoung/orca/Abyssal-Surge/Assets/Plugins/NuGet/System.Text.Encoding.CodePages.dll --allowed-assembly=/Users/jangyoung/orca/Abyssal-Surge/Assets/Plugins/NuGet/Microsoft.AspNetCore.Connections.Abstractions.dll --allowed-assembly=/Users/jangyoung/orca/Abyssal-Surge/Assets/Plugins/NuGet/Microsoft.Extensions.Logging.Abstractions.dll --allowed-assembly=/Users/jangyoung/orca/Abyssal-Surge/Assets/Plugins/NuGet/System.Reflection.Metadata.dll --allowed-assembly=/Users/jangyoung/orca/Abyssal-Surge/Assets/Plugins/NuGet/Microsoft.CodeAnalysis.dll --allowed-assembly=/Users/jangyoung/orca/Abyssal-Surge/Assets/Plugins/NuGet/McpPlugin.Common.dll --allowed-assembly=/Users/jangyoung/orca/Abyssal-Surge/Assets/Plugins/NuGet/System.Diagnostics.DiagnosticSource.dll --allowed-assembly=/Applications/Unity/Hub/Editor/2022.3.62f2/Unity.app/Contents/MonoBleedingEdge/lib/mono/unityaot-linux/Accessibility.dll --allowed-assembly=/Applications/Unity/Hub/Editor/2022.3.62f2/Unity.app/Contents/MonoBleedingEdge/lib/mono/unityaot-linux/Facades/Microsoft.Win32.Primitives.dll --allowed-assembly=/Applications/Unity/Hub/Editor/2022.3.62f2/Unity.app/Contents/MonoBleedingEdge/lib/mono/unityaot-linux/Facades/Microsoft.Win32.Registry.AccessControl.dll --allowed-assembly=/Applications/Unity/Hub/Editor/2022.3.62f2/Unity.app/Contents/MonoBleedingEdge/lib/mono/unityaot-linux/Facades/Microsoft.Win32.Registry.dll --allowed-assembly=/Applications/Unity/Hub/Editor/2022.3.62f2/Unity.app/Contents/MonoBleedingEdge/lib/mono/unityaot-linux/Facades/System.AppContext.dll --allowed-assembly=/Applications/Unity/Hub/Editor/2022.3.62f2/Unity.app/Contents/MonoBleedingEdge/lib/mono/unityaot-linux/Facades/System.Buffers.dll --allowed-assembly=/Applications/Unity/Hub/Editor/2022.3.62f2/Unity.app/Contents/MonoBleedingEdge/lib/mono/unityaot-linux/Facades/System.Collections.Concurrent.dll --allowed-assembly=/Applications/Unity/Hub/Editor/2022.3.62f2/Unity.app/Contents/MonoBleedingEdge/lib/mono/unityaot-linux/Facades/System.Collections.NonGeneric.dll --allowed-assembly=/Applications/Unity/Hub/Editor/2022.3.62f2/Unity.app/Contents/MonoBleedingEdge/lib/mono/unityaot-linux/Facades/System.Collections.Specialized.dll --allowed-assembly=/Applications/Unity/Hub/Editor/2022.3.62f2/Unity.app/Contents/MonoBleedingEdge/lib/mono/unityaot-linux/Facades/System.Collections.dll --allowed-assembly=/Applications/Unity/Hub/Editor/2022.3.62f2/Unity.app/Contents/MonoBleedingEdge/lib/mono/unityaot-linux/Facades/System.ComponentModel.EventBasedAsync.dll --allowed-assembly=/Applications/Unity/Hub/Editor/2022.3.62f2/Unity.app/Contents/MonoBleedingEdge/lib/mono/unityaot-linux/Facades/System.ComponentModel.Primitives.dll --allowed-assembly=/Applications/Unity/Hub/Editor/2022.3.62f2/Unity.app/Contents/MonoBleedingEdge/lib/mono/unityaot-linux/Facades/System.ComponentModel.TypeConverter.dll --allowed-assembly=/Applications/Unity/Hub/Editor/2022.3.62f2/Unity.app/Contents/MonoBleedingEdge/lib/mono/unityaot-linux/Facades/System.ComponentModel.dll --allowed-assembly=/Applications/Unity/Hub/Editor/2022.3.62f2/Unity.app/Contents/MonoBleedingEdge/lib/mono/unityaot-linux/Facades/System.Console.dll --allowed-assembly=/Applications/Unity/Hub/Editor/2022.3.62f2/Unity.app/Contents/MonoBleedingEdge/lib/mono/unityaot-linux/Facades/System.Data.Common.dll --allowed-assembly=/Applications/Unity/Hub/Editor/2022.3.62f2/Unity.app/Contents/MonoBleedingEdge/lib/mono/unityaot-linux/Facades/System.Data.SqlClient.dll --allowed-assembly=/Applications/Unity/Hub/Editor/2022.3.62f2/Unity.app/Contents/MonoBleedingEdge/lib/mono/unityaot-linux/Facades/System.Diagnostics.Contracts.dll --allowed-assembly=/Applications/Unity/Hub/Editor/2022.3.62f2/Unity.app/Contents/MonoBleedingEdge/lib/mono/unityaot-linux/Facades/System.Diagnostics.Debug.dll --allowed-assembly=/Applications/Unity/Hub/Editor/2022.3.62f2/Unity.app/Contents/MonoBleedingEdge/lib/mono/unityaot-linux/Facades/System.Diagnostics.FileVersionInfo.dll --allowed-assembly=/Applications/Unity/Hub/Editor/2022.3.62f2/Unity.app/Contents/MonoBleedingEdge/lib/mono/unityaot-linux/Facades/System.Diagnostics.Process.dll --allowed-assembly=/Applications/Unity/Hub/Editor/2022.3.62f2/Unity.app/Contents/MonoBleedingEdge/lib/mono/unityaot-linux/Facades/System.Diagnostics.StackTrace.dll --allowed-assembly=/Applications/Unity/Hub/Editor/2022.3.62f2/Unity.app/Contents/MonoBleedingEdge/lib/mono/unityaot-linux/Facades/System.Diagnostics.TextWriterTraceListener.dll --allowed-assembly=/Applications/Unity/Hub/Editor/2022.3.62f2/Unity.app/Contents/MonoBleedingEdge/lib/mono/unityaot-linux/Facades/System.Diagnostics.Tools.dll --allowed-assembly=/Applications/Unity/Hub/Editor/2022.3.62f2/Unity.app/Contents/MonoBleedingEdge/lib/mono/unityaot-linux/Facades/System.Diagnostics.TraceEvent.dll --allowed-assembly=/Applications/Unity/Hub/Editor/2022.3.62f2/Unity.app/Contents/MonoBleedingEdge/lib/mono/unityaot-linux/Facades/System.Diagnostics.TraceSource.dll --allowed-assembly=/Applications/Unity/Hub/Editor/2022.3.62f2/Unity.app/Contents/MonoBleedingEdge/lib/mono/unityaot-linux/Facades/System.Diagnostics.Tracing.dll --allowed-assembly=/Applications/Unity/Hub/Editor/2022.3.62f2/Unity.app/Contents/MonoBleedingEdge/lib/mono/unityaot-linux/Facades/System.Drawing.Primitives.dll --allowed-assembly=/Applications/Unity/Hub/Editor/2022.3.62f2/Unity.app/Contents/MonoBleedingEdge/lib/mono/unityaot-linux/Facades/System.Dynamic.Runtime.dll --allowed-assembly=/Applications/Unity/Hub/Editor/2022.3.62f2/Unity.app/Contents/MonoBleedingEdge/lib/mono/unityaot-linux/Facades/System.Globalization.Calendars.dll --allowed-assembly=/Applications/Unity/Hub/Editor/2022.3.62f2/Unity.app/Contents/MonoBleedingEdge/lib/mono/unityaot-linux/Facades/System.Globalization.Extensions.dll --allowed-assembly=/Applications/Unity/Hub/Editor/2022.3.62f2/Unity.app/Contents/MonoBleedingEdge/lib/mono/unityaot-linux/Facades/System.Globalization.dll --allowed-assembly=/Applications/Unity/Hub/Editor/2022.3.62f2/Unity.app/Contents/MonoBleedingEdge/lib/mono/unityaot-linux/Facades/System.IO.Compression.ZipFile.dll --allowed-assembly=/Applications/Unity/Hub/Editor/2022.3.62f2/Unity.app/Contents/MonoBleedingEdge/lib/mono/unityaot-linux/Facades/System.IO.FileSystem.AccessControl.dll --allowed-assembly=/Applications/Unity/Hub/Editor/2022.3.62f2/Unity.app/Contents/MonoBleedingEdge/lib/mono/unityaot-linux/Facades/System.IO.FileSystem.DriveInfo.dll --allowed-assembly=/Applications/Unity/Hub/Editor/2022.3.62f2/Unity.app/Contents/MonoBleedingEdge/lib/mono/unityaot-linux/Facades/System.IO.FileSystem.Primitives.dll --allowed-assembly=/Applications/Unity/Hub/Editor/2022.3.62f2/Unity.app/Contents/MonoBleedingEdge/lib/mono/unityaot-linux/Facades/System.IO.FileSystem.Watcher.dll --allowed-assembly=/Applications/Unity/Hub/Editor/2022.3.62f2/Unity.app/Contents/MonoBleedingEdge/lib/mono/unityaot-linux/Facades/System.IO.FileSystem.dll --allowed-assembly=/Applications/Unity/Hub/Editor/2022.3.62f2/Unity.app/Contents/MonoBleedingEdge/lib/mono/unityaot-linux/Facades/System.IO.IsolatedStorage.dll --allowed-assembly=/Applications/Unity/Hub/Editor/2022.3.62f2/Unity.app/Contents/MonoBleedingEdge/lib/mono/unityaot-linux/Facades/System.IO.MemoryMappedFiles.dll --allowed-assembly=/Applications/Unity/Hub/Editor/2022.3.62f2/Unity.app/Contents/MonoBleedingEdge/lib/mono/unityaot-linux/Facades/System.IO.Pipes.dll --allowed-assembly=/Applications/Unity/Hub/Editor/2022.3.62f2/Unity.app/Contents/MonoBleedingEdge/lib/mono/unityaot-linux/Facades/System.IO.UnmanagedMemoryStream.dll --allowed-assembly=/Applications/Unity/Hub/Editor/2022.3.62f2/Unity.app/Contents/MonoBleedingEdge/lib/mono/unityaot-linux/Facades/System.IO.dll --allowed-assembly=/Applications/Unity/Hub/Editor/2022.3.62f2/Unity.app/Contents/MonoBleedingEdge/lib/mono/unityaot-linux/Facades/System.Linq.Expressions.dll --allowed-assembly=/Applications/Unity/Hub/Editor/2022.3.62f2/Unity.app/Contents/MonoBleedingEdge/lib/mono/unityaot-linux/Facades/System.Linq.Parallel.dll --allowed-assembly=/Applications/Unity/Hub/Editor/2022.3.62f2/Unity.app/Contents/MonoBleedingEdge/lib/mono/unityaot-linux/Facades/System.Linq.Queryable.dll --allowed-assembly=/Applications/Unity/Hub/Editor/2022.3.62f2/Unity.app/Contents/MonoBleedingEdge/lib/mono/unityaot-linux/Facades/System.Linq.dll --allowed-assembly=/Applications/Unity/Hub/Editor/2022.3.62f2/Unity.app/Contents/MonoBleedingEdge/lib/mono/unityaot-linux/Facades/System.Memory.dll --allowed-assembly=/Applications/Unity/Hub/Editor/2022.3.62f2/Unity.app/Contents/MonoBleedingEdge/lib/mono/unityaot-linux/Facades/System.Net.AuthenticationManager.dll --allowed-assembly=/Applications/Unity/Hub/Editor/2022.3.62f2/Unity.app/Contents/MonoBleedingEdge/lib/mono/unityaot-linux/Facades/System.Net.Cache.dll --allowed-assembly=/Applications/Unity/Hub/Editor/2022.3.62f2/Unity.app/Contents/MonoBleedingEdge/lib/mono/unityaot-linux/Facades/System.Net.HttpListener.dll --allowed-assembly=/Applications/Unity/Hub/Editor/2022.3.62f2/Unity.app/Contents/MonoBleedingEdge/lib/mono/unityaot-linux/Facades/System.Net.Mail.dll --allowed-assembly=/Applications/Unity/Hub/Editor/2022.3.62f2/Unity.app/Contents/MonoBleedingEdge/lib/mono/unityaot-linux/Facades/System.Net.NameResolution.dll --allowed-assembly=/Applications/Unity/Hub/Editor/2022.3.62f2/Unity.app/Contents/MonoBleedingEdge/lib/mono/unityaot-linux/Facades/System.Net.NetworkInformation.dll --allowed-assembly=/Applications/Unity/Hub/Editor/2022.3.62f2/Unity.app/Contents/MonoBleedingEdge/lib/mono/unityaot-linux/Facades/System.Net.Ping.dll --allowed-assembly=/Applications/Unity/Hub/Editor/2022.3.62f2/Unity.app/Contents/MonoBleedingEdge/lib/mono/unityaot-linux/Facades/System.Net.Primitives.dll --allowed-assembly=/Applications/Unity/Hub/Editor/2022.3.62f2/Unity.app/Contents/MonoBleedingEdge/lib/mono/unityaot-linux/Facades/System.Net.Requests.dll --allowed-assembly=/Applications/Unity/Hub/Editor/2022.3.62f2/Unity.app/Contents/MonoBleedingEdge/lib/mono/unityaot-linux/Facades/System.Net.Security.dll --allowed-assembly=/Applications/Unity/Hub/Editor/2022.3.62f2/Unity.app/Contents/MonoBleedingEdge/lib/mono/unityaot-linux/Facades/System.Net.ServicePoint.dll --allowed-assembly=/Applications/Unity/Hub/Editor/2022.3.62f2/Unity.app/Contents/MonoBleedingEdge/lib/mono/unityaot-linux/Facades/System.Net.Sockets.dll --allowed-assembly=/Applications/Unity/Hub/Editor/2022.3.62f2/Unity.app/Contents/MonoBleedingEdge/lib/mono/unityaot-linux/Facades/System.Net.Utilities.dll --allowed-assembly=/Applications/Unity/Hub/Editor/2022.3.62f2/Unity.app/Contents/MonoBleedingEdge/lib/mono/unityaot-linux/Facades/System.Net.WebHeaderCollection.dll --allowed-assembly=/Applications/Unity/Hub/Editor/2022.3.62f2/Unity.app/Contents/MonoBleedingEdge/lib/mono/unityaot-linux/Facades/System.Net.WebSockets.Client.dll --allowed-assembly=/Applications/Unity/Hub/Editor/2022.3.62f2/Unity.app/Contents/MonoBleedingEdge/lib/mono/unityaot-linux/Facades/System.Net.WebSockets.dll --allowed-assembly=/Applications/Unity/Hub/Editor/2022.3.62f2/Unity.app/Contents/MonoBleedingEdge/lib/mono/unityaot-linux/Facades/System.ObjectModel.dll --allowed-assembly=/Applications/Unity/Hub/Editor/2022.3.62f2/Unity.app/Contents/MonoBleedingEdge/lib/mono/unityaot-linux/Facades/System.Reflection.DispatchProxy.dll --allowed-assembly=/Applications/Unity/Hub/Editor/2022.3.62f2/Unity.app/Contents/MonoBleedingEdge/lib/mono/unityaot-linux/Facades/System.Reflection.Emit.ILGeneration.dll --allowed-assembly=/Applications/Unity/Hub/Editor/2022.3.62f2/Unity.app/Contents/MonoBleedingEdge/lib/mono/unityaot-linux/Facades/System.Reflection.Emit.Lightweight.dll --allowed-assembly=/Applications/Unity/Hub/Editor/2022.3.62f2/Unity.app/Contents/MonoBleedingEdge/lib/mono/unityaot-linux/Facades/System.Reflection.Emit.dll --allowed-assembly=/Applications/Unity/Hub/Editor/2022.3.62f2/Unity.app/Contents/MonoBleedingEdge/lib/mono/unityaot-linux/Facades/System.Reflection.Extensions.dll --allowed-assembly=/Applications/Unity/Hub/Editor/2022.3.62f2/Unity.app/Contents/MonoBleedingEdge/lib/mono/unityaot-linux/Facades/System.Reflection.Primitives.dll --allowed-assembly=/Applications/Unity/Hub/Editor/2022.3.62f2/Unity.app/Contents/MonoBleedingEdge/lib/mono/unityaot-linux/Facades/System.Reflection.TypeExtensions.dll --allowed-assembly=/Applications/Unity/Hub/Editor/2022.3.62f2/Unity.app/Contents/MonoBleedingEdge/lib/mono/unityaot-linux/Facades/System.Reflection.dll --allowed-assembly=/Applications/Unity/Hub/Editor/2022.3.62f2/Unity.app/Contents/MonoBleedingEdge/lib/mono/unityaot-linux/Facades/System.Resources.Reader.dll --allowed-assembly=/Applications/Unity/Hub/Editor/2022.3.62f2/Unity.app/Contents/MonoBleedingEdge/lib/mono/unityaot-linux/Facades/System.Resources.ReaderWriter.dll --allowed-assembly=/Applications/Unity/Hub/Editor/2022.3.62f2/Unity.app/Contents/MonoBleedingEdge/lib/mono/unityaot-linux/Facades/System.Resources.ResourceManager.dll --allowed-assembly=/Applications/Unity/Hub/Editor/2022.3.62f2/Unity.app/Contents/MonoBleedingEdge/lib/mono/unityaot-linux/Facades/System.Resources.Writer.dll --allowed-assembly=/Applications/Unity/Hub/Editor/2022.3.62f2/Unity.app/Contents/MonoBleedingEdge/lib/mono/unityaot-linux/Facades/System.Runtime.CompilerServices.VisualC.dll --allowed-assembly=/Applications/Unity/Hub/Editor/2022.3.62f2/Unity.app/Contents/MonoBleedingEdge/lib/mono/unityaot-linux/Facades/System.Runtime.Extensions.dll --allowed-assembly=/Applications/Unity/Hub/Editor/2022.3.62f2/Unity.app/Contents/MonoBleedingEdge/lib/mono/unityaot-linux/Facades/System.Runtime.Handles.dll --allowed-assembly=/Applications/Unity/Hub/Editor/2022.3.62f2/Unity.app/Contents/MonoBleedingEdge/lib/mono/unityaot-linux/Facades/System.Runtime.InteropServices.RuntimeInformation.dll --allowed-assembly=/Applications/Unity/Hub/Editor/2022.3.62f2/Unity.app/Contents/MonoBleedingEdge/lib/mono/unityaot-linux/Facades/System.Runtime.InteropServices.WindowsRuntime.dll --allowed-assembly=/Applications/Unity/Hub/Editor/2022.3.62f2/Unity.app/Contents/MonoBleedingEdge/lib/mono/unityaot-linux/Facades/System.Runtime.InteropServices.dll --allowed-assembly=/Applications/Unity/Hub/Editor/2022.3.62f2/Unity.app/Contents/MonoBleedingEdge/lib/mono/unityaot-linux/Facades/System.Runtime.Loader.dll --allowed-assembly=/Applications/Unity/Hub/Editor/2022.3.62f2/Unity.app/Contents/MonoBleedingEdge/lib/mono/unityaot-linux/Facades/System.Runtime.Numerics.dll --allowed-assembly=/Applications/Unity/Hub/Editor/2022.3.62f2/Unity.app/Contents/MonoBleedingEdge/lib/mono/unityaot-linux/Facades/System.Runtime.Serialization.Formatters.dll --allowed-assembly=/Applications/Unity/Hub/Editor/2022.3.62f2/Unity.app/Contents/MonoBleedingEdge/lib/mono/unityaot-linux/Facades/System.Runtime.Serialization.Json.dll --allowed-assembly=/Applications/Unity/Hub/Editor/2022.3.62f2/Unity.app/Contents/MonoBleedingEdge/lib/mono/unityaot-linux/Facades/System.Runtime.Serialization.Primitives.dll --allowed-assembly=/Applications/Unity/Hub/Editor/2022.3.62f2/Unity.app/Contents/MonoBleedingEdge/lib/mono/unityaot-linux/Facades/System.Runtime.Serialization.Xml.dll --allowed-assembly=/Applications/Unity/Hub/Editor/2022.3.62f2/Unity.app/Contents/MonoBleedingEdge/lib/mono/unityaot-linux/Facades/System.Runtime.dll --allowed-assembly=/Applications/Unity/Hub/Editor/2022.3.62f2/Unity.app/Contents/MonoBleedingEdge/lib/mono/unityaot-linux/Facades/System.Security.AccessControl.dll --allowed-assembly=/Applications/Unity/Hub/Editor/2022.3.62f2/Unity.app/Contents/MonoBleedingEdge/lib/mono/unityaot-linux/Facades/System.Security.Claims.dll --allowed-assembly=/Applications/Unity/Hub/Editor/2022.3.62f2/Unity.app/Contents/MonoBleedingEdge/lib/mono/unityaot-linux/Facades/System.Security.Cryptography.Algorithms.dll --allowed-assembly=/Applications/Unity/Hub/Editor/2022.3.62f2/Unity.app/Contents/MonoBleedingEdge/lib/mono/unityaot-linux/Facades/System.Security.Cryptography.Cng.dll --allowed-assembly=/Applications/Unity/Hub/Editor/2022.3.62f2/Unity.app/Contents/MonoBleedingEdge/lib/mono/unityaot-linux/Facades/System.Security.Cryptography.Csp.dll --allowed-assembly=/Applications/Unity/Hub/Editor/2022.3.62f2/Unity.app/Contents/MonoBleedingEdge/lib/mono/unityaot-linux/Facades/System.Security.Cryptography.DeriveBytes.dll --allowed-assembly=/Applications/Unity/Hub/Editor/2022.3.62f2/Unity.app/Contents/MonoBleedingEdge/lib/mono/unityaot-linux/Facades/System.Security.Cryptography.Encoding.dll --allowed-assembly=/Applications/Unity/Hub/Editor/2022.3.62f2/Unity.app/Contents/MonoBleedingEdge/lib/mono/unityaot-linux/Facades/System.Security.Cryptography.Encryption.Aes.dll --allowed-assembly=/Applications/Unity/Hub/Editor/2022.3.62f2/Unity.app/Contents/MonoBleedingEdge/lib/mono/unityaot-linux/Facades/System.Security.Cryptography.Encryption.ECDiffieHellman.dll --allowed-assembly=/Applications/Unity/Hub/Editor/2022.3.62f2/Unity.app/Contents/MonoBleedingEdge/lib/mono/unityaot-linux/Facades/System.Security.Cryptography.Encryption.ECDsa.dll --allowed-assembly=/Applications/Unity/Hub/Editor/2022.3.62f2/Unity.app/Contents/MonoBleedingEdge/lib/mono/unityaot-linux/Facades/System.Security.Cryptography.Encryption.dll --allowed-assembly=/Applications/Unity/Hub/Editor/2022.3.62f2/Unity.app/Contents/MonoBleedingEdge/lib/mono/unityaot-linux/Facades/System.Security.Cryptography.Hashing.Algorithms.dll --allowed-assembly=/Applications/Unity/Hub/Editor/2022.3.62f2/Unity.app/Contents/MonoBleedingEdge/lib/mono/unityaot-linux/Facades/System.Security.Cryptography.Hashing.dll --allowed-assembly=/Applications/Unity/Hub/Editor/2022.3.62f2/Unity.app/Contents/MonoBleedingEdge/lib/mono/unityaot-linux/Facades/System.Security.Cryptography.OpenSsl.dll --allowed-assembly=/Applications/Unity/Hub/Editor/2022.3.62f2/Unity.app/Contents/MonoBleedingEdge/lib/mono/unityaot-linux/Facades/System.Security.Cryptography.Pkcs.dll --allowed-assembly=/Applications/Unity/Hub/Editor/2022.3.62f2/Unity.app/Contents/MonoBleedingEdge/lib/mono/unityaot-linux/Facades/System.Security.Cryptography.Primitives.dll --allowed-assembly=/Applications/Unity/Hub/Editor/2022.3.62f2/Unity.app/Contents/MonoBleedingEdge/lib/mono/unityaot-linux/Facades/System.Security.Cryptography.ProtectedData.dll --allowed-assembly=/Applications/Unity/Hub/Editor/2022.3.62f2/Unity.app/Contents/MonoBleedingEdge/lib/mono/unityaot-linux/Facades/System.Security.Cryptography.RSA.dll --allowed-assembly=/Applications/Unity/Hub/Editor/2022.3.62f2/Unity.app/Contents/MonoBleedingEdge/lib/mono/unityaot-linux/Facades/System.Security.Cryptography.RandomNumberGenerator.dll --allowed-assembly=/Applications/Unity/Hub/Editor/2022.3.62f2/Unity.app/Contents/MonoBleedingEdge/lib/mono/unityaot-linux/Facades/System.Security.Cryptography.X509Certificates.dll --allowed-assembly=/Applications/Unity/Hub/Editor/2022.3.62f2/Unity.app/Contents/MonoBleedingEdge/lib/mono/unityaot-linux/Facades/System.Security.Principal.Windows.dll --allowed-assembly=/Applications/Unity/Hub/Editor/2022.3.62f2/Unity.app/Contents/MonoBleedingEdge/lib/mono/unityaot-linux/Facades/System.Security.Principal.dll --allowed-assembly=/Applications/Unity/Hub/Editor/2022.3.62f2/Unity.app/Contents/MonoBleedingEdge/lib/mono/unityaot-linux/Facades/System.Security.SecureString.dll --allowed-assembly=/Applications/Unity/Hub/Editor/2022.3.62f2/Unity.app/Contents/MonoBleedingEdge/lib/mono/unityaot-linux/Facades/System.ServiceModel.Duplex.dll --allowed-assembly=/Applications/Unity/Hub/Editor/2022.3.62f2/Unity.app/Contents/MonoBleedingEdge/lib/mono/unityaot-linux/Facades/System.ServiceModel.Http.dll --allowed-assembly=/Applications/Unity/Hub/Editor/2022.3.62f2/Unity.app/Contents/MonoBleedingEdge/lib/mono/unityaot-linux/Facades/System.ServiceModel.NetTcp.dll --allowed-assembly=/Applications/Unity/Hub/Editor/2022.3.62f2/Unity.app/Contents/MonoBleedingEdge/lib/mono/unityaot-linux/Facades/System.ServiceModel.Primitives.dll --allowed-assembly=/Applications/Unity/Hub/Editor/2022.3.62f2/Unity.app/Contents/MonoBleedingEdge/lib/mono/unityaot-linux/Facades/System.ServiceModel.Security.dll --allowed-assembly=/Applications/Unity/Hub/Editor/2022.3.62f2/Unity.app/Contents/MonoBleedingEdge/lib/mono/unityaot-linux/Facades/System.ServiceProcess.ServiceController.dll --allowed-assembly=/Applications/Unity/Hub/Editor/2022.3.62f2/Unity.app/Contents/MonoBleedingEdge/lib/mono/unityaot-linux/Facades/System.Text.Encoding.Extensions.dll --allowed-assembly=/Applications/Unity/Hub/Editor/2022.3.62f2/Unity.app/Contents/MonoBleedingEdge/lib/mono/unityaot-linux/Facades/System.Text.Encoding.dll --allowed-assembly=/Applications/Unity/Hub/Editor/2022.3.62f2/Unity.app/Contents/MonoBleedingEdge/lib/mono/unityaot-linux/Facades/System.Text.RegularExpressions.dll --allowed-assembly=/Applications/Unity/Hub/Editor/2022.3.62f2/Unity.app/Contents/MonoBleedingEdge/lib/mono/unityaot-linux/Facades/System.Threading.AccessControl.dll --allowed-assembly=/Applications/Unity/Hub/Editor/2022.3.62f2/Unity.app/Contents/MonoBleedingEdge/lib/mono/unityaot-linux/Facades/System.Threading.Overlapped.dll --allowed-assembly=/Applications/Unity/Hub/Editor/2022.3.62f2/Unity.app/Contents/MonoBleedingEdge/lib/mono/unityaot-linux/Facades/System.Threading.Tasks.Extensions.dll --allowed-assembly=/Applications/Unity/Hub/Editor/2022.3.62f2/Unity.app/Contents/MonoBleedingEdge/lib/mono/unityaot-linux/Facades/System.Threading.Tasks.Parallel.dll --allowed-assembly=/Applications/Unity/Hub/Editor/2022.3.62f2/Unity.app/Contents/MonoBleedingEdge/lib/mono/unityaot-linux/Facades/System.Threading.Tasks.dll --allowed-assembly=/Applications/Unity/Hub/Editor/2022.3.62f2/Unity.app/Contents/MonoBleedingEdge/lib/mono/unityaot-linux/Facades/System.Threading.Thread.dll --allowed-assembly=/Applications/Unity/Hub/Editor/2022.3.62f2/Unity.app/Contents/MonoBleedingEdge/lib/mono/unityaot-linux/Facades/System.Threading.ThreadPool.dll --allowed-assembly=/Applications/Unity/Hub/Editor/2022.3.62f2/Unity.app/Contents/MonoBleedingEdge/lib/mono/unityaot-linux/Facades/System.Threading.Timer.dll --allowed-assembly=/Applications/Unity/Hub/Editor/2022.3.62f2/Unity.app/Contents/MonoBleedingEdge/lib/mono/unityaot-linux/Facades/System.Threading.dll --allowed-assembly=/Applications/Unity/Hub/Editor/2022.3.62f2/Unity.app/Contents/MonoBleedingEdge/lib/mono/unityaot-linux/Facades/System.ValueTuple.dll --allowed-assembly=/Applications/Unity/Hub/Editor/2022.3.62f2/Unity.app/Contents/MonoBleedingEdge/lib/mono/unityaot-linux/Facades/System.Xml.ReaderWriter.dll --allowed-assembly=/Applications/Unity/Hub/Editor/2022.3.62f2/Unity.app/Contents/MonoBleedingEdge/lib/mono/unityaot-linux/Facades/System.Xml.XDocument.dll --allowed-assembly=/Applications/Unity/Hub/Editor/2022.3.62f2/Unity.app/Contents/MonoBleedingEdge/lib/mono/unityaot-linux/Facades/System.Xml.XPath.XDocument.dll --allowed-assembly=/Applications/Unity/Hub/Editor/2022.3.62f2/Unity.app/Contents/MonoBleedingEdge/lib/mono/unityaot-linux/Facades/System.Xml.XPath.XmlDocument.dll --allowed-assembly=/Applications/Unity/Hub/Editor/2022.3.62f2/Unity.app/Contents/MonoBleedingEdge/lib/mono/unityaot-linux/Facades/System.Xml.XPath.dll --allowed-assembly=/Applications/Unity/Hub/Editor/2022.3.62f2/Unity.app/Contents/MonoBleedingEdge/lib/mono/unityaot-linux/Facades/System.Xml.XmlDocument.dll --allowed-assembly=/Applications/Unity/Hub/Editor/2022.3.62f2/Unity.app/Contents/MonoBleedingEdge/lib/mono/unityaot-linux/Facades/System.Xml.XmlSerializer.dll --allowed-assembly=/Applications/Unity/Hub/Editor/2022.3.62f2/Unity.app/Contents/MonoBleedingEdge/lib/mono/unityaot-linux/Facades/System.Xml.Xsl.Primitives.dll --allowed-assembly=/Applications/Unity/Hub/Editor/2022.3.62f2/Unity.app/Contents/MonoBleedingEdge/lib/mono/unityaot-linux/Facades/netstandard.dll --allowed-assembly=/Applications/Unity/Hub/Editor/2022.3.62f2/Unity.app/Contents/MonoBleedingEdge/lib/mono/unityaot-linux/Microsoft.CSharp.dll --allowed-assembly=/Applications/Unity/Hub/Editor/2022.3.62f2/Unity.app/Contents/MonoBleedingEdge/lib/mono/unityaot-linux/Mono.Data.Sqlite.dll --allowed-assembly=/Applications/Unity/Hub/Editor/2022.3.62f2/Unity.app/Contents/MonoBleedingEdge/lib/mono/unityaot-linux/Mono.Data.Tds.dll --allowed-assembly=/Applications/Unity/Hub/Editor/2022.3.62f2/Unity.app/Contents/MonoBleedingEdge/lib/mono/unityaot-linux/Mono.Security.dll --allowed-assembly=/Applications/Unity/Hub/Editor/2022.3.62f2/Unity.app/Contents/MonoBleedingEdge/lib/mono/unityaot-linux/System.ComponentModel.Composition.dll --allowed-assembly=/Applications/Unity/Hub/Editor/2022.3.62f2/Unity.app/Contents/MonoBleedingEdge/lib/mono/unityaot-linux/System.ComponentModel.DataAnnotations.dll --allowed-assembly=/Applications/Unity/Hub/Editor/2022.3.62f2/Unity.app/Contents/MonoBleedingEdge/lib/mono/unityaot-linux/System.Configuration.Install.dll --allowed-assembly=/Applications/Unity/Hub/Editor/2022.3.62f2/Unity.app/Contents/MonoBleedingEdge/lib/mono/unityaot-linux/System.Configuration.dll --allowed-assembly=/Applications/Unity/Hub/Editor/2022.3.62f2/Unity.app/Contents/MonoBleedingEdge/lib/mono/unityaot-linux/System.Core.dll --allowed-assembly=/Applications/Unity/Hub/Editor/2022.3.62f2/Unity.app/Contents/MonoBleedingEdge/lib/mono/unityaot-linux/System.Data.DataSetExtensions.dll --allowed-assembly=/Applications/Unity/Hub/Editor/2022.3.62f2/Unity.app/Contents/MonoBleedingEdge/lib/mono/unityaot-linux/System.Data.Entity.dll --allowed-assembly=/Applications/Unity/Hub/Editor/2022.3.62f2/Unity.app/Contents/MonoBleedingEdge/lib/mono/unityaot-linux/System.Data.Linq.dll --allowed-assembly=/Applications/Unity/Hub/Editor/2022.3.62f2/Unity.app/Contents/MonoBleedingEdge/lib/mono/unityaot-linux/System.Data.OracleClient.dll --allowed-assembly=/Applications/Unity/Hub/Editor/2022.3.62f2/Unity.app/Contents/MonoBleedingEdge/lib/mono/unityaot-linux/System.Data.Services.Client.dll --allowed-assembly=/Applications/Unity/Hub/Editor/2022.3.62f2/Unity.app/Contents/MonoBleedingEdge/lib/mono/unityaot-linux/System.Data.Services.dll --allowed-assembly=/Applications/Unity/Hub/Editor/2022.3.62f2/Unity.app/Contents/MonoBleedingEdge/lib/mono/unityaot-linux/System.Data.dll --allowed-assembly=/Applications/Unity/Hub/Editor/2022.3.62f2/Unity.app/Contents/MonoBleedingEdge/lib/mono/unityaot-linux/System.Design.dll --allowed-assembly=/Applications/Unity/Hub/Editor/2022.3.62f2/Unity.app/Contents/MonoBleedingEdge/lib/mono/unityaot-linux/System.DirectoryServices.Protocols.dll --allowed-assembly=/Applications/Unity/Hub/Editor/2022.3.62f2/Unity.app/Contents/MonoBleedingEdge/lib/mono/unityaot-linux/System.DirectoryServices.dll --allowed-assembly=/Applications/Unity/Hub/Editor/2022.3.62f2/Unity.app/Contents/MonoBleedingEdge/lib/mono/unityaot-linux/System.Drawing.Design.dll --allowed-assembly=/Applications/Unity/Hub/Editor/2022.3.62f2/Unity.app/Contents/MonoBleedingEdge/lib/mono/unityaot-linux/System.Drawing.dll --allowed-assembly=/Applications/Unity/Hub/Editor/2022.3.62f2/Unity.app/Contents/MonoBleedingEdge/lib/mono/unityaot-linux/System.EnterpriseServices.dll --allowed-assembly=/Applications/Unity/Hub/Editor/2022.3.62f2/Unity.app/Contents/MonoBleedingEdge/lib/mono/unityaot-linux/System.IO.Compression.FileSystem.dll --allowed-assembly=/Applications/Unity/Hub/Editor/2022.3.62f2/Unity.app/Contents/MonoBleedingEdge/lib/mono/unityaot-linux/System.IO.Compression.dll --allowed-assembly=/Applications/Unity/Hub/Editor/2022.3.62f2/Unity.app/Contents/MonoBleedingEdge/lib/mono/unityaot-linux/System.IdentityModel.Selectors.dll --allowed-assembly=/Applications/Unity/Hub/Editor/2022.3.62f2/Unity.app/Contents/MonoBleedingEdge/lib/mono/unityaot-linux/System.IdentityModel.dll --allowed-assembly=/Applications/Unity/Hub/Editor/2022.3.62f2/Unity.app/Contents/MonoBleedingEdge/lib/mono/unityaot-linux/System.Json.dll --allowed-assembly=/Applications/Unity/Hub/Editor/2022.3.62f2/Unity.app/Contents/MonoBleedingEdge/lib/mono/unityaot-linux/System.Management.dll --allowed-assembly=/Applications/Unity/Hub/Editor/2022.3.62f2/Unity.app/Contents/MonoBleedingEdge/lib/mono/unityaot-linux/System.Messaging.dll --allowed-assembly=/Applications/Unity/Hub/Editor/2022.3.62f2/Unity.app/Contents/MonoBleedingEdge/lib/mono/unityaot-linux/System.Net.Http.WebRequest.dll --allowed-assembly=/Applications/Unity/Hub/Editor/2022.3.62f2/Unity.app/Contents/MonoBleedingEdge/lib/mono/unityaot-linux/System.Net.Http.dll --allowed-assembly=/Applications/Unity/Hub/Editor/2022.3.62f2/Unity.app/Contents/MonoBleedingEdge/lib/mono/unityaot-linux/System.Net.dll --allowed-assembly=/Applications/Unity/Hub/Editor/2022.3.62f2/Unity.app/Contents/MonoBleedingEdge/lib/mono/unityaot-linux/System.Numerics.Vectors.dll --allowed-assembly=/Applications/Unity/Hub/Editor/2022.3.62f2/Unity.app/Contents/MonoBleedingEdge/lib/mono/unityaot-linux/System.Numerics.dll --allowed-assembly=/Applications/Unity/Hub/Editor/2022.3.62f2/Unity.app/Contents/MonoBleedingEdge/lib/mono/unityaot-linux/System.Reflection.Context.dll --allowed-assembly=/Applications/Unity/Hub/Editor/2022.3.62f2/Unity.app/Contents/MonoBleedingEdge/lib/mono/unityaot-linux/System.Runtime.Caching.dll --allowed-assembly=/Applications/Unity/Hub/Editor/2022.3.62f2/Unity.app/Contents/MonoBleedingEdge/lib/mono/unityaot-linux/System.Runtime.DurableInstancing.dll --allowed-assembly=/Applications/Unity/Hub/Editor/2022.3.62f2/Unity.app/Contents/MonoBleedingEdge/lib/mono/unityaot-linux/System.Runtime.Remoting.dll --allowed-assembly=/Applications/Unity/Hub/Editor/2022.3.62f2/Unity.app/Contents/MonoBleedingEdge/lib/mono/unityaot-linux/System.Runtime.Serialization.Formatters.Soap.dll --allowed-assembly=/Applications/Unity/Hub/Editor/2022.3.62f2/Unity.app/Contents/MonoBleedingEdge/lib/mono/unityaot-linux/System.Runtime.Serialization.dll --allowed-assembly=/Applications/Unity/Hub/Editor/2022.3.62f2/Unity.app/Contents/MonoBleedingEdge/lib/mono/unityaot-linux/System.Security.dll --allowed-assembly=/Applications/Unity/Hub/Editor/2022.3.62f2/Unity.app/Contents/MonoBleedingEdge/lib/mono/unityaot-linux/System.ServiceModel.Activation.dll --allowed-assembly=/Applications/Unity/Hub/Editor/2022.3.62f2/Unity.app/Contents/MonoBleedingEdge/lib/mono/unityaot-linux/System.ServiceModel.Discovery.dll --allowed-assembly=/Applications/Unity/Hub/Editor/2022.3.62f2/Unity.app/Contents/MonoBleedingEdge/lib/mono/unityaot-linux/System.ServiceModel.Internals.dll --allowed-assembly=/Applications/Unity/Hub/Editor/2022.3.62f2/Unity.app/Contents/MonoBleedingEdge/lib/mono/unityaot-linux/System.ServiceModel.Routing.dll --allowed-assembly=/Applications/Unity/Hub/Editor/2022.3.62f2/Unity.app/Contents/MonoBleedingEdge/lib/mono/unityaot-linux/System.ServiceModel.Web.dll --allowed-assembly=/Applications/Unity/Hub/Editor/2022.3.62f2/Unity.app/Contents/MonoBleedingEdge/lib/mono/unityaot-linux/System.ServiceModel.dll --allowed-assembly=/Applications/Unity/Hub/Editor/2022.3.62f2/Unity.app/Contents/MonoBleedingEdge/lib/mono/unityaot-linux/System.ServiceProcess.dll --allowed-assembly=/Applications/Unity/Hub/Editor/2022.3.62f2/Unity.app/Contents/MonoBleedingEdge/lib/mono/unityaot-linux/System.Transactions.dll --allowed-assembly=/Applications/Unity/Hub/Editor/2022.3.62f2/Unity.app/Contents/MonoBleedingEdge/lib/mono/unityaot-linux/System.Web.ApplicationServices.dll --allowed-assembly=/Applications/Unity/Hub/Editor/2022.3.62f2/Unity.app/Contents/MonoBleedingEdge/lib/mono/unityaot-linux/System.Web.DynamicData.dll --allowed-assembly=/Applications/Unity/Hub/Editor/2022.3.62f2/Unity.app/Contents/MonoBleedingEdge/lib/mono/unityaot-linux/System.Web.Extensions.Design.dll --allowed-assembly=/Applications/Unity/Hub/Editor/2022.3.62f2/Unity.app/Contents/MonoBleedingEdge/lib/mono/unityaot-linux/System.Web.Extensions.dll --allowed-assembly=/Applications/Unity/Hub/Editor/2022.3.62f2/Unity.app/Contents/MonoBleedingEdge/lib/mono/unityaot-linux/System.Web.RegularExpressions.dll --allowed-assembly=/Applications/Unity/Hub/Editor/2022.3.62f2/Unity.app/Contents/MonoBleedingEdge/lib/mono/unityaot-linux/System.Web.Services.dll --allowed-assembly=/Applications/Unity/Hub/Editor/2022.3.62f2/Unity.app/Contents/MonoBleedingEdge/lib/mono/unityaot-linux/System.Web.dll --allowed-assembly=/Applications/Unity/Hub/Editor/2022.3.62f2/Unity.app/Contents/MonoBleedingEdge/lib/mono/unityaot-linux/System.Windows.Forms.DataVisualization.dll --allowed-assembly=/Applications/Unity/Hub/Editor/2022.3.62f2/Unity.app/Contents/MonoBleedingEdge/lib/mono/unityaot-linux/System.Windows.Forms.dll --allowed-assembly=/Applications/Unity/Hub/Editor/2022.3.62f2/Unity.app/Contents/MonoBleedingEdge/lib/mono/unityaot-linux/System.Windows.dll --allowed-assembly=/Applications/Unity/Hub/Editor/2022.3.62f2/Unity.app/Contents/MonoBleedingEdge/lib/mono/unityaot-linux/System.Xaml.dll --allowed-assembly=/Applications/Unity/Hub/Editor/2022.3.62f2/Unity.app/Contents/MonoBleedingEdge/lib/mono/unityaot-linux/System.Xml.Linq.dll --allowed-assembly=/Applications/Unity/Hub/Editor/2022.3.62f2/Unity.app/Contents/MonoBleedingEdge/lib/mono/unityaot-linux/System.Xml.Serialization.dll --allowed-assembly=/Applications/Unity/Hub/Editor/2022.3.62f2/Unity.app/Contents/MonoBleedingEdge/lib/mono/unityaot-linux/System.Xml.dll --allowed-assembly=/Applications/Unity/Hub/Editor/2022.3.62f2/Unity.app/Contents/MonoBleedingEdge/lib/mono/unityaot-linux/System.dll --allowed-assembly=/Applications/Unity/Hub/Editor/2022.3.62f2/Unity.app/Contents/MonoBleedingEdge/lib/mono/unityaot-linux/mscorlib.dll --out=Library/Bee/artifacts/WebGL/ManagedStripped --include-link-xml=/Users/jangyoung/orca/Abyssal-Surge/Temp/StagingArea/Data/Managed/MethodsToPreserve.xml --include-link-xml=/Users/jangyoung/orca/Abyssal-Surge/Temp/StagingArea/Data/Managed/TypesInScenes.xml --include-link-xml=/Users/jangyoung/orca/Abyssal-Surge/Temp/StagingArea/Data/Managed/SerializedTypes.xml --include-link-xml=/Users/jangyoung/orca/Abyssal-Surge/Assets/../Library/InputSystem/WebGLLink.xml --include-link-xml=/Users/jangyoung/orca/Abyssal-Surge/Assets/packages-merged-link/link.xml --include-directory=/Users/jangyoung/orca/Abyssal-Surge/Library/Bee/PlayerScriptAssemblies --include-directory=/Applications/Unity/Hub/Editor/2022.3.62f2/PlaybackEngines/WebGLSupport/Managed --include-directory=/Users/jangyoung/orca/Abyssal-Surge/Assets/Plugins/NuGet --include-directory=/Users/jangyoung/orca/Abyssal-Surge/Library/PackageCache/com.unity.visualscripting@1.9.4/Runtime/VisualScripting.Flow/Dependencies/NCalc --include-directory=/Users/jangyoung/orca/Abyssal-Surge/Library/PackageCache/com.unity.burst@1.8.21 --include-directory=/Users/jangyoung/orca/Abyssal-Surge/Library/PackageCache/com.unity.nuget.newtonsoft-json@3.2.2/Runtime/AOT --include-directory=/Applications/Unity/Hub/Editor/2022.3.62f2/Unity.app/Contents/MonoBleedingEdge/lib/mono/unityaot-linux --include-directory=/Applications/Unity/Hub/Editor/2022.3.62f2/Unity.app/Contents/MonoBleedingEdge/lib/mono/unityaot-linux/Facades --rule-set=Conservative --profiler-report --profiler-output-file=/Users/jangyoung/orca/Abyssal-Surge/Library/Bee/artifacts/unitylinker_ber2.traceevents --dotnetprofile=unityaot-linux --dotnetruntime=Il2Cpp --architecture=EmscriptenJavaScript --platform=WebGL --use-editor-options --enable-engine-module-stripping --engine-modules-asset-file=/Applications/Unity/Hub/Editor/2022.3.62f2/PlaybackEngines/WebGLSupport/modules.asset --editor-data-file=/Users/jangyoung/orca/Abyssal-Surge/Temp/StagingArea/Data/Managed/EditorToUnityLinkerData.json --include-unity-root-assembly=/Users/jangyoung/orca/Abyssal-Surge/Library/Bee/PlayerScriptAssemblies/Assembly-CSharp.dll --include-unity-root-assembly=/Users/jangyoung/orca/Abyssal-Surge/Library/Bee/PlayerScriptAssemblies/CastleBusters.dll --include-unity-root-assembly=/Users/jangyoung/orca/Abyssal-Surge/Library/Bee/PlayerScriptAssemblies/Unity.TextMeshPro.dll --include-unity-root-assembly=/Users/jangyoung/orca/Abyssal-Surge/Library/Bee/PlayerScriptAssemblies/Unity.RenderPipelines.Universal.Runtime.dll --include-unity-root-assembly=/Users/jangyoung/orca/Abyssal-Surge/Library/Bee/PlayerScriptAssemblies/Unity.RenderPipelines.Core.Runtime.dll --include-unity-root-assembly=/Users/jangyoung/orca/Abyssal-Surge/Library/Bee/PlayerScriptAssemblies/UnityEngine.UI.dll --include-unity-root-assembly=/Users/jangyoung/orca/Abyssal-Surge/Library/Bee/PlayerScriptAssemblies/Unity.InputSystem.dll --print-command-line --enable-analytics
[217/796    0s] CopyFiles Temp/EditorBuildOutput/UnityLinkerToEditorData.json
[220/796    0s] ICallRegistrationGenerator /Users/jangyoung/orca/Abyssal-Surge/Library/Bee/artifacts/WebGL/il2cppOutput/UnityICallRegistration.cpp
[221/796    1s] C_WebGL_wasm Library/Bee/artifacts/WebGL/GameAssembly/release_WebGL_wasm/rwhdatltw8fy.o
[BUSY       7s] IL2CPP_CodeGen /Users/jangyoung/orca/Abyssal-Surge/Library/Bee/artifacts/il2cpp_conv_0ecd.traceevents
[BUSY      17s] IL2CPP_CodeGen /Users/jangyoung/orca/Abyssal-Surge/Library/Bee/artifacts/il2cpp_conv_0ecd.traceevents
[222/796   19s] IL2CPP_CodeGen /Users/jangyoung/orca/Abyssal-Surge/Library/Bee/artifacts/il2cpp_conv_0ecd.traceevents
/Applications/Unity/Hub/Editor/2022.3.62f2/Unity.app/Contents/il2cpp/build/deploy/il2cpp --convert-to-cpp --assembly=Library/Bee/artifacts/WebGL/ManagedStripped/Assembly-CSharp.dll --assembly=Library/Bee/artifacts/WebGL/ManagedStripped/CastleBusters.dll --assembly=Library/Bee/artifacts/WebGL/ManagedStripped/com.IvanMurzak.Unity.MCP.Runtime.dll --assembly=Library/Bee/artifacts/WebGL/ManagedStripped/McpPlugin.Common.dll --assembly=Library/Bee/artifacts/WebGL/ManagedStripped/McpPlugin.dll --assembly=Library/Bee/artifacts/WebGL/ManagedStripped/Microsoft.AspNetCore.Connections.Abstractions.dll --assembly=Library/Bee/artifacts/WebGL/ManagedStripped/Microsoft.AspNetCore.Http.Connections.Client.dll --assembly=Library/Bee/artifacts/WebGL/ManagedStripped/Microsoft.AspNetCore.Http.Connections.Common.dll --assembly=Library/Bee/artifacts/WebGL/ManagedStripped/Microsoft.AspNetCore.SignalR.Client.Core.dll --assembly=Library/Bee/artifacts/WebGL/ManagedStripped/Microsoft.AspNetCore.SignalR.Client.dll --assembly=Library/Bee/artifacts/WebGL/ManagedStripped/Microsoft.AspNetCore.SignalR.Common.dll --assembly=Library/Bee/artifacts/WebGL/ManagedStripped/Microsoft.AspNetCore.SignalR.Protocols.Json.dll --assembly=Library/Bee/artifacts/WebGL/ManagedStripped/Microsoft.Bcl.AsyncInterfaces.dll --assembly=Library/Bee/artifacts/WebGL/ManagedStripped/Microsoft.Bcl.TimeProvider.dll --assembly=Library/Bee/artifacts/WebGL/ManagedStripped/Microsoft.Extensions.Configuration.Abstractions.dll --assembly=Library/Bee/artifacts/WebGL/ManagedStripped/Microsoft.Extensions.DependencyInjection.Abstractions.dll --assembly=Library/Bee/artifacts/WebGL/ManagedStripped/Microsoft.Extensions.DependencyInjection.dll --assembly=Library/Bee/artifacts/WebGL/ManagedStripped/Microsoft.Extensions.Features.dll --assembly=Library/Bee/artifacts/WebGL/ManagedStripped/Microsoft.Extensions.Logging.Abstractions.dll --assembly=Library/Bee/artifacts/WebGL/ManagedStripped/Microsoft.Extensions.Logging.dll --assembly=Library/Bee/artifacts/WebGL/ManagedStripped/Microsoft.Extensions.Options.dll --assembly=Library/Bee/artifacts/WebGL/ManagedStripped/Microsoft.Extensions.Primitives.dll --assembly=Library/Bee/artifacts/WebGL/ManagedStripped/Mono.Security.dll --assembly=Library/Bee/artifacts/WebGL/ManagedStripped/mscorlib.dll --assembly=Library/Bee/artifacts/WebGL/ManagedStripped/Newtonsoft.Json.dll --assembly=Library/Bee/artifacts/WebGL/ManagedStripped/R3.dll --assembly=Library/Bee/artifacts/WebGL/ManagedStripped/ReflectorNet.dll --assembly=Library/Bee/artifacts/WebGL/ManagedStripped/System.ComponentModel.Annotations.dll --assembly=Library/Bee/artifacts/WebGL/ManagedStripped/System.Configuration.dll --assembly=Library/Bee/artifacts/WebGL/ManagedStripped/System.Core.dll --assembly=Library/Bee/artifacts/WebGL/ManagedStripped/System.Data.dll --assembly=Library/Bee/artifacts/WebGL/ManagedStripped/System.Diagnostics.DiagnosticSource.dll --assembly=Library/Bee/artifacts/WebGL/ManagedStripped/System.dll --assembly=Library/Bee/artifacts/WebGL/ManagedStripped/System.Drawing.dll --assembly=Library/Bee/artifacts/WebGL/ManagedStripped/System.IO.Pipelines.dll --assembly=Library/Bee/artifacts/WebGL/ManagedStripped/System.Net.Http.dll --assembly=Library/Bee/artifacts/WebGL/ManagedStripped/System.Numerics.dll --assembly=Library/Bee/artifacts/WebGL/ManagedStripped/System.Runtime.CompilerServices.Unsafe.dll --assembly=Library/Bee/artifacts/WebGL/ManagedStripped/System.Runtime.Serialization.dll --assembly=Library/Bee/artifacts/WebGL/ManagedStripped/System.Text.Encodings.Web.dll --assembly=Library/Bee/artifacts/WebGL/ManagedStripped/System.Text.Json.dll --assembly=Library/Bee/artifacts/WebGL/ManagedStripped/System.Threading.Channels.dll --assembly=Library/Bee/artifacts/WebGL/ManagedStripped/System.Xml.dll --assembly=Library/Bee/artifacts/WebGL/ManagedStripped/System.Xml.Linq.dll --assembly=Library/Bee/artifacts/WebGL/ManagedStripped/Unity.Burst.dll --assembly=Library/Bee/artifacts/WebGL/ManagedStripped/Unity.Cinemachine.dll --assembly=Library/Bee/artifacts/WebGL/ManagedStripped/Unity.InputSystem.dll --assembly=Library/Bee/artifacts/WebGL/ManagedStripped/Unity.Mathematics.dll --assembly=Library/Bee/artifacts/WebGL/ManagedStripped/Unity.Purchasing.AppleMacosStub.dll --assembly=Library/Bee/artifacts/WebGL/ManagedStripped/Unity.Purchasing.AppleStub.dll --assembly=Library/Bee/artifacts/WebGL/ManagedStripped/Unity.Purchasing.dll --assembly=Library/Bee/artifacts/WebGL/ManagedStripped/Unity.Purchasing.LiveContentAdapterService.dll --assembly=Library/Bee/artifacts/WebGL/ManagedStripped/Unity.Purchasing.PaymentProviderService.dll --assembly=Library/Bee/artifacts/WebGL/ManagedStripped/Unity.Purchasing.SecurityCore.dll --assembly=Library/Bee/artifacts/WebGL/ManagedStripped/Unity.Purchasing.SecurityStub.dll --assembly=Library/Bee/artifacts/WebGL/ManagedStripped/Unity.Purchasing.Stores.dll --assembly=Library/Bee/artifacts/WebGL/ManagedStripped/Unity.Purchasing.Utilities.dll --assembly=Library/Bee/artifacts/WebGL/ManagedStripped/Unity.Purchasing.WebshopService.dll --assembly=Library/Bee/artifacts/WebGL/ManagedStripped/Unity.RenderPipeline.Universal.ShaderLibrary.dll --assembly=Library/Bee/artifacts/WebGL/ManagedStripped/Unity.RenderPipelines.Core.Runtime.dll --assembly=Library/Bee/artifacts/WebGL/ManagedStripped/Unity.RenderPipelines.Universal.Runtime.dll --assembly=Library/Bee/artifacts/WebGL/ManagedStripped/Unity.Services.Core.Configuration.dll --assembly=Library/Bee/artifacts/WebGL/ManagedStripped/Unity.Services.Core.Device.dll --assembly=Library/Bee/artifacts/WebGL/ManagedStripped/Unity.Services.Core.dll --assembly=Library/Bee/artifacts/WebGL/ManagedStripped/Unity.Services.Core.Environments.Internal.dll --assembly=Library/Bee/artifacts/WebGL/ManagedStripped/Unity.Services.Core.Internal.dll --assembly=Library/Bee/artifacts/WebGL/ManagedStripped/Unity.Services.Core.Registration.dll --assembly=Library/Bee/artifacts/WebGL/ManagedStripped/Unity.Services.Core.Scheduler.dll --assembly=Library/Bee/artifacts/WebGL/ManagedStripped/Unity.Services.Core.Telemetry.dll --assembly=Library/Bee/artifacts/WebGL/ManagedStripped/Unity.Services.Core.Threading.dll --assembly=Library/Bee/artifacts/WebGL/ManagedStripped/Unity.TextMeshPro.dll --assembly=Library/Bee/artifacts/WebGL/ManagedStripped/UnityEngine.AndroidJNIModule.dll --assembly=Library/Bee/artifacts/WebGL/ManagedStripped/UnityEngine.AnimationModule.dll --assembly=Library/Bee/artifacts/WebGL/ManagedStripped/UnityEngine.AudioModule.dll --assembly=Library/Bee/artifacts/WebGL/ManagedStripped/UnityEngine.CoreModule.dll --assembly=Library/Bee/artifacts/WebGL/ManagedStripped/UnityEngine.dll --assembly=Library/Bee/artifacts/WebGL/ManagedStripped/UnityEngine.GridModule.dll --assembly=Library/Bee/artifacts/WebGL/ManagedStripped/UnityEngine.IMGUIModule.dll --assembly=Library/Bee/artifacts/WebGL/ManagedStripped/UnityEngine.InputLegacyModule.dll --assembly=Library/Bee/artifacts/WebGL/ManagedStripped/UnityEngine.InputModule.dll --assembly=Library/Bee/artifacts/WebGL/ManagedStripped/UnityEngine.JSONSerializeModule.dll --assembly=Library/Bee/artifacts/WebGL/ManagedStripped/UnityEngine.ParticleSystemModule.dll --assembly=Library/Bee/artifacts/WebGL/ManagedStripped/UnityEngine.Physics2DModule.dll --assembly=Library/Bee/artifacts/WebGL/ManagedStripped/UnityEngine.PhysicsModule.dll --assembly=Library/Bee/artifacts/WebGL/ManagedStripped/UnityEngine.PropertiesModule.dll --assembly=Library/Bee/artifacts/WebGL/ManagedStripped/UnityEngine.SharedInternalsModule.dll --assembly=Library/Bee/artifacts/WebGL/ManagedStripped/UnityEngine.SpriteMaskModule.dll --assembly=Library/Bee/artifacts/WebGL/ManagedStripped/UnityEngine.SpriteShapeModule.dll --assembly=Library/Bee/artifacts/WebGL/ManagedStripped/UnityEngine.SubsystemsModule.dll --assembly=Library/Bee/artifacts/WebGL/ManagedStripped/UnityEngine.TextCoreFontEngineModule.dll --assembly=Library/Bee/artifacts/WebGL/ManagedStripped/UnityEngine.TextCoreTextEngineModule.dll --assembly=Library/Bee/artifacts/WebGL/ManagedStripped/UnityEngine.TextRenderingModule.dll --assembly=Library/Bee/artifacts/WebGL/ManagedStripped/UnityEngine.TilemapModule.dll --assembly=Library/Bee/artifacts/WebGL/ManagedStripped/UnityEngine.UI.dll --assembly=Library/Bee/artifacts/WebGL/ManagedStripped/UnityEngine.UIElementsModule.dll --assembly=Library/Bee/artifacts/WebGL/ManagedStripped/UnityEngine.UIModule.dll --assembly=Library/Bee/artifacts/WebGL/ManagedStripped/UnityEngine.UnityWebRequestModule.dll --assembly=Library/Bee/artifacts/WebGL/ManagedStripped/UnityEngine.VFXModule.dll --assembly=Library/Bee/artifacts/WebGL/ManagedStripped/UnityEngine.VRModule.dll --assembly=Library/Bee/artifacts/WebGL/ManagedStripped/UnityEngine.XRModule.dll --generatedcppdir=/Users/jangyoung/orca/Abyssal-Surge/Library/Bee/artifacts/WebGL/il2cppOutput/cpp --symbols-folder=/Users/jangyoung/orca/Abyssal-Surge/Library/Bee/artifacts/WebGL/il2cppOutput/cpp/Symbols --enable-analytics --emit-method-map --dotnetprofile=unityaot-linux --profiler-report --profiler-output-file=/Users/jangyoung/orca/Abyssal-Surge/Library/Bee/artifacts/il2cpp_conv_0ecd.traceevents --print-command-line --data-folder=/Users/jangyoung/orca/Abyssal-Surge/Library/Bee/artifacts/WebGL/il2cppOutput/data
[223/796    0s] CopyFiles /Users/jangyoung/orca/Abyssal-Surge/Library/Bee/artifacts/WebGL/il2cppOutput/build/Data/Resources/mscorlib.dll-resources.dat
[224/796    0s] CopyFiles /Users/jangyoung/orca/Abyssal-Surge/Library/Bee/artifacts/WebGL/il2cppOutput/build/Data/Resources/Microsoft.Bcl.TimeProvider.dll-resources.dat
[225/796    0s] CopyFiles /Users/jangyoung/orca/Abyssal-Surge/Library/Bee/artifacts/WebGL/il2cppOutput/build/Data/Resources/R3.dll-resources.dat
[226/796    0s] CopyFiles /Users/jangyoung/orca/Abyssal-Surge/Library/Bee/artifacts/WebGL/il2cppOutput/build/Data/Resources/Microsoft.Extensions.Configuration.Abstractions.dll-resources.dat
[227/796    0s] CopyFiles /Users/jangyoung/orca/Abyssal-Surge/Library/Bee/artifacts/WebGL/il2cppOutput/build/Data/Resources/System.Threading.Channels.dll-resources.dat
[228/796    0s] CopyFiles /Users/jangyoung/orca/Abyssal-Surge/Library/Bee/artifacts/WebGL/il2cppOutput/build/Data/Resources/Microsoft.Extensions.DependencyInjection.dll-resources.dat
[229/796    0s] CopyFiles /Users/jangyoung/orca/Abyssal-Surge/Library/Bee/artifacts/WebGL/il2cppOutput/build/Data/Resources/System.Text.Encodings.Web.dll-resources.dat
[230/796    0s] CopyFiles /Users/jangyoung/orca/Abyssal-Surge/Library/Bee/artifacts/WebGL/il2cppOutput/build/Data/Resources/System.Data.dll-resources.dat
[231/796    0s] CopyFiles /Users/jangyoung/orca/Abyssal-Surge/Library/Bee/artifacts/WebGL/il2cppOutput/build/Data/Resources/Microsoft.Extensions.Logging.Abstractions.dll-resources.dat
[232/796    0s] CopyFiles /Users/jangyoung/orca/Abyssal-Surge/Library/Bee/artifacts/WebGL/il2cppOutput/build/Data/Resources/Microsoft.Extensions.DependencyInjection.Abstractions.dll-resources.dat
[233/796    0s] CopyFiles /Users/jangyoung/orca/Abyssal-Surge/Library/Bee/artifacts/WebGL/il2cppOutput/build/Data/Resources/Microsoft.Extensions.Primitives.dll-resources.dat
[234/796    0s] CopyFiles /Users/jangyoung/orca/Abyssal-Surge/Library/Bee/artifacts/WebGL/il2cppOutput/build/Data/Resources/System.Drawing.dll-resources.dat
[235/796    0s] CopyFiles /Users/jangyoung/orca/Abyssal-Surge/Library/Bee/artifacts/WebGL/il2cppOutput/build/Data/Resources/Microsoft.Extensions.Options.dll-resources.dat
[236/796    0s] CopyFiles /Users/jangyoung/orca/Abyssal-Surge/Library/Bee/artifacts/WebGL/il2cppOutput/build/Data/Resources/System.Diagnostics.DiagnosticSource.dll-resources.dat
[237/796    0s] CopyFiles /Users/jangyoung/orca/Abyssal-Surge/Library/Bee/artifacts/WebGL/il2cppOutput/build/Data/Resources/Microsoft.Extensions.Logging.dll-resources.dat
[239/796    0s] CopyFiles /Users/jangyoung/orca/Abyssal-Surge/Library/Bee/artifacts/WebGL/il2cppOutput/build/Data/Resources/System.Text.Json.dll-resources.dat
[240/796    0s] CopyFiles /Users/jangyoung/orca/Abyssal-Surge/Library/Bee/artifacts/WebGL/il2cppOutput/build/Data/Resources/System.IO.Pipelines.dll-resources.dat
[241/796    0s] CopyFiles /Users/jangyoung/orca/Abyssal-Surge/Library/Bee/artifacts/WebGL/il2cppOutput/build/Data/Resources/System.ComponentModel.Annotations.dll-resources.dat
[284/796    0s] C_WebGL_wasm Library/Bee/artifacts/WebGL/GameAssembly/release_WebGL_wasm/3sdm68pgshl4.o
[285/796    0s] C_WebGL_wasm Library/Bee/artifacts/WebGL/GameAssembly/release_WebGL_wasm/zb8uenvo08z3.o
[286/796    0s] C_WebGL_wasm Library/Bee/artifacts/WebGL/GameAssembly/release_WebGL_wasm/tl6kuct357kz.o
[287/796    0s] C_WebGL_wasm Library/Bee/artifacts/WebGL/GameAssembly/release_WebGL_wasm/qgphifhny200.o
[289/796    0s] C_WebGL_wasm Library/Bee/artifacts/WebGL/GameAssembly/release_WebGL_wasm/gup31sokra0s.o
[290/796    0s] C_WebGL_wasm Library/Bee/artifacts/WebGL/GameAssembly/release_WebGL_wasm/85thma4h6c6m.o
[291/796    0s] C_WebGL_wasm Library/Bee/artifacts/WebGL/GameAssembly/release_WebGL_wasm/yqnqw6u95bq0.o
[295/796    0s] C_WebGL_wasm Library/Bee/artifacts/WebGL/GameAssembly/release_WebGL_wasm/v4dy1xeuu35g.o
[296/796    0s] C_WebGL_wasm Library/Bee/artifacts/WebGL/GameAssembly/release_WebGL_wasm/mf8d2pamhg4i.o
[318/796    0s] C_WebGL_wasm Library/Bee/artifacts/WebGL/GameAssembly/release_WebGL_wasm/9a9dbgotupkl.o
[322/796    1s] C_WebGL_wasm Library/Bee/artifacts/WebGL/GameAssembly/release_WebGL_wasm/nsq11dck1vdg.o
[329/796    0s] C_WebGL_wasm Library/Bee/artifacts/WebGL/GameAssembly/release_WebGL_wasm/qx9rj92uc6s7.o
[331/796    0s] C_WebGL_wasm Library/Bee/artifacts/WebGL/GameAssembly/release_WebGL_wasm/jojclg7cu2tg.o
[332/796    0s] C_WebGL_wasm Library/Bee/artifacts/WebGL/GameAssembly/release_WebGL_wasm/8it0r0vbfycg.o
[355/796    0s] C_WebGL_wasm Library/Bee/artifacts/WebGL/GameAssembly/release_WebGL_wasm/2jvpuf7ovy5g.o
[359/796    0s] C_WebGL_wasm Library/Bee/artifacts/WebGL/GameAssembly/release_WebGL_wasm/ur8e38ifnsrn.o
[369/796    0s] C_WebGL_wasm Library/Bee/artifacts/WebGL/GameAssembly/release_WebGL_wasm/717qpwxk5rsc.o
[402/796    0s] C_WebGL_wasm Library/Bee/artifacts/WebGL/GameAssembly/release_WebGL_wasm/0ibrx6feyybh.o
[403/796    0s] C_WebGL_wasm Library/Bee/artifacts/WebGL/GameAssembly/release_WebGL_wasm/4xkvtdalwhjs.o
[411/796    0s] C_WebGL_wasm Library/Bee/artifacts/WebGL/GameAssembly/release_WebGL_wasm/is67qkngac6f.o
[424/796    0s] C_WebGL_wasm Library/Bee/artifacts/WebGL/GameAssembly/release_WebGL_wasm/b9ifw9pndgls.o
[437/796    0s] C_WebGL_wasm Library/Bee/artifacts/WebGL/GameAssembly/release_WebGL_wasm/nq41as02chlu.o
[440/796    0s] C_WebGL_wasm Library/Bee/artifacts/WebGL/GameAssembly/release_WebGL_wasm/rsql6tv87e4o.o
[447/796    0s] C_WebGL_wasm Library/Bee/artifacts/WebGL/GameAssembly/release_WebGL_wasm/1bglxiy9trhk.o
[451/796    0s] C_WebGL_wasm Library/Bee/artifacts/WebGL/GameAssembly/release_WebGL_wasm/ihgbdjtwsdvf.o
[453/796    1s] C_WebGL_wasm Library/Bee/artifacts/WebGL/GameAssembly/release_WebGL_wasm/m2606ha1ts4t.o
[457/796    0s] C_WebGL_wasm Library/Bee/artifacts/WebGL/GameAssembly/release_WebGL_wasm/cw82sk1o0fj1.o
[460/796    0s] C_WebGL_wasm Library/Bee/artifacts/WebGL/GameAssembly/release_WebGL_wasm/ekmeexltes8i.o
[462/796    0s] C_WebGL_wasm Library/Bee/artifacts/WebGL/GameAssembly/release_WebGL_wasm/utwn5sip4oq6.o
[464/796    0s] C_WebGL_wasm Library/Bee/artifacts/WebGL/GameAssembly/release_WebGL_wasm/3jg4kf6l116p.o
[465/796    0s] C_WebGL_wasm Library/Bee/artifacts/WebGL/GameAssembly/release_WebGL_wasm/qw65j4v3akt5.o
[473/796    0s] C_WebGL_wasm Library/Bee/artifacts/WebGL/GameAssembly/release_WebGL_wasm/84o8429rua9z.o
[491/796    0s] C_WebGL_wasm Library/Bee/artifacts/WebGL/GameAssembly/release_WebGL_wasm/1k0r3hv11n27.o
[492/796    0s] C_WebGL_wasm Library/Bee/artifacts/WebGL/GameAssembly/release_WebGL_wasm/fqc0r8dxv4cx.o
[503/796    0s] C_WebGL_wasm Library/Bee/artifacts/WebGL/GameAssembly/release_WebGL_wasm/vnk6n1v88lwl.o
[504/796    0s] C_WebGL_wasm Library/Bee/artifacts/WebGL/GameAssembly/release_WebGL_wasm/vyg0ust5r541.o
[510/796    0s] C_WebGL_wasm Library/Bee/artifacts/WebGL/GameAssembly/release_WebGL_wasm/oj4fi5xdbto2.o
[514/796    0s] C_WebGL_wasm Library/Bee/artifacts/WebGL/GameAssembly/release_WebGL_wasm/xsmhvkwseqtd.o
[518/796    0s] C_WebGL_wasm Library/Bee/artifacts/WebGL/GameAssembly/release_WebGL_wasm/vvqab8v9buvd.o
[532/796    0s] C_WebGL_wasm Library/Bee/artifacts/WebGL/GameAssembly/release_WebGL_wasm/xuvorkqdop9g.o
[535/796    0s] C_WebGL_wasm Library/Bee/artifacts/WebGL/GameAssembly/release_WebGL_wasm/0qdycc0o5yye.o
[538/796    0s] C_WebGL_wasm Library/Bee/artifacts/WebGL/GameAssembly/release_WebGL_wasm/rqggwoe8gc92.o
[542/796    0s] C_WebGL_wasm Library/Bee/artifacts/WebGL/GameAssembly/release_WebGL_wasm/pl6y15xtoon6.o
[548/796    2s] C_WebGL_wasm Library/Bee/artifacts/WebGL/GameAssembly/release_WebGL_wasm/4iz7iv7iatwj.o
[554/796    0s] C_WebGL_wasm Library/Bee/artifacts/WebGL/GameAssembly/release_WebGL_wasm/3t0mlo4i9gcr.o
[555/796    0s] C_WebGL_wasm Library/Bee/artifacts/WebGL/GameAssembly/release_WebGL_wasm/wluo0b1lujaf.o
[557/796    0s] C_WebGL_wasm Library/Bee/artifacts/WebGL/GameAssembly/release_WebGL_wasm/h2lcg7ayc66h.o
[562/796    0s] C_WebGL_wasm Library/Bee/artifacts/WebGL/GameAssembly/release_WebGL_wasm/3qt07niyn5zc.o
[564/796    0s] C_WebGL_wasm Library/Bee/artifacts/WebGL/GameAssembly/release_WebGL_wasm/33k47ibvtqao.o
[566/796    2s] C_WebGL_wasm Library/Bee/artifacts/WebGL/GameAssembly/release_WebGL_wasm/k3ax0pyfreo2.o
[569/796    0s] C_WebGL_wasm Library/Bee/artifacts/WebGL/GameAssembly/release_WebGL_wasm/c2w1ftrj8j2w.o
[570/796    0s] C_WebGL_wasm Library/Bee/artifacts/WebGL/GameAssembly/release_WebGL_wasm/usl5ki4m62sv.o
[578/796    0s] C_WebGL_wasm Library/Bee/artifacts/WebGL/GameAssembly/release_WebGL_wasm/htv3edeuraw6.o
[583/796    0s] C_WebGL_wasm Library/Bee/artifacts/WebGL/GameAssembly/release_WebGL_wasm/m2pygi6zyh5k.o
[586/796    0s] C_WebGL_wasm Library/Bee/artifacts/WebGL/GameAssembly/release_WebGL_wasm/1qgnvu5caasr.o
[593/796    0s] C_WebGL_wasm Library/Bee/artifacts/WebGL/GameAssembly/release_WebGL_wasm/g3low9dpkyk1.o
[595/796    0s] C_WebGL_wasm Library/Bee/artifacts/WebGL/GameAssembly/release_WebGL_wasm/v29ryeluxw2o.o
[602/796    0s] C_WebGL_wasm Library/Bee/artifacts/WebGL/GameAssembly/release_WebGL_wasm/9gji83uy30kk.o
[606/796    0s] C_WebGL_wasm Library/Bee/artifacts/WebGL/GameAssembly/release_WebGL_wasm/snzony3x1565.o
[619/796    0s] C_WebGL_wasm Library/Bee/artifacts/WebGL/GameAssembly/release_WebGL_wasm/z7vm5ch6c0hu.o
[621/796    0s] C_WebGL_wasm Library/Bee/artifacts/WebGL/GameAssembly/release_WebGL_wasm/pfgpi6alao8d.o
[624/796    0s] C_WebGL_wasm Library/Bee/artifacts/WebGL/GameAssembly/release_WebGL_wasm/tbpme1t65ymq.o
[626/796    0s] C_WebGL_wasm Library/Bee/artifacts/WebGL/GameAssembly/release_WebGL_wasm/i5cnoszp23w8.o
[628/796    0s] C_WebGL_wasm Library/Bee/artifacts/WebGL/GameAssembly/release_WebGL_wasm/v7avquodvlpy.o
[630/796    0s] C_WebGL_wasm Library/Bee/artifacts/WebGL/GameAssembly/release_WebGL_wasm/8j7shrtqiaxb.o
[636/796    0s] C_WebGL_wasm Library/Bee/artifacts/WebGL/GameAssembly/release_WebGL_wasm/pewoctkrkixc.o
[638/796    0s] C_WebGL_wasm Library/Bee/artifacts/WebGL/GameAssembly/release_WebGL_wasm/ti6hm1flm007.o
[641/796    2s] C_WebGL_wasm Library/Bee/artifacts/WebGL/GameAssembly/release_WebGL_wasm/gk17g9n7jz82.o
[646/796    0s] C_WebGL_wasm Library/Bee/artifacts/WebGL/GameAssembly/release_WebGL_wasm/pm5k2j7lwozd.o
[649/796    0s] C_WebGL_wasm Library/Bee/artifacts/WebGL/GameAssembly/release_WebGL_wasm/sp4wqsuuvs00.o
[651/796    0s] C_WebGL_wasm Library/Bee/artifacts/WebGL/GameAssembly/release_WebGL_wasm/mv7082hg59ps.o
[675/796    0s] C_WebGL_wasm Library/Bee/artifacts/WebGL/GameAssembly/release_WebGL_wasm/0coesk308ipa.o
[676/796    0s] C_WebGL_wasm Library/Bee/artifacts/WebGL/GameAssembly/release_WebGL_wasm/z4zjirh6uwpk.o
[687/796    0s] C_WebGL_wasm Library/Bee/artifacts/WebGL/GameAssembly/release_WebGL_wasm/c8f8ktsazehx.o
[699/796    0s] C_WebGL_wasm Library/Bee/artifacts/WebGL/GameAssembly/release_WebGL_wasm/akoiewxc82ha.o
[700/796    0s] C_WebGL_wasm Library/Bee/artifacts/WebGL/GameAssembly/release_WebGL_wasm/fczkfkvrjui3.o
[703/796    1s] C_WebGL_wasm Library/Bee/artifacts/WebGL/GameAssembly/release_WebGL_wasm/yp7cp20kzxis.o
[705/796    0s] C_WebGL_wasm Library/Bee/artifacts/WebGL/GameAssembly/release_WebGL_wasm/kzle4165d3ka.o
[714/796    0s] C_WebGL_wasm Library/Bee/artifacts/WebGL/GameAssembly/release_WebGL_wasm/ta2ipqhfued8.o
[716/796    0s] C_WebGL_wasm Library/Bee/artifacts/WebGL/GameAssembly/release_WebGL_wasm/96902xk4jfn5.o
[725/796    0s] C_WebGL_wasm Library/Bee/artifacts/WebGL/GameAssembly/release_WebGL_wasm/6xv6h8gkzyoy.o
[726/796    0s] C_WebGL_wasm Library/Bee/artifacts/WebGL/GameAssembly/release_WebGL_wasm/8cmvrcyfjeej.o
[736/796    0s] C_WebGL_wasm Library/Bee/artifacts/WebGL/GameAssembly/release_WebGL_wasm/pd3x6luqd664.o
[738/796    0s] C_WebGL_wasm Library/Bee/artifacts/WebGL/GameAssembly/release_WebGL_wasm/rp6i9ocr7mor.o
[743/796    1s] C_WebGL_wasm Library/Bee/artifacts/WebGL/GameAssembly/release_WebGL_wasm/d6jtjchoy2nr.o
[751/796    2s] C_WebGL_wasm Library/Bee/artifacts/WebGL/GameAssembly/release_WebGL_wasm/48hsqf55725t.o
[762/796    0s] C_WebGL_wasm Library/Bee/artifacts/WebGL/GameAssembly/release_WebGL_wasm/htx8n1aqt8sm.o
[771/796    0s] C_WebGL_wasm Library/Bee/artifacts/WebGL/GameAssembly/release_WebGL_wasm/addxfdnlfg02.o
[772/796    0s] C_WebGL_wasm Library/Bee/artifacts/WebGL/GameAssembly/release_WebGL_wasm/qxsof7qb0l9n.o
[773/796    0s] CopyFiles /Users/jangyoung/orca/Abyssal-Surge/Library/Bee/artifacts/WebGL/il2cppOutput/build/Data/Metadata/global-metadata.dat
[774/796    0s] CopyFiles Temp/EditorBuildOutput/MethodMap.tsv
[775/796    0s] C_WebGL_wasm Library/Bee/artifacts/WebGL/GameAssembly/release_WebGL_wasm/w1xefwnnym7w.o
[776/796    0s] C_WebGL_wasm Library/Bee/artifacts/WebGL/GameAssembly/release_WebGL_wasm/3wh1pluslyx7.o
[777/796    0s] C_WebGL_wasm Library/Bee/artifacts/WebGL/GameAssembly/release_WebGL_wasm/kimved0k4uct.o
[778/796    0s] Assemble WebGL Data Library/Bee/artifacts/WebGL/webgl.data
[779/796    2s] C_WebGL_wasm Library/Bee/artifacts/WebGL/GameAssembly/release_WebGL_wasm/az1ylzqg7w42.o
[780/796    1s] C_WebGL_wasm Library/Bee/artifacts/WebGL/GameAssembly/release_WebGL_wasm/i6geo95q2fxk.o
[781/796    4s] C_WebGL_wasm Library/Bee/artifacts/WebGL/GameAssembly/release_WebGL_wasm/b6v6nfk8jzpd.o
[782/796    3s] C_WebGL_wasm Library/Bee/artifacts/WebGL/GameAssembly/release_WebGL_wasm/xtjbo4e4qpic.o
[783/796    2s] C_WebGL_wasm Library/Bee/artifacts/WebGL/GameAssembly/release_WebGL_wasm/cegn8u06n16s.o
[784/796    4s] C_WebGL_wasm Library/Bee/artifacts/WebGL/GameAssembly/release_WebGL_wasm/4jgakxgrchho.o
[785/796    3s] 7z Library/Bee/artifacts/WebGL/webgl.data.unmarked

7-Zip (a) 24.09 (x64) : Copyright (c) 1999-2024 Igor Pavlov : 2024-11-29
 64-bit locale=en_US.UTF-8 Threads:12 OPEN_MAX:10240

Scanning the drive:
1 file, 74611314 bytes (72 MiB)

Creating archive: /Users/jangyoung/orca/Abyssal-Surge/Library/Bee/artifacts/WebGL/webgl.data.unmarked

Add new data to archive: 1 file, 74611314 bytes (72 MiB)


Files read from disk: 1
Archive size: 57739734 bytes (56 MiB)
Everything is Ok
[786/796    0s] GzipMarker Builds/WebGL/castle-war/Build/castle-war.data.unityweb
[BUSY      15s] C_WebGL_wasm Library/Bee/artifacts/WebGL/GameAssembly/release_WebGL_wasm/wtg6h7drhlrl.o
[787/796   15s] C_WebGL_wasm Library/Bee/artifacts/WebGL/GameAssembly/release_WebGL_wasm/wtg6h7drhlrl.o
[788/796    1s] Lib_WebGL_wasm Library/Bee/artifacts/WebGL/GameAssembly/release_WebGL_wasm/GameAssembly.a
[789/796    0s] CopyFiles /Users/jangyoung/orca/Abyssal-Surge/Library/Bee/artifacts/WebGL/il2cppOutput/build/GameAssembly.a
[BUSY       6s] Link_WebGL_wasm Library/Bee/artifacts/WebGL/build/debug_WebGL_wasm/build.js (+wasm)
[BUSY      16s] Link_WebGL_wasm Library/Bee/artifacts/WebGL/build/debug_WebGL_wasm/build.js (+wasm)
[BUSY      26s] Link_WebGL_wasm Library/Bee/artifacts/WebGL/build/debug_WebGL_wasm/build.js (+wasm)
[BUSY      36s] Link_WebGL_wasm Library/Bee/artifacts/WebGL/build/debug_WebGL_wasm/build.js (+wasm)
[BUSY      46s] Link_WebGL_wasm Library/Bee/artifacts/WebGL/build/debug_WebGL_wasm/build.js (+wasm)
[BUSY      56s] Link_WebGL_wasm Library/Bee/artifacts/WebGL/build/debug_WebGL_wasm/build.js (+wasm)
[BUSY      66s] Link_WebGL_wasm Library/Bee/artifacts/WebGL/build/debug_WebGL_wasm/build.js (+wasm)
[BUSY      76s] Link_WebGL_wasm Library/Bee/artifacts/WebGL/build/debug_WebGL_wasm/build.js (+wasm)
[BUSY      86s] Link_WebGL_wasm Library/Bee/artifacts/WebGL/build/debug_WebGL_wasm/build.js (+wasm)
[BUSY      96s] Link_WebGL_wasm Library/Bee/artifacts/WebGL/build/debug_WebGL_wasm/build.js (+wasm)
[790/796   103s] Link_WebGL_wasm Library/Bee/artifacts/WebGL/build/debug_WebGL_wasm/build.js (+wasm)
[791/796    1s] FrameworkAssembler Library/Bee/artifacts/WebGL/build/debug_WebGL_wasm/build.framework.js
[792/796    0s] 7z Library/Bee/artifacts/WebGL/build/debug_WebGL_wasm/build.framework.js.unmarked

7-Zip (a) 24.09 (x64) : Copyright (c) 1999-2024 Igor Pavlov : 2024-11-29
 64-bit locale=en_US.UTF-8 Threads:12 OPEN_MAX:10240

Scanning the drive:
1 file, 441476 bytes (432 KiB)

Creating archive: /Users/jangyoung/orca/Abyssal-Surge/Library/Bee/artifacts/WebGL/build/debug_WebGL_wasm/build.framework.js.unmarked

Add new data to archive: 1 file, 441476 bytes (432 KiB)


Files read from disk: 1
Archive size: 84754 bytes (83 KiB)
Everything is Ok
[793/796    0s] GzipMarker Builds/WebGL/castle-war/Build/castle-war.framework.js.unityweb
[794/796    4s] 7z Library/Bee/artifacts/WebGL/build/debug_WebGL_wasm/build.wasm.unmarked

7-Zip (a) 24.09 (x64) : Copyright (c) 1999-2024 Igor Pavlov : 2024-11-29
 64-bit locale=en_US.UTF-8 Threads:12 OPEN_MAX:10240

Scanning the drive:
1 file, 54763437 bytes (53 MiB)

Creating archive: /Users/jangyoung/orca/Abyssal-Surge/Library/Bee/artifacts/WebGL/build/debug_WebGL_wasm/build.wasm.unmarked

Add new data to archive: 1 file, 54763437 bytes (53 MiB)


Files read from disk: 1
Archive size: 13038471 bytes (13 MiB)
Everything is Ok
[795/796    0s] GzipMarker Builds/WebGL/castle-war/Build/castle-war.wasm.unityweb
*** Tundra build success (152.42 seconds - 0:02:32), 137 items updated, 796 evaluated
ExitCode: 0 Duration: 2m:32s
[websockify wrapper] Start node and websockify.js
Total cache size 265057198
Total cache size after purge 265057198
[websockify wrapper] Proxying from :54998 to localhost:34999
[Licensing::Client] Successfully resolved entitlement details
Refreshing native plugins compatible for Editor in 35.69 ms, found 3 plugins.
Preloading 0 native plugins for Editor in 0.00 ms.
Asset Pipeline Refresh (id=45e28a4c5b8214fc3b276191678a4f22): Total: 1.102 seconds - Initiated by RefreshV2(NoUpdateAssetOptions)
	Summary:
		Imports: total=0 (actual=0, local cache=0, cache server=0)
		Asset DB Process Time: managed=0 ms, native=777 ms
		Asset DB Callback time: managed=249 ms, native=74 ms
		Scripting: domain reloads=0, domain reload time=0 ms, compile time=0 ms, other=0 ms
		Project Asset Count: scripts=10978, non-scripts=2961
		Asset File Changes: new=0, changed=0, moved=0, deleted=2
		Scan Filter Count: 1
	InvokeBeforeRefreshCallbacks: 0.264ms
	ApplyChangesToAssetFolders: 1.769ms
	Scan: 480.118ms
	OnSourceAssetsModified: 1.043ms
	UnregisterDeletedAssets: 0.012ms
	GetAllGuidsForCategorization: 1.339ms
	CategorizeAssets: 68.025ms
	ImportOutOfDateAssets: 6.791ms (0.876ms without children)
		ReloadNativeAssets: 0.663ms
		UnloadImportedAssets: 0.064ms
		EnsureUptoDateAssetsAreRegisteredWithGuidPM: 1.785ms
		InitializingProgressBar: 0.001ms
		PostProcessAllAssetNotificationsAddChangedAssets: 0.000ms
		OnDemandSchedulerStart: 3.403ms
	PostProcessAllAssets: 254.182ms
	Hotreload: 68.251ms
	GatherAllCurrentPrimaryArtifactRevisions: 2.792ms
	UnloadStreamsBegin: 15.711ms
	PersistCurrentRevisions: 0.904ms
	UnloadStreamsEnd: 0.037ms
	Untracked: 200.537ms
Refreshing native plugins compatible for Editor in 7.74 ms, found 3 plugins.
Preloading 0 native plugins for Editor in 0.00 ms.

-------------------------------------------------------------------------------
Build Report
Uncompressed usage by category (Percentages based on user generated assets only):
Textures               172.2 mb	 98.2% 
Meshes                 0.0 kb	 0.0% 
Animations             0.0 kb	 0.0% 
Sounds                 32.3 kb	 0.0% 
Shaders                677.2 kb	 0.4% 
Other Assets           1.9 mb	 1.1% 
Levels                 0.0 kb	 0.0% 
Scripts                401.6 kb	 0.2% 
Included DLLs          0.0 kb	 0.0% 
File headers           138.3 kb	 0.1% 
Total User Assets      175.4 mb	 100.0% 
Complete build size    69.0 mb
Used Assets and files from the Resources folder, sorted by uncompressed size:
 6.1 mb	 8.9% Assets/Sprites/block_cracked.png
 6.0 mb	 8.7% Assets/Resources/Gimmicks/gimmick_stage2_spiketrap_armed.png
 6.0 mb	 8.7% Assets/Resources/Gimmicks/gimmick_stage2_spiketrap_dormant.png
 6.0 mb	 8.7% Assets/Resources/Gimmicks/gimmick_stage3_frost_vent.png
 6.0 mb	 8.7% Assets/Resources/Gimmicks/stage1_barrel_anim/stage1_barrel_anim_003.png
 6.0 mb	 8.7% Assets/Resources/Gimmicks/stage1_barrel_anim/stage1_barrel_anim_002.png
 6.0 mb	 8.7% Assets/Resources/Gimmicks/stage1_barrel_anim/stage1_barrel_anim_001.png
 6.0 mb	 8.7% Assets/Resources/Gimmicks/stage1_barrel_anim/stage1_barrel_anim_000.png
 6.0 mb	 8.7% Assets/Resources/Gimmicks/gimmick_stage1_barrel.png
 6.0 mb	 8.7% Assets/Sprites/block_heavily_cracked.png
 6.0 mb	 8.7% Assets/Sprites/block_normal.png
 4.5 mb	 6.5% Assets/Resources/IntroKeyArt.png
 4.5 mb	 6.5% Assets/Sprites/Background.png
 2.7 mb	 3.9% Built-in Texture2D: Splash Screen Unity Logo
 1.5 mb	 2.2% Assets/Resources/Gimmicks/last_stand_button.png
 1.5 mb	 2.2% Assets/Sprites/archer.png
 1.5 mb	 2.2% Assets/Sprites/knight.png
 1.5 mb	 2.2% Assets/Sprites/arrow.png
 1.3 mb	 1.9% Assets/Resources/Effects/fx_eruption/fx_eruption_000.png
 1.3 mb	 1.9% Assets/Resources/Backgrounds/Background_Stage3.png
 1.3 mb	 1.9% Assets/Resources/Backgrounds/Background_Stage2.png
 1.3 mb	 1.9% Assets/Resources/Backgrounds/Background_Stage1.png
 1.1 mb	 1.6% Assets/Resources/Effects/fx_eruption/fx_eruption_001.png
 1.0 mb	 1.5% Assets/Resources/Fonts/NotoSansKR-Dynamic.asset
 1.0 mb	 1.5% Assets/TextMesh Pro/Resources/Fonts & Materials/LiberationSans SDF.asset
 1.0 mb	 1.5% Assets/Resources/GeneratedUnitFrames/Archer/Launch/launch_000.png
 1.0 mb	 1.5% Assets/Resources/GeneratedUnitFrames/Archer/Launch/launch_001.png
 1.0 mb	 1.5% Assets/Resources/GeneratedUnitFrames/Knight/Idle/idle_000.png
 1.0 mb	 1.5% Assets/Resources/GeneratedUnitFrames/Archer/Attack/attack_001.png
 1.0 mb	 1.5% Assets/Resources/GeneratedUnitFrames/Knight/Idle/idle_001.png
 1.0 mb	 1.5% Assets/Resources/GeneratedUnitFrames/Archer/Walk/walk_000.png
 1.0 mb	 1.5% Assets/Resources/GeneratedUnitFrames/Bomber/Walk/walk_000.png
 1.0 mb	 1.5% Assets/Resources/GeneratedUnitFrames/Bomber/Attack/attack_000.png
 1.0 mb	 1.5% Assets/Resources/GeneratedUnitFrames/Bomber/Launch/launch_001.png
 1.0 mb	 1.5% Assets/Resources/GeneratedUnitFrames/Bomber/Idle/idle_000.png
 1.0 mb	 1.5% Assets/Resources/GeneratedUnitFrames/Bomber/Launch/launch_000.png
 1.0 mb	 1.5% Assets/Resources/GeneratedUnitFrames/Bomber/Idle/idle_001.png
 1.0 mb	 1.5% Assets/Resources/GeneratedUnitFrames/Knight/Walk/walk_001.png
 1.0 mb	 1.5% Assets/Resources/GeneratedUnitFrames/Archer/Attack/attack_000.png
 1.0 mb	 1.5% Assets/Resources/GeneratedUnitFrames/Knight/Walk/walk_000.png
 1.0 mb	 1.5% Assets/Resources/GeneratedUnitFrames/Bomber/Attack/attack_001.png
 1.0 mb	 1.5% Assets/Resources/GeneratedUnitFrames/Archer/Idle/idle_000.png
 1.0 mb	 1.5% Assets/Resources/GeneratedUnitFrames/Knight/Attack/attack_000.png
 1.0 mb	 1.5% Assets/Resources/GeneratedUnitFrames/Bomber/Walk/walk_001.png
 1.0 mb	 1.5% Assets/Resources/GeneratedUnitFrames/Archer/Idle/idle_001.png
 1.0 mb	 1.5% Assets/Resources/GeneratedUnitFrames/Knight/Launch/launch_000.png
 1.0 mb	 1.5% Assets/Resources/GeneratedUnitFrames/Knight/Attack/attack_001.png
 1.0 mb	 1.5% Assets/Resources/GeneratedUnitFrames/Archer/Walk/walk_001.png
 1.0 mb	 1.5% Assets/Resources/GeneratedUnitFrames/Knight/Launch/launch_001.png
 1.0 mb	 1.5% Assets/Resources/Gimmicks/gimmick_spiketrap_dormant.png
 1022.7 kb	 1.4% Assets/Resources/Gimmicks/gimmick_spiketrap_armed.png
 886.5 kb	 1.3% Assets/Resources/Gimmicks/gate_anim/gate_anim_003.png
 886.5 kb	 1.3% Assets/Resources/Gimmicks/gate_anim/gate_anim_002.png
 886.5 kb	 1.3% Assets/Resources/Gimmicks/gate_anim/gate_anim_001.png
 886.5 kb	 1.3% Assets/Resources/Gimmicks/gate_anim/gate_anim_000.png
 886.5 kb	 1.3% Assets/Resources/Gimmicks/gimmick_gate.png
 874.3 kb	 1.2% Assets/Resources/Gimmicks/hex_rune_anim/hex_rune_anim_003.png
 874.3 kb	 1.2% Assets/Resources/Gimmicks/hex_rune_anim/hex_rune_anim_000.png
 874.3 kb	 1.2% Assets/Resources/Gimmicks/gimmick_hex_rune.png
 864.5 kb	 1.2% Assets/Resources/Gimmicks/hex_rune_anim/hex_rune_anim_002.png
 864.5 kb	 1.2% Assets/Resources/Gimmicks/hex_rune_anim/hex_rune_anim_001.png
 790.5 kb	 1.1% Assets/Resources/Gimmicks/rally_rune_anim/rally_rune_anim_002.png
 790.5 kb	 1.1% Assets/Resources/Gimmicks/rally_rune_anim/rally_rune_anim_001.png
 790.4 kb	 1.1% Assets/Resources/Gimmicks/rally_rune_anim/rally_rune_anim_003.png
 790.4 kb	 1.1% Assets/Resources/Gimmicks/rally_rune_anim/rally_rune_anim_000.png
 790.4 kb	 1.1% Assets/Resources/Gimmicks/gimmick_rally_rune.png
 773.9 kb	 1.1% Assets/Resources/Effects/fx_petals/fx_petals_002.png
 749.4 kb	 1.1% Assets/Resources/Gimmicks/barrel_anim/barrel_anim_002.png
 749.4 kb	 1.1% Assets/Resources/Gimmicks/barrel_anim/barrel_anim_001.png
 749.4 kb	 1.1% Assets/Resources/Gimmicks/barrel_anim/barrel_anim_003.png
 749.3 kb	 1.1% Assets/Resources/Gimmicks/barrel_anim/barrel_anim_000.png
 749.2 kb	 1.1% Assets/Resources/Gimmicks/gimmick_barrel.png
 728.6 kb	 1.0% Assets/Resources/Gimmicks/core_anim/core_anim_002.png
 728.6 kb	 1.0% Assets/Resources/Gimmicks/core_anim/core_anim_000.png
 728.6 kb	 1.0% Assets/Resources/Gimmicks/core_anim/core_anim_003.png
 728.6 kb	 1.0% Assets/Resources/Gimmicks/core_anim/core_anim_001.png
 701.2 kb	 1.0% Assets/Resources/Gimmicks/gimmick_core.png
 686.0 kb	 1.0% Assets/Resources/Effects/fx_eruption/fx_eruption_002.png
 657.1 kb	 0.9% Assets/Resources/Gimmicks/gimmick_vent_petal.png
 607.8 kb	 0.9% Assets/Resources/Effects/fx_petals/fx_petals_003.png
 549.3 kb	 0.8% Assets/Resources/Effects/fx_eruption/fx_eruption_003.png
 538.1 kb	 0.8% Assets/Resources/Gimmicks/gimmick_vent_magma.png
 534.8 kb	 0.8% Assets/Resources/IntroAnim/intro_banner_003.png
 534.7 kb	 0.8% Assets/Resources/IntroAnim/intro_banner_002.png
 534.7 kb	 0.8% Assets/Resources/IntroAnim/intro_banner_001.png
 534.7 kb	 0.8% Assets/Resources/IntroAnim/intro_banner_004.png
 534.6 kb	 0.8% Assets/Resources/IntroAnim/intro_banner_005.png
 534.6 kb	 0.8% Assets/Resources/IntroAnim/intro_banner_000.png
 469.1 kb	 0.7% Assets/Resources/Gimmicks/gimmick_ram.png
 447.6 kb	 0.6% Assets/Resources/Gimmicks/ui_stage2_card.png
 447.4 kb	 0.6% Assets/Resources/Gimmicks/ui_stage3_card.png
 447.3 kb	 0.6% Assets/Resources/Gimmicks/ui_button_card.png
 447.2 kb	 0.6% Assets/Resources/Gimmicks/ui_stage1_card.png
 344.5 kb	 0.5% Assets/TextMesh Pro/Fonts/LiberationSans.ttf
 344.3 kb	 0.5% Assets/Resources/GeneratedUnitFrames/Archer/Launch/launch_003.png
 344.1 kb	 0.5% Assets/Resources/GeneratedUnitFrames/Archer/Launch/launch_004.png
 343.9 kb	 0.5% Assets/Resources/GeneratedUnitFrames/Archer/Launch/launch_002.png
 343.9 kb	 0.5% Assets/Resources/GeneratedUnitFrames/Archer/Attack/attack_003.png
 343.8 kb	 0.5% Assets/Resources/GeneratedUnitFrames/Knight/Attack/attack_004.png
 343.8 kb	 0.5% Assets/Resources/GeneratedUnitFrames/Bomber/Launch/launch_003.png
 343.8 kb	 0.5% Assets/Resources/GeneratedUnitFrames/Bomber/Launch/launch_002.png
 343.8 kb	 0.5% Assets/Resources/GeneratedUnitFrames/Knight/Walk/walk_005.png
 343.8 kb	 0.5% Assets/Resources/GeneratedUnitFrames/Knight/Idle/idle_002.png
 343.8 kb	 0.5% Assets/Resources/GeneratedUnitFrames/Bomber/Attack/attack_004.png
 343.7 kb	 0.5% Assets/Resources/GeneratedUnitFrames/Bomber/Idle/idle_003.png
 343.7 kb	 0.5% Assets/Resources/GeneratedUnitFrames/Knight/Attack/attack_003.png
 343.7 kb	 0.5% Assets/Resources/GeneratedUnitFrames/Bomber/Launch/launch_004.png
 343.7 kb	 0.5% Assets/Resources/GeneratedUnitFrames/Bomber/Attack/attack_003.png
 343.7 kb	 0.5% Assets/Resources/GeneratedUnitFrames/Archer/Idle/idle_002.png
 343.6 kb	 0.5% Assets/Resources/GeneratedUnitFrames/Knight/Walk/walk_004.png
 343.6 kb	 0.5% Assets/Resources/GeneratedUnitFrames/Bomber/Idle/idle_002.png
 343.6 kb	 0.5% Assets/Resources/GeneratedUnitFrames/Archer/Walk/walk_002.png
 343.6 kb	 0.5% Assets/Resources/GeneratedUnitFrames/Bomber/Attack/attack_002.png
 343.6 kb	 0.5% Assets/Resources/GeneratedUnitFrames/Archer/Walk/walk_003.png
 343.6 kb	 0.5% Assets/Resources/GeneratedUnitFrames/Archer/Walk/walk_005.png
 343.6 kb	 0.5% Assets/Resources/GeneratedUnitFrames/Archer/Idle/idle_003.png
 343.6 kb	 0.5% Assets/Resources/GeneratedUnitFrames/Knight/Idle/idle_003.png
 343.5 kb	 0.5% Assets/Resources/GeneratedUnitFrames/Knight/Launch/launch_003.png
 343.5 kb	 0.5% Assets/Resources/GeneratedUnitFrames/Archer/Attack/attack_002.png
 343.5 kb	 0.5% Assets/Resources/GeneratedUnitFrames/Bomber/Walk/walk_002.png
 343.5 kb	 0.5% Assets/Resources/GeneratedUnitFrames/Archer/Attack/attack_004.png
 343.5 kb	 0.5% Assets/Resources/GeneratedUnitFrames/Knight/Walk/walk_003.png
 343.5 kb	 0.5% Assets/Resources/GeneratedUnitFrames/Bomber/Walk/walk_005.png
 343.4 kb	 0.5% Assets/Resources/GeneratedUnitFrames/Archer/Walk/walk_004.png
 343.4 kb	 0.5% Assets/Resources/GeneratedUnitFrames/Knight/Launch/launch_004.png
 343.4 kb	 0.5% Assets/Resources/GeneratedUnitFrames/Bomber/Walk/walk_003.png
 343.4 kb	 0.5% Assets/Resources/GeneratedUnitFrames/Knight/Attack/attack_002.png
 343.4 kb	 0.5% Assets/Resources/GeneratedUnitFrames/Bomber/Walk/walk_004.png
 343.3 kb	 0.5% Assets/Resources/GeneratedUnitFrames/Knight/Walk/walk_002.png
 343.2 kb	 0.5% Assets/Resources/GeneratedUnitFrames/Knight/Launch/launch_002.png
 341.5 kb	 0.5% Packages/com.unity.probuilder/Content/Material/Textures/GridBox_Trigger.png
 341.5 kb	 0.5% Packages/com.unity.probuilder/Content/Material/Textures/GridBox_Collider.png
 341.5 kb	 0.5% Assets/TextMesh Pro/Examples & Extras/Sprites/DropCap Numbers.psd
 341.5 kb	 0.5% Assets/TextMesh Pro/Examples & Extras/Sprites/Default Sprites.png
 341.5 kb	 0.5% Assets/Resources/GeneratedExplosionFrames/explosion_005.png
 341.5 kb	 0.5% Assets/Resources/GeneratedExplosionFrames/explosion_004.png
 341.5 kb	 0.5% Assets/Resources/GeneratedExplosionFrames/explosion_003.png
 341.5 kb	 0.5% Assets/Resources/GeneratedExplosionFrames/explosion_002.png
 341.5 kb	 0.5% Assets/Resources/GeneratedExplosionFrames/explosion_001.png
 341.5 kb	 0.5% Assets/Resources/GeneratedExplosionFrames/explosion_000.png
 341.5 kb	 0.5% Assets/Resources/Effects/fx_arcane/fx_arcane_003.png
 341.5 kb	 0.5% Assets/Resources/Effects/fx_arcane/fx_arcane_002.png
 341.5 kb	 0.5% Assets/Resources/Effects/fx_arcane/fx_arcane_001.png
 341.5 kb	 0.5% Assets/Resources/Effects/fx_arcane/fx_arcane_000.png
 341.5 kb	 0.5% Assets/TextMesh Pro/Sprites/EmojiOne.png
 262.6 kb	 0.4% Packages/com.unity.render-pipelines.universal/Textures/SMAA/AreaTex.tga
 257.2 kb	 0.4% Assets/Resources/GeneratedUnitFrames/KnightPrologue/Idle/idle_002.png
 257.2 kb	 0.4% Assets/Resources/GeneratedUnitFrames/KnightPrologue/Idle/idle_001.png
 257.2 kb	 0.4% Assets/Resources/GeneratedUnitFrames/KnightPrologue/Idle/idle_000.png
 257.1 kb	 0.4% Assets/Resources/GeneratedUnitFrames/KnightPrologue/Idle/idle_003.png
 256.1 kb	 0.4% Packages/com.unity.render-pipelines.universal/Textures/FilmGrain/Thin02.png
 256.1 kb	 0.4% Packages/com.unity.render-pipelines.universal/Textures/FilmGrain/Thin01.png
 256.1 kb	 0.4% Packages/com.unity.render-pipelines.universal/Textures/FilmGrain/Medium06.png
 256.1 kb	 0.4% Packages/com.unity.render-pipelines.universal/Textures/FilmGrain/Medium05.png
 256.1 kb	 0.4% Packages/com.unity.render-pipelines.universal/Textures/FilmGrain/Medium04.png
 256.1 kb	 0.4% Packages/com.unity.render-pipelines.universal/Textures/FilmGrain/Medium03.png
 256.1 kb	 0.4% Packages/com.unity.render-pipelines.universal/Textures/FilmGrain/Medium02.png
 256.1 kb	 0.4% Packages/com.unity.render-pipelines.universal/Textures/FilmGrain/Medium01.png
 256.1 kb	 0.4% Packages/com.unity.render-pipelines.universal/Textures/FilmGrain/Large02.png
 256.1 kb	 0.4% Packages/com.unity.render-pipelines.universal/Textures/FilmGrain/Large01.png
 238.3 kb	 0.3% Assets/Resources/Effects/fx_petals/fx_petals_000.png
 170.8 kb	 0.2% Assets/TextMesh Pro/Examples & Extras/Textures/Fruit Jelly (B&W).jpg
 170.8 kb	 0.2% Packages/com.unity.probuilder/Content/Resources/Textures/GridBox_Default.png
 170.8 kb	 0.2% Packages/com.unity.probuilder/Content/Material/Textures/GridBox_NoDraw.png
 170.8 kb	 0.2% Assets/TextMesh Pro/Examples & Extras/Textures/Floor Cement.jpg
 167.1 kb	 0.2% Assets/TextMesh Pro/Examples & Extras/Fonts/Roboto-Bold.ttf
 142.2 kb	 0.2% Assets/Resources/Effects/fx_dust/fx_dust_000.png
 139.8 kb	 0.2% Assets/Resources/Effects/fx_petals/fx_petals_001.png
 130.4 kb	 0.2% Assets/Resources/Effects/fx_spark/fx_spark_000.png
 119.1 kb	 0.2% Assets/Resources/Effects/fx_eruption/fx_eruption_004.png
 114.2 kb	 0.2% Assets/Resources/Gimmicks/gimmick_vent_frost.png
 103.7 kb	 0.1% Assets/Resources/Effects/fx_shatter/fx_shatter_004.png
 102.1 kb	 0.1% Assets/Resources/Effects/fx_shatter/fx_shatter_003.png
 100.6 kb	 0.1% Assets/Resources/Effects/fx_shatter/fx_shatter_005.png
 90.5 kb	 0.1% Assets/Resources/Effects/fx_shatter/fx_shatter_002.png
 87.2 kb	 0.1% Assets/Resources/Gimmicks/flying_beast_anim/flying_beast_anim_000.png
 87.2 kb	 0.1% Assets/Resources/Effects/fx_shatter/fx_shatter_000.png
 87.1 kb	 0.1% Assets/Resources/Gimmicks/flying_beast_anim/flying_beast_anim_004.png
 87.0 kb	 0.1% Assets/Resources/Gimmicks/flying_beast_anim/flying_beast_anim_001.png
 86.9 kb	 0.1% Assets/Resources/Gimmicks/flying_beast_anim/flying_beast_anim_005.png
 86.8 kb	 0.1% Assets/Resources/Gimmicks/flying_beast_anim/flying_beast_anim_003.png
 86.8 kb	 0.1% Assets/Resources/Gimmicks/flying_beast_anim/flying_beast_anim_002.png
 86.6 kb	 0.1% Assets/Resources/Effects/fx_shatter/fx_shatter_001.png
 86.6 kb	 0.1% Assets/Resources/Gimmicks/launch_gate_anim/launch_gate_anim_001.png
 86.5 kb	 0.1% Assets/Resources/Gimmicks/launch_gate_anim/launch_gate_anim_005.png
 86.5 kb	 0.1% Assets/Resources/Gimmicks/launch_gate_anim/launch_gate_anim_003.png
 86.5 kb	 0.1% Assets/Resources/Gimmicks/launch_gate_anim/launch_gate_anim_004.png
 86.5 kb	 0.1% Assets/Resources/Gimmicks/launch_gate_anim/launch_gate_anim_000.png
 86.5 kb	 0.1% Assets/Resources/Gimmicks/launch_gate_anim/launch_gate_anim_002.png
 85.5 kb	 0.1% Assets/TextMesh Pro/Examples & Extras/Textures/Brushed Metal 3.jpg
 79.7 kb	 0.1% Packages/com.unity.render-pipelines.core/Runtime/Debugging/Prefabs/Fonts/PerfectDOSVGA437.ttf
 76.6 kb	 0.1% Packages/com.unity.purchasing/Runtime/Purchasing/PaymentOption/Resources/com.unity.purchasing/Brands/GooglePayWhite.png
 76.6 kb	 0.1% Packages/com.unity.purchasing/Runtime/Purchasing/PaymentOption/Resources/com.unity.purchasing/Brands/GooglePay.png
 76.0 kb	 0.1% Assets/Resources/Effects/fx_spawn/fx_spawn_001.png
 74.7 kb	 0.1% Assets/Resources/Effects/fx_dust/fx_dust_002.png
 73.7 kb	 0.1% Resources/unity_builtin_extra
 72.3 kb	 0.1% Assets/Resources/Effects/fx_sparkle/fx_sparkle_003.png
 71.8 kb	 0.1% Assets/TextMesh Pro/Examples & Extras/Fonts/Electronic Highway Sign.TTF
 71.3 kb	 0.1% Assets/Resources/Effects/fx_sparkle/fx_sparkle_002.png
 70.4 kb	 0.1% Assets/Resources/Effects/fx_spawn/fx_spawn_002.png
 70.4 kb	 0.1% Assets/Resources/Effects/fx_spark/fx_spark_002.png
 69.3 kb	 0.1% Assets/Resources/Effects/fx_dust/fx_dust_003.png
 69.0 kb	 0.1% Assets/Resources/Effects/fx_spawn/fx_spawn_003.png
 68.1 kb	 0.1% Assets/Resources/Effects/fx_sparkle/fx_sparkle_001.png
 68.0 kb	 0.1% Assets/Resources/Effects/fx_spawn/fx_spawn_000.png
 67.8 kb	 0.1% Assets/Resources/Effects/fx_dust/fx_dust_001.png
 67.0 kb	 0.1% Assets/Resources/Effects/fx_spark/fx_spark_003.png
 66.0 kb	 0.1% Assets/Resources/Effects/fx_spark/fx_spark_001.png
 64.7 kb	 0.1% Packages/com.unity.render-pipelines.universal/Shaders/Utils/CoreBlit.shader
 64.1 kb	 0.1% Assets/TextMesh Pro/Examples & Extras/Textures/Sunny Days - Seamless.jpg
 64.1 kb	 0.1% Packages/com.unity.render-pipelines.universal/Textures/BlueNoise256/LDR_LLL1_6.png
 64.1 kb	 0.1% Packages/com.unity.render-pipelines.universal/Textures/BlueNoise256/LDR_LLL1_5.png
 64.1 kb	 0.1% Packages/com.unity.render-pipelines.universal/Textures/BlueNoise256/LDR_LLL1_4.png
 64.1 kb	 0.1% Packages/com.unity.render-pipelines.universal/Textures/BlueNoise256/LDR_LLL1_3.png
 64.1 kb	 0.1% Packages/com.unity.render-pipelines.universal/Textures/BlueNoise256/LDR_LLL1_2.png
 64.1 kb	 0.1% Packages/com.unity.render-pipelines.universal/Textures/BlueNoise256/LDR_LLL1_1.png
 64.1 kb	 0.1% Packages/com.unity.render-pipelines.universal/Textures/BlueNoise256/LDR_LLL1_0.png
 60.4 kb	 0.1% Assets/Resources/Effects/particles/particle_smoke.png
 59.1 kb	 0.1% Packages/com.unity.render-pipelines.core/Runtime/Debugging/Prefabs/Widgets/DebugUIBitField.prefab
 56.7 kb	 0.1% Packages/com.unity.render-pipelines.universal/Shaders/Terrain/WavingGrass.shader
 52.2 kb	 0.1% Assets/TextMesh Pro/Examples & Extras/Fonts/Oswald-Bold.ttf
 45.3 kb	 0.1% Assets/Resources/Effects/particles/particle_petal.png
 41.8 kb	 0.1% Assets/TextMesh Pro/Examples & Extras/Fonts/Anton.ttf
 39.1 kb	 0.1% Assets/TextMesh Pro/Examples & Extras/Fonts/Bangers.ttf
 34.2 kb	 0.0% Packages/com.unity.render-pipelines.universal/Shaders/Terrain/WavingGrassBillboard.shader
 33.7 kb	 0.0% Packages/com.unity.render-pipelines.universal/Shaders/Utils/ScreenSpaceAmbientOcclusion.shader
 32.6 kb	 0.0% Assets/TextMesh Pro/Shaders/TMP_SDF-Surface.shader
 31.9 kb	 0.0% Assets/Resources/Effects/particles/particle_ember.png
 28.1 kb	 0.0% Packages/com.unity.probuilder/Content/Shader/StandardVertexColor.shader
 27.4 kb	 0.0% Packages/com.unity.render-pipelines.universal/Shaders/PostProcessing/UberPost.shader
 26.6 kb	 0.0% Packages/com.unity.render-pipelines.universal/Shaders/Terrain/TerrainDetailLit.shader
 25.8 kb	 0.0% Packages/com.unity.purchasing/Runtime/Purchasing/PaymentOption/Resources/com.unity.purchasing/Brands/CodaWhite.png
 25.6 kb	 0.0% Packages/com.unity.purchasing/Runtime/Purchasing/PaymentOption/Resources/com.unity.purchasing/Brands/Coda.png
 25.1 kb	 0.0% Packages/com.unity.purchasing/Runtime/Purchasing/PaymentOption/Resources/com.unity.purchasing/Brands/ApplePayWhite.png
 25.0 kb	 0.0% Packages/com.unity.purchasing/Runtime/Purchasing/PaymentOption/Resources/com.unity.purchasing/Brands/ApplePay.png
 24.6 kb	 0.0% Assets/Resources/Effects/fx_sparkle/fx_sparkle_000.png
 24.1 kb	 0.0% Packages/com.unity.render-pipelines.universal/Shaders/PostProcessing/TemporalAA.shader
 23.5 kb	 0.0% Assets/TextMesh Pro/Shaders/TMP_SDF.shader
 22.2 kb	 0.0% Assets/Resources/Gimmicks/item_boots.png
 22.2 kb	 0.0% Assets/Resources/Gimmicks/item_sword.png
 22.1 kb	 0.0% Assets/Resources/Gimmicks/item_shield.png
 21.2 kb	 0.0% Packages/com.unity.render-pipelines.universal/Shaders/PostProcessing/FinalPost.shader
 20.7 kb	 0.0% Packages/com.unity.render-pipelines.universal/Shaders/Utils/StencilDeferred.shader
 20.4 kb	 0.0% Packages/com.unity.render-pipelines.universal/Shaders/PostProcessing/LensFlareDataDriven.shader
 17.3 kb	 0.0% Packages/com.unity.purchasing/Runtime/Purchasing/PaymentOption/Resources/com.unity.purchasing/Brands/StripeWhite.png
 14.1 kb	 0.0% Packages/com.unity.render-pipelines.universal/Shaders/PostProcessing/Bloom.shader
 14.1 kb	 0.0% Assets/TextMesh Pro/Shaders/TMP_SDF-Surface-Mobile.shader
 13.8 kb	 0.0% Packages/com.unity.render-pipelines.universal/Shaders/PostProcessing/SubpixelMorphologicalAntialiasing.shader
 12.1 kb	 0.0% Assets/Resources/Audio/SFX/launch.wav
 11.3 kb	 0.0% Assets/TextMesh Pro/Shaders/TMP_SDF-Mobile.shader
 11.3 kb	 0.0% Packages/com.unity.render-pipelines.universal/Shaders/Debug/HDRDebugView.shader
 10.7 kb	 0.0% Assets/Resources/Audio/SFX/combo.wav
 10.0 kb	 0.0% Packages/com.unity.render-pipelines.universal/Shaders/PostProcessing/LutBuilderHdr.shader
 9.8 kb	 0.0% Assets/TextMesh Pro/Shaders/TMP_SDF-Mobile Masking.shader
 9.5 kb	 0.0% Assets/Resources/Audio/SFX/impact.wav
 9.3 kb	 0.0% Packages/com.unity.render-pipelines.core/Runtime/Debugging/Prefabs/Widgets/DebugUIPanel.prefab
 9.0 kb	 0.0% Assets/TextMesh Pro/Shaders/TMP_SDF-Mobile Overlay.shader
 8.1 kb	 0.0% Packages/com.unity.purchasing/Runtime/Purchasing/PaymentOption/Resources/com.unity.purchasing/PaymentOptionProviderModal.uss
 7.6 kb	 0.0% Assets/Prefabs/ExplosionEffect.prefab
 7.0 kb	 0.0% Packages/com.unity.render-pipelines.universal/Shaders/PostProcessing/LutBuilderLdr.shader
 6.7 kb	 0.0% Packages/com.unity.render-pipelines.universal/Shaders/XR/XRMirrorView.shader
 6.6 kb	 0.0% Packages/com.unity.render-pipelines.universal/Shaders/PostProcessing/EdgeAdaptiveSpatialUpsampling.shader
 6.5 kb	 0.0% Packages/com.unity.render-pipelines.core/Runtime/Debugging/Prefabs/Widgets/DebugUIColor.prefab
 6.2 kb	 0.0% Packages/com.unity.render-pipelines.universal/Shaders/Utils/CoreBlitColorAndDepth.shader
 6.1 kb	 0.0% Packages/com.unity.render-pipelines.core/Runtime/Debugging/Prefabs/Widgets/DebugUIVector4.prefab
 5.3 kb	 0.0% Assets/TextMesh Pro/Shaders/TMP_Sprite.shader
 5.2 kb	 0.0% Packages/com.unity.render-pipelines.core/Runtime/Debugging/Prefabs/Widgets/DebugUIVector3.prefab
 5.1 kb	 0.0% Packages/com.unity.render-pipelines.universal/Shaders/PostProcessing/ScalingSetup.shader
 4.5 kb	 0.0% Packages/com.unity.render-pipelines.universal/Shaders/ObjectMotionVectors.shader
 4.4 kb	 0.0% Packages/com.unity.render-pipelines.universal/Shaders/Utils/CopyDepth.shader
 4.4 kb	 0.0% Packages/com.unity.render-pipelines.core/Runtime/Debugging/Prefabs/Widgets/DebugUIUIntField.prefab
 4.4 kb	 0.0% Packages/com.unity.render-pipelines.core/Runtime/Debugging/Prefabs/Widgets/DebugUIIntField.prefab
 4.3 kb	 0.0% Packages/com.unity.render-pipelines.universal/Shaders/Debug/DebugReplacement.shader
 4.3 kb	 0.0% Packages/com.unity.render-pipelines.core/Runtime/Debugging/Prefabs/Widgets/DebugUIVector2.prefab
 4.2 kb	 0.0% Packages/com.unity.render-pipelines.core/Runtime/Debugging/Prefabs/Resources/DebugUICanvas.prefab
 4.1 kb	 0.0% Assets/TextMesh Pro/Examples & Extras/Textures/Wipe Pattern - Circle.psd
 4.1 kb	 0.0% Packages/com.unity.render-pipelines.universal/Textures/BlueNoise64/L/LDR_LLL1_0.png
 4.1 kb	 0.0% Packages/com.unity.render-pipelines.core/Runtime/Debugging/Prefabs/Widgets/DebugUIFloatField.prefab
 4.1 kb	 0.0% Packages/com.unity.render-pipelines.universal/Shaders/CameraMotionVectors.shader
 4.0 kb	 0.0% Packages/com.unity.probuilder/Content/Shader/VertexPicker.shader
 4.0 kb	 0.0% Packages/com.unity.render-pipelines.universal/Shaders/Utils/FallbackError.shader
 3.9 kb	 0.0% Packages/com.unity.render-pipelines.universal/Shaders/Utils/Blit.shader
 3.9 kb	 0.0% Packages/com.unity.render-pipelines.universal/Shaders/Utils/FallbackLoading.shader
 3.8 kb	 0.0% Packages/com.unity.render-pipelines.universal/Shaders/PostProcessing/StopNaN.shader
 3.8 kb	 0.0% Packages/com.unity.render-pipelines.universal/Shaders/Utils/Sampling.shader
 3.7 kb	 0.0% Packages/com.unity.probuilder/Content/Shader/EdgePicker.shader
 3.7 kb	 0.0% Packages/com.unity.render-pipelines.universal/Shaders/Utils/MaterialError.shader
 3.7 kb	 0.0% Assets/TextMesh Pro/Resources/Style Sheets/Default Style Sheet.asset
 3.4 kb	 0.0% Packages/com.unity.probuilder/Content/Shader/UnlitVertexColor.shader
 3.3 kb	 0.0% Assets/TextMesh Pro/Resources/Sprite Assets/EmojiOne.asset
 3.3 kb	 0.0% Packages/com.unity.probuilder/Content/Shader/FacePicker.shader
 3.3 kb	 0.0% Packages/com.unity.render-pipelines.core/Runtime/RenderPipelineResources/FallbackShader.shader
 3.2 kb	 0.0% Assets/TextMesh Pro/Resources/Fonts & Materials/LiberationSans SDF - Fallback.asset
 2.9 kb	 0.0% Packages/com.unity.render-pipelines.universal/Shaders/XR/XROcclusionMesh.shader
 2.9 kb	 0.0% Assets/TextMesh Pro/Examples & Extras/Resources/Fonts & Materials/Oswald Bold SDF.asset
 2.9 kb	 0.0% Assets/TextMesh Pro/Examples & Extras/Resources/Fonts & Materials/Bangers SDF.asset
 2.8 kb	 0.0% Assets/TextMesh Pro/Examples & Extras/Resources/Fonts & Materials/Electronic Highway Sign SDF.asset
 2.8 kb	 0.0% Packages/com.unity.render-pipelines.core/Runtime/Debugging/Prefabs/Widgets/DebugUIObjectPopupField.prefab
 2.8 kb	 0.0% Packages/com.unity.probuilder/Content/Shader/HideVertices.shader
 2.8 kb	 0.0% Assets/TextMesh Pro/Examples & Extras/Resources/Fonts & Materials/Roboto-Bold SDF.asset
 2.7 kb	 0.0% Assets/TextMesh Pro/Examples & Extras/Resources/Fonts & Materials/Anton SDF.asset
 2.6 kb	 0.0% Packages/com.unity.render-pipelines.core/Runtime/Debugging/Prefabs/Widgets/DebugUIObjectList.prefab
 2.6 kb	 0.0% Packages/com.unity.render-pipelines.core/Runtime/Debugging/Prefabs/Widgets/DebugUIEnumField.prefab
 2.4 kb	 0.0% Packages/com.unity.render-pipelines.core/Runtime/Debugging/Prefabs/Widgets/DebugUIFoldout.prefab
 2.4 kb	 0.0% Packages/com.unity.render-pipelines.core/Runtime/Debugging/Prefabs/Widgets/DebugUIRow.prefab
 2.4 kb	 0.0% Packages/com.unity.purchasing/Runtime/Purchasing/PaymentOption/Resources/com.unity.purchasing/Brands/WebshopWhite.png
 2.4 kb	 0.0% Packages/com.unity.purchasing/Runtime/Purchasing/PaymentOption/Resources/com.unity.purchasing/Brands/Webshop.png
 2.0 kb	 0.0% Assets/TextMesh Pro/Examples & Extras/Resources/Sprite Assets/Default Sprite Asset.asset
 1.8 kb	 0.0% Assets/TextMesh Pro/Examples & Extras/Resources/Fonts & Materials/Bangers SDF Glow.mat
 1.8 kb	 0.0% Assets/TextMesh Pro/Examples & Extras/Resources/Sprite Assets/DropCap Numbers.asset
 1.8 kb	 0.0% Assets/TextMesh Pro/Examples & Extras/Resources/Fonts & Materials/LiberationSans SDF - Metalic Green.mat
 1.7 kb	 0.0% Packages/com.unity.render-pipelines.core/Runtime/Debugging/Prefabs/Widgets/DebugUIToggleHistory.prefab
 1.7 kb	 0.0% Packages/com.unity.render-pipelines.core/Runtime/Debugging/Prefabs/Widgets/DebugUIToggle.prefab
 1.7 kb	 0.0% Assets/TextMesh Pro/Examples & Extras/Resources/Fonts & Materials/Anton SDF - Sunny Days.mat
 1.7 kb	 0.0% Assets/TextMesh Pro/Examples & Extras/Resources/Fonts & Materials/Roboto-Bold SDF - Surface.mat
 1.7 kb	 0.0% Assets/TextMesh Pro/Examples & Extras/Resources/Fonts & Materials/LiberationSans SDF - Soft Mask.mat
 1.7 kb	 0.0% Assets/TextMesh Pro/Examples & Extras/Resources/Fonts & Materials/Bangers SDF Logo.mat
 1.6 kb	 0.0% Assets/TextMesh Pro/Resources/Fonts & Materials/LiberationSans SDF - Drop Shadow.mat
 1.6 kb	 0.0% Assets/TextMesh Pro/Examples & Extras/Resources/Fonts & Materials/Bangers SDF - Drop Shadow.mat
 1.6 kb	 0.0% Assets/TextMesh Pro/Examples & Extras/Resources/Fonts & Materials/Bangers SDF - Outline.mat
 1.6 kb	 0.0% Assets/TextMesh Pro/Examples & Extras/Resources/Fonts & Materials/Roboto-Bold SDF - Drop Shadow.mat
 1.6 kb	 0.0% Assets/TextMesh Pro/Examples & Extras/Resources/Fonts & Materials/Anton SDF - Drop Shadow.mat
 1.6 kb	 0.0% Assets/TextMesh Pro/Resources/Fonts & Materials/LiberationSans SDF - Outline.mat
 1.6 kb	 0.0% Assets/TextMesh Pro/Examples & Extras/Resources/Fonts & Materials/Anton SDF - Outline.mat
 1.4 kb	 0.0% Packages/com.unity.render-pipelines.core/Runtime/Debugging/Prefabs/Widgets/DebugUIProgressBar.prefab
 1.4 kb	 0.0% Packages/com.unity.render-pipelines.core/Runtime/Debugging/Prefabs/Widgets/DebugUIGroup.prefab
 1.2 kb	 0.0% Packages/com.unity.render-pipelines.core/Runtime/Debugging/Prefabs/Widgets/DebugUIButton.prefab
 1.1 kb	 0.0% Packages/com.unity.render-pipelines.universal/Textures/SMAA/SearchTex.tga
 1.1 kb	 0.0% Packages/com.unity.render-pipelines.core/Runtime/Debugging/Prefabs/Textures/UIFoldoutOpened.png
 1.1 kb	 0.0% Packages/com.unity.render-pipelines.core/Runtime/Debugging/Prefabs/Textures/UIFoldoutClosed.png
 1.1 kb	 0.0% Packages/com.unity.render-pipelines.core/Runtime/Debugging/Prefabs/Textures/UICheckMark.png
 0.9 kb	 0.0% Packages/com.unity.render-pipelines.core/Runtime/Debugging/Prefabs/Widgets/DebugUIEnumHistory.prefab
 0.9 kb	 0.0% Assets/TextMesh Pro/Examples & Extras/Resources/Fonts & Materials/LiberationSans SDF - Overlay.mat
 0.9 kb	 0.0% Packages/com.unity.render-pipelines.core/Runtime/Debugging/Prefabs/Widgets/DebugUIValuePersistent.prefab
 0.9 kb	 0.0% Packages/com.unity.render-pipelines.core/Runtime/Debugging/Prefabs/Widgets/DebugUIValueTuple.prefab
 0.9 kb	 0.0% Packages/com.unity.render-pipelines.core/Runtime/Debugging/Prefabs/Resources/DebugUIPersistentCanvas.prefab
 0.9 kb	 0.0% Packages/com.unity.render-pipelines.core/Runtime/Debugging/Prefabs/Widgets/DebugUIObject.prefab
 0.9 kb	 0.0% Packages/com.unity.render-pipelines.core/Runtime/Debugging/Prefabs/Widgets/DebugUIValue.prefab
 0.9 kb	 0.0% Packages/com.unity.render-pipelines.core/Runtime/Debugging/Prefabs/Widgets/DebugUIMessageBox.prefab
 0.8 kb	 0.0% Packages/com.unity.render-pipelines.core/Runtime/Debugging/Prefabs/Textures/UIElement8px.png
 0.8 kb	 0.0% Packages/com.unity.probuilder/Content/Resources/Materials/ProBuilderDefault.mat
 0.7 kb	 0.0% Packages/com.unity.render-pipelines.universal/Runtime/Data/PostProcessData.asset
 0.7 kb	 0.0% Assets/Prefabs/Knight.prefab
 0.7 kb	 0.0% Assets/Prefabs/Archer.prefab
 0.7 kb	 0.0% Assets/Resources/DestructibleBlock.prefab
 0.6 kb	 0.0% Assets/Resources/GeneratedUnitFrames/README.md
 0.6 kb	 0.0% Assets/Prefabs/Arrow.prefab
 0.6 kb	 0.0% Assets/Prefabs/ExplosiveBarrel.prefab
 0.6 kb	 0.0% Assets/Settings/URP-HighFidelity-Renderer.asset
 0.6 kb	 0.0% Assets/Settings/URP-Balanced-Renderer.asset
 0.5 kb	 0.0% Packages/com.unity.render-pipelines.core/Runtime/Debugging/Prefabs/Textures/White1px.png
 0.5 kb	 0.0% Packages/com.unity.render-pipelines.universal/Shaders/Utils/BlitHDROverlay.shader
 0.5 kb	 0.0% Assets/Settings/SampleSceneProfile.asset
 0.4 kb	 0.0% Assets/UniversalRenderPipelineGlobalSettings.asset
 0.4 kb	 0.0% Packages/com.unity.render-pipelines.universal/Shaders/PostProcessing/BokehDepthOfField.shader
 0.4 kb	 0.0% Packages/com.unity.render-pipelines.core/Runtime/Debugging/Prefabs/Widgets/DebugUIVBox.prefab
 0.4 kb	 0.0% Packages/com.unity.render-pipelines.core/Runtime/Debugging/Prefabs/Widgets/DebugUIHBox.prefab
 0.4 kb	 0.0% Built-in Sprite: 
 0.4 kb	 0.0% Packages/com.unity.render-pipelines.universal/Shaders/PostProcessing/PaniniProjection.shader
 0.4 kb	 0.0% Packages/com.unity.render-pipelines.universal/Textures/BlueNoise16/L/LDR_LLL1_9.png
 0.4 kb	 0.0% Packages/com.unity.render-pipelines.universal/Textures/BlueNoise16/L/LDR_LLL1_8.png
 0.4 kb	 0.0% Packages/com.unity.render-pipelines.universal/Textures/BlueNoise16/L/LDR_LLL1_7.png
 0.4 kb	 0.0% Packages/com.unity.render-pipelines.universal/Textures/BlueNoise16/L/LDR_LLL1_6.png
 0.4 kb	 0.0% Packages/com.unity.render-pipelines.universal/Textures/BlueNoise16/L/LDR_LLL1_5.png
 0.4 kb	 0.0% Packages/com.unity.render-pipelines.universal/Textures/BlueNoise16/L/LDR_LLL1_4.png
 0.4 kb	 0.0% Packages/com.unity.render-pipelines.universal/Textures/BlueNoise16/L/LDR_LLL1_31.png
 0.4 kb	 0.0% Packages/com.unity.render-pipelines.universal/Textures/BlueNoise16/L/LDR_LLL1_30.png
 0.4 kb	 0.0% Packages/com.unity.render-pipelines.universal/Textures/BlueNoise16/L/LDR_LLL1_3.png
 0.4 kb	 0.0% Packages/com.unity.render-pipelines.universal/Textures/BlueNoise16/L/LDR_LLL1_29.png
 0.4 kb	 0.0% Packages/com.unity.render-pipelines.universal/Textures/BlueNoise16/L/LDR_LLL1_28.png
 0.4 kb	 0.0% Packages/com.unity.render-pipelines.universal/Textures/BlueNoise16/L/LDR_LLL1_27.png
 0.4 kb	 0.0% Packages/com.unity.render-pipelines.universal/Textures/BlueNoise16/L/LDR_LLL1_26.png
 0.4 kb	 0.0% Packages/com.unity.render-pipelines.universal/Textures/BlueNoise16/L/LDR_LLL1_25.png
 0.4 kb	 0.0% Packages/com.unity.render-pipelines.universal/Textures/BlueNoise16/L/LDR_LLL1_24.png
 0.4 kb	 0.0% Packages/com.unity.render-pipelines.universal/Textures/BlueNoise16/L/LDR_LLL1_23.png
 0.4 kb	 0.0% Packages/com.unity.render-pipelines.universal/Textures/BlueNoise16/L/LDR_LLL1_22.png
 0.4 kb	 0.0% Packages/com.unity.render-pipelines.universal/Textures/BlueNoise16/L/LDR_LLL1_21.png
 0.4 kb	 0.0% Packages/com.unity.render-pipelines.universal/Textures/BlueNoise16/L/LDR_LLL1_20.png
 0.4 kb	 0.0% Packages/com.unity.render-pipelines.universal/Textures/BlueNoise16/L/LDR_LLL1_2.png
 0.4 kb	 0.0% Packages/com.unity.render-pipelines.universal/Textures/BlueNoise16/L/LDR_LLL1_19.png
 0.4 kb	 0.0% Packages/com.unity.render-pipelines.universal/Textures/BlueNoise16/L/LDR_LLL1_18.png
 0.4 kb	 0.0% Packages/com.unity.render-pipelines.universal/Textures/BlueNoise16/L/LDR_LLL1_17.png
 0.4 kb	 0.0% Packages/com.unity.render-pipelines.universal/Textures/BlueNoise16/L/LDR_LLL1_16.png
 0.4 kb	 0.0% Packages/com.unity.render-pipelines.universal/Textures/BlueNoise16/L/LDR_LLL1_15.png
 0.4 kb	 0.0% Packages/com.unity.render-pipelines.universal/Textures/BlueNoise16/L/LDR_LLL1_14.png
 0.4 kb	 0.0% Packages/com.unity.render-pipelines.universal/Textures/BlueNoise16/L/LDR_LLL1_13.png
 0.4 kb	 0.0% Packages/com.unity.render-pipelines.universal/Textures/BlueNoise16/L/LDR_LLL1_12.png
 0.4 kb	 0.0% Packages/com.unity.render-pipelines.universal/Textures/BlueNoise16/L/LDR_LLL1_11.png
 0.4 kb	 0.0% Packages/com.unity.render-pipelines.universal/Textures/BlueNoise16/L/LDR_LLL1_10.png
 0.4 kb	 0.0% Packages/com.unity.render-pipelines.universal/Textures/BlueNoise16/L/LDR_LLL1_1.png
 0.4 kb	 0.0% Packages/com.unity.render-pipelines.universal/Textures/BlueNoise16/L/LDR_LLL1_0.png
 0.4 kb	 0.0% Assets/Settings/URP-Performant-Renderer.asset
 0.4 kb	 0.0% Packages/com.unity.render-pipelines.universal/Shaders/PostProcessing/GaussianDepthOfField.shader
 0.4 kb	 0.0% Assets/Settings/URP-Performant.asset
 0.4 kb	 0.0% Assets/Settings/URP-HighFidelity.asset
 0.4 kb	 0.0% Assets/Settings/URP-Balanced.asset
 0.4 kb	 0.0% Packages/com.unity.render-pipelines.universal/Shaders/PostProcessing/CameraMotionBlur.shader
 0.3 kb	 0.0% Assets/TextMesh Pro/Examples & Extras/Textures/Gradient Diagonal (Color).jpg
 0.3 kb	 0.0% Assets/TextMesh Pro/Resources/LineBreaking Following Characters.txt
 0.3 kb	 0.0% Assets/TextMesh Pro/Resources/TMP Settings.asset
 0.2 kb	 0.0% Packages/com.unity.purchasing/Runtime/UnityPaymentProviders/Client/Models/OrderRequestExternalTransactionTokensInner.cs
 0.2 kb	 0.0% Packages/com.unity.purchasing/Runtime/UnityPaymentProviders/Client/Models/InitiatePaymentProviderOrder400ResponseOneOf.cs
 0.2 kb	 0.0% Packages/com.unity.purchasing/Runtime/UnityPaymentProviders/Client/Models/HandleCodaPayOnboardingIncomingRequestOneOf.cs
 0.2 kb	 0.0% Packages/com.unity.purchasing/Runtime/UnityLiveContentAdapter/Interfaces/ILiveContentAdapterServiceExceptionMapper.cs
 0.2 kb	 0.0% Packages/com.ivanmurzak.unity.mcp/Runtime/Converter/Reflection/UnityEngine_GameObject_ReflectionConverter.pre-Unity.6.5.cs
 0.2 kb	 0.0% Packages/com.ivanmurzak.unity.mcp/Runtime/Converter/Reflection/Asset/Impl/UnityEngine_Texture_ReflectionConverter.Editor.pre-Unity.6.5.cs
 0.2 kb	 0.0% Packages/com.ivanmurzak.unity.mcp/Runtime/Converter/Reflection/Asset/Impl/UnityEngine_Sprite_ReflectionConverter.Editor.pre-Unity.6.5.cs
 0.2 kb	 0.0% Packages/com.ivanmurzak.unity.mcp/Runtime/Converter/Reflection/UnityEngine_Material_ReflectionConverter.pre-Unity.6.5.cs
 0.2 kb	 0.0% Packages/com.unity.purchasing/Runtime/UnityPaymentProviders/Client/Models/MockCheckoutOrderResponseLineItemsInner.cs
 0.2 kb	 0.0% Packages/com.unity.purchasing/Runtime/UnityPaymentProviders/Client/Models/InitiatePaymentProviderOrder400Response.cs
 0.2 kb	 0.0% Packages/com.unity.purchasing/Runtime/UnityPaymentProviders/Client/Models/HandleCodaPayOnboardingIncomingRequest.cs
 0.2 kb	 0.0% Packages/com.unity.purchasing/Runtime/UnityLiveContentAdapter/LiveContentAdapterServiceExceptionMapper.cs
 0.2 kb	 0.0% Packages/com.ivanmurzak.unity.mcp/Runtime/Converter/Reflection/UnityEngine_Object_ReflectionConverter.Deserialize.cs
 0.2 kb	 0.0% Packages/com.unity.purchasing/Runtime/UnityPaymentProviders/PaymentProviderServiceExceptionMapper.cs
 0.2 kb	 0.0% Packages/com.unity.purchasing/Runtime/UnityPaymentProviders/Interfaces/IPaymentProviderServiceExceptionMapper.cs
 0.2 kb	 0.0% Packages/com.unity.probuilder/Content/Resources/Materials/Collider.mat
 0.2 kb	 0.0% Packages/com.ivanmurzak.unity.mcp/Runtime/Converter/Reflection/UnityEngine_Object_ReflectionConverter.Serialize.cs
 0.2 kb	 0.0% Packages/com.ivanmurzak.unity.mcp/Runtime/Converter/Reflection/UnityEngine_Object_ReflectionConverter.Modify.cs
 0.2 kb	 0.0% Packages/com.ivanmurzak.unity.mcp/Runtime/Converter/Reflection/UnityEngine_Material_ReflectionConverter.Editor.cs
 0.2 kb	 0.0% Packages/com.ivanmurzak.unity.mcp/Runtime/Converter/Reflection/Component/Impl/UnityEngine_Transform_ReflectionConverter.cs
 0.2 kb	 0.0% Packages/com.ivanmurzak.unity.mcp/Runtime/Converter/Reflection/Component/Impl/UnityEngine_MeshFilter_ReflectionConverter.cs
 0.2 kb	 0.0% Packages/com.ivanmurzak.unity.mcp/Runtime/Converter/Reflection/Component/Impl/UnityEngine_Component_ReflectionConverter.cs
 0.2 kb	 0.0% Packages/com.ivanmurzak.unity.mcp/Runtime/Converter/Reflection/Asset/UnityEngine_TextAsset_ReflectionConverter.cs
 0.2 kb	 0.0% Packages/com.unity.purchasing/Runtime/UnityLiveContentAdapter/Models/CloudProjectAuthenticationException.cs
 0.2 kb	 0.0% Packages/com.unity.purchasing/Runtime/UnityLiveContentAdapter/LiveContentAdapterServiceProvider.cs
 0.2 kb	 0.0% Packages/com.unity.purchasing/Runtime/UnityLiveContentAdapter/InternalLiveContentAdapterService.cs
 0.2 kb	 0.0% Packages/com.unity.purchasing/Runtime/UnityLiveContentAdapter/Client/Http/ResponseDeserializationException.cs
 0.2 kb	 0.0% Packages/com.unity.purchasing/Runtime/Purchasing/Core/Purchasing/AppleAppStore/Extensions/UseCases/Interfaces/ISetPromotionalPurchaseInterceptorCallbackUseCase.cs
 0.2 kb	 0.0% Packages/com.ivanmurzak.unity.mcp/Runtime/Converter/Reflection/Struct/UnityEngineDataStructReflectionConverters.cs
 0.2 kb	 0.0% Packages/com.unity.render-pipelines.universal/Runtime/Debug/UniversalRenderPipelineVolumeDebugSettings.cs
 0.2 kb	 0.0% Packages/com.unity.render-pipelines.universal/Runtime/Debug/UniversalRenderPipelineDebugDisplaySettings.cs
 0.2 kb	 0.0% Packages/com.unity.purchasing/Runtime/UnityPaymentProviders/Models/CloudProjectAuthenticationException.cs
 0.2 kb	 0.0% Packages/com.ivanmurzak.unity.mcp/TestFiles/Scripts/DataPropertyPopulationTestScriptableObject.cs
 0.2 kb	 0.0% Packages/com.ivanmurzak.unity.mcp/Runtime/Converter/Reflection/UnityEngine_Object_ReflectionConverter.cs
 0.2 kb	 0.0% Packages/com.ivanmurzak.unity.mcp/Runtime/Converter/Reflection/UnityEngine_Gradient_ReflectionConverter.cs
 0.2 kb	 0.0% Packages/com.ivanmurzak.unity.mcp/Runtime/Converter/Reflection/Struct/UnityEngine_Scene_ReflectionConverter.cs
 0.2 kb	 0.0% Packages/com.ivanmurzak.unity.mcp/Runtime/Converter/Reflection/Component/Impl/UnityEngine_Renderer_ReflectionConverter.cs
 0.2 kb	 0.0% Packages/com.ivanmurzak.unity.mcp/Runtime/Converter/Reflection/Component/Impl/UnityEngine_Collider_ReflectionConverter.cs
 0.2 kb	 0.0% Packages/com.ivanmurzak.unity.mcp/Runtime/Converter/Reflection/Asset/Impl/UnityEngine_Texture_ReflectionConverter.cs
 0.2 kb	 0.0% Packages/com.ivanmurzak.unity.mcp/Runtime/Converter/Reflection/Asset/Impl/UnityEngine_Sprite_ReflectionConverter.cs
 0.2 kb	 0.0% Packages/com.unity.purchasing/Runtime/UnityPaymentProviders/Client/Models/RefundAppleTransactionRequest.cs
 0.2 kb	 0.0% Packages/com.unity.purchasing/Runtime/UnityPaymentProviders/Client/Http/ResponseDeserializationException.cs
 0.2 kb	 0.0% Packages/com.unity.purchasing/Runtime/UnityPaymentProviders/Client/Apis/PaymentProviderApi.cs
 0.2 kb	 0.0% Packages/com.unity.purchasing/Runtime/UnityLiveContentAdapter/Client/ErrorMitigation/StatusCodePolicyConfig.cs
 0.2 kb	 0.0% Packages/com.ivanmurzak.unity.mcp/Runtime/Extensions/ExtensionsRuntimeAssetObjectRef.pre-Unity.6.5.cs
 0.2 kb	 0.0% Packages/com.unity.render-pipelines.universal/Runtime/UniversalRenderPipelineGlobalSettings.cs
 0.2 kb	 0.0% Packages/com.unity.render-pipelines.universal/Runtime/Data/UniversalRenderPipelineEditorResources.cs
 0.2 kb	 0.0% Packages/com.unity.purchasing/Runtime/UnityPaymentProviders/PaymentProviderServiceProvider.cs
 0.2 kb	 0.0% Packages/com.unity.purchasing/Runtime/UnityPaymentProviders/InternalPaymentProviderService.cs
 0.2 kb	 0.0% Packages/com.unity.purchasing/Runtime/UnityPaymentProviders/Client/ErrorMitigation/StatusCodePolicyConfig.cs
 0.2 kb	 0.0% Packages/com.unity.purchasing/Runtime/UnityPaymentProviders/Client/Apis/PaymentProviderApiRequests.cs
 0.2 kb	 0.0% Packages/com.unity.purchasing/Runtime/Stores/Android/GooglePlay/AAR/Interfaces/IExternalBillingProgramClientInternal.cs
 0.2 kb	 0.0% Packages/com.unity.probuilder/Content/Resources/Materials/Trigger.mat
 0.2 kb	 0.0% Packages/com.ivanmurzak.unity.mcp/TestFiles/Scripts/DataFieldPopulationTestScriptableObject.cs
 0.2 kb	 0.0% Packages/com.unity.purchasing/Runtime/UnityPaymentProviders/Client/Models/OrderResponseLineItemsInner.cs
 0.2 kb	 0.0% Packages/com.unity.purchasing/Runtime/UnityPaymentProviders/Client/Models/MockCheckoutOrderResponse.cs
 0.2 kb	 0.0% Packages/com.unity.purchasing/Runtime/UnityPaymentProviders/Client/Models/MockCheckoutActionResponse.cs
 0.2 kb	 0.0% Packages/com.unity.purchasing/Runtime/UnityPaymentProviders/Client/Models/AccountLinkInitiatedRequest.cs
 0.2 kb	 0.0% Packages/com.unity.purchasing/Runtime/UnityLiveContentAdapter/Models/LiveContentAdapterException.cs
 0.2 kb	 0.0% Packages/com.unity.purchasing/Runtime/UnityLiveContentAdapter/Interfaces/ILiveContentAdapterService.cs
 0.2 kb	 0.0% Packages/com.unity.purchasing/Runtime/UnityLiveContentAdapter/Client/Models/ClientFileWithContent.cs
 0.2 kb	 0.0% Packages/com.unity.purchasing/Runtime/UnityLiveContentAdapter/Client/Http/UnityWebRequestHelpers.cs
 0.2 kb	 0.0% Packages/com.unity.purchasing/Runtime/UnityLiveContentAdapter/Client/Http/DeserializationSettings.cs
 0.2 kb	 0.0% Packages/com.unity.purchasing/Runtime/UnityLiveContentAdapter/Client/Http/DeserializationException.cs
 0.2 kb	 0.0% Packages/com.unity.purchasing/Runtime/UnityLiveContentAdapter/Client/ErrorMitigation/RetryPolicyConfig.cs
 0.2 kb	 0.0% Packages/com.unity.test-framework/UnityEngine.TestRunner/NUnitExtensions/Runner/RestoreTestContextAfterDomainReload.cs
 0.2 kb	 0.0% Packages/com.unity.services.core/Runtime/Configuration/StreamingAssetsConfigurationLoader.cs
 0.2 kb	 0.0% Packages/com.unity.render-pipelines.universal/Runtime/Passes/AdditionalLightsShadowCasterPass.cs
 0.2 kb	 0.0% Packages/com.unity.render-pipelines.core/Runtime/RenderGraph/RenderGraphResourceRegistry.cs
 0.2 kb	 0.0% Packages/com.unity.render-pipelines.core/Runtime/RenderGraph/RenderGraphDefaultResources.cs
 0.2 kb	 0.0% Packages/com.unity.purchasing/Runtime/UnityWebshops/Models/CloudProjectAuthenticationException.cs
 0.2 kb	 0.0% Packages/com.unity.purchasing/Runtime/UnityPaymentProviders/Client/ErrorMitigation/RetryPolicyConfig.cs
 0.2 kb	 0.0% Packages/com.unity.purchasing/Runtime/UnityPaymentProviders/Client/Apis/MockCheckoutApiRequests.cs
 0.2 kb	 0.0% Packages/com.unity.purchasing/Runtime/UnityPaymentProviders/Client/Apis/MockCheckoutApi.cs
 0.2 kb	 0.0% Packages/com.unity.purchasing/Runtime/UnityLiveContentAdapter/Client/Scheduler/EngineStateHelper.cs
 0.2 kb	 0.0% Packages/com.unity.purchasing/Runtime/Purchasing/Core/Purchasing/AppleAppStore/Extensions/UseCases/SetPromotionalPurchaseInterceptorCallbackUseCase.cs
 0.2 kb	 0.0% Packages/com.ivanmurzak.unity.mcp/Runtime/Extensions/ExtensionsRuntimeObjectRef.pre-Unity.6.5.cs
 0.2 kb	 0.0% Packages/com.ivanmurzak.unity.mcp/Runtime/Converter/Reflection/Base/UnityArrayReflectionConverter.cs
 0.2 kb	 0.0% Packages/com.unity.visualscripting/Runtime/VisualScripting.Core/Listeners/UI/UnityOnScrollbarValueChangedMessageListener.cs
 0.2 kb	 0.0% Packages/com.unity.visualscripting/Runtime/VisualScripting.Core/Listeners/UI/UnityOnScrollRectValueChangedMessageListener.cs
 0.2 kb	 0.0% Packages/com.unity.visualscripting/Runtime/VisualScripting.Core/Listeners/UI/UnityOnInputFieldValueChangedMessageListener.cs
 0.2 kb	 0.0% Packages/com.unity.visualscripting/Runtime/VisualScripting.Core/Listeners/UI/UnityOnDropdownValueChangedMessageListener.cs
 0.2 kb	 0.0% Packages/com.unity.visualscripting/Runtime/VisualScripting.Core/Listeners/MonoBehaviour/UnityOnTransformChildrenChangedMListener.cs
 0.2 kb	 0.0% Packages/com.unity.visualscripting/Runtime/VisualScripting.Core/Listeners/MonoBehaviour/UnityOnControllerColliderHitMessageListener.cs
 0.2 kb	 0.0% Packages/com.unity.render-pipelines.core/Runtime/RenderGraph/RenderGraphResourceRendererList.cs
 0.2 kb	 0.0% Packages/com.unity.render-pipelines.core/Runtime/RenderGraph/RenderGraphResourceComputeBuffer.cs
 0.2 kb	 0.0% Packages/com.unity.render-pipelines.core/Runtime/Common/IVirtualTexturingEnabledRenderPipeline.cs
 0.2 kb	 0.0% Packages/com.unity.purchasing/Runtime/UnityWebshops/Client/Http/ResponseDeserializationException.cs
 0.2 kb	 0.0% Packages/com.unity.purchasing/Runtime/UnityPaymentProviders/Client/Models/ValidationErrorResponse.cs
 0.2 kb	 0.0% Packages/com.unity.purchasing/Runtime/UnityPaymentProviders/Client/Models/PaymentProvidersResponse.cs
 0.2 kb	 0.0% Packages/com.unity.purchasing/Runtime/UnityPaymentProviders/Client/Models/LocalizedProductDetail.cs
 0.2 kb	 0.0% Packages/com.unity.purchasing/Runtime/UnityPaymentProviders/Client/Models/GoogleTransactionRequest.cs
 0.2 kb	 0.0% Packages/com.unity.purchasing/Runtime/UnityPaymentProviders/Client/Models/AppleTransactionRequest.cs
 0.2 kb	 0.0% Packages/com.unity.purchasing/Runtime/UnityPaymentProviders/Client/Http/UnityWebRequestHelpers.cs
 0.2 kb	 0.0% Packages/com.unity.purchasing/Runtime/UnityPaymentProviders/Client/Http/DeserializationSettings.cs
 0.2 kb	 0.0% Packages/com.unity.purchasing/Runtime/UnityPaymentProviders/Client/Http/DeserializationException.cs
 0.2 kb	 0.0% Packages/com.unity.purchasing/Runtime/UnityLiveContentAdapter/LiveContentAdapterClientWrapper.cs
 0.2 kb	 0.0% Packages/com.unity.purchasing/Runtime/UnityLiveContentAdapter/Interfaces/ILiveContentAdapterClientWrapper.cs
 0.2 kb	 0.0% Packages/com.unity.purchasing/Runtime/UnityLiveContentAdapter/Client/Http/JsonObjectConverter.cs
 0.2 kb	 0.0% Packages/com.unity.purchasing/Runtime/UnityLiveContentAdapter/Client/Http/IsolatedJsonConvert.cs
 0.2 kb	 0.0% Packages/com.unity.purchasing/Runtime/UnityLiveContentAdapter/Client/Http/HttpClientResponse.cs
 0.2 kb	 0.0% Packages/com.unity.purchasing/Runtime/UnityLiveContentAdapter/Client/ErrorMitigation/RetryPolicy.cs
 0.2 kb	 0.0% Packages/com.unity.purchasing/Runtime/UnityLiveContentAdapter/Client/ErrorMitigation/IRetryPolicy.cs
 0.2 kb	 0.0% Packages/com.unity.purchasing/Runtime/UnityLiveContentAdapter/Client/Apis/ClientApiRequests.cs
 0.2 kb	 0.0% Packages/com.unity.purchasing/Runtime/Stores/Android/GooglePlay/Services/Interfaces/IGooglePlayStoreCheckEntitlementService.cs
 0.2 kb	 0.0% Packages/com.unity.purchasing/Runtime/Stores/Android/GooglePlay/AAR/Models/ExternalBillingProgramClientInternal.cs
 0.2 kb	 0.0% Packages/com.unity.purchasing/Runtime/Purchasing/Core/Product/AppleAppStore/Extensions/UseCases/Interfaces/IGetIntroductoryPriceDictionaryUseCase.cs
 0.2 kb	 0.0% Packages/com.unity.purchasing/Runtime/Purchasing/Core/Product/AppleAppStore/Extensions/UseCases/Interfaces/IFetchStorePromotionVisibilityUseCase.cs
 0.2 kb	 0.0% Packages/com.unity.mathematics/Unity.Mathematics/Il2CppEagerStaticClassConstructionAttribute.cs
 0.2 kb	 0.0% Packages/com.ivanmurzak.unity.mcp/Runtime/Extensions/ExtensionsRuntimeGameObjectRef.cs
 0.2 kb	 0.0% Packages/com.ivanmurzak.unity.mcp/Runtime/Extensions/ExtensionsCompositeDisposable.cs
 0.2 kb	 0.0% Packages/com.unity.visualscripting/Runtime/VisualScripting.Core/Listeners/MonoBehaviour/UnityOnTransformParentChangedMListener.cs
 0.2 kb	 0.0% Packages/com.unity.visualscripting/Runtime/VisualScripting.Core/Dependencies/AssemblyQualifiedNameParser/ParsedAssemblyQualifiedName.cs
 0.2 kb	 0.0% Packages/com.unity.test-framework/UnityEngine.TestRunner/NUnitExtensions/Runner/UnityLogCheckDelegatingCommand.cs
 0.2 kb	 0.0% Packages/com.unity.test-framework/UnityEngine.TestRunner/Assertions/OutOfOrderExpectedLogMessageException.cs
 0.2 kb	 0.0% Packages/com.unity.services.core/Runtime/Configuration/SerializableProjectConfiguration.cs
 0.2 kb	 0.0% Packages/com.unity.services.core/Runtime/Configuration/ConfigurationCollectionHelper.cs
 0.2 kb	 0.0% Packages/com.unity.render-pipelines.universal/Runtime/UniversalAdditionalCameraData.cs
 0.2 kb	 0.0% Packages/com.unity.render-pipelines.universal/Runtime/RendererFeatures/DisallowMultipleRendererFeature.cs
 0.2 kb	 0.0% Packages/com.unity.render-pipelines.universal/Runtime/Passes/MainLightShadowCasterPass.cs
 0.2 kb	 0.0% Packages/com.unity.render-pipelines.universal/Runtime/Passes/InvokeOnRenderObjectCallbackPass.cs
 0.2 kb	 0.0% Packages/com.unity.render-pipelines.universal/Runtime/Decal/Entities/DecalUpdateCullingGroupSystem.cs
 0.2 kb	 0.0% Packages/com.unity.render-pipelines.universal/Runtime/Debug/DebugDisplaySettingsRendering.cs
 0.2 kb	 0.0% Packages/com.unity.render-pipelines.universal/Runtime/2D/CinemachineUniversalPixelPerfect.cs
 0.2 kb	 0.0% Packages/com.unity.render-pipelines.core/Runtime/RenderGraph/RenderGraphResourcePool.cs
 0.2 kb	 0.0% Packages/com.unity.render-pipelines.core/Runtime/RenderGraph/RenderGraphObjectPool.cs
 0.2 kb	 0.0% Packages/com.unity.render-pipelines.core/Runtime/Lighting/ProbeVolume/ProbeReferenceVolume.ReflProbeNormalization.cs
 0.2 kb	 0.0% Packages/com.unity.purchasing/Runtime/UnityWebshops/WebshopServiceExceptionMapper.cs
 0.2 kb	 0.0% Packages/com.unity.purchasing/Runtime/UnityWebshops/Interfaces/IWebshopServiceExceptionMapper.cs
 0.2 kb	 0.0% Packages/com.unity.purchasing/Runtime/UnityWebshops/Client/ErrorMitigation/StatusCodePolicyConfig.cs
 0.2 kb	 0.0% Packages/com.unity.purchasing/Runtime/UnityPaymentProviders/Models/PaymentProviderException.cs
 0.2 kb	 0.0% Packages/com.unity.purchasing/Runtime/UnityPaymentProviders/Interfaces/IPaymentProviderService.cs
 0.2 kb	 0.0% Packages/com.unity.purchasing/Runtime/UnityPaymentProviders/Interfaces/IPaymentProviderClientWrapper.cs
 0.2 kb	 0.0% Packages/com.unity.purchasing/Runtime/UnityPaymentProviders/Client/Scheduler/EngineStateHelper.cs
 0.2 kb	 0.0% Packages/com.unity.purchasing/Runtime/UnityPaymentProviders/Client/ErrorMitigation/RetryPolicy.cs
 0.2 kb	 0.0% Packages/com.unity.purchasing/Runtime/UnityPaymentProviders/Client/ErrorMitigation/IRetryPolicy.cs
 0.2 kb	 0.0% Packages/com.unity.purchasing/Runtime/Stores/PaymentProvider/Launchers/AndroidCustomTabsLauncher.cs
 0.2 kb	 0.0% Packages/com.unity.purchasing/Runtime/Stores/PaymentProvider/CurrencyFormatters/DotNetCurrencyFormatter.cs
 0.2 kb	 0.0% Packages/com.unity.purchasing/Runtime/Stores/PaymentProvider/CurrencyFormatters/AndroidCurrencyFormatter.cs
 0.2 kb	 0.0% Packages/com.unity.purchasing/Runtime/Stores/Android/GooglePlay/Services/Interfaces/IGooglePlayStoreChangeSubscriptionService.cs
 0.2 kb	 0.0% Packages/com.ivanmurzak.unity.mcp/TestFiles/Scripts/StructFieldPopulationTestScript.cs
 0.2 kb	 0.0% Packages/com.ivanmurzak.unity.mcp/TestFiles/Scripts/DataPropertyPopulationTestScript.cs
 0.2 kb	 0.0% Packages/com.ivanmurzak.unity.mcp/TestFiles/Scripts/DataFieldPopulationTestScript.cs
 0.2 kb	 0.0% Packages/com.ivanmurzak.unity.mcp/Runtime/Extensions/ExtensionsComponentRef.pre-Unity.6.5.cs
 0.2 kb	 0.0% Packages/com.ivanmurzak.unity.mcp/Runtime/Converter/Json/Types/AssetObjectRefConverter.pre-Unity.6.5.cs
 0.2 kb	 0.0% Packages/com.unity.visualscripting/Runtime/VisualScripting.Core/Listeners/UI/UnityOnToggleValueChangedMessageListener.cs
 0.2 kb	 0.0% Packages/com.unity.visualscripting/Runtime/VisualScripting.Core/Listeners/UI/UnityOnSliderValueChangedMessageListener.cs
 0.2 kb	 0.0% Packages/com.unity.visualscripting/Runtime/VisualScripting.Core/Listeners/UI/UnityOnInputFieldEndEditMessageListener.cs
 0.2 kb	 0.0% Packages/com.unity.visualscripting/Runtime/VisualScripting.Core/Listeners/MonoBehaviour/UnityOnParticleCollisionMessageListener.cs
 0.2 kb	 0.0% Packages/com.unity.visualscripting/Runtime/VisualScripting.Core/Listeners/MonoBehaviour/UnityOnMouseUpAsButtonMessageListener.cs
 0.2 kb	 0.0% Packages/com.unity.visualscripting/Runtime/VisualScripting.Core/Listeners/MonoBehaviour/UnityOnCollisionStay2DMessageListener.cs
 0.2 kb	 0.0% Packages/com.unity.visualscripting/Runtime/VisualScripting.Core/Listeners/MonoBehaviour/UnityOnCollisionExit2DMessageListener.cs
 0.2 kb	 0.0% Packages/com.unity.visualscripting/Runtime/VisualScripting.Core/Listeners/MonoBehaviour/UnityOnCollisionEnter2DMessageListener.cs
 0.2 kb	 0.0% Packages/com.unity.visualscripting/Runtime/VisualScripting.Core/Listeners/MonoBehaviour/UnityOnBecameInvisibleMessageListener.cs
 0.2 kb	 0.0% Packages/com.unity.services.core/Runtime/Core.Internal/Components/Telemetry/IDiagnosticsComponentProvider.cs
 0.2 kb	 0.0% Packages/com.unity.services.core/Runtime/Core.Internal/Components/Analytics/IAnalyticsStandardEventComponent.cs
 0.2 kb	 0.0% Packages/com.unity.render-pipelines.universal/Runtime/UniversalRenderPipelineRenderGraph.cs
 0.2 kb	 0.0% Packages/com.unity.render-pipelines.core/Runtime/RenderGraph/RenderGraphResourceTexture.cs
 0.2 kb	 0.0% Packages/com.unity.purchasing/Runtime/UnityPaymentProviders/Client/Models/ValidationErrorBody.cs
 0.2 kb	 0.0% Packages/com.unity.purchasing/Runtime/UnityPaymentProviders/Client/Models/UpdateOrderRequest.cs
 0.2 kb	 0.0% Packages/com.unity.purchasing/Runtime/UnityPaymentProviders/Client/Models/StoreOverrideMatch.cs
 0.2 kb	 0.0% Packages/com.unity.purchasing/Runtime/UnityPaymentProviders/Client/Models/GoogleTransactionDto.cs
 0.2 kb	 0.0% Packages/com.unity.purchasing/Runtime/UnityPaymentProviders/Client/Models/BasicErrorResponse.cs
 0.2 kb	 0.0% Packages/com.unity.purchasing/Runtime/UnityPaymentProviders/Client/Models/AppleTransactionDto.cs
 0.2 kb	 0.0% Packages/com.unity.purchasing/Runtime/UnityPaymentProviders/Client/Models/AccountLinkRequest.cs
 0.2 kb	 0.0% Packages/com.unity.purchasing/Runtime/UnityPaymentProviders/Client/Http/JsonObjectConverter.cs
 0.2 kb	 0.0% Packages/com.unity.purchasing/Runtime/UnityPaymentProviders/Client/Http/IsolatedJsonConvert.cs
 0.2 kb	 0.0% Packages/com.unity.purchasing/Runtime/UnityPaymentProviders/Client/Http/HttpClientResponse.cs
 0.2 kb	 0.0% Packages/com.unity.purchasing/Runtime/UnityLiveContentAdapter/Models/ConfigContentData.cs
 0.2 kb	 0.0% Packages/com.unity.purchasing/Runtime/UnityLiveContentAdapter/Client/Models/LiveContentAdapterIOneOf.cs
 0.2 kb	 0.0% Packages/com.unity.purchasing/Runtime/UnityLiveContentAdapter/Client/Http/ResponseHandler.cs
 0.2 kb	 0.0% Packages/com.unity.purchasing/Runtime/UnityLiveContentAdapter/Client/Http/IDeserializable.cs
 0.2 kb	 0.0% Packages/com.unity.purchasing/Runtime/UnityLiveContentAdapter/Client/Http/HttpException.cs
 0.2 kb	 0.0% Packages/com.unity.purchasing/Runtime/UnityLiveContentAdapter/Client/Http/BaseApiClient.cs
 0.2 kb	 0.0% Packages/com.unity.purchasing/Runtime/UnityLiveContentAdapter/Client/Apis/ClientApi.cs
 0.2 kb	 0.0% Packages/com.unity.purchasing/Runtime/Stores/Android/GooglePlay/AAR/Models/BillingProgramReportingDetails.cs
 0.2 kb	 0.0% Packages/com.unity.purchasing/Runtime/Stores/Android/GooglePlay/AAR/Interfaces/IGooglePlayCheckEntitlementUseCase.cs
 0.2 kb	 0.0% Packages/com.unity.purchasing/Runtime/Purchasing/Core/Store/AppleAppStore/Extensions/UseCases/Interfaces/IClearAppleTransactionLogsUseCase.cs
 0.2 kb	 0.0% Packages/com.unity.purchasing/Runtime/Purchasing/Core/Purchasing/AppleAppStore/Extensions/UseCases/Interfaces/IPresentCodeRedemptionSheetUseCase.cs
 0.2 kb	 0.0% Packages/com.unity.purchasing/Runtime/Purchasing/Core/Purchasing/AppleAppStore/Extensions/UseCases/Interfaces/IContinuePromotionalPurchasesUseCase.cs
 0.2 kb	 0.0% Packages/com.unity.purchasing/Runtime/Purchasing/Core/Product/AppleAppStore/Extensions/UseCases/Interfaces/ISetStorePromotionVisibilityUseCase.cs
 0.2 kb	 0.0% Packages/com.ivanmurzak.unity.mcp/Runtime/Extensions/ExtensionsRequestCallTool.cs
 0.2 kb	 0.0% Packages/com.ivanmurzak.unity.mcp/Runtime/Extensions/ExtensionsNotificationData.cs
 0.2 kb	 0.0% Packages/com.ivanmurzak.unity.mcp/Runtime/Converter/Json/Types/GameObjectRefConverter.pre-Unity.6.5.cs
 0.2 kb	 0.0% Packages/com.ivanmurzak.unity.mcp/Runtime/Converter/Json/Types/ComponentRefConverter.pre-Unity.6.5.cs
 0.2 kb	 0.0% Packages/com.ivanmurzak.unity.mcp.animation/Runtime/Data/ModifyAnimatorInfo.pre-Unity.6.5.cs
 0.2 kb	 0.0% Packages/extensions.unity.playerprefsex/Runtime/Scripts/EncryptedVariables/PlayerPrefsEncryptedVector3Int.cs
 0.2 kb	 0.0% Packages/extensions.unity.playerprefsex/Runtime/Scripts/EncryptedVariables/PlayerPrefsEncryptedVector2Int.cs
 0.2 kb	 0.0% Packages/com.unity.visualscripting/Runtime/VisualScripting.Core/Dependencies/FullSerializer/Converters/Unity/GUIStyleState_DirectConverter.cs
 0.2 kb	 0.0% Packages/com.unity.visualscripting/Runtime/VisualScripting.Core/Dependencies/FullSerializer/Converters/Unity/AnimationCurve_DirectConverter.cs
 0.2 kb	 0.0% Packages/com.unity.test-framework/UnityEngine.TestRunner/NUnitExtensions/Runner/UnityTestExecutionContext.cs
 0.2 kb	 0.0% Packages/com.unity.test-framework/UnityEngine.TestRunner/NUnitExtensions/Runner/IEnumerableTestMethodCommand.cs
 0.2 kb	 0.0% Packages/com.unity.test-framework/UnityEngine.TestRunner/NUnitExtensions/Commands/EnumerableApplyChangesToContextCommand.cs
 0.2 kb	 0.0% Packages/com.unity.services.core/Runtime/Telemetry/Diagnotstics/DisabledDiagnosticsFactory.cs
 0.2 kb	 0.0% Packages/com.unity.services.core/Runtime/Scheduler/ScheduledInvocationComparer.cs
 0.2 kb	 0.0% Packages/com.unity.services.core/Runtime/Environments/EnvironmentsOptionsExtensions.cs
 0.2 kb	 0.0% Packages/com.unity.services.core/Runtime/Core.Internal/Registry/DependencyTreeInitializeOrderSorter.cs
 0.2 kb	 0.0% Packages/com.unity.services.core/Runtime/Configuration/MemoryConfigurationLoader.cs
 0.2 kb	 0.0% Packages/com.unity.render-pipelines.universal/Runtime/UniversalAdditionalLightData.cs
 0.2 kb	 0.0% Packages/com.unity.render-pipelines.universal/Runtime/Tiling/ReflectionProbeMinMaxZJob.cs
 0.2 kb	 0.0% Packages/com.unity.render-pipelines.universal/Runtime/ScriptableRendererFeature.cs
 0.2 kb	 0.0% Packages/com.unity.render-pipelines.universal/Runtime/RendererFeatures/ScreenSpaceAmbientOcclusion.cs
 0.2 kb	 0.0% Packages/com.unity.render-pipelines.universal/Runtime/RenderTargetBufferSystem.cs
 0.2 kb	 0.0% Packages/com.unity.render-pipelines.universal/Runtime/Overrides/ShadowsMidtonesHighlights.cs
 0.2 kb	 0.0% Packages/com.unity.render-pipelines.universal/Runtime/Decal/ScreenSpace/DecalScreenSpaceRenderPass.cs
 0.2 kb	 0.0% Packages/com.unity.render-pipelines.universal/Runtime/Decal/Entities/DecalCreateDrawCallSystem.cs
 0.2 kb	 0.0% Packages/com.unity.render-pipelines.universal/Runtime/Debug/DebugDisplaySettingsMaterial.cs
 0.2 kb	 0.0% Packages/com.unity.render-pipelines.universal/Runtime/Debug/DebugDisplaySettingsLighting.cs
 0.2 kb	 0.0% Packages/com.unity.render-pipelines.universal/Runtime/Debug/DebugDisplaySettingsCommon.cs
 0.2 kb	 0.0% Packages/com.unity.render-pipelines.universal/Runtime/Data/UniversalRenderPipelineAsset.cs
 0.2 kb	 0.0% Packages/com.unity.render-pipelines.universal/Runtime/2D/Shadows/ShadowCasterGroup2DManager.cs
 0.2 kb	 0.0% Packages/com.unity.render-pipelines.universal/Runtime/2D/PixelPerfectCameraInternal.cs
 0.2 kb	 0.0% Packages/com.unity.render-pipelines.universal/Runtime/2D/Passes/PixelPerfectBackgroundPass.cs
 0.2 kb	 0.0% Packages/com.unity.render-pipelines.core/Runtime/RenderGraph/RenderGraphLogger.cs
 0.2 kb	 0.0% Packages/com.unity.render-pipelines.core/Runtime/RenderGraph/RenderGraphBuilder.cs
 0.2 kb	 0.0% Packages/com.unity.purchasing/Runtime/UnityWebshops/Client/ErrorMitigation/RetryPolicyConfig.cs
 0.2 kb	 0.0% Packages/com.unity.purchasing/Runtime/UnityWebshops/Client/Apis/WebshopLinkApiRequests.cs
 0.2 kb	 0.0% Packages/com.unity.purchasing/Runtime/UnityWebshops/Client/Apis/WebshopLinkApi.cs
 0.2 kb	 0.0% Packages/com.unity.purchasing/Runtime/UnityPaymentProviders/PaymentProviderClientWrapper.cs
 0.2 kb	 0.0% Packages/com.unity.purchasing/Runtime/UnityPaymentProviders/Models/CatalogProductData.cs
 0.2 kb	 0.0% Packages/com.unity.purchasing/Runtime/UnityLiveContentAdapter/Client/Scheduler/ThreadHelper.cs
 0.2 kb	 0.0% Packages/com.unity.purchasing/Runtime/Stores/PaymentProvider/Launchers/IosInAppBrowserLauncher.cs
 0.2 kb	 0.0% Packages/com.unity.purchasing/Runtime/Stores/PaymentProvider/Launchers/BuiltInLauncherFactory.cs
 0.2 kb	 0.0% Packages/com.unity.purchasing/Runtime/Stores/PaymentProvider/CurrencyFormatters/IosCurrencyFormatter.cs
 0.2 kb	 0.0% Packages/com.unity.purchasing/Runtime/Stores/Core/Store/StoreServiceDependencyFactoryInjector.cs
 0.2 kb	 0.0% Packages/com.unity.purchasing/Runtime/Stores/Core/Purchasing/PurchaseServiceDependencyFactoryInjector.cs
 0.2 kb	 0.0% Packages/com.unity.purchasing/Runtime/Stores/Core/Product/ProductServiceDependencyFactoryInjector.cs
 0.2 kb	 0.0% Packages/com.unity.purchasing/Runtime/Stores/Android/GooglePlay/Services/Interfaces/IGooglePlayStoreFinishTransactionService.cs
 0.2 kb	 0.0% Packages/com.unity.purchasing/Runtime/Stores/Android/GooglePlay/Services/Interfaces/IGooglePlayStoreFetchPurchasesService.cs
 0.2 kb	 0.0% Packages/com.unity.purchasing/Runtime/Stores/Android/GooglePlay/Services/GooglePlayStoreFinishTransactionService.cs
 0.2 kb	 0.0% Packages/com.unity.purchasing/Runtime/Stores/Android/GooglePlay/Services/GooglePlayStoreCheckEntitlementService.cs
 0.2 kb	 0.0% Packages/com.unity.purchasing/Runtime/Stores/Android/GooglePlay/Services/GooglePlayStoreChangeSubscriptionService.cs
 0.2 kb	 0.0% Packages/com.unity.purchasing/Runtime/Stores/Android/GooglePlay/AAR/Listeners/BillingProgramReportingDetailsListener.cs
 0.2 kb	 0.0% Packages/com.unity.purchasing/Runtime/Stores/Android/GooglePlay/AAR/Interfaces/IGooglePurchasesUpdatedHandler.cs
 0.2 kb	 0.0% Packages/com.unity.purchasing/Runtime/Stores/Android/GooglePlay/AAR/Interfaces/IGoogleCachedQueryProductDetailsService.cs
 0.2 kb	 0.0% Packages/com.unity.purchasing/Runtime/Purchasing/Stores/PaymentProvider/GetPaymentProviderProductMetadataExtension.cs
 0.2 kb	 0.0% Packages/com.unity.purchasing/Runtime/Purchasing/Core/Store/Interfaces/IStoreServiceFactoryManagerInjectionPoint.cs
 0.2 kb	 0.0% Packages/com.unity.purchasing/Runtime/Purchasing/Core/Purchasing/Interfaces/IPurchaseServiceFactoryManagerInjectionPoint.cs
 0.2 kb	 0.0% Packages/com.unity.purchasing/Runtime/Purchasing/Core/Product/Interfaces/IProductServiceFactoryManagerInjectionPoint.cs
 0.2 kb	 0.0% Packages/com.unity.purchasing/Runtime/Purchasing/Core/Product/AppleAppStore/Extensions/UseCases/GetIntroductoryPriceDictionaryUseCase.cs
 0.2 kb	 0.0% Packages/com.ivanmurzak.unity.mcp/Runtime/Converter/Json/Structures/GradientColorKeyConverter.cs
 0.2 kb	 0.0% Packages/com.ivanmurzak.unity.mcp/Runtime/Converter/Json/Structures/GradientAlphaKeyConverter.cs
 0.2 kb	 0.0% Packages/com.ivanmurzak.unity.mcp.animation/Runtime/Data/AnimatorTransitionInfo.cs
 0.2 kb	 0.0% Packages/com.ivanmurzak.unity.mcp.animation/Runtime/Data/AnimatorParameterInfo.cs
 0.2 kb	 0.0% Packages/com.ivanmurzak.unity.mcp.animation/Runtime/Data/AnimatorConditionInfo.cs
 0.2 kb	 0.0% Packages/com.ivanmurzak.unity.mcp.animation/Runtime/Data/AnimatorConditionData.cs
 0.2 kb	 0.0% Packages/com.ivanmurzak.unity.mcp.animation/Runtime/Data/AnimationModification.cs
 0.2 kb	 0.0% Packages/com.unity.visualscripting/Runtime/VisualScripting.Core/SerializedProperties/SerializedPropertyProviderAttribute.cs
 0.2 kb	 0.0% Packages/com.unity.visualscripting/Runtime/VisualScripting.Core/Listeners/UIInterfaces/UnityOnPointerExitMessageListener.cs
 0.2 kb	 0.0% Packages/com.unity.visualscripting/Runtime/VisualScripting.Core/Listeners/UIInterfaces/UnityOnPointerEnterMessageListener.cs
 0.2 kb	 0.0% Packages/com.unity.visualscripting/Runtime/VisualScripting.Core/Listeners/UIInterfaces/UnityOnPointerDownMessageListener.cs
 0.2 kb	 0.0% Packages/com.unity.visualscripting/Runtime/VisualScripting.Core/Listeners/UIInterfaces/UnityOnPointerClickMessageListener.cs
 0.2 kb	 0.0% Packages/com.unity.visualscripting/Runtime/VisualScripting.Core/Listeners/UI/UnityOnButtonClickMessageListener.cs
 0.2 kb	 0.0% Packages/com.unity.visualscripting/Runtime/VisualScripting.Core/Listeners/MonoBehaviour/UnityOnTriggerEnterMessageListener.cs
 0.2 kb	 0.0% Packages/com.unity.visualscripting/Runtime/VisualScripting.Core/Listeners/MonoBehaviour/UnityOnJointBreak2DMessageListener.cs
 0.2 kb	 0.0% Packages/com.unity.visualscripting/Runtime/VisualScripting.Core/Listeners/MonoBehaviour/UnityOnCollisionStayMessageListener.cs
 0.2 kb	 0.0% Packages/com.unity.visualscripting/Runtime/VisualScripting.Core/Listeners/MonoBehaviour/UnityOnCollisionExitMessageListener.cs
 0.2 kb	 0.0% Packages/com.unity.visualscripting/Runtime/VisualScripting.Core/Listeners/MonoBehaviour/UnityOnCollisionEnterMessageListener.cs
 0.2 kb	 0.0% Packages/com.unity.visualscripting/Runtime/VisualScripting.Core/Listeners/MonoBehaviour/UnityOnBecameVisibleMessageListener.cs
 0.2 kb	 0.0% Packages/com.unity.visualscripting/Runtime/VisualScripting.Core/EditorBinding/Inspector/InspectorActionDirectionAttribute.cs
 0.2 kb	 0.0% Packages/com.unity.visualscripting/Runtime/VisualScripting.Core/EditorBinding/Inspector/InspectViaImplementationsAttribute.cs
 0.2 kb	 0.0% Packages/com.unity.visualscripting/Runtime/VisualScripting.Core/Dependencies/FullSerializer/Internal/fsCyclicReferenceManager.cs
 0.2 kb	 0.0% Packages/com.unity.visualscripting/Runtime/VisualScripting.Core/Dependencies/FullSerializer/Converters/Unity/UnityEvent_Converter.cs
 0.2 kb	 0.0% Packages/com.unity.test-framework/UnityEngine.TestRunner/Utils/Vector4ComparerWithEqualsOperator.cs
 0.2 kb	 0.0% Packages/com.unity.test-framework/UnityEngine.TestRunner/Utils/Vector3ComparerWithEqualsOperator.cs
 0.2 kb	 0.0% Packages/com.unity.test-framework/UnityEngine.TestRunner/Utils/Vector2ComparerWithEqualsOperator.cs
 0.2 kb	 0.0% Packages/com.unity.test-framework/UnityEngine.TestRunner/TestRunner/RemoteHelpers/RemoteTestResultDataWithTestData.cs
 0.2 kb	 0.0% Packages/com.unity.test-framework/UnityEngine.TestRunner/TestRunner/Callbacks/TestResultRendererCallback.cs
 0.2 kb	 0.0% Packages/com.unity.render-pipelines.universal/Runtime/UniversalRenderPipelineCore.cs
 0.2 kb	 0.0% Packages/com.unity.render-pipelines.universal/Runtime/Passes/RenderObjectsPass.cs
 0.2 kb	 0.0% Packages/com.unity.render-pipelines.universal/Runtime/2D/PixelPerfectCamera.cs
 0.2 kb	 0.0% Packages/com.unity.render-pipelines.core/Runtime/Utilities/CoreRenderPipelinePreferences.cs
 0.2 kb	 0.0% Packages/com.unity.render-pipelines.core/Runtime/RenderGraph/RenderGraphResources.cs
 0.2 kb	 0.0% Packages/com.unity.render-pipelines.core/Runtime/Lighting/ProbeVolume/ProbeVolumeBakingProcessSettings.cs
 0.2 kb	 0.0% Packages/com.unity.render-pipelines.core/Runtime/Debugging/Prefabs/Scripts/DebugUIHandlerPersistentCanvas.cs
 0.2 kb	 0.0% Packages/com.unity.render-pipelines.core/Runtime/Debugging/Prefabs/Scripts/DebugUIHandlerObjectPopupField.cs
 0.2 kb	 0.0% Packages/com.unity.render-pipelines.core/Runtime/Debugging/Prefabs/Scripts/DebugUIHandlerIndirectFloatField.cs
 0.2 kb	 0.0% Packages/com.unity.render-pipelines.core/Runtime/Common/GlobalDynamicResolutionSettings.cs
 0.2 kb	 0.0% Packages/com.unity.purchasing/Runtime/UnityWebshops/Client/Http/UnityWebRequestHelpers.cs
 0.2 kb	 0.0% Packages/com.unity.purchasing/Runtime/UnityWebshops/Client/Http/DeserializationSettings.cs
 0.2 kb	 0.0% Packages/com.unity.purchasing/Runtime/UnityWebshops/Client/Http/DeserializationException.cs
 0.2 kb	 0.0% Packages/com.unity.purchasing/Runtime/UnityPaymentProviders/Client/Models/SkuOverrideEntry.cs
 0.2 kb	 0.0% Packages/com.unity.purchasing/Runtime/UnityPaymentProviders/Client/Models/ProductResponse.cs
 0.2 kb	 0.0% Packages/com.unity.purchasing/Runtime/UnityPaymentProviders/Client/Models/PlayerIdentity.cs
 0.2 kb	 0.0% Packages/com.unity.purchasing/Runtime/UnityPaymentProviders/Client/Models/PaymentProviderIOneOf.cs
 0.2 kb	 0.0% Packages/com.unity.purchasing/Runtime/UnityPaymentProviders/Client/Models/OrderResponse.cs
 0.2 kb	 0.0% Packages/com.unity.purchasing/Runtime/UnityPaymentProviders/Client/Models/LocalizedPricing.cs
 0.2 kb	 0.0% Packages/com.unity.purchasing/Runtime/UnityPaymentProviders/Client/Http/ResponseHandler.cs
 0.2 kb	 0.0% Packages/com.unity.purchasing/Runtime/UnityPaymentProviders/Client/Http/IDeserializable.cs
 0.2 kb	 0.0% Packages/com.unity.purchasing/Runtime/UnityPaymentProviders/Client/Http/HttpException.cs
 0.2 kb	 0.0% Packages/com.unity.purchasing/Runtime/UnityPaymentProviders/Client/Http/BaseApiClient.cs
 0.2 kb	 0.0% Packages/com.unity.purchasing/Runtime/UnityLiveContentAdapter/Client/Models/ClientFile.cs
 0.2 kb	 0.0% Packages/com.unity.purchasing/Runtime/UnityLiveContentAdapter/Client/Http/JsonObject.cs
 0.2 kb	 0.0% Packages/com.unity.purchasing/Runtime/UnityLiveContentAdapter/Client/Http/JsonHelpers.cs
 0.2 kb	 0.0% Packages/com.unity.purchasing/Runtime/UnityLiveContentAdapter/Client/Http/IHttpClient.cs
 0.2 kb	 0.0% Packages/com.unity.purchasing/Runtime/UnityLiveContentAdapter/Client/Http/HttpClient.cs
 0.2 kb	 0.0% Packages/com.unity.purchasing/Runtime/UnityLiveContentAdapter/Client/Http/AsyncOpRetry.cs
 0.2 kb	 0.0% Packages/com.unity.purchasing/Runtime/UnityLiveContentAdapter/Client/Configuration/Configuration.cs
 0.2 kb	 0.0% Packages/com.unity.purchasing/Runtime/Stores/Data/Insights/PurchaseEventProtobufWriter.cs
 0.2 kb	 0.0% Packages/com.unity.purchasing/Runtime/Stores/Android/GooglePlay/AAR/Models/ExternalBillingProgramClient.cs
 0.2 kb	 0.0% Packages/com.unity.purchasing/Runtime/Stores/Android/GooglePlay/AAR/Interfaces/IGooglePurchasesUpdatedListener.cs
 0.2 kb	 0.0% Packages/com.unity.purchasing/Runtime/Stores/Android/GooglePlay/AAR/Interfaces/IGooglePurchaseStateEnumProvider.cs
 0.2 kb	 0.0% Packages/com.unity.purchasing/Runtime/Stores/Android/GooglePlay/AAR/Interfaces/IGoogleLastKnownProductService.cs
 0.2 kb	 0.0% Packages/com.unity.purchasing/Runtime/Stores/Android/GooglePlay/AAR/Interfaces/IGoogleFinishTransactionUseCase.cs
 0.2 kb	 0.0% Packages/com.unity.purchasing/Runtime/Stores/Android/GooglePlay/AAR/GoogleCachedQuerySkuDetailsService.cs
 0.2 kb	 0.0% Packages/com.unity.purchasing/Runtime/Purchasing/Core/Store/AppleAppStore/Extensions/UseCases/ClearAppleTransactionLogsUseCase.cs
 0.2 kb	 0.0% Packages/com.unity.purchasing/Runtime/Purchasing/Core/Product/AppleAppStore/Extensions/UseCases/Interfaces/ISetStorePromotionOrderUseCase.cs
 0.2 kb	 0.0% Packages/com.unity.purchasing/Runtime/Purchasing/Core/Product/AppleAppStore/Extensions/UseCases/Interfaces/IFetchStorePromotionOrderUseCase.cs
 0.2 kb	 0.0% Packages/com.unity.inputsystem/InputSystem/Editor/UITKAssetEditor/Views/CompositePartBindingPropertiesView.cs
 0.2 kb	 0.0% Packages/com.unity.inputsystem/InputSystem/Editor/UITKAssetEditor/Views/CollectionViewSelectionChangeFilter.cs
 0.2 kb	 0.0% Packages/com.unity.inputsystem/InputSystem/Editor/UITKAssetEditor/InputActionsEditorSettingsProvider.cs
 0.2 kb	 0.0% Packages/com.unity.inputsystem/InputSystem/Editor/PropertyDrawers/InputActionReferenceSearchProviders.cs
 0.2 kb	 0.0% Packages/com.unity.inputsystem/InputSystem/Editor/PropertyDrawers/InputActionReferencePropertyDrawer.cs
 0.2 kb	 0.0% Packages/com.unity.inputsystem/InputSystem/Editor/Analytics/InputActionsEditorSessionAnalytic.cs
 0.2 kb	 0.0% Packages/com.unity.inputsystem/InputSystem/Devices/Commands/QueryEditorWindowCoordinatesCommand.cs
 0.2 kb	 0.0% Packages/com.unity.inputsystem/InputSystem/Devices/Commands/InitiateUserAccountPairingCommand.cs
 0.2 kb	 0.0% Packages/com.ivanmurzak.unity.mcp/Runtime/Utils/GameObjectUtils.Editor.pre-Unity.6.5.cs
 0.2 kb	 0.0% Packages/com.ivanmurzak.unity.mcp/Runtime/Extensions/ExtensionsRuntimeObject.cs
 0.2 kb	 0.0% Packages/com.ivanmurzak.unity.mcp/Runtime/Extensions/ExtensionsJsonElement.cs
 0.2 kb	 0.0% Packages/com.ivanmurzak.unity.mcp/Runtime/Converter/Json/Types/SceneRefConverter.pre-Unity.6.5.cs
 0.2 kb	 0.0% Packages/com.ivanmurzak.unity.mcp/Runtime/Converter/Json/Types/ObjectRefConverter.pre-Unity.6.5.cs
 0.2 kb	 0.0% Packages/extensions.unity.playerprefsex/Runtime/Scripts/EncryptedVariables/PlayerPrefsEncryptedVector3.cs
 0.2 kb	 0.0% Packages/extensions.unity.playerprefsex/Runtime/Scripts/EncryptedVariables/PlayerPrefsEncryptedVector2.cs
 0.2 kb	 0.0% Packages/extensions.unity.playerprefsex/Runtime/Scripts/EncryptedVariables/PlayerPrefsEncryptedString.cs
 0.2 kb	 0.0% Packages/extensions.unity.playerprefsex/Runtime/Scripts/EncryptedVariables/PlayerPrefsEncryptedFloat.cs
 0.2 kb	 0.0% Packages/extensions.unity.playerprefsex/Runtime/Scripts/EncryptedVariables/PlayerPrefsEncryptedDateTime.cs
 0.2 kb	 0.0% Packages/extensions.unity.playerprefsex/Runtime/Scripts/EncryptedVariables/PlayerPrefsEncryptedBigInt.cs
 0.2 kb	 0.0% Packages/com.unity.visualscripting/Runtime/VisualScripting.Core/Listeners/MonoBehaviour/UnityOnTriggerStay2DMListener.cs
 0.2 kb	 0.0% Packages/com.unity.visualscripting/Runtime/VisualScripting.Core/Listeners/MonoBehaviour/UnityOnTriggerExit2DMListener.cs
 0.2 kb	 0.0% Packages/com.unity.visualscripting/Runtime/VisualScripting.Core/Listeners/MonoBehaviour/UnityOnTriggerEnter2DMListener.cs
 0.2 kb	 0.0% Packages/com.unity.visualscripting/Runtime/VisualScripting.Core/Dependencies/FullSerializer/fsISerializationCallbacks.cs
 0.2 kb	 0.0% Packages/com.unity.visualscripting/Runtime/VisualScripting.Core/Dependencies/FullSerializer/Converters/Unity/RectOffset_DirectConverter.cs
 0.2 kb	 0.0% Packages/com.unity.visualscripting/Runtime/VisualScripting.Core/Dependencies/FullSerializer/Converters/Unity/LayerMask_DirectConverter.cs
 0.2 kb	 0.0% Packages/com.unity.visualscripting/Runtime/VisualScripting.Core/Dependencies/FullSerializer/Converters/Unity/InputAction_DirectConverter.cs
 0.2 kb	 0.0% Packages/com.unity.test-framework/UnityEngine.TestRunner/TestRunner/PlaymodeTestsControllerSettings.cs
 0.2 kb	 0.0% Packages/com.unity.test-framework/UnityEngine.TestRunner/NUnitExtensions/Runner/UnityWorkItemDataHolder.cs
 0.2 kb	 0.0% Packages/com.unity.test-framework/UnityEngine.TestRunner/NUnitExtensions/Runner/UnityTestAssemblyRunner.cs
 0.2 kb	 0.0% Packages/com.unity.test-framework/UnityEngine.TestRunner/NUnitExtensions/Runner/PlaymodeWorkItemFactory.cs
 0.2 kb	 0.0% Packages/com.unity.test-framework/UnityEngine.TestRunner/NUnitExtensions/Runner/CoroutineTestWorkItem.cs
 0.2 kb	 0.0% Packages/com.unity.test-framework/UnityEngine.TestRunner/NUnitExtensions/IAsyncTestAssemblyBuilder.cs
 0.2 kb	 0.0% Packages/com.unity.test-framework/UnityEngine.TestRunner/NUnitExtensions/Filters/CategoryFilterExtended.cs
 0.2 kb	 0.0% Packages/com.unity.test-framework/UnityEngine.TestRunner/Assertions/UnexpectedLogMessageException.cs
 0.2 kb	 0.0% Packages/com.unity.services.core/Runtime/Threading/UnityThreadUtilsInternal.cs
 0.2 kb	 0.0% Packages/com.unity.services.core/Runtime/Telemetry/Metrics/DisabledMetricsFactory.cs
 0.2 kb	 0.0% Packages/com.unity.services.core/Runtime/Core.Internal/Components/Configuration/IProjectConfiguration.cs
 0.2 kb	 0.0% Packages/com.unity.services.core/Runtime/Configuration/ConfigurationResetter.cs
 0.2 kb	 0.0% Packages/com.unity.services.core/Runtime/Components/ServicesInitializationEvents.cs
 0.2 kb	 0.0% Packages/com.unity.services.core/Runtime/Analytics/AnalyticsOptionsExtensions.cs
 0.2 kb	 0.0% Packages/com.unity.render-pipelines.universal/Runtime/UniversalRendererRenderGraph.cs
 0.2 kb	 0.0% Packages/com.unity.render-pipelines.universal/Runtime/UniversalRendererData.cs
 0.2 kb	 0.0% Packages/com.unity.render-pipelines.universal/Runtime/UniversalRenderPipeline.cs
 0.2 kb	 0.0% Packages/com.unity.render-pipelines.universal/Runtime/Tiling/TileRangeExpansionJob.cs
 0.2 kb	 0.0% Packages/com.unity.render-pipelines.universal/Runtime/ScriptableRendererData.cs
 0.2 kb	 0.0% Packages/com.unity.render-pipelines.universal/Runtime/ReflectionProbeManager.cs
 0.2 kb	 0.0% Packages/com.unity.render-pipelines.universal/Runtime/Passes/TransparentSettingsPass.cs
 0.2 kb	 0.0% Packages/com.unity.render-pipelines.universal/Runtime/Passes/MotionVectorRenderPass.cs
 0.2 kb	 0.0% Packages/com.unity.render-pipelines.universal/Runtime/Passes/DrawScreenSpaceUIPass.cs
 0.2 kb	 0.0% Packages/com.unity.render-pipelines.universal/Runtime/Passes/DepthNormalOnlyPass.cs
 0.2 kb	 0.0% Packages/com.unity.render-pipelines.universal/Runtime/Passes/ColorGradingLutPass.cs
 0.2 kb	 0.0% Packages/com.unity.render-pipelines.universal/Runtime/NormalReconstruction.cs
 0.2 kb	 0.0% Packages/com.unity.render-pipelines.universal/Runtime/Decal/ScreenSpace/DecalGBufferRenderPass.cs
 0.2 kb	 0.0% Packages/com.unity.render-pipelines.universal/Runtime/Decal/Entities/DecalUpdateCulledSystem.cs
 0.2 kb	 0.0% Packages/com.unity.render-pipelines.universal/Runtime/Decal/Entities/DecalUpdateCachedSystem.cs
 0.2 kb	 0.0% Packages/com.unity.render-pipelines.universal/Runtime/Decal/Entities/DecalSkipCulledSystem.cs
 0.2 kb	 0.0% Packages/com.unity.render-pipelines.universal/Runtime/Decal/DBuffer/DecalForwardEmissivePass.cs
 0.2 kb	 0.0% Packages/com.unity.render-pipelines.universal/Runtime/2D/Shadows/CompositeShadowCaster2D.cs
 0.2 kb	 0.0% Packages/com.unity.render-pipelines.core/Runtime/XR/XRBuiltinShaderConstants.cs
 0.2 kb	 0.0% Packages/com.unity.render-pipelines.core/Runtime/RenderGraph/RenderGraphPass.cs
 0.2 kb	 0.0% Packages/com.unity.purchasing/Runtime/UnityWebshops/WebshopServiceProvider.cs
 0.2 kb	 0.0% Packages/com.unity.purchasing/Runtime/UnityWebshops/InternalWebshopService.cs
 0.2 kb	 0.0% Packages/com.unity.purchasing/Runtime/UnityWebshops/Client/Scheduler/EngineStateHelper.cs
 0.2 kb	 0.0% Packages/com.unity.purchasing/Runtime/UnityWebshops/Client/ErrorMitigation/RetryPolicy.cs
 0.2 kb	 0.0% Packages/com.unity.purchasing/Runtime/UnityWebshops/Client/ErrorMitigation/IRetryPolicy.cs
 0.2 kb	 0.0% Packages/com.unity.purchasing/Runtime/UnityPaymentProviders/PaymentProviderToken.cs
 0.2 kb	 0.0% Packages/com.unity.purchasing/Runtime/UnityPaymentProviders/Client/Scheduler/ThreadHelper.cs
 0.2 kb	 0.0% Packages/com.unity.purchasing/Runtime/UnityPaymentProviders/Client/Http/AsyncOpRetry.cs
 0.2 kb	 0.0% Packages/com.unity.purchasing/Runtime/UnityPaymentProviders/Client/Configuration/Configuration.cs
 0.2 kb	 0.0% Packages/com.unity.purchasing/Runtime/Stores/Android/GooglePlay/Services/Interfaces/IGooglePlayStoreFetchProductsService.cs
 0.2 kb	 0.0% Packages/com.unity.purchasing/Runtime/Stores/Android/GooglePlay/Services/Interfaces/IGooglePlayStoreConnectionService.cs
 0.2 kb	 0.0% Packages/com.unity.purchasing/Runtime/Stores/Android/GooglePlay/Services/GooglePlayStoreFetchPurchasesService.cs
 0.2 kb	 0.0% Packages/com.unity.purchasing/Runtime/Stores/Android/GooglePlay/Services/GooglePlayStoreFetchProductsService.cs
 0.2 kb	 0.0% Packages/com.unity.purchasing/Runtime/Stores/Android/GooglePlay/AAR/Models/GooglePurchaseStateEnumProvider.cs
 0.2 kb	 0.0% Packages/com.unity.purchasing/Runtime/Stores/Android/GooglePlay/AAR/Listeners/LaunchExternalLinkResponseListener.cs
 0.2 kb	 0.0% Packages/com.unity.purchasing/Runtime/Stores/Android/GooglePlay/AAR/Listeners/GoogleAcknowledgePurchaseListener.cs
 0.2 kb	 0.0% Packages/com.unity.purchasing/Runtime/Stores/Android/GooglePlay/AAR/Listeners/BillingProgramAvailabilityListener.cs
 0.2 kb	 0.0% Packages/com.unity.purchasing/Runtime/Stores/Android/GooglePlay/AAR/GooglePlayCheckEntitlementUseCase.cs
 0.2 kb	 0.0% Packages/com.unity.purchasing/Runtime/Purchasing/Telemetry/Diagnostics/TelemetryDiagnosticsInstanceWrapper.cs
 0.2 kb	 0.0% Packages/com.unity.purchasing/Runtime/Purchasing/Telemetry/Diagnostics/Interfaces/ITelemetryDiagnosticsInstanceWrapper.cs
 0.2 kb	 0.0% Packages/com.unity.purchasing/Runtime/Purchasing/Stores/AppleAppStore/AppleJsonProductDescriptionsDeserializer.cs
 0.2 kb	 0.0% Packages/com.unity.purchasing/Runtime/Purchasing/Core/Store/PaymentProviders/PaymentProvidersExtendedService.cs
 0.2 kb	 0.0% Packages/com.unity.purchasing/Runtime/Purchasing/Core/Store/Android/GooglePlay/Extensions/UseCases/Interfaces/IGooglePlayStoreSetObfuscatedIdUseCase.cs
 0.2 kb	 0.0% Packages/com.unity.purchasing/Runtime/Purchasing/Core/Store/Android/GooglePlay/Extensions/UseCases/GooglePlayStoreSetObfuscatedIdUseCase.cs
 0.2 kb	 0.0% Packages/com.unity.purchasing/Runtime/Purchasing/Core/Purchasing/PaymentProviders/Extensions/PaymentProvidersExtendedPurchaseService.cs
 0.2 kb	 0.0% Packages/com.unity.purchasing/Runtime/Purchasing/Core/Purchasing/PaymentProviders/Extensions/Interfaces/IPaymentProvidersExtendedPurchaseService.cs
 0.2 kb	 0.0% Packages/com.unity.purchasing/Runtime/Purchasing/Core/Purchasing/CartValidation/SingleProductSingleQuantityCartValidator.cs
 0.2 kb	 0.0% Packages/com.unity.purchasing/Runtime/Purchasing/Core/Purchasing/CartValidation/MultipleConsumableQuantityCartValidator.cs
 0.2 kb	 0.0% Packages/com.unity.purchasing/Runtime/Purchasing/Core/Purchasing/AppleAppStore/Extensions/UseCases/PresentCodeRedemptionSheetUseCase.cs
 0.2 kb	 0.0% Packages/com.unity.purchasing/Runtime/Purchasing/Core/Purchasing/AppleAppStore/Extensions/UseCases/ContinuePromotionalPurchasesUseCase.cs
 0.2 kb	 0.0% Packages/com.unity.purchasing/Runtime/Purchasing/Core/Purchasing/AppleAppStore/Extensions/AppleStoreExtendedPurchaseService.cs
 0.2 kb	 0.0% Packages/com.unity.purchasing/Runtime/Purchasing/Core/Purchasing/Android/GooglePlay/Interfaces/Callbacks/IGooglePlayChangeSubscriptionCallback.cs
 0.2 kb	 0.0% Packages/com.unity.purchasing/Runtime/Purchasing/Core/Purchasing/Android/GooglePlay/Extensions/Interfaces/IGooglePlayStoreExtendedPurchaseService.cs
 0.2 kb	 0.0% Packages/com.unity.purchasing/Runtime/Purchasing/Core/Purchasing/Android/GooglePlay/Extensions/GooglePlayStoreExtendedPurchaseService.cs
 0.2 kb	 0.0% Packages/com.unity.purchasing/Runtime/Purchasing/Core/Product/AppleAppStore/Extensions/UseCases/SetStorePromotionVisibilityUseCase.cs
 0.2 kb	 0.0% Packages/com.unity.purchasing/Runtime/Purchasing/Core/Product/AppleAppStore/Extensions/UseCases/FetchStorePromotionVisibilityUseCase.cs
 0.2 kb	 0.0% Packages/com.unity.probuilder/Content/Resources/Materials/InvisibleFace.mat
 0.2 kb	 0.0% Packages/com.unity.inputsystem/InputSystem/Plugins/UI/StandaloneInputModuleEditor.cs
 0.2 kb	 0.0% Packages/com.unity.inputsystem/InputSystem/Plugins/UI/InputSystemUIInputModuleEditor.cs
 0.2 kb	 0.0% Packages/com.ivanmurzak.unity.mcp.animation/Runtime/Data/AnimatorStateInfo.cs
 0.2 kb	 0.0% Packages/com.ivanmurzak.unity.mcp.animation/Runtime/Data/AnimatorModification.cs
 0.2 kb	 0.0% Packages/com.ivanmurzak.unity.mcp.animation/Runtime/Data/AnimatorLayerInfo.cs
 0.2 kb	 0.0% Packages/com.ivanmurzak.unity.mcp.animation/Runtime/Data/AnimationKeyframe.cs
 0.1 kb	 0.0% Packages/com.unity.visualscripting/Runtime/VisualScripting.Flow/Ports/MissingValuePortInputException.cs
 0.1 kb	 0.0% Packages/com.unity.visualscripting/Runtime/VisualScripting.Flow/EditorBinding/UnitHeaderInspectableAttribute.cs
 0.1 kb	 0.0% Packages/com.unity.visualscripting/Runtime/VisualScripting.Flow/Dependencies/NCalc/LogicalExpressionVisitor.cs
 0.1 kb	 0.0% Packages/com.unity.visualscripting/Runtime/VisualScripting.Core/Variables/VariableDeclarationCollection.cs
 0.1 kb	 0.0% Packages/com.unity.visualscripting/Runtime/VisualScripting.Core/Variables/InspectorVariableNameAttribute.cs
 0.1 kb	 0.0% Packages/com.unity.visualscripting/Runtime/VisualScripting.Core/Serialization/SerializationVersionAttribute.cs
 0.1 kb	 0.0% Packages/com.unity.visualscripting/Runtime/VisualScripting.Core/Listeners/UIInterfaces/UnityOnPointerUpMessageListener.cs
 0.1 kb	 0.0% Packages/com.unity.visualscripting/Runtime/VisualScripting.Core/Listeners/UIInterfaces/UnityOnEndDragMessageListener.cs
 0.1 kb	 0.0% Packages/com.unity.visualscripting/Runtime/VisualScripting.Core/Listeners/UIInterfaces/UnityOnDeselectMessageListener.cs
 0.1 kb	 0.0% Packages/com.unity.visualscripting/Runtime/VisualScripting.Core/Listeners/UIInterfaces/UnityOnBeginDragMessageListener.cs
 0.1 kb	 0.0% Packages/com.unity.visualscripting/Runtime/VisualScripting.Core/Listeners/MonoBehaviour/UnityOnTriggerStayMListener.cs
 0.1 kb	 0.0% Packages/com.unity.visualscripting/Runtime/VisualScripting.Core/Listeners/MonoBehaviour/UnityOnTriggerExitMListener.cs
 0.1 kb	 0.0% Packages/com.unity.visualscripting/Runtime/VisualScripting.Core/Listeners/MonoBehaviour/UnityOnMouseUpMessageListener.cs
 0.1 kb	 0.0% Packages/com.unity.visualscripting/Runtime/VisualScripting.Core/Listeners/MonoBehaviour/UnityOnMouseOverMessageListener.cs
 0.1 kb	 0.0% Packages/com.unity.visualscripting/Runtime/VisualScripting.Core/Listeners/MonoBehaviour/UnityOnMouseExitMessageListener.cs
 0.1 kb	 0.0% Packages/com.unity.visualscripting/Runtime/VisualScripting.Core/Listeners/MonoBehaviour/UnityOnMouseEnterMessageListener.cs
 0.1 kb	 0.0% Packages/com.unity.visualscripting/Runtime/VisualScripting.Core/Listeners/MonoBehaviour/UnityOnMouseDragMessageListener.cs
 0.1 kb	 0.0% Packages/com.unity.visualscripting/Runtime/VisualScripting.Core/Listeners/MonoBehaviour/UnityOnMouseDownMessageListener.cs
 0.1 kb	 0.0% Packages/com.unity.visualscripting/Runtime/VisualScripting.Core/Listeners/MonoBehaviour/UnityOnJointBreakMessageListener.cs
 0.1 kb	 0.0% Packages/com.unity.visualscripting/Runtime/VisualScripting.Core/Exceptions/InvalidImplementationException.cs
 0.1 kb	 0.0% Packages/com.unity.visualscripting/Runtime/VisualScripting.Core/EditorBinding/Inspector/InspectorExpandTooltipAttribute.cs
 0.1 kb	 0.0% Packages/com.unity.visualscripting/Runtime/VisualScripting.Core/EditorBinding/Inspector/InspectorAdaptiveWidthAttribute.cs
 0.1 kb	 0.0% Packages/com.unity.visualscripting/Runtime/VisualScripting.Core/Dependencies/FullSerializer/Internal/fsPortableReflection.cs
 0.1 kb	 0.0% Packages/com.unity.visualscripting/Runtime/VisualScripting.Core/Attributes/VisualScriptingHelpURLAttribute.cs
 0.1 kb	 0.0% Packages/com.unity.test-framework/UnityEngine.TestRunner/TestRunner/RemoteHelpers/RemoteTestResultDataFactory.cs
 0.1 kb	 0.0% Packages/com.unity.test-framework/UnityEngine.TestRunner/TestRunner/RemoteHelpers/PlayerConnectionMessageIds.cs
 0.1 kb	 0.0% Packages/com.unity.test-framework/UnityEngine.TestRunner/TestRunner/RemoteHelpers/IRemoteTestResultDataFactory.cs
 0.1 kb	 0.0% Packages/com.unity.test-framework/UnityEngine.TestRunner/TestRunner/Callbacks/RemoteTestResultSender.cs
 0.1 kb	 0.0% Packages/com.unity.test-framework/UnityEngine.TestRunner/TestRunner/Callbacks/PlayModeRunnerCallback.cs
 0.1 kb	 0.0% Packages/com.unity.test-framework/UnityEngine.TestRunner/Assertions/AllocatingGCMemoryConstraint.cs
 0.1 kb	 0.0% Packages/com.unity.services.core/Runtime/Core.Internal/Registry/DependencyTreeExceptions.cs
 0.1 kb	 0.0% Packages/com.unity.services.core/Runtime/Core.Internal/Components/Vivox/IVivoxTokenProviderInternal.cs
 0.1 kb	 0.0% Packages/com.unity.services.core/Runtime/Core.Internal/Components/Networking/HttpRequestExtensions.cs
 0.1 kb	 0.0% Packages/com.unity.services.core/Runtime/Core.Internal/Components/Authentication/IServerEnvironmentId.cs
 0.1 kb	 0.0% Packages/com.unity.services.core/Runtime/Core.Internal/Components/Authentication/IServerAccessToken.cs
 0.1 kb	 0.0% Packages/com.unity.render-pipelines.universal/Runtime/RendererFeatures/RenderObjects.cs
 0.1 kb	 0.0% Packages/com.unity.render-pipelines.universal/Runtime/MotionVectors.cs
 0.1 kb	 0.0% Packages/com.unity.render-pipelines.universal/Runtime/Decal/DecalDrawErrorRenderPass.cs
 0.1 kb	 0.0% Packages/com.unity.render-pipelines.universal/Runtime/2D/InternalBridge/InternalEngineBridge.cs
 0.1 kb	 0.0% Packages/com.unity.render-pipelines.core/Runtime/Utilities/BatchRendererGroupGlobals.cs
 0.1 kb	 0.0% Packages/com.unity.render-pipelines.core/Runtime/Lighting/ProbeVolume/ShaderVariablesProbeVolumes.cs
 0.1 kb	 0.0% Packages/com.unity.render-pipelines.core/Runtime/Lighting/ProbeVolume/ProbeReferenceVolumeProfile.cs
 0.1 kb	 0.0% Packages/com.unity.render-pipelines.core/Runtime/Debugging/Prefabs/Scripts/DebugUIHandlerToggleHistory.cs
 0.1 kb	 0.0% Packages/com.unity.render-pipelines.core/Runtime/Debugging/Prefabs/Scripts/DebugUIHandlerProgressBar.cs
 0.1 kb	 0.0% Packages/com.unity.render-pipelines.core/Runtime/Debugging/Prefabs/Scripts/DebugUIHandlerIndirectToggle.cs
 0.1 kb	 0.0% Packages/com.unity.render-pipelines.core/Runtime/Debugging/Prefabs/Scripts/DebugUIHandlerEnumHistory.cs
 0.1 kb	 0.0% Packages/com.unity.render-pipelines.core/Runtime/Debugging/IDebugDisplaySettingsQuery.cs
 0.1 kb	 0.0% Packages/com.unity.render-pipelines.core/Runtime/Debugging/IDebugDisplaySettingsPanel.cs
 0.1 kb	 0.0% Packages/com.unity.render-pipelines.core/Runtime/Debugging/IDebugDisplaySettingsData.cs
 0.1 kb	 0.0% Packages/com.unity.render-pipelines.core/Runtime/Debugging/DebugDisplaySettingsVolumes.cs
 0.1 kb	 0.0% Packages/com.unity.render-pipelines.core/Runtime/Debugging/DebugDisplaySettingsPanel.cs
 0.1 kb	 0.0% Packages/com.unity.purchasing/Runtime/UnityWebshops/Client/Models/WebshopLinkRequest.cs
 0.1 kb	 0.0% Packages/com.unity.purchasing/Runtime/UnityWebshops/Client/Http/JsonObjectConverter.cs
 0.1 kb	 0.0% Packages/com.unity.purchasing/Runtime/UnityWebshops/Client/Http/IsolatedJsonConvert.cs
 0.1 kb	 0.0% Packages/com.unity.purchasing/Runtime/UnityWebshops/Client/Http/HttpClientResponse.cs
 0.1 kb	 0.0% Packages/com.unity.purchasing/Runtime/UnityPaymentProviders/Client/Models/SkuResponse.cs
 0.1 kb	 0.0% Packages/com.unity.purchasing/Runtime/UnityPaymentProviders/Client/Models/OrderRequest.cs
 0.1 kb	 0.0% Packages/com.unity.purchasing/Runtime/UnityPaymentProviders/Client/Models/DeviceInfo.cs
 0.1 kb	 0.0% Packages/com.unity.purchasing/Runtime/UnityPaymentProviders/Client/Http/JsonObject.cs
 0.1 kb	 0.0% Packages/com.unity.purchasing/Runtime/UnityPaymentProviders/Client/Http/JsonHelpers.cs
 0.1 kb	 0.0% Packages/com.unity.purchasing/Runtime/UnityPaymentProviders/Client/Http/IHttpClient.cs
 0.1 kb	 0.0% Packages/com.unity.purchasing/Runtime/UnityPaymentProviders/Client/Http/HttpClient.cs
 0.1 kb	 0.0% Packages/com.unity.purchasing/Runtime/Stores/ServicesCore/IapCoreInitializeCallback.cs
 0.1 kb	 0.0% Packages/com.unity.purchasing/Runtime/Stores/Android/GooglePlay/AAR/Models/BillingClient.cs
 0.1 kb	 0.0% Packages/com.unity.purchasing/Runtime/Stores/Android/GooglePlay/AAR/Interfaces/IProductDetailsQueryResponse.cs
 0.1 kb	 0.0% Packages/com.unity.purchasing/Runtime/Stores/Android/GooglePlay/AAR/Interfaces/IGoogleQueryPurchasesUseCase.cs
 0.1 kb	 0.0% Packages/com.unity.purchasing/Runtime/Purchasing/Utilities/AppleJsonSubscriptionOfferDeserializer.cs
 0.1 kb	 0.0% Packages/com.unity.purchasing/Runtime/Purchasing/Core/Store/AppleAppStore/Extensions/UseCases/Interfaces/ISetAppAccountTokenUseCase.cs
 0.1 kb	 0.0% Packages/com.unity.purchasing/Runtime/Purchasing/Core/Purchasing/AppleAppStore/Extensions/UseCases/Interfaces/IRefreshAppReceiptUseCase.cs
 0.1 kb	 0.0% Packages/com.unity.purchasing/Runtime/Purchasing/Core/Product/AppleAppStore/Extensions/UseCases/Interfaces/IGetProductDetailsUseCase.cs
 0.1 kb	 0.0% Packages/com.unity.probuilder/External/Poly2Tri/Triangulation/TriangulationDebugContext.cs
 0.1 kb	 0.0% Packages/com.unity.inputsystem/InputSystem/Editor/UITKAssetEditor/Views/CompositeBindingPropertiesView.cs
 0.1 kb	 0.0% Packages/com.unity.inputsystem/InputSystem/Editor/UITKAssetEditor/InputActionsEditorWindowUtils.cs
 0.1 kb	 0.0% Packages/com.unity.inputsystem/InputSystem/Editor/PropertyDrawers/InputActionAssetSearchProvider.cs
 0.1 kb	 0.0% Packages/com.unity.inputsystem/InputSystem/Editor/ProjectWideActions/ProjectWideActionsBuildProvider.cs
 0.1 kb	 0.0% Packages/com.unity.inputsystem/InputSystem/Editor/Internal/SerializedPropertyLinqExtensions.cs
 0.1 kb	 0.0% Packages/com.unity.inputsystem/InputSystem/Editor/Internal/InputActionSerializationHelpers.cs
 0.1 kb	 0.0% Packages/com.unity.inputsystem/InputSystem/Editor/EditorInputControlLayoutCache.cs
 0.1 kb	 0.0% Packages/com.unity.inputsystem/InputSystem/Editor/ControlPicker/Layouts/TouchscreenControlPickerLayout.cs
 0.1 kb	 0.0% Packages/com.unity.inputsystem/InputSystem/Editor/ControlPicker/Layouts/DefaultInputControlPickerLayout.cs
 0.1 kb	 0.0% Packages/com.unity.inputsystem/InputSystem/Editor/Analytics/VirtualMouseInputEditorAnalytic.cs
 0.1 kb	 0.0% Packages/com.unity.inputsystem/InputSystem/Editor/Analytics/PlayerInputManagerEditorAnalytic.cs
 0.1 kb	 0.0% Packages/com.unity.inputsystem/InputSystem/Devices/Commands/QuerySamplingFrequencyCommand.cs
 0.1 kb	 0.0% Packages/com.unity.inputsystem/InputSystem/Devices/Commands/QueryPairedUserAccountCommand.cs
 0.1 kb	 0.0% Packages/com.ivanmurzak.unity.mcp/Runtime/Utils/GameObjectUtils.pre-Unity6.5.cs
 0.1 kb	 0.0% Packages/com.ivanmurzak.unity.mcp/Runtime/Extensions/ExtensionsLogLevel.cs
 0.1 kb	 0.0% Packages/extensions.unity.playerprefsex/Runtime/Scripts/Variables/PlayerPrefsVector3Int.cs
 0.1 kb	 0.0% Packages/extensions.unity.playerprefsex/Runtime/Scripts/Variables/PlayerPrefsVector2Int.cs
 0.1 kb	 0.0% Packages/extensions.unity.playerprefsex/Runtime/Scripts/Utils/PlayerPrefsExEncryptor.cs
 0.1 kb	 0.0% Packages/extensions.unity.playerprefsex/Runtime/Scripts/EncryptedVariables/PlayerPrefsEncryptedInt.cs
 0.1 kb	 0.0% Packages/extensions.unity.playerprefsex/Runtime/Scripts/EncryptedVariables/PlayerPrefsEncryptedBool.cs
 0.1 kb	 0.0% Packages/com.unity.visualscripting/Runtime/VisualScripting.Core/Dependencies/FullSerializer/fsExceptions.cs
 0.1 kb	 0.0% Packages/com.unity.visualscripting/Runtime/VisualScripting.Core/Dependencies/FullSerializer/fsAotCompilationManager.cs
 0.1 kb	 0.0% Packages/com.unity.visualscripting/Runtime/VisualScripting.Core/Dependencies/FullSerializer/Converters/fsWeakReferenceConverter.cs
 0.1 kb	 0.0% Packages/com.unity.visualscripting/Runtime/VisualScripting.Core/Dependencies/FullSerializer/Converters/fsKeyValuePairConverter.cs
 0.1 kb	 0.0% Packages/com.unity.visualscripting/Runtime/VisualScripting.Core/Dependencies/FullSerializer/Converters/fsIEnumerableConverter.cs
 0.1 kb	 0.0% Packages/com.unity.visualscripting/Runtime/VisualScripting.Core/Dependencies/FullSerializer/Converters/fsDictionaryConverter.cs
 0.1 kb	 0.0% Packages/com.unity.visualscripting/Runtime/VisualScripting.Core/Dependencies/FullSerializer/Converters/Unity/Keyframe_DirectConverter.cs
 0.1 kb	 0.0% Packages/com.unity.visualscripting/Runtime/VisualScripting.Core/Dependencies/FullSerializer/Converters/Unity/Gradient_DirectConverter.cs
 0.1 kb	 0.0% Packages/com.unity.visualscripting/Runtime/VisualScripting.Core/Dependencies/FullSerializer/Converters/Unity/GUIStyle_DirectConverter.cs
 0.1 kb	 0.0% Packages/com.unity.visualscripting/Runtime/VisualScripting.Core/Dependencies/FullSerializer/Converters/Unity/Bounds_DirectConverter.cs
 0.1 kb	 0.0% Packages/com.unity.test-framework/UnityEngine.TestRunner/TestRunner/Messages/IEditModeTestYieldInstruction.cs
 0.1 kb	 0.0% Packages/com.unity.test-framework/UnityEngine.TestRunner/NUnitExtensions/UnityTestAssemblyBuilder.cs
 0.1 kb	 0.0% Packages/com.unity.test-framework/UnityEngine.TestRunner/NUnitExtensions/Runner/TestCommandBuilder.cs
 0.1 kb	 0.0% Packages/com.unity.test-framework/UnityEngine.TestRunner/NUnitExtensions/Runner/DefaultTestWorkItem.cs
 0.1 kb	 0.0% Packages/com.unity.test-framework/UnityEngine.TestRunner/NUnitExtensions/Runner/CompositeWorkItem.cs
 0.1 kb	 0.0% Packages/com.unity.test-framework/UnityEngine.TestRunner/NUnitExtensions/OrderedTestSuiteModifier.cs
 0.1 kb	 0.0% Packages/com.unity.test-framework/UnityEngine.TestRunner/NUnitExtensions/Filters/AssemblyNameFilter.cs
 0.1 kb	 0.0% Packages/com.unity.test-framework/UnityEngine.TestRunner/NUnitExtensions/Commands/EnumerableSetUpTearDownCommand.cs
 0.1 kb	 0.0% Packages/com.unity.test-framework/UnityEngine.TestRunner/NUnitExtensions/Commands/EnumerableRepeatedTestCommand.cs
 0.1 kb	 0.0% Packages/com.unity.test-framework/UnityEngine.TestRunner/NUnitExtensions/Attributes/TestMustExpectAllLogsAttribute.cs
 0.1 kb	 0.0% Packages/com.unity.test-framework/UnityEngine.TestRunner/Assertions/UnityTestTimeoutException.cs
 0.1 kb	 0.0% Packages/com.unity.test-framework/UnityEngine.TestRunner/Assertions/UnhandledLogMessageException.cs
 0.1 kb	 0.0% Packages/com.unity.test-framework/UnityEngine.TestRunner/Assertions/InvalidSignatureException.cs
 0.1 kb	 0.0% Packages/com.unity.services.core/Runtime/Telemetry/Diagnotstics/DisabledDiagnostics.cs
 0.1 kb	 0.0% Packages/com.unity.services.core/Runtime/Telemetry/Diagnotstics/DiagnosticsFactory.cs
 0.1 kb	 0.0% Packages/com.unity.services.core/Runtime/Scheduler/ScheduledInvocation.cs
 0.1 kb	 0.0% Packages/com.unity.services.core/Runtime/Scheduler/MinimumBinaryHeap.cs
 0.1 kb	 0.0% Packages/com.unity.services.core/Runtime/Registration/CorePackageInitializer.cs
 0.1 kb	 0.0% Packages/com.unity.services.core/Runtime/Networking/UnityWebRequestClient.cs
 0.1 kb	 0.0% Packages/com.unity.services.core/Runtime/Environments/Internal/Environments.cs
 0.1 kb	 0.0% Packages/com.unity.services.core/Runtime/Core.Internal/Serialization/NewtonsoftSerializer.cs
 0.1 kb	 0.0% Packages/com.unity.services.core/Runtime/Core.Internal/Registry/PackageInitializationInfo.cs
 0.1 kb	 0.0% Packages/com.unity.services.core/Runtime/Core.Internal/Registry/CircularDependencyException.cs
 0.1 kb	 0.0% Packages/com.unity.services.core/Runtime/Core.Internal/Components/Device/IEngineInstallationId.cs
 0.1 kb	 0.0% Packages/com.unity.services.core/Runtime/Configuration/Utils/StreamingAssetsUtils.cs
 0.1 kb	 0.0% Packages/com.unity.services.core/Runtime/Configuration/ProjectConfiguration.cs
 0.1 kb	 0.0% Packages/com.unity.services.core/Runtime/Configuration/IConfigurationLoader.cs
 0.1 kb	 0.0% Packages/com.unity.services.core/Runtime/Configuration/ConfigurationUtils.cs
 0.1 kb	 0.0% Packages/com.unity.services.core/Runtime/Configuration/ConfigurationEntry.cs
 0.1 kb	 0.0% Packages/com.unity.services.core/Runtime/Components/ServicesInitialization.cs
 0.1 kb	 0.0% Packages/com.unity.render-pipelines.universal/Runtime/XR/XRSystemUniversal.cs
 0.1 kb	 0.0% Packages/com.unity.render-pipelines.universal/Runtime/UniversalRenderer.cs
 0.1 kb	 0.0% Packages/com.unity.render-pipelines.universal/Runtime/SpaceFillingCurves.cs
 0.1 kb	 0.0% Packages/com.unity.render-pipelines.universal/Runtime/ScriptableRenderer.cs
 0.1 kb	 0.0% Packages/com.unity.render-pipelines.universal/Runtime/SceneViewDrawMode.cs
 0.1 kb	 0.0% Packages/com.unity.render-pipelines.universal/Runtime/RenderingLayerUtils.cs
 0.1 kb	 0.0% Packages/com.unity.render-pipelines.universal/Runtime/RendererFeatures/ScreenSpaceShadows.cs
 0.1 kb	 0.0% Packages/com.unity.render-pipelines.universal/Runtime/RendererFeatures/DecalRendererFeature.cs
 0.1 kb	 0.0% Packages/com.unity.render-pipelines.universal/Runtime/RenderTargetHandle.cs
 0.1 kb	 0.0% Packages/com.unity.render-pipelines.universal/Runtime/PostProcessPasses.cs
 0.1 kb	 0.0% Packages/com.unity.render-pipelines.universal/Runtime/Passes/XROcclusionMeshPass.cs
 0.1 kb	 0.0% Packages/com.unity.render-pipelines.universal/Runtime/Passes/ScriptableRenderPass.cs
 0.1 kb	 0.0% Packages/com.unity.render-pipelines.universal/Runtime/Passes/FinalBlitPass.cs
 0.1 kb	 0.0% Packages/com.unity.render-pipelines.universal/Runtime/Passes/DrawObjectsPass.cs
 0.1 kb	 0.0% Packages/com.unity.render-pipelines.universal/Runtime/Passes/DepthOnlyPass.cs
 0.1 kb	 0.0% Packages/com.unity.render-pipelines.universal/Runtime/Passes/CopyDepthPass.cs
 0.1 kb	 0.0% Packages/com.unity.render-pipelines.universal/Runtime/Passes/CopyColorPass.cs
 0.1 kb	 0.0% Packages/com.unity.render-pipelines.universal/Runtime/Overrides/ChromaticAberration.cs
 0.1 kb	 0.0% Packages/com.unity.render-pipelines.universal/Runtime/LightCookieManager.cs
 0.1 kb	 0.0% Packages/com.unity.render-pipelines.universal/Runtime/ForwardRendererData.cs
 0.1 kb	 0.0% Packages/com.unity.render-pipelines.universal/Runtime/ForwardLights.cs
 0.1 kb	 0.0% Packages/com.unity.render-pipelines.universal/Runtime/External/LibTessDotNet/MeshUtils.cs
 0.1 kb	 0.0% Packages/com.unity.render-pipelines.universal/Runtime/DeferredLights.cs
 0.1 kb	 0.0% Packages/com.unity.render-pipelines.universal/Runtime/Decal/Entities/DecalEntityManager.cs
 0.1 kb	 0.0% Packages/com.unity.render-pipelines.universal/Runtime/Decal/DecalShaderPassNames.cs
 0.1 kb	 0.0% Packages/com.unity.render-pipelines.universal/Runtime/Decal/DBuffer/DBufferRenderPass.cs
 0.1 kb	 0.0% Packages/com.unity.render-pipelines.universal/Runtime/Debug/DebugDisplayStats.cs
 0.1 kb	 0.0% Packages/com.unity.render-pipelines.universal/Runtime/2D/Shadows/ShadowCasterGroup2D.cs
 0.1 kb	 0.0% Packages/com.unity.render-pipelines.universal/Runtime/2D/Passes/Utility/Light2DLookupTexture.cs
 0.1 kb	 0.0% Packages/com.unity.render-pipelines.universal/Runtime/2D/Passes/Render2DLightingPass.cs
 0.1 kb	 0.0% Packages/com.unity.render-pipelines.universal/Runtime/2D/Light2DCullResult.cs
 0.1 kb	 0.0% Packages/com.unity.render-pipelines.universal/Runtime/2D/Light2DBlendStyle.cs
 0.1 kb	 0.0% Packages/com.unity.render-pipelines.core/Runtime/RenderGraph/RenderGraph.cs
 0.1 kb	 0.0% Packages/com.unity.render-pipelines.core/Runtime/Lighting/ProbeVolume/ProbeReferenceVolume.Streaming.cs
 0.1 kb	 0.0% Packages/com.unity.purchasing/Runtime/UnityWebshops/Models/WebshopExternalToken.cs
 0.1 kb	 0.0% Packages/com.unity.purchasing/Runtime/UnityWebshops/Interfaces/IWebshopClientWrapper.cs
 0.1 kb	 0.0% Packages/com.unity.purchasing/Runtime/UnityPaymentProviders/Models/ProductData.cs
 0.1 kb	 0.0% Packages/com.unity.purchasing/Runtime/UnityPaymentProviders/Models/OrderData.cs
 0.1 kb	 0.0% Packages/com.unity.purchasing/Runtime/UnityLiveContentAdapter/Client/Http/Responses.cs
 0.1 kb	 0.0% Packages/com.unity.purchasing/Runtime/Stores/PaymentProvider/CheckoutLauncherCoordinator.cs
 0.1 kb	 0.0% Packages/com.unity.purchasing/Runtime/Stores/Android/GooglePlay/Services/Interfaces/IGooglePlayStorePurchaseService.cs
 0.1 kb	 0.0% Packages/com.unity.purchasing/Runtime/Stores/Android/GooglePlay/Services/GooglePlayStorePurchaseService.cs
 0.1 kb	 0.0% Packages/com.unity.purchasing/Runtime/Stores/Android/GooglePlay/Services/GooglePlayStoreConnectionService.cs
 0.1 kb	 0.0% Packages/com.unity.purchasing/Runtime/Stores/Android/GooglePlay/AAR/MetricizedGooglePlayStoreService.cs
 0.1 kb	 0.0% Packages/com.unity.purchasing/Runtime/Stores/Android/GooglePlay/AAR/Listeners/ProductDetailsResponseListener.cs
 0.1 kb	 0.0% Packages/com.unity.purchasing/Runtime/Stores/Android/GooglePlay/AAR/Listeners/GooglePurchasesUpdatedListener.cs
 0.1 kb	 0.0% Packages/com.unity.purchasing/Runtime/Stores/Android/GooglePlay/AAR/Listeners/GooglePurchasesResponseListener.cs
 0.1 kb	 0.0% Packages/com.unity.purchasing/Runtime/Stores/Android/GooglePlay/AAR/Listeners/GoogleConsumeResponseListener.cs
 0.1 kb	 0.0% Packages/com.unity.purchasing/Runtime/Stores/Android/GooglePlay/AAR/Listeners/BillingConfigResponseListener.cs
 0.1 kb	 0.0% Packages/com.unity.purchasing/Runtime/Stores/Android/GooglePlay/AAR/GooglePurchasesUpdatedHandler.cs
 0.1 kb	 0.0% Packages/com.unity.purchasing/Runtime/Stores/Android/GooglePlay/AAR/GoogleLastKnownProductService.cs
 0.1 kb	 0.0% Packages/com.unity.purchasing/Runtime/Stores/Android/GooglePlay/AAR/GoogleFinishTransactionUseCase.cs
 0.1 kb	 0.0% Packages/com.unity.purchasing/Runtime/SecurityStub/CrossPlatformValidator.cs
 0.1 kb	 0.0% Packages/com.unity.purchasing/Runtime/Purchasing/Telemetry/Metrics/TelemetryMetricsInstanceWrapper.cs
 0.1 kb	 0.0% Packages/com.unity.purchasing/Runtime/Purchasing/Telemetry/Metrics/Interfaces/ITelemetryMetricsInstanceWrapper.cs
 0.1 kb	 0.0% Packages/com.unity.purchasing/Runtime/Purchasing/Stores/Android/GooglePlay/GetGoogleProductMetadataExtension.cs
 0.1 kb	 0.0% Packages/com.unity.purchasing/Runtime/Purchasing/Extension/CatalogListings/CatalogListingClientProvider.cs
 0.1 kb	 0.0% Packages/com.unity.purchasing/Runtime/Purchasing/CoreServices/Interfaces/IUnityServicesInitializationChecker.cs
 0.1 kb	 0.0% Packages/com.unity.purchasing/Runtime/Purchasing/Core/Store/Models/StoreConnectionFailureDescription.cs
 0.1 kb	 0.0% Packages/com.unity.purchasing/Runtime/Purchasing/Core/Store/Interfaces/IStoreManagerFactoryInjectionPoint.cs
 0.1 kb	 0.0% Packages/com.unity.purchasing/Runtime/Purchasing/Core/Store/AppleAppStore/Interfaces/IAppleTransactionSubscriptionInfo.cs
 0.1 kb	 0.0% Packages/com.unity.purchasing/Runtime/Purchasing/Core/Store/Android/GooglePlay/Extensions/UseCases/Interfaces/IGooglePlayStoreConnectionUseCase.cs
 0.1 kb	 0.0% Packages/com.unity.purchasing/Runtime/Purchasing/Core/Retries/RetryPolicies/MaximumNumberOfAttemptsRetryPolicy.cs
 0.1 kb	 0.0% Packages/com.unity.purchasing/Runtime/Purchasing/Core/Retries/Interfaces/IRetryableRequestFailureDescription.cs
 0.1 kb	 0.0% Packages/com.unity.purchasing/Runtime/Purchasing/Core/Purchasing/PurchaseServiceDependencyInjector.cs
 0.1 kb	 0.0% Packages/com.unity.purchasing/Runtime/Purchasing/Core/Purchasing/Models/DeferredPaymentUntilRenewalDateOrder.cs
 0.1 kb	 0.0% Packages/com.unity.purchasing/Runtime/Purchasing/Core/Purchasing/AppleAppStore/Extensions/UseCases/AppleRestoreTransactionsUseCase.cs
 0.1 kb	 0.0% Packages/com.unity.purchasing/Runtime/Purchasing/Core/Purchasing/AppleAppStore/Extensions/UseCases/AppleRefreshAppReceiptUseCase.cs
 0.1 kb	 0.0% Packages/com.unity.purchasing/Runtime/Purchasing/Core/Purchasing/AppleAppStore/Extensions/Interfaces/IAppleStoreExtendedPurchaseService.cs
 0.1 kb	 0.0% Packages/com.unity.purchasing/Runtime/Purchasing/Core/Purchasing/Android/GooglePlay/Interfaces/UseCases/IGooglePlayChangeSubscriptionUseCase.cs
 0.1 kb	 0.0% Packages/com.unity.purchasing/Runtime/Purchasing/Core/Purchasing/Android/GooglePlay/Extensions/UseCases/Interfaces/IGooglePlayGetGooglePurchaseUseCase.cs
 0.1 kb	 0.0% Packages/com.unity.purchasing/Runtime/Purchasing/Core/Purchasing/Android/GooglePlay/Extensions/UseCases/GooglePlayRestoreTransactionUseCase.cs
 0.1 kb	 0.0% Packages/com.unity.purchasing/Runtime/Purchasing/Core/Purchasing/Android/GooglePlay/Extensions/UseCases/GooglePlayGetGooglePurchaseUseCase.cs
 0.1 kb	 0.0% Packages/com.unity.purchasing/Runtime/Purchasing/Core/Product/AppleAppStore/Extensions/UseCases/SetStorePromotionOrderUseCase.cs
 0.1 kb	 0.0% Packages/com.unity.purchasing/Runtime/Purchasing/Core/Product/AppleAppStore/Extensions/UseCases/FetchStorePromotionOrderUseCase.cs
 0.1 kb	 0.0% Packages/com.unity.purchasing/Runtime/Purchasing/Core/Product/AppleAppStore/Extensions/Interfaces/IAppleStoreExtendedProductService.cs
 0.1 kb	 0.0% Packages/com.unity.purchasing/Runtime/Purchasing/Core/Product/AppleAppStore/AppleStoreExtendedProductService.cs
 0.1 kb	 0.0% Packages/com.unity.inputsystem/InputSystem/Utilities/DisplayStringFormatAttribute.cs
 0.1 kb	 0.0% Packages/com.unity.inputsystem/InputSystem/Plugins/XR/Haptics/SendBufferedHapticsCommand.cs
 0.1 kb	 0.0% Packages/com.unity.inputsystem/InputSystem/Plugins/XR/Haptics/GetHapticCapabilitiesCommand.cs
 0.1 kb	 0.0% Packages/com.unity.inputsystem/InputSystem/Plugins/XR/Haptics/GetCurrentHapticStateCommand.cs
 0.1 kb	 0.0% Packages/com.unity.inputsystem/InputSystem/Plugins/UI/ExtendedSubmitCancelEventData.cs
 0.1 kb	 0.0% Packages/com.unity.inputsystem/InputSystem/Plugins/Android/AndroidGameController.cs
 0.1 kb	 0.0% Packages/com.unity.inputsystem/InputSystem/Controls/Processors/NormalizeVector3Processor.cs
 0.1 kb	 0.0% Packages/com.unity.inputsystem/InputSystem/Controls/Processors/NormalizeVector2Processor.cs
 0.1 kb	 0.0% Packages/com.unity.inputsystem/InputSystem/Controls/Processors/EditorWindowSpaceProcessor.cs
 0.1 kb	 0.0% Packages/com.unity.inputsystem/InputSystem/Controls/Processors/CompensateRotationProcessor.cs
 0.1 kb	 0.0% Packages/com.unity.inputsystem/InputSystem/Controls/Processors/CompensateDirectionProcessor.cs
 0.1 kb	 0.0% Packages/com.unity.cinemachine/Runtime/Impulse/CinemachineCollisionImpulseSource.cs
 0.1 kb	 0.0% Packages/com.unity.cinemachine/Runtime/Impulse/CinemachinExternalImpulseListener.cs
 0.1 kb	 0.0% Packages/com.unity.cinemachine/Runtime/Components/CinemachineSplineDollyLookAtTargets.cs
 0.1 kb	 0.0% Packages/com.unity.cinemachine/Runtime/Components/CinemachineRotateWithFollowTarget.cs
 0.1 kb	 0.0% Packages/com.unity.cinemachine/Runtime/Components/CinemachineBasicMultiChannelPerlin.cs
 0.1 kb	 0.0% Packages/com.ivanmurzak.unity.mcp/TestFiles/Scripts/BlacklistTestScript.cs
 0.1 kb	 0.0% Packages/com.ivanmurzak.unity.mcp/Runtime/Utils/MainThreadDispatcher.cs
 0.1 kb	 0.0% Packages/com.ivanmurzak.unity.mcp/Runtime/Utils/MainThread.Editor.cs
 0.1 kb	 0.0% Packages/com.ivanmurzak.unity.mcp/Runtime/Unity/Serialization/TestSerialization.cs
 0.1 kb	 0.0% Packages/com.ivanmurzak.unity.mcp/Runtime/Converter/Json/Structures/Vector3IntConverter.cs
 0.1 kb	 0.0% Packages/com.ivanmurzak.unity.mcp/Runtime/Converter/Json/Structures/Vector2IntConverter.cs
 0.1 kb	 0.0% Packages/com.ivanmurzak.unity.mcp/Runtime/Converter/Json/Structures/QuaternionConverter.cs
 0.1 kb	 0.0% Packages/com.ivanmurzak.unity.mcp/Runtime/Converter/Json/Structures/Matrix4x4Converter.cs
 0.1 kb	 0.0% Packages/com.ivanmurzak.unity.mcp/Runtime/Converter/Json/Structures/GradientConverter.cs
 0.1 kb	 0.0% Packages/com.ivanmurzak.unity.mcp/Runtime/Converter/Json/Structures/BoundsIntConverter.cs
 0.1 kb	 0.0% Packages/com.unity.visualscripting/Runtime/VisualScripting.State/IStateTransitionDebugData.cs
 0.1 kb	 0.0% Packages/com.unity.visualscripting/Runtime/VisualScripting.Flow/Ports/IUnitOutputPortDefinition.cs
 0.1 kb	 0.0% Packages/com.unity.visualscripting/Runtime/VisualScripting.Flow/Ports/IUnitControlPortDefinition.cs
 0.1 kb	 0.0% Packages/com.unity.visualscripting/Runtime/VisualScripting.Flow/Framework/Variables/Obsolete/IsApplicationVariableDefined.cs
 0.1 kb	 0.0% Packages/com.unity.visualscripting/Runtime/VisualScripting.Flow/Framework/Events/Hierarchy/OnTransformChildrenChanged.cs
 0.1 kb	 0.0% Packages/com.unity.visualscripting/Runtime/VisualScripting.Flow/Dependencies/NCalc/TernaryExpression.cs
 0.1 kb	 0.0% Packages/com.unity.visualscripting/Runtime/VisualScripting.Flow/Dependencies/NCalc/SerializationVisitor.cs
 0.1 kb	 0.0% Packages/com.unity.visualscripting/Runtime/VisualScripting.Flow/Dependencies/NCalc/LogicalExpression.cs
 0.1 kb	 0.0% Packages/com.unity.visualscripting/Runtime/VisualScripting.Flow/Dependencies/NCalc/IdentifierExpression.cs
 0.1 kb	 0.0% Packages/com.unity.visualscripting/Runtime/VisualScripting.Flow/Dependencies/NCalc/FunctionExpression.cs
 0.1 kb	 0.0% Packages/com.unity.visualscripting/Runtime/VisualScripting.Flow/Dependencies/NCalc/EvaluationVisitor.cs
 0.1 kb	 0.0% Packages/com.unity.visualscripting/Runtime/VisualScripting.Flow/Dependencies/NCalc/EvaluationException.cs
 0.1 kb	 0.0% Packages/com.unity.visualscripting/Runtime/VisualScripting.Core/Variables/VariableDeclarationsCloner.cs
 0.1 kb	 0.0% Packages/com.unity.visualscripting/Runtime/VisualScripting.Core/Utilities/ReferenceEqualityComparer.cs
 0.1 kb	 0.0% Packages/com.unity.visualscripting/Runtime/VisualScripting.Core/Unity/UnityObjectOwnershipUtility.cs
 0.1 kb	 0.0% Packages/com.unity.visualscripting/Runtime/VisualScripting.Core/Unity/RequiresUnityAPIAttribute.cs
 0.1 kb	 0.0% Packages/com.unity.visualscripting/Runtime/VisualScripting.Core/SerializedProperties/ISerializedPropertyProvider.cs
 0.1 kb	 0.0% Packages/com.unity.visualscripting/Runtime/VisualScripting.Core/Serialization/Converters/LooseAssemblyNameConverter.cs
 0.1 kb	 0.0% Packages/com.unity.visualscripting/Runtime/VisualScripting.Core/Reflection/RenamedNamespaceAttribute.cs
 0.1 kb	 0.0% Packages/com.unity.visualscripting/Runtime/VisualScripting.Core/Reflection/Optimization/ReflectionPropertyAccessor.cs
 0.1 kb	 0.0% Packages/com.unity.visualscripting/Runtime/VisualScripting.Core/Reflection/Operators/GreaterThanOrEqualHandler.cs
 0.1 kb	 0.0% Packages/com.unity.visualscripting/Runtime/VisualScripting.Core/Reflection/Operators/AmbiguousOperatorException.cs
 0.1 kb	 0.0% Packages/com.unity.visualscripting/Runtime/VisualScripting.Core/Profiling/ProfiledSegmentCollection.cs
 0.1 kb	 0.0% Packages/com.unity.visualscripting/Runtime/VisualScripting.Core/Listeners/UIInterfaces/UnityOnSubmitMessageListener.cs
 0.1 kb	 0.0% Packages/com.unity.visualscripting/Runtime/VisualScripting.Core/Listeners/UIInterfaces/UnityOnSelectMessageListener.cs
 0.1 kb	 0.0% Packages/com.unity.visualscripting/Runtime/VisualScripting.Core/Listeners/UIInterfaces/UnityOnScrollMessageListener.cs
 0.1 kb	 0.0% Packages/com.unity.visualscripting/Runtime/VisualScripting.Core/Listeners/UIInterfaces/UnityOnMoveMessageListener.cs
 0.1 kb	 0.0% Packages/com.unity.visualscripting/Runtime/VisualScripting.Core/Listeners/UIInterfaces/UnityOnDropMessageListener.cs
 0.1 kb	 0.0% Packages/com.unity.visualscripting/Runtime/VisualScripting.Core/Listeners/UIInterfaces/UnityOnDragMessageListener.cs
 0.1 kb	 0.0% Packages/com.unity.visualscripting/Runtime/VisualScripting.Core/Listeners/UIInterfaces/UnityOnCancelMessageListener.cs
 0.1 kb	 0.0% Packages/com.unity.visualscripting/Runtime/VisualScripting.Core/Graphs/MergedGraphElementCollection.cs
 0.1 kb	 0.0% Packages/com.unity.visualscripting/Runtime/VisualScripting.Core/Graphs/IGraphElementWithDebugData.cs
 0.1 kb	 0.0% Packages/com.unity.visualscripting/Runtime/VisualScripting.Core/Exceptions/InvalidConversionException.cs
 0.1 kb	 0.0% Packages/com.unity.visualscripting/Runtime/VisualScripting.Core/EditorBinding/WarnBeforeRemovingAttribute.cs
 0.1 kb	 0.0% Packages/com.unity.visualscripting/Runtime/VisualScripting.Core/EditorBinding/WarnBeforeEditingAttribute.cs
 0.1 kb	 0.0% Packages/com.unity.visualscripting/Runtime/VisualScripting.Core/EditorBinding/TypeIconPriorityAttribute.cs
 0.1 kb	 0.0% Packages/com.unity.visualscripting/Runtime/VisualScripting.Core/EditorBinding/Inspector/InspectorToggleLeftAttribute.cs
 0.1 kb	 0.0% Packages/com.unity.visualscripting/Runtime/VisualScripting.Core/EditorBinding/Inspector/InspectorTextAreaAttribute.cs
 0.1 kb	 0.0% Packages/com.unity.visualscripting/Runtime/VisualScripting.Core/EditorBinding/Inspector/InspectorDelayedAttribute.cs
 0.1 kb	 0.0% Packages/com.unity.visualscripting/Runtime/VisualScripting.Core/EditorBinding/IncludeInSettingsAttribute.cs
 0.1 kb	 0.0% Packages/com.unity.visualscripting/Runtime/VisualScripting.Core/EditorBinding/DisableAnnotationAttribute.cs
 0.1 kb	 0.0% Packages/com.unity.visualscripting/Runtime/VisualScripting.Core/Dependencies/FullSerializer/Internal/fsVersionedType.cs
 0.1 kb	 0.0% Packages/com.unity.visualscripting/Runtime/VisualScripting.Core/Dependencies/FullSerializer/Internal/fsVersionManager.cs
 0.1 kb	 0.0% Packages/com.unity.visualscripting/Runtime/VisualScripting.Core/Dependencies/FullSerializer/Internal/fsTypeExtensions.cs
 0.1 kb	 0.0% Packages/com.unity.visualscripting/Runtime/VisualScripting.Core/Connections/InvalidConnectionException.cs
 0.1 kb	 0.0% Packages/com.unity.test-framework/UnityEngine.TestRunner/Utils/QuaternionEqualityComparer.cs
 0.1 kb	 0.0% Packages/com.unity.test-framework/UnityEngine.TestRunner/Utils/AssemblyProvider/PlayerTestAssemblyProvider.cs
 0.1 kb	 0.0% Packages/com.unity.test-framework/UnityEngine.TestRunner/TestRunner/RuntimeTestRunnerFilter.cs
 0.1 kb	 0.0% Packages/com.unity.test-framework/UnityEngine.TestRunner/TestRunner/Callbacks/TestResultRenderer.cs
 0.1 kb	 0.0% Packages/com.unity.test-framework/UnityEngine.TestRunner/TestRunner/Callbacks/PlayerQuitHandler.cs
 0.1 kb	 0.0% Packages/com.unity.services.core/Runtime/Core/DynamicDependency/PreserveDependencyAttribute.cs
 0.1 kb	 0.0% Packages/com.unity.services.core/Runtime/Core.Internal/Components/Threading/IUnityThreadUtils.cs
 0.1 kb	 0.0% Packages/com.unity.services.core/Runtime/Core.Internal/Components/Telemetry/IDiagnosticsFactory.cs
 0.1 kb	 0.0% Packages/com.unity.services.core/Runtime/Core.Internal/Components/Networking/ReadOnlyHttpResponse.cs
 0.1 kb	 0.0% Packages/com.unity.services.core/Runtime/Core.Internal/Components/Networking/ReadOnlyHttpRequest.cs
 0.1 kb	 0.0% Packages/com.unity.services.core/Runtime/Core.Internal/Components/Authentication/ITargetingContext.cs
 0.1 kb	 0.0% Packages/com.unity.services.core/Runtime/Core.Internal/Components/Authentication/ITargetingActivation.cs
 0.1 kb	 0.0% Packages/com.unity.services.core/Runtime/Core.Internal/Components/Authentication/IPlayerNameComponent.cs
 0.1 kb	 0.0% Packages/com.unity.services.core/Runtime/Core.Internal/Components/Authentication/IAccessTokenObserver.cs
 0.1 kb	 0.0% Packages/com.unity.render-pipelines.universal/Textures/BayerMatrix.png
 0.1 kb	 0.0% Packages/com.unity.render-pipelines.universal/Runtime/RTHandleUtils.cs
 0.1 kb	 0.0% Packages/com.unity.render-pipelines.universal/Runtime/NativeRenderPass.cs
 0.1 kb	 0.0% Packages/com.unity.render-pipelines.universal/Runtime/External/LibTessDotNet/PriorityHeap.cs
 0.1 kb	 0.0% Packages/com.unity.render-pipelines.universal-config/Runtime/ShaderConfig.cs
 0.1 kb	 0.0% Packages/com.unity.render-pipelines.core/Runtime/XR/XRGraphicsAutomatedTests.cs
 0.1 kb	 0.0% Packages/com.unity.render-pipelines.core/Runtime/Textures/Texture2DAtlasDynamic.cs
 0.1 kb	 0.0% Packages/com.unity.render-pipelines.core/Runtime/Textures/PowerOfTwoTextureAtlas.cs
 0.1 kb	 0.0% Packages/com.unity.render-pipelines.core/Runtime/Textures/BufferedRTHandleSystem.cs
 0.1 kb	 0.0% Packages/com.unity.render-pipelines.core/Runtime/RenderPipeline/RenderPipelineResources.cs
 0.1 kb	 0.0% Packages/com.unity.render-pipelines.core/Runtime/RenderPipeline/IShaderVariantSettings.cs
 0.1 kb	 0.0% Packages/com.unity.render-pipelines.core/Runtime/PostProcessing/LensFlareComponentSRP.cs
 0.1 kb	 0.0% Packages/com.unity.render-pipelines.core/Runtime/Lighting/ProbeVolume/ProbeVolumePositioning.cs
 0.1 kb	 0.0% Packages/com.unity.render-pipelines.core/Runtime/Lighting/ProbeVolume/ProbeVolumePerSceneData.cs
 0.1 kb	 0.0% Packages/com.unity.render-pipelines.core/Runtime/Debugging/ShaderDebugPrintManager.cs
 0.1 kb	 0.0% Packages/com.unity.render-pipelines.core/Runtime/Debugging/Prefabs/Scripts/DebugUIHandlerVector4.cs
 0.1 kb	 0.0% Packages/com.unity.render-pipelines.core/Runtime/Debugging/Prefabs/Scripts/DebugUIHandlerVector3.cs
 0.1 kb	 0.0% Packages/com.unity.render-pipelines.core/Runtime/Debugging/Prefabs/Scripts/DebugUIHandlerVector2.cs
 0.1 kb	 0.0% Packages/com.unity.render-pipelines.core/Runtime/Debugging/Prefabs/Scripts/DebugUIHandlerValueTuple.cs
 0.1 kb	 0.0% Packages/com.unity.render-pipelines.core/Runtime/Debugging/Prefabs/Scripts/DebugUIHandlerUIntField.cs
 0.1 kb	 0.0% Packages/com.unity.render-pipelines.core/Runtime/Debugging/Prefabs/Scripts/DebugUIHandlerObjectList.cs
 0.1 kb	 0.0% Packages/com.unity.render-pipelines.core/Runtime/Debugging/Prefabs/Scripts/DebugUIHandlerMessageBox.cs
 0.1 kb	 0.0% Packages/com.unity.render-pipelines.core/Runtime/Debugging/Prefabs/Scripts/DebugUIHandlerIntField.cs
 0.1 kb	 0.0% Packages/com.unity.render-pipelines.core/Runtime/Debugging/Prefabs/Scripts/DebugUIHandlerFoldout.cs
 0.1 kb	 0.0% Packages/com.unity.render-pipelines.core/Runtime/Debugging/Prefabs/Scripts/DebugUIHandlerFloatField.cs
 0.1 kb	 0.0% Packages/com.unity.render-pipelines.core/Runtime/Debugging/Prefabs/Scripts/DebugUIHandlerEnumField.cs
 0.1 kb	 0.0% Packages/com.unity.render-pipelines.core/Runtime/Debugging/Prefabs/Scripts/DebugUIHandlerContainer.cs
 0.1 kb	 0.0% Packages/com.unity.render-pipelines.core/Runtime/Debugging/Prefabs/Scripts/DebugUIHandlerBitField.cs
 0.1 kb	 0.0% Packages/com.unity.render-pipelines.core/Runtime/Debugging/IDebugDisplaySettings.cs
 0.1 kb	 0.0% Packages/com.unity.render-pipelines.core/Runtime/Debugging/DebugDisplaySettingsUI.cs
 0.1 kb	 0.0% Packages/com.unity.render-pipelines.core/Runtime/Common/RemoveRange.Extensions.cs
 0.1 kb	 0.0% Packages/com.unity.render-pipelines.core/Runtime/Common/DynamicResolutionHandler.cs
 0.1 kb	 0.0% Packages/com.unity.purchasing/Runtime/UnityWebshops/Client/Models/WebshopLinkParam.cs
 0.1 kb	 0.0% Packages/com.unity.purchasing/Runtime/UnityWebshops/Client/Models/ProblemDetail.cs
 0.1 kb	 0.0% Packages/com.unity.purchasing/Runtime/UnityWebshops/Client/Http/ResponseHandler.cs
 0.1 kb	 0.0% Packages/com.unity.purchasing/Runtime/UnityWebshops/Client/Http/IDeserializable.cs
 0.1 kb	 0.0% Packages/com.unity.purchasing/Runtime/UnityWebshops/Client/Http/HttpException.cs
 0.1 kb	 0.0% Packages/com.unity.purchasing/Runtime/UnityWebshops/Client/Http/BaseApiClient.cs
 0.1 kb	 0.0% Packages/com.unity.purchasing/Runtime/UnityPaymentProviders/Client/Models/Player.cs
 0.1 kb	 0.0% Packages/com.unity.purchasing/Runtime/UnityPaymentProviders/Client/Http/Responses.cs
 0.1 kb	 0.0% Packages/com.unity.purchasing/Runtime/Stores/XboxStore/CloudServices/XboxCloudSettings.cs
 0.1 kb	 0.0% Packages/com.unity.purchasing/Runtime/Stores/Data/Insights/SessionEventEmitter.cs
 0.1 kb	 0.0% Packages/com.unity.purchasing/Runtime/Stores/Data/Insights/PurchaseEventEmitter.cs
 0.1 kb	 0.0% Packages/com.unity.purchasing/Runtime/Stores/Data/Insights/Models/PlayerIdentity.cs
 0.1 kb	 0.0% Packages/com.unity.purchasing/Runtime/Stores/Android/GooglePlay/AAR/Models/BillingClientBase.cs
 0.1 kb	 0.0% Packages/com.unity.purchasing/Runtime/Stores/Android/GooglePlay/AAR/Interfaces/IProductDetailsConverter.cs
 0.1 kb	 0.0% Packages/com.unity.purchasing/Runtime/Stores/Android/GooglePlay/AAR/Interfaces/IGooglePurchaseService.cs
 0.1 kb	 0.0% Packages/com.unity.purchasing/Runtime/Stores/Android/GooglePlay/AAR/Interfaces/IGooglePurchaseCallback.cs
 0.1 kb	 0.0% Packages/com.unity.purchasing/Runtime/Stores/Android/GooglePlay/AAR/Interfaces/IGooglePurchaseBuilder.cs
 0.1 kb	 0.0% Packages/com.unity.purchasing/Runtime/Purchasing/Stores/Android/GooglePlay/Exceptions/GoogleFetchProductException.cs
 0.1 kb	 0.0% Packages/com.unity.purchasing/Runtime/Purchasing/Stores/Android/GooglePlay/AAR/Interfaces/IQueryProductDetailsService.cs
 0.1 kb	 0.0% Packages/com.unity.purchasing/Runtime/Purchasing/Stores/Android/GooglePlay/AAR/Interfaces/IBillingClientStateListener.cs
 0.1 kb	 0.0% Packages/com.unity.purchasing/Runtime/Purchasing/Core/Store/AppleAppStore/Extensions/UseCases/Interfaces/IFetchStorefrontUseCase.cs
 0.1 kb	 0.0% Packages/com.unity.purchasing/Runtime/Purchasing/Core/Store/AppleAppStore/Extensions/UseCases/Interfaces/ICanMakePaymentsUseCase.cs
 0.1 kb	 0.0% Packages/com.unity.purchasing/Runtime/Purchasing/Core/Purchasing/UseCases/Interfaces/IRestoreTransactionsUseCase.cs
 0.1 kb	 0.0% Packages/com.unity.purchasing/Runtime/Purchasing/Core/Purchasing/AppleAppStore/Extensions/UseCases/Interfaces/ISimulateAskToBuyUseCase.cs
 0.1 kb	 0.0% Packages/com.unity.probuilder/External/Poly2Tri/Triangulation/TriangulationConstraint.cs
 0.1 kb	 0.0% Packages/com.unity.probuilder/External/Poly2Tri/Triangulation/Delaunay/Sweep/DTSweepPointComparator.cs
 0.1 kb	 0.0% Packages/com.unity.inputsystem/InputSystem/State/IInputStateCallbackReceiver.cs
 0.1 kb	 0.0% Packages/com.unity.inputsystem/InputSystem/Plugins/DualShock/DualShockGamepadHID.cs
 0.1 kb	 0.0% Packages/com.unity.inputsystem/InputSystem/Editor/UITKAssetEditor/Views/NameAndParametersListView.cs
 0.1 kb	 0.0% Packages/com.unity.inputsystem/InputSystem/Editor/UITKAssetEditor/Views/InputActionMapsTreeViewItem.cs
 0.1 kb	 0.0% Packages/com.unity.inputsystem/InputSystem/Editor/UITKAssetEditor/InputActionsEditorConstants.cs
 0.1 kb	 0.0% Packages/com.unity.inputsystem/InputSystem/Editor/Settings/InputSettingsBuildProvider.cs
 0.1 kb	 0.0% Packages/com.unity.inputsystem/InputSystem/Editor/Settings/EditorPlayerSettingHelpers.cs
 0.1 kb	 0.0% Packages/com.unity.inputsystem/InputSystem/Editor/PropertyDrawers/InputActionPropertyDrawer.cs
 0.1 kb	 0.0% Packages/com.unity.inputsystem/InputSystem/Editor/PropertyDrawers/GamepadButtonPropertyDrawer.cs
 0.1 kb	 0.0% Packages/com.unity.inputsystem/InputSystem/Editor/Internal/SerializedPropertyHelpers.cs
 0.1 kb	 0.0% Packages/com.unity.inputsystem/InputSystem/Editor/Internal/AdvancedDropdown/AdvancedDropdownDataSource.cs
 0.1 kb	 0.0% Packages/com.unity.inputsystem/InputSystem/Editor/InputSystemPackageControl.cs
 0.1 kb	 0.0% Packages/com.unity.inputsystem/InputSystem/Editor/Debugger/SampleFrequencyCalculator.cs
 0.1 kb	 0.0% Packages/com.unity.inputsystem/InputSystem/Editor/Debugger/InputDeviceDebuggerWindow.cs
 0.1 kb	 0.0% Packages/com.unity.inputsystem/InputSystem/Editor/Debugger/InputActionDebuggerWindow.cs
 0.1 kb	 0.0% Packages/com.unity.inputsystem/InputSystem/Editor/ControlPicker/InputControlPickerDropdown.cs
 0.1 kb	 0.0% Packages/com.unity.inputsystem/InputSystem/Editor/ControlPicker/IInputControlPickerLayout.cs
 0.1 kb	 0.0% Packages/com.unity.inputsystem/InputSystem/Editor/AssetImporter/InputActionImporterEditor.cs
 0.1 kb	 0.0% Packages/com.unity.inputsystem/InputSystem/Editor/AssetImporter/InputActionAssetIconLoader.cs
 0.1 kb	 0.0% Packages/com.unity.inputsystem/InputSystem/Editor/AssetEditor/InputBindingPropertiesView.cs
 0.1 kb	 0.0% Packages/com.unity.inputsystem/InputSystem/Editor/AssetEditor/InputActionPropertiesView.cs
 0.1 kb	 0.0% Packages/com.unity.inputsystem/InputSystem/Editor/Analytics/PlayerInputEditorAnalytic.cs
 0.1 kb	 0.0% Packages/com.unity.inputsystem/InputSystem/Editor/Analytics/OnScreenStickEditorAnalytic.cs
 0.1 kb	 0.0% Packages/com.unity.inputsystem/InputSystem/Editor/Analytics/InputExitPlayModeAnalytic.cs
 0.1 kb	 0.0% Packages/com.unity.inputsystem/InputSystem/Editor/Analytics/InputComponentEditorAnalytic.cs
 0.1 kb	 0.0% Packages/com.unity.inputsystem/InputSystem/Devices/IInputUpdateCallbackReceiver.cs
 0.1 kb	 0.0% Packages/com.unity.inputsystem/InputSystem/Devices/Commands/SetSamplingFrequencyCommand.cs
 0.1 kb	 0.0% Packages/com.unity.inputsystem/InputSystem/Devices/Commands/SetIMECursorPositionCommand.cs
 0.1 kb	 0.0% Packages/com.unity.inputsystem/InputSystem/Devices/Commands/QueryKeyboardLayoutCommand.cs
 0.1 kb	 0.0% Packages/com.unity.inputsystem/InputSystem/Devices/Commands/EnableIMECompositionCommand.cs
 0.1 kb	 0.0% Packages/com.unity.inputsystem/InputSystem/Controls/InputControlLayoutAttribute.cs
 0.1 kb	 0.0% Packages/com.unity.inputsystem/InputSystem/Actions/InputActionRebindingExtensions.cs
 0.1 kb	 0.0% Packages/com.ivanmurzak.unity.mcp/Runtime/Extensions/ExtensionsString.cs
 0.1 kb	 0.0% Packages/com.ivanmurzak.unity.mcp/Runtime/Extensions/ExtensionsObject.cs
 0.1 kb	 0.0% Packages/extensions.unity.playerprefsex/Runtime/Scripts/Variables/PlayerPrefsVector3.cs
 0.1 kb	 0.0% Packages/extensions.unity.playerprefsex/Runtime/Scripts/Variables/PlayerPrefsVector2.cs
 0.1 kb	 0.0% Packages/extensions.unity.playerprefsex/Runtime/Scripts/Variables/PlayerPrefsString.cs
 0.1 kb	 0.0% Packages/extensions.unity.playerprefsex/Runtime/Scripts/Variables/PlayerPrefsDateTime.cs
 0.1 kb	 0.0% Packages/extensions.unity.playerprefsex/Runtime/Scripts/Variables/PlayerPrefsBigInt.cs
 0.1 kb	 0.0% Packages/extensions.unity.playerprefsex/Runtime/Scripts/PlayerPrefsEx.Settings.cs
 0.1 kb	 0.0% Packages/extensions.unity.playerprefsex/Runtime/Scripts/PlayerPrefsEx.Internal.cs
 0.1 kb	 0.0% Packages/com.unity.visualscripting/Runtime/VisualScripting.Flow/Framework/Events/Input/InputSystem/OnInputSystemEvent.cs
 0.1 kb	 0.0% Packages/com.unity.visualscripting/Runtime/VisualScripting.Core/Dependencies/FullSerializer/fsPropertyAttribute.cs
 0.1 kb	 0.0% Packages/com.unity.visualscripting/Runtime/VisualScripting.Core/Dependencies/FullSerializer/fsObjectProcessor.cs
 0.1 kb	 0.0% Packages/com.unity.visualscripting/Runtime/VisualScripting.Core/Dependencies/FullSerializer/fsObjectAttribute.cs
 0.1 kb	 0.0% Packages/com.unity.visualscripting/Runtime/VisualScripting.Core/Dependencies/FullSerializer/fsIgnoreAttribute.cs
 0.1 kb	 0.0% Packages/com.unity.visualscripting/Runtime/VisualScripting.Core/Dependencies/FullSerializer/fsDirectConverter.cs
 0.1 kb	 0.0% Packages/com.unity.visualscripting/Runtime/VisualScripting.Core/Dependencies/FullSerializer/fsConverterRegistrar.cs
 0.1 kb	 0.0% Packages/com.unity.visualscripting/Runtime/VisualScripting.Core/Dependencies/FullSerializer/Reflection/fsReflectionUtility.cs
 0.1 kb	 0.0% Packages/com.unity.visualscripting/Runtime/VisualScripting.Core/Dependencies/FullSerializer/Converters/fsReflectedConverter.cs
 0.1 kb	 0.0% Packages/com.unity.visualscripting/Runtime/VisualScripting.Core/Dependencies/FullSerializer/Converters/fsPrimitiveConverter.cs
 0.1 kb	 0.0% Packages/com.unity.visualscripting/Runtime/VisualScripting.Core/Dependencies/FullSerializer/Converters/fsNullableConverter.cs
 0.1 kb	 0.0% Packages/com.unity.visualscripting/Runtime/VisualScripting.Core/Dependencies/FullSerializer/Converters/fsForwardConverter.cs
 0.1 kb	 0.0% Packages/com.unity.visualscripting/Runtime/VisualScripting.Core/Dependencies/FullSerializer/Converters/Unity/Rect_DirectConverter.cs
 0.1 kb	 0.0% Packages/com.unity.test-framework/UnityEngine.TestRunner/Utils/PostBuildCleanupAttribute.cs
 0.1 kb	 0.0% Packages/com.unity.test-framework/UnityEngine.TestRunner/TestRunner/TestEnumeratorWrapper.cs
 0.1 kb	 0.0% Packages/com.unity.test-framework/UnityEngine.TestRunner/TestRunner/PlaymodeTestsController.cs
 0.1 kb	 0.0% Packages/com.unity.test-framework/UnityEngine.TestRunner/NUnitExtensions/TestResultExtensions.cs
 0.1 kb	 0.0% Packages/com.unity.test-framework/UnityEngine.TestRunner/NUnitExtensions/Runner/WorkItemFactory.cs
 0.1 kb	 0.0% Packages/com.unity.test-framework/UnityEngine.TestRunner/NUnitExtensions/Runner/UnityWorkItem.cs
 0.1 kb	 0.0% Packages/com.unity.test-framework/UnityEngine.TestRunner/NUnitExtensions/ITestSuiteModifier.cs
 0.1 kb	 0.0% Packages/com.unity.test-framework/UnityEngine.TestRunner/NUnitExtensions/Filters/FullNameFilter.cs
 0.1 kb	 0.0% Packages/com.unity.test-framework/UnityEngine.TestRunner/NUnitExtensions/ConstructDelegator.cs
 0.1 kb	 0.0% Packages/com.unity.test-framework/UnityEngine.TestRunner/NUnitExtensions/Commands/OuterUnityTestActionCommand.cs
 0.1 kb	 0.0% Packages/com.unity.test-framework/UnityEngine.TestRunner/NUnitExtensions/Commands/ImmediateEnumerableCommand.cs
 0.1 kb	 0.0% Packages/com.unity.test-framework/UnityEngine.TestRunner/NUnitExtensions/Commands/EnumerableTestMethodCommand.cs
 0.1 kb	 0.0% Packages/com.unity.test-framework/UnityEngine.TestRunner/NUnitExtensions/Commands/EnumerableRetryTestCommand.cs
 0.1 kb	 0.0% Packages/com.unity.test-framework/UnityEngine.TestRunner/NUnitExtensions/Commands/BeforeAfterTestCommandState.cs
 0.1 kb	 0.0% Packages/com.unity.test-framework/UnityEngine.TestRunner/NUnitExtensions/Attributes/UnityCombinatorialStrategy.cs
 0.1 kb	 0.0% Packages/com.unity.test-framework/UnityEngine.TestRunner/NUnitExtensions/Attributes/ConditionalIgnoreAttribute.cs
 0.1 kb	 0.0% Packages/com.unity.test-framework/UnityEngine.TestRunner/Assertions/ConstraintsExtensions.cs
 0.1 kb	 0.0% Packages/com.unity.services.core/Runtime/Telemetry/Metrics/MetricsFactory.cs
 0.1 kb	 0.0% Packages/com.unity.services.core/Runtime/Telemetry/Metrics/DisabledMetrics.cs
 0.1 kb	 0.0% Packages/com.unity.services.core/Runtime/Scheduler/TimeProvider/UtcTimeProvider.cs
 0.1 kb	 0.0% Packages/com.unity.services.core/Runtime/Scheduler/TimeProvider/ITimeProvider.cs
 0.1 kb	 0.0% Packages/com.unity.services.core/Runtime/Scheduler/ActionScheduler.cs
 0.1 kb	 0.0% Packages/com.unity.services.core/Runtime/Networking/HttpServiceConfig.cs
 0.1 kb	 0.0% Packages/com.unity.services.core/Runtime/Device/UserIdProviders/UnityEngineIdentifier.cs
 0.1 kb	 0.0% Packages/com.unity.services.core/Runtime/Device/UserIdProviders/UnityAnalyticsIdentifier.cs
 0.1 kb	 0.0% Packages/com.unity.services.core/Runtime/Device/UserIdProviders/IUserIdentifierProvider.cs
 0.1 kb	 0.0% Packages/com.unity.services.core/Runtime/Core/Initialization/UnityProjectNotLinkedException.cs
 0.1 kb	 0.0% Packages/com.unity.services.core/Runtime/Core/Initialization/ServicesInitializationException.cs
 0.1 kb	 0.0% Packages/com.unity.services.core/Runtime/Core.Internal/UnityServicesInternal.cs
 0.1 kb	 0.0% Packages/com.unity.services.core/Runtime/Core.Internal/UnityServicesInitializer.cs
 0.1 kb	 0.0% Packages/com.unity.services.core/Runtime/Core.Internal/Serialization/IJsonSerializer.cs
 0.1 kb	 0.0% Packages/com.unity.services.core/Runtime/Core.Internal/Registry/ServiceRegistry/LockedServiceRegistry.cs
 0.1 kb	 0.0% Packages/com.unity.services.core/Runtime/Core.Internal/Registry/PackageRegistry/LockedPackageRegistry.cs
 0.1 kb	 0.0% Packages/com.unity.services.core/Runtime/Core.Internal/Registry/IInitializablePackageV2.cs
 0.1 kb	 0.0% Packages/com.unity.services.core/Runtime/Core.Internal/Registry/IInitializablePackage.cs
 0.1 kb	 0.0% Packages/com.unity.services.core/Runtime/Core.Internal/Registry/DependencyTreeExtensions.cs
 0.1 kb	 0.0% Packages/com.unity.services.core/Runtime/Core.Internal/Registry/CoreRegistryInitializer.cs
 0.1 kb	 0.0% Packages/com.unity.services.core/Runtime/Core.Internal/Registry/ComponentRegistry/LockedComponentRegistry.cs
 0.1 kb	 0.0% Packages/com.unity.services.core/Runtime/Core.Internal/Components/Wire/IChannelTokenProvider.cs
 0.1 kb	 0.0% Packages/com.unity.services.core/Runtime/Core.Internal/Components/Environments/IEnvironments.cs
 0.1 kb	 0.0% Packages/com.unity.services.core/Runtime/Core.Internal/Components/Configuration/IExternalUserId.cs
 0.1 kb	 0.0% Packages/com.unity.services.core/Runtime/Core.Internal/Components/Configuration/ICloudProjectId.cs
 0.1 kb	 0.0% Packages/com.unity.services.core/Runtime/Core.Internal/AsyncOperation/IAsyncOperationAwaiter.cs
 0.1 kb	 0.0% Packages/com.unity.services.core/Runtime/Core.Internal/AsyncOperation/AsyncOperationExtensions.cs
 0.1 kb	 0.0% Packages/com.unity.services.core/Runtime/Core.Internal/AsyncOperation/AsyncOperationAwaiter.cs
 0.1 kb	 0.0% Packages/com.unity.services.core/Runtime/Configuration/ExternalUserId.cs
 0.1 kb	 0.0% Packages/com.unity.services.core/Runtime/Configuration/CloudProjectId.cs
 0.1 kb	 0.0% Packages/com.unity.services.core/Runtime/Components/ServicesBehaviour.cs
 0.1 kb	 0.0% Packages/com.unity.render-pipelines.universal/Runtime/XR/XRPassUniversal.cs
 0.1 kb	 0.0% Packages/com.unity.render-pipelines.universal/Runtime/Tiling/LightMinMaxZJob.cs
 0.1 kb	 0.0% Packages/com.unity.render-pipelines.universal/Runtime/Tiling/InclusiveRange.cs
 0.1 kb	 0.0% Packages/com.unity.render-pipelines.universal/Runtime/RenderingUtils.cs
 0.1 kb	 0.0% Packages/com.unity.render-pipelines.universal/Runtime/RendererFeatures/FullScreenPassRendererFeature.cs
 0.1 kb	 0.0% Packages/com.unity.render-pipelines.universal/Runtime/PostProcessUtils.cs
 0.1 kb	 0.0% Packages/com.unity.render-pipelines.universal/Runtime/Passes/PostProcessPass.cs
 0.1 kb	 0.0% Packages/com.unity.render-pipelines.universal/Runtime/Passes/HDRDebugViewPass.cs
 0.1 kb	 0.0% Packages/com.unity.render-pipelines.universal/Runtime/Passes/GBufferPass.cs
 0.1 kb	 0.0% Packages/com.unity.render-pipelines.universal/Runtime/Passes/DrawSkyboxPass.cs
 0.1 kb	 0.0% Packages/com.unity.render-pipelines.universal/Runtime/Passes/DeferredPass.cs
 0.1 kb	 0.0% Packages/com.unity.render-pipelines.universal/Runtime/Overrides/PaniniProjection.cs
 0.1 kb	 0.0% Packages/com.unity.render-pipelines.universal/Runtime/Overrides/LiftGammaGain.cs
 0.1 kb	 0.0% Packages/com.unity.render-pipelines.universal/Runtime/Overrides/LensDistortion.cs
 0.1 kb	 0.0% Packages/com.unity.render-pipelines.universal/Runtime/Overrides/ColorAdjustments.cs
 0.1 kb	 0.0% Packages/com.unity.render-pipelines.universal/Runtime/Memory/BuddyAllocator.cs
 0.1 kb	 0.0% Packages/com.unity.render-pipelines.universal/Runtime/Documentation.cs
 0.1 kb	 0.0% Packages/com.unity.render-pipelines.universal/Runtime/Deprecated.cs
 0.1 kb	 0.0% Packages/com.unity.render-pipelines.universal/Runtime/Decal/Entities/DecalDrawSystem.cs
 0.1 kb	 0.0% Packages/com.unity.render-pipelines.universal/Runtime/Decal/DecalProjector.cs
 0.1 kb	 0.0% Packages/com.unity.render-pipelines.universal/Runtime/Decal/DecalPreviewPass.cs
 0.1 kb	 0.0% Packages/com.unity.render-pipelines.universal/Runtime/Debug/DebugRenderSetup.cs
 0.1 kb	 0.0% Packages/com.unity.render-pipelines.universal/Runtime/Data/RenderStateData.cs
 0.1 kb	 0.0% Packages/com.unity.render-pipelines.universal/Runtime/Data/PostProcessData.cs
 0.1 kb	 0.0% Packages/com.unity.render-pipelines.universal/Runtime/ComponentUtility.cs
 0.1 kb	 0.0% Packages/com.unity.render-pipelines.universal/Runtime/2D/UTess2D/Tessellator.cs
 0.1 kb	 0.0% Packages/com.unity.render-pipelines.universal/Runtime/2D/UTess2D/PlanarGraph.cs
 0.1 kb	 0.0% Packages/com.unity.render-pipelines.universal/Runtime/2D/Shadows/ShadowUtility.cs
 0.1 kb	 0.0% Packages/com.unity.render-pipelines.universal/Runtime/2D/Shadows/ShadowRendering.cs
 0.1 kb	 0.0% Packages/com.unity.render-pipelines.universal/Runtime/2D/Shadows/ShadowCaster2D.cs
 0.1 kb	 0.0% Packages/com.unity.render-pipelines.universal/Runtime/2D/Renderer2DData.cs
 0.1 kb	 0.0% Packages/com.unity.render-pipelines.universal/Runtime/2D/Passes/Utility/RendererLighting.cs
 0.1 kb	 0.0% Packages/com.unity.render-pipelines.universal/Runtime/2D/Passes/IRenderPass2D.cs
 0.1 kb	 0.0% Packages/com.unity.render-pipelines.universal/Runtime/2D/Light2DManager.cs
 0.1 kb	 0.0% Packages/com.unity.render-pipelines.core/Runtime/XR/XROcclusionMesh.cs
 0.1 kb	 0.0% Packages/com.unity.render-pipelines.core/Runtime/Lighting/ProbeVolume/ProbeReferenceVolume.Debug.cs
 0.1 kb	 0.0% Packages/com.unity.purchasing/Runtime/UnityWebshops/WebshopClientWrapper.cs
 0.1 kb	 0.0% Packages/com.unity.purchasing/Runtime/UnityWebshops/Models/WebshopLinkData.cs
 0.1 kb	 0.0% Packages/com.unity.purchasing/Runtime/UnityWebshops/Models/WebshopException.cs
 0.1 kb	 0.0% Packages/com.unity.purchasing/Runtime/UnityWebshops/Interfaces/IWebshopService.cs
 0.1 kb	 0.0% Packages/com.unity.purchasing/Runtime/UnityWebshops/Client/Scheduler/ThreadHelper.cs
 0.1 kb	 0.0% Packages/com.unity.purchasing/Runtime/UnityWebshops/Client/Http/AsyncOpRetry.cs
 0.1 kb	 0.0% Packages/com.unity.purchasing/Runtime/UnityWebshops/Client/Configuration/Configuration.cs
 0.1 kb	 0.0% Packages/com.unity.purchasing/Runtime/Stores/PaymentProvider/DeepLinkCheckoutSignal.cs
 0.1 kb	 0.0% Packages/com.unity.purchasing/Runtime/Stores/Data/IsoCountryCodeConverter.cs
 0.1 kb	 0.0% Packages/com.unity.purchasing/Runtime/Stores/Data/Insights/Models/StorePayload.cs
 0.1 kb	 0.0% Packages/com.unity.purchasing/Runtime/Stores/Data/IStoreLocationContext.cs
 0.1 kb	 0.0% Packages/com.unity.purchasing/Runtime/Stores/Core/Store/StoreManagerFactoryInjector.cs
 0.1 kb	 0.0% Packages/com.unity.purchasing/Runtime/Stores/AppleAppStore/AppleDeviceInfoBuilder.cs
 0.1 kb	 0.0% Packages/com.unity.purchasing/Runtime/Stores/Android/GooglePlay/GooglePlayPurchaseCallback.cs
 0.1 kb	 0.0% Packages/com.unity.purchasing/Runtime/Stores/Android/GooglePlay/AndroidDeviceInfoBuilder.cs
 0.1 kb	 0.0% Packages/com.unity.purchasing/Runtime/Stores/Android/GooglePlay/AAR/QueryProductDetailsService.cs
 0.1 kb	 0.0% Packages/com.unity.purchasing/Runtime/Stores/Android/GooglePlay/AAR/ProductDetailsQueryResponse.cs
 0.1 kb	 0.0% Packages/com.unity.purchasing/Runtime/Stores/Android/GooglePlay/AAR/Models/GooglePurchaseStateEnum.cs
 0.1 kb	 0.0% Packages/com.unity.purchasing/Runtime/Stores/Android/GooglePlay/AAR/Models/GoogleProductTypeEnum.cs
 0.1 kb	 0.0% Packages/com.unity.purchasing/Runtime/Stores/Android/GooglePlay/AAR/Listeners/BillingClientStateListener.cs
 0.1 kb	 0.0% Packages/com.unity.purchasing/Runtime/Stores/Android/GooglePlay/AAR/GoogleQueryPurchasesUseCase.cs
 0.1 kb	 0.0% Packages/com.unity.purchasing/Runtime/Stores/Analytics/Utilitiles/TransactionFailedEventHelper.cs
 0.1 kb	 0.0% Packages/com.unity.purchasing/Runtime/Stores/Analytics/Utilitiles/CommonTransactionEventHelper.cs
 0.1 kb	 0.0% Packages/com.unity.purchasing/Runtime/SecurityCore/IAPSecurityException.cs
 0.1 kb	 0.0% Packages/com.unity.purchasing/Runtime/SecurityCore/GooglePlayReceipt.cs
 0.1 kb	 0.0% Packages/com.unity.purchasing/Runtime/Purchasing/Utilities/UnityUtilDependencyInjector.cs
 0.1 kb	 0.0% Packages/com.unity.purchasing/Runtime/Purchasing/Utilities/Interfaces/ICatalogListingLocalization.cs
 0.1 kb	 0.0% Packages/com.unity.purchasing/Runtime/Purchasing/Telemetry/Metrics/TelemetryMetricDefinitions.cs
 0.1 kb	 0.0% Packages/com.unity.purchasing/Runtime/Purchasing/Telemetry/Metrics/TelemetryMetricDefinition.cs
 0.1 kb	 0.0% Packages/com.unity.purchasing/Runtime/Purchasing/Telemetry/Diagnostics/TelemetryDiagnosticParams.cs
 0.1 kb	 0.0% Packages/com.unity.purchasing/Runtime/Purchasing/Stores/PaymentProvider/PaymentProviderProductMetadata.cs
 0.1 kb	 0.0% Packages/com.unity.purchasing/Runtime/Purchasing/Stores/AppleAppStore/GetAppleProductMetadataExtension.cs
 0.1 kb	 0.0% Packages/com.unity.purchasing/Runtime/Purchasing/Stores/Android/GooglePlay/AAR/Interfaces/IBillingClientBase.cs
 0.1 kb	 0.0% Packages/com.unity.purchasing/Runtime/Purchasing/Stores/Android/AAR/AndroidJavaObjectExtensions.cs
 0.1 kb	 0.0% Packages/com.unity.purchasing/Runtime/Purchasing/PaymentOption/PurchaseChoiceFailedException.cs
 0.1 kb	 0.0% Packages/com.unity.purchasing/Runtime/Purchasing/Extension/CatalogListings/ICatalogListingClient.cs
 0.1 kb	 0.0% Packages/com.unity.purchasing/Runtime/Purchasing/CoreServices/Interfaces/Environment/ICoreServicesEnvironmentObserver.cs
 0.1 kb	 0.0% Packages/com.unity.purchasing/Runtime/Purchasing/CoreServices/Environment/CoreServicesEnvironmentSubject.cs
 0.1 kb	 0.0% Packages/com.unity.purchasing/Runtime/Purchasing/Core/Store/StoreServiceDependencyInjector.cs
 0.1 kb	 0.0% Packages/com.unity.purchasing/Runtime/Purchasing/Core/Store/PaymentProviders/Extensions/Interfaces/IPaymentProvidersExtendedService.cs
 0.1 kb	 0.0% Packages/com.unity.purchasing/Runtime/Purchasing/Core/Store/AppleAppStore/Extensions/UseCases/SetAppAccountTokenUseCase.cs
 0.1 kb	 0.0% Packages/com.unity.purchasing/Runtime/Purchasing/Core/Store/AppleAppStore/AppleTransactionSubscriptionInfo.cs
 0.1 kb	 0.0% Packages/com.unity.purchasing/Runtime/Purchasing/Core/Store/AppleAppStore/AppleStoreExtendedService.cs
 0.1 kb	 0.0% Packages/com.unity.purchasing/Runtime/Purchasing/Core/Store/Android/GooglePlay/GooglePlayStoreExtendedService.cs
 0.1 kb	 0.0% Packages/com.unity.purchasing/Runtime/Purchasing/Core/Store/Android/GooglePlay/Extensions/UseCases/GooglePlayStoreConnectionUseCase.cs
 0.1 kb	 0.0% Packages/com.unity.purchasing/Runtime/Purchasing/Core/Store/Android/GooglePlay/Extensions/Interfaces/IGooglePlayStoreExtendedService.cs
 0.1 kb	 0.0% Packages/com.unity.purchasing/Runtime/Purchasing/Core/Retries/RetryPolicies/ExponentialBackOffRetryPolicy.cs
 0.1 kb	 0.0% Packages/com.unity.purchasing/Runtime/Purchasing/Core/Purchasing/PurchaseServiceFactoryManager.cs
 0.1 kb	 0.0% Packages/com.unity.purchasing/Runtime/Purchasing/Core/Purchasing/PaymentProviders/Extensions/PaymentProviderComplianceContext.cs
 0.1 kb	 0.0% Packages/com.unity.purchasing/Runtime/Purchasing/Core/Purchasing/Models/PurchasesFetchFailureDescription.cs
 0.1 kb	 0.0% Packages/com.unity.purchasing/Runtime/Purchasing/Core/Purchasing/Interfaces/IPurchaseServiceFactoryManager.cs
 0.1 kb	 0.0% Packages/com.unity.purchasing/Runtime/Purchasing/Core/Purchasing/Interfaces/Callbacks/IStorePurchaseConfirmCallback.cs
 0.1 kb	 0.0% Packages/com.unity.purchasing/Runtime/Purchasing/Core/Purchasing/Interfaces/Callbacks/IStoreCheckEntitlementCallback.cs
 0.1 kb	 0.0% Packages/com.unity.purchasing/Runtime/Purchasing/Core/Purchasing/Interfaces/Callbacks/IOnEntitlementRevokedCallback.cs
 0.1 kb	 0.0% Packages/com.unity.purchasing/Runtime/Purchasing/Core/Purchasing/CartValidation/DistinctProductsCartValidator.cs
 0.1 kb	 0.0% Packages/com.unity.purchasing/Runtime/Purchasing/Core/Product/ProductServiceDependencyInjector.cs
 0.1 kb	 0.0% Packages/com.unity.purchasing/Runtime/Purchasing/Core/Product/Models/ProductFetchFailureDescription.cs
 0.1 kb	 0.0% Packages/com.unity.purchasing/Runtime/Purchasing/Core/Product/Interfaces/IProductServiceFactoryManager.cs
 0.1 kb	 0.0% Packages/com.unity.probuilder/Content/Resources/Materials/NoDraw.mat
 0.1 kb	 0.0% Packages/com.unity.inputsystem/InputSystem/Utilities/Observables/ForDeviceEventObservable.cs
 0.1 kb	 0.0% Packages/com.unity.inputsystem/InputSystem/Plugins/XR/Haptics/SendHapticImpulseCommand.cs
 0.1 kb	 0.0% Packages/com.unity.inputsystem/InputSystem/Plugins/Android/AndroidSensors.cs
 0.1 kb	 0.0% Packages/com.unity.inputsystem/InputSystem/Editor/AssetEditor/NameAndParameterListView.cs
 0.1 kb	 0.0% Packages/com.unity.inputsystem/InputSystem/Controls/Processors/StickDeadzoneProcessor.cs
 0.1 kb	 0.0% Packages/com.unity.inputsystem/InputSystem/Controls/Processors/ScaleVector3Processor.cs
 0.1 kb	 0.0% Packages/com.unity.inputsystem/InputSystem/Controls/Processors/ScaleVector2Processor.cs
 0.1 kb	 0.0% Packages/com.unity.inputsystem/InputSystem/Controls/Processors/InvertVector3Processor.cs
 0.1 kb	 0.0% Packages/com.unity.inputsystem/InputSystem/Controls/Processors/InvertVector2Processor.cs
 0.1 kb	 0.0% Packages/com.unity.inputsystem/InputSystem/Controls/Processors/AxisDeadzoneProcessor.cs
 0.1 kb	 0.0% Packages/com.unity.inputsystem/InputSystem/Actions/Composites/TwoModifiersComposite.cs
 0.1 kb	 0.0% Packages/com.unity.inputsystem/InputSystem/Actions/Composites/ButtonWithTwoModifiers.cs
 0.1 kb	 0.0% Packages/com.unity.inputsystem/InputSystem/Actions/Composites/ButtonWithOneModifier.cs
 0.1 kb	 0.0% Packages/com.unity.cinemachine/Runtime/Helpers/CinemachineInputAxisController.cs
 0.1 kb	 0.0% Packages/com.unity.cinemachine/Runtime/Helpers/CinemachineCameraManagerEvents.cs
 0.1 kb	 0.0% Packages/com.unity.cinemachine/Runtime/Deprecated/CinemachineSameAsFollowTarget.cs
 0.1 kb	 0.0% Packages/com.unity.cinemachine/Runtime/Deprecated/CinemachineLegacyCameraEvents.cs
 0.1 kb	 0.0% Packages/com.unity.cinemachine/Runtime/Behaviours/CinemachineShotQualityEvaluator.cs
 0.1 kb	 0.0% Packages/com.ivanmurzak.unity.mcp/Runtime/Utils/ShaderUtils.Editor.cs
 0.1 kb	 0.0% Packages/com.ivanmurzak.unity.mcp/Runtime/Utils/SceneUtils.Editor.cs
 0.1 kb	 0.0% Packages/com.ivanmurzak.unity.mcp/Runtime/UnityMcpPluginRuntime.cs
 0.1 kb	 0.0% Packages/com.ivanmurzak.unity.mcp/Runtime/Unity/Logs/BufferedFileLogStorage.cs
 0.1 kb	 0.0% Packages/com.ivanmurzak.unity.mcp/Runtime/Logger/UnityLoggerProvider.cs
 0.1 kb	 0.0% Packages/com.ivanmurzak.unity.mcp/Runtime/Logger/UnityLoggerFactory.cs
 0.1 kb	 0.0% Packages/com.ivanmurzak.unity.mcp/Runtime/Converter/Json/Structures/Vector4Converter.cs
 0.1 kb	 0.0% Packages/com.ivanmurzak.unity.mcp/Runtime/Converter/Json/Structures/Vector3Converter.cs
 0.1 kb	 0.0% Packages/com.ivanmurzak.unity.mcp/Runtime/Converter/Json/Structures/Vector2Converter.cs
 0.1 kb	 0.0% Packages/com.ivanmurzak.unity.mcp/Runtime/Converter/Json/Structures/RectIntConverter.cs
 0.1 kb	 0.0% Packages/com.ivanmurzak.unity.mcp/Runtime/Converter/Json/Structures/RectConverter.cs
 0.1 kb	 0.0% Packages/com.ivanmurzak.unity.mcp/Runtime/Converter/Json/Structures/JsonFloatHelper.cs
 0.1 kb	 0.0% Packages/com.ivanmurzak.unity.mcp/Runtime/Converter/Json/Structures/ColorConverter.cs
 0.1 kb	 0.0% Packages/com.ivanmurzak.unity.mcp/Runtime/Converter/Json/Structures/Color32Converter.cs
 0.1 kb	 0.0% Packages/com.ivanmurzak.unity.mcp/Runtime/Converter/Json/Structures/BoundsConverter.cs
 0.1 kb	 0.0% Assets/Resources/StoneBlockData.asset
 0.1 kb	 0.0% Packages/com.unity.visualscripting/Runtime/VisualScripting.State/TriggerStateTransition.cs
 0.1 kb	 0.0% Packages/com.unity.visualscripting/Runtime/VisualScripting.State/INesterStateTransition.cs
 0.1 kb	 0.0% Packages/com.unity.visualscripting/Runtime/VisualScripting.Flow/UnitCategoryConverter.cs
 0.1 kb	 0.0% Packages/com.unity.visualscripting/Runtime/VisualScripting.Flow/Ports/ValueOutputDefinition.cs
 0.1 kb	 0.0% Packages/com.unity.visualscripting/Runtime/VisualScripting.Flow/Ports/IUnitValuePortDefinition.cs
 0.1 kb	 0.0% Packages/com.unity.visualscripting/Runtime/VisualScripting.Flow/Ports/IUnitInputPortDefinition.cs
 0.1 kb	 0.0% Packages/com.unity.visualscripting/Runtime/VisualScripting.Flow/Ports/ControlPortDefinition.cs
 0.1 kb	 0.0% Packages/com.unity.visualscripting/Runtime/VisualScripting.Flow/Ports/ControlOutputDefinition.cs
 0.1 kb	 0.0% Packages/com.unity.visualscripting/Runtime/VisualScripting.Flow/Ports/ControlInputDefinition.cs
 0.1 kb	 0.0% Packages/com.unity.visualscripting/Runtime/VisualScripting.Flow/Framework/Variables/Obsolete/SetApplicationVariable.cs
 0.1 kb	 0.0% Packages/com.unity.visualscripting/Runtime/VisualScripting.Flow/Framework/Variables/Obsolete/IsVariableDefinedUnit.cs
 0.1 kb	 0.0% Packages/com.unity.visualscripting/Runtime/VisualScripting.Flow/Framework/Variables/Obsolete/IsSceneVariableDefined.cs
 0.1 kb	 0.0% Packages/com.unity.visualscripting/Runtime/VisualScripting.Flow/Framework/Variables/Obsolete/IsSavedVariableDefined.cs
 0.1 kb	 0.0% Packages/com.unity.visualscripting/Runtime/VisualScripting.Flow/Framework/Variables/Obsolete/IsObjectVariableDefined.cs
 0.1 kb	 0.0% Packages/com.unity.visualscripting/Runtime/VisualScripting.Flow/Framework/Variables/Obsolete/IsGraphVariableDefined.cs
 0.1 kb	 0.0% Packages/com.unity.visualscripting/Runtime/VisualScripting.Flow/Framework/Variables/Obsolete/IApplicationVariableUnit.cs
 0.1 kb	 0.0% Packages/com.unity.visualscripting/Runtime/VisualScripting.Flow/Framework/Variables/Obsolete/GetApplicationVariable.cs
 0.1 kb	 0.0% Packages/com.unity.visualscripting/Runtime/VisualScripting.Flow/Framework/Time/WaitForEndOfFrameUnit.cs
 0.1 kb	 0.0% Packages/com.unity.visualscripting/Runtime/VisualScripting.Flow/Framework/Logic/NotApproximatelyEqual.cs
 0.1 kb	 0.0% Packages/com.unity.visualscripting/Runtime/VisualScripting.Flow/Framework/Events/Physics/OnControllerColliderHit.cs
 0.1 kb	 0.0% Packages/com.unity.visualscripting/Runtime/VisualScripting.Flow/Framework/Events/Hierarchy/OnTransformParentChanged.cs
 0.1 kb	 0.0% Packages/com.unity.visualscripting/Runtime/VisualScripting.Flow/Framework/Events/GUI/OnScrollbarValueChanged.cs
 0.1 kb	 0.0% Packages/com.unity.visualscripting/Runtime/VisualScripting.Flow/Framework/Events/GUI/OnScrollRectValueChanged.cs
 0.1 kb	 0.0% Packages/com.unity.visualscripting/Runtime/VisualScripting.Flow/Framework/Events/GUI/OnInputFieldValueChanged.cs
 0.1 kb	 0.0% Packages/com.unity.visualscripting/Runtime/VisualScripting.Flow/Framework/Events/GUI/OnDropdownValueChanged.cs
 0.1 kb	 0.0% Packages/com.unity.visualscripting/Runtime/VisualScripting.Flow/Framework/Events/Application/OnApplicationLostFocus.cs
 0.1 kb	 0.0% Packages/com.unity.visualscripting/Runtime/VisualScripting.Flow/Framework/Events/Animation/BoltNamedAnimationEvent.cs
 0.1 kb	 0.0% Packages/com.unity.visualscripting/Runtime/VisualScripting.Flow/Framework/Collections/Dictionaries/DictionaryContainsKey.cs
 0.1 kb	 0.0% Packages/com.unity.visualscripting/Runtime/VisualScripting.Flow/EditorBinding/UnitSurtitleAttribute.cs
 0.1 kb	 0.0% Packages/com.unity.visualscripting/Runtime/VisualScripting.Flow/EditorBinding/UnitSubtitleAttribute.cs
 0.1 kb	 0.0% Packages/com.unity.visualscripting/Runtime/VisualScripting.Flow/EditorBinding/UnitShortTitleAttribute.cs
 0.1 kb	 0.0% Packages/com.unity.visualscripting/Runtime/VisualScripting.Flow/EditorBinding/UnitFooterPortsAttribute.cs
 0.1 kb	 0.0% Packages/com.unity.visualscripting/Runtime/VisualScripting.Flow/EditorBinding/PortLabelHiddenAttribute.cs
 0.1 kb	 0.0% Packages/com.unity.visualscripting/Runtime/VisualScripting.Flow/Dependencies/NCalc/ValueExpression.cs
 0.1 kb	 0.0% Packages/com.unity.visualscripting/Runtime/VisualScripting.Flow/Dependencies/NCalc/UnaryExpression.cs
 0.1 kb	 0.0% Packages/com.unity.visualscripting/Runtime/VisualScripting.Flow/Dependencies/NCalc/ParameterArgs.cs
 0.1 kb	 0.0% Packages/com.unity.visualscripting/Runtime/VisualScripting.Flow/Dependencies/NCalc/BinaryExpression.cs
 0.1 kb	 0.0% Packages/com.unity.visualscripting/Runtime/VisualScripting.Flow/Connections/UnitConnectionDebugData.cs
 0.1 kb	 0.0% Packages/com.unity.visualscripting/Runtime/VisualScripting.Flow/Connections/IUnitConnectionDebugData.cs
 0.1 kb	 0.0% Packages/com.unity.visualscripting/Runtime/VisualScripting.Core/Variables/VariableKindAttribute.cs
 0.1 kb	 0.0% Packages/com.unity.visualscripting/Runtime/VisualScripting.Core/Variables/IGraphDataWithVariables.cs
 0.1 kb	 0.0% Packages/com.unity.visualscripting/Runtime/VisualScripting.Core/Utilities/RuntimeVSUsageUtility.cs
 0.1 kb	 0.0% Packages/com.unity.visualscripting/Runtime/VisualScripting.Core/Utilities/IAnalyticsIdentifiable.cs
 0.1 kb	 0.0% Packages/com.unity.visualscripting/Runtime/VisualScripting.Core/Utilities/ComponentHolderProtocol.cs
 0.1 kb	 0.0% Packages/com.unity.visualscripting/Runtime/VisualScripting.Core/Unity/MacroScriptableObject.cs
 0.1 kb	 0.0% Packages/com.unity.visualscripting/Runtime/VisualScripting.Core/Unity/LudiqScriptableObject.cs
 0.1 kb	 0.0% Packages/com.unity.visualscripting/Runtime/VisualScripting.Core/Serialization/SerializationOperation.cs
 0.1 kb	 0.0% Packages/com.unity.visualscripting/Runtime/VisualScripting.Core/Serialization/ISerializationDepender.cs
 0.1 kb	 0.0% Packages/com.unity.visualscripting/Runtime/VisualScripting.Core/Serialization/ISerializationDependency.cs
 0.1 kb	 0.0% Packages/com.unity.visualscripting/Runtime/VisualScripting.Core/Serialization/DoNotSerializeAttribute.cs
 0.1 kb	 0.0% Packages/com.unity.visualscripting/Runtime/VisualScripting.Core/Reflection/RenamedAssemblyAttribute.cs
 0.1 kb	 0.0% Packages/com.unity.visualscripting/Runtime/VisualScripting.Core/Reflection/Optimization/StaticActionInvokerBase.cs
 0.1 kb	 0.0% Packages/com.unity.visualscripting/Runtime/VisualScripting.Core/Reflection/Optimization/ReflectionFieldAccessor.cs
 0.1 kb	 0.0% Packages/com.unity.visualscripting/Runtime/VisualScripting.Core/Reflection/Operators/NumericNegationHandler.cs
 0.1 kb	 0.0% Packages/com.unity.visualscripting/Runtime/VisualScripting.Core/Reflection/Operators/MultiplicationHandler.cs
 0.1 kb	 0.0% Packages/com.unity.visualscripting/Runtime/VisualScripting.Core/Reflection/Operators/LogicalNegationHandler.cs
 0.1 kb	 0.0% Packages/com.unity.visualscripting/Runtime/VisualScripting.Core/Reflection/Operators/LessThanOrEqualHandler.cs
 0.1 kb	 0.0% Packages/com.unity.visualscripting/Runtime/VisualScripting.Core/Reflection/Operators/InvalidOperatorException.cs
 0.1 kb	 0.0% Packages/com.unity.visualscripting/Runtime/VisualScripting.Core/Reflection/Operators/BinaryOperatorHandler.cs
 0.1 kb	 0.0% Packages/com.unity.visualscripting/Runtime/VisualScripting.Core/Reflection/GenericClosingException.cs
 0.1 kb	 0.0% Packages/com.unity.visualscripting/Runtime/VisualScripting.Core/Platforms/AotIncompatibleAttribute.cs
 0.1 kb	 0.0% Packages/com.unity.visualscripting/Runtime/VisualScripting.Core/Listeners/IGraphEventListenerData.cs
 0.1 kb	 0.0% Packages/com.unity.visualscripting/Runtime/VisualScripting.Core/Listeners/GlobalMessageListener.cs
 0.1 kb	 0.0% Packages/com.unity.visualscripting/Runtime/VisualScripting.Core/Listeners/AnimatorMessageListener.cs
 0.1 kb	 0.0% Packages/com.unity.visualscripting/Runtime/VisualScripting.Core/Graphs/IGraphElementWithData.cs
 0.1 kb	 0.0% Packages/com.unity.visualscripting/Runtime/VisualScripting.Core/Graphs/IGraphElementDebugData.cs
 0.1 kb	 0.0% Packages/com.unity.visualscripting/Runtime/VisualScripting.Core/Graphs/GraphsExceptionUtility.cs
 0.1 kb	 0.0% Packages/com.unity.visualscripting/Runtime/VisualScripting.Core/Graphs/GraphPointerException.cs
 0.1 kb	 0.0% Packages/com.unity.visualscripting/Runtime/VisualScripting.Core/EditorBinding/NullMeansSelfAttribute.cs
 0.1 kb	 0.0% Packages/com.unity.visualscripting/Runtime/VisualScripting.Core/EditorBinding/Inspector/InspectorWideAttribute.cs
 0.1 kb	 0.0% Packages/com.unity.visualscripting/Runtime/VisualScripting.Core/EditorBinding/Inspector/InspectorRangeAttribute.cs
 0.1 kb	 0.0% Packages/com.unity.visualscripting/Runtime/VisualScripting.Core/EditorBinding/Inspector/InspectorLabelAttribute.cs
 0.1 kb	 0.0% Packages/com.unity.visualscripting/Runtime/VisualScripting.Core/EditorBinding/InspectableIfAttribute.cs
 0.1 kb	 0.0% Packages/com.unity.visualscripting/Runtime/VisualScripting.Core/EditorBinding/IInspectableAttribute.cs
 0.1 kb	 0.0% Packages/com.unity.visualscripting/Runtime/VisualScripting.Core/EditorBinding/ExpectedTypeAttribute.cs
 0.1 kb	 0.0% Packages/com.unity.visualscripting/Runtime/VisualScripting.Core/Collections/INotifiedCollectionItem.cs
 0.1 kb	 0.0% Packages/com.unity.visualscripting/Runtime/VisualScripting.Core/Cloning/Cloners/FakeSerializationCloner.cs
 0.1 kb	 0.0% Packages/com.unity.timeline/Runtime/Animation/AnimationPreviewUpdateCallback.cs
 0.1 kb	 0.0% Packages/com.unity.timeline/Runtime/Animation/AnimationOutputWeightProcessor.cs
 0.1 kb	 0.0% Packages/com.unity.textmeshpro/Scripts/Runtime/TMP_SpriteAssetImportFormats.cs
 0.1 kb	 0.0% Packages/com.unity.test-framework/UnityEngine.TestRunner/Utils/Vector4EqualityComparer.cs
 0.1 kb	 0.0% Packages/com.unity.test-framework/UnityEngine.TestRunner/Utils/Vector3EqualityComparer.cs
 0.1 kb	 0.0% Packages/com.unity.test-framework/UnityEngine.TestRunner/Utils/Vector2EqualityComparer.cs
 0.1 kb	 0.0% Packages/com.unity.test-framework/UnityEngine.TestRunner/Utils/TestRunCallbackListener.cs
 0.1 kb	 0.0% Packages/com.unity.test-framework/UnityEngine.TestRunner/Utils/PrebuildSceneSetupAttribute.cs
 0.1 kb	 0.0% Packages/com.unity.test-framework/UnityEngine.TestRunner/Utils/FloatEqualityComparer.cs
 0.1 kb	 0.0% Packages/com.unity.test-framework/UnityEngine.TestRunner/Utils/ColorEqualityComparer.cs
 0.1 kb	 0.0% Packages/com.unity.test-framework/UnityEngine.TestRunner/Utils/AssemblyProvider/ScriptingRuntimeProxy.cs
 0.1 kb	 0.0% Packages/com.unity.test-framework/UnityEngine.TestRunner/Utils/AssemblyProvider/IScriptingRuntimeProxy.cs
 0.1 kb	 0.0% Packages/com.unity.test-framework/UnityEngine.TestRunner/TestRunner/SynchronousFilter.cs
 0.1 kb	 0.0% Packages/com.unity.test-framework/UnityEngine.TestRunner/TestRunner/RemoteHelpers/RemoteTestResultData.cs
 0.1 kb	 0.0% Packages/com.unity.shadergraph/ShaderGraphLibrary/DummyShaderGraphLibrary.cs
 0.1 kb	 0.0% Packages/com.unity.services.core/Runtime/Core.Internal/Components/Telemetry/IMetricsFactory.cs
 0.1 kb	 0.0% Packages/com.unity.services.core/Runtime/Core.Internal/Components/Scheduler/IActionScheduler.cs
 0.1 kb	 0.0% Packages/com.unity.services.core/Runtime/Core.Internal/Components/Authentication/IEnvironmentId.cs
 0.1 kb	 0.0% Packages/com.unity.services.core/Runtime/Core.Internal/Components/Analytics/IAnalyticsUserId.cs
 0.1 kb	 0.0% Packages/com.unity.render-pipelines.universal/ShaderLibrary/ShaderTypes.cs
 0.1 kb	 0.0% Packages/com.unity.render-pipelines.universal/ShaderLibrary/Deprecated.cs
 0.1 kb	 0.0% Packages/com.unity.render-pipelines.universal/Runtime/Tiling/TileSize.cs
 0.1 kb	 0.0% Packages/com.unity.render-pipelines.universal/Runtime/External/LibTessDotNet/Sweep.cs
 0.1 kb	 0.0% Packages/com.unity.render-pipelines.core/Runtime/Utilities/SceneRenderPipeline.cs
 0.1 kb	 0.0% Packages/com.unity.render-pipelines.core/Runtime/Utilities/MaterialQuality.cs
 0.1 kb	 0.0% Packages/com.unity.render-pipelines.core/Runtime/Utilities/CameraCaptureBridge.cs
 0.1 kb	 0.0% Packages/com.unity.render-pipelines.core/Runtime/ShaderGenerator/ShaderGeneratorAttributes.cs
 0.1 kb	 0.0% Packages/com.unity.render-pipelines.core/Runtime/PostProcessing/LensFlareCommonSRP.cs
 0.1 kb	 0.0% Packages/com.unity.render-pipelines.core/Runtime/LookDev/IDataProvider.cs
 0.1 kb	 0.0% Packages/com.unity.render-pipelines.core/Runtime/Lighting/SphericalHarmonics.cs
 0.1 kb	 0.0% Packages/com.unity.render-pipelines.core/Runtime/Lighting/ProbeVolume/ProbeVolumeSceneData.cs
 0.1 kb	 0.0% Packages/com.unity.render-pipelines.core/Runtime/Lighting/ProbeVolume/ProbeVolumeGIContributor.cs
 0.1 kb	 0.0% Packages/com.unity.render-pipelines.core/Runtime/Lighting/ProbeVolume/ProbeTouchupVolume.cs
 0.1 kb	 0.0% Packages/com.unity.render-pipelines.core/Runtime/Lighting/ProbeVolume/ProbeReferenceVolume.cs
 0.1 kb	 0.0% Packages/com.unity.render-pipelines.core/Runtime/Documentation.cs
 0.1 kb	 0.0% Packages/com.unity.render-pipelines.core/Runtime/Debugging/Prefabs/Scripts/DebugUIHandlerWidget.cs
 0.1 kb	 0.0% Packages/com.unity.render-pipelines.core/Runtime/Debugging/Prefabs/Scripts/DebugUIHandlerValue.cs
 0.1 kb	 0.0% Packages/com.unity.render-pipelines.core/Runtime/Debugging/Prefabs/Scripts/DebugUIHandlerVBox.cs
 0.1 kb	 0.0% Packages/com.unity.render-pipelines.core/Runtime/Debugging/Prefabs/Scripts/DebugUIHandlerToggle.cs
 0.1 kb	 0.0% Packages/com.unity.render-pipelines.core/Runtime/Debugging/Prefabs/Scripts/DebugUIHandlerRow.cs
 0.1 kb	 0.0% Packages/com.unity.render-pipelines.core/Runtime/Debugging/Prefabs/Scripts/DebugUIHandlerPanel.cs
 0.1 kb	 0.0% Packages/com.unity.render-pipelines.core/Runtime/Debugging/Prefabs/Scripts/DebugUIHandlerObject.cs
 0.1 kb	 0.0% Packages/com.unity.render-pipelines.core/Runtime/Debugging/Prefabs/Scripts/DebugUIHandlerHBox.cs
 0.1 kb	 0.0% Packages/com.unity.render-pipelines.core/Runtime/Debugging/Prefabs/Scripts/DebugUIHandlerGroup.cs
 0.1 kb	 0.0% Packages/com.unity.render-pipelines.core/Runtime/Debugging/Prefabs/Scripts/DebugUIHandlerColor.cs
 0.1 kb	 0.0% Packages/com.unity.render-pipelines.core/Runtime/Debugging/Prefabs/Scripts/DebugUIHandlerCanvas.cs
 0.1 kb	 0.0% Packages/com.unity.render-pipelines.core/Runtime/Debugging/Prefabs/Scripts/DebugUIHandlerButton.cs
 0.1 kb	 0.0% Packages/com.unity.render-pipelines.core/Runtime/Debugging/MousePositionDebug.cs
 0.1 kb	 0.0% Packages/com.unity.render-pipelines.core/Runtime/Debugging/IVolumeDebugSettings.cs
 0.1 kb	 0.0% Packages/com.unity.render-pipelines.core/Runtime/Debugging/FrameTiming/FrameTimeBottleneck.cs
 0.1 kb	 0.0% Packages/com.unity.render-pipelines.core/Runtime/Common/Swap.Extensions.cs
 0.1 kb	 0.0% Packages/com.unity.render-pipelines.core/Runtime/Common/CommandBufferPool.cs
 0.1 kb	 0.0% Packages/com.unity.purchasing/Runtime/Utilities/IAPObsoleteMessages.cs
 0.1 kb	 0.0% Packages/com.unity.purchasing/Runtime/UnityWebshops/Client/Models/WebshopLink.cs
 0.1 kb	 0.0% Packages/com.unity.purchasing/Runtime/UnityWebshops/Client/Models/WebshopIOneOf.cs
 0.1 kb	 0.0% Packages/com.unity.purchasing/Runtime/UnityWebshops/Client/Http/JsonObject.cs
 0.1 kb	 0.0% Packages/com.unity.purchasing/Runtime/UnityWebshops/Client/Http/JsonHelpers.cs
 0.1 kb	 0.0% Packages/com.unity.purchasing/Runtime/UnityWebshops/Client/Http/IHttpClient.cs
 0.1 kb	 0.0% Packages/com.unity.purchasing/Runtime/UnityWebshops/Client/Http/HttpClient.cs
 0.1 kb	 0.0% Packages/com.unity.purchasing/Runtime/Stores/ServicesCore/CoreRegistryHelper.cs
 0.1 kb	 0.0% Packages/com.unity.purchasing/Runtime/Stores/Data/Insights/Models/Reporting.cs
 0.1 kb	 0.0% Packages/com.unity.purchasing/Runtime/Stores/Data/Insights/Models/OrderData.cs
 0.1 kb	 0.0% Packages/com.unity.purchasing/Runtime/Stores/Data/Insights/Models/IAPSDKEvent.cs
 0.1 kb	 0.0% Packages/com.unity.purchasing/Runtime/Stores/Data/Insights/Models/DeviceInfo.cs
 0.1 kb	 0.0% Packages/com.unity.purchasing/Runtime/Stores/Android/GooglePlay/BillingClientFactory.cs
 0.1 kb	 0.0% Packages/com.unity.purchasing/Runtime/Stores/Android/GooglePlay/AAR/Utils/ProductDetailsConverter.cs
 0.1 kb	 0.0% Packages/com.unity.purchasing/Runtime/Stores/Android/GooglePlay/AAR/Utils/GooglePurchaseBuilder.cs
 0.1 kb	 0.0% Packages/com.unity.purchasing/Runtime/Stores/Analytics/EmptyUnityAnalyticsAdapter.cs
 0.1 kb	 0.0% Packages/com.unity.purchasing/Runtime/Purchasing/Utilities/JsonProductDescriptionsDeserializer.cs
 0.1 kb	 0.0% Packages/com.unity.purchasing/Runtime/Purchasing/Stores/BaseStore/Exceptions/FetchProductsException.cs
 0.1 kb	 0.0% Packages/com.unity.purchasing/Runtime/Purchasing/Stores/Android/GooglePlay/AAR/Interfaces/IGooglePlayStoreService.cs
 0.1 kb	 0.0% Packages/com.unity.purchasing/Runtime/Purchasing/Core/Purchasing/AppleAppStore/Extensions/UseCases/Interfaces/IAppReceiptUseCase.cs
 0.1 kb	 0.0% Packages/com.unity.purchasing/Runtime/Codeless/CodelessIAPStoreListener.cs
 0.1 kb	 0.0% Packages/com.unity.purchasing/Runtime/Codeless/CodelessCatalogProvider.cs
 0.1 kb	 0.0% Packages/com.unity.probuilder/External/Poly2Tri/Triangulation/TriangulationUtil.cs
 0.1 kb	 0.0% Packages/com.unity.probuilder/External/Poly2Tri/Triangulation/TriangulationPoint.cs
 0.1 kb	 0.0% Packages/com.unity.probuilder/External/Poly2Tri/Triangulation/TriangulationContext.cs
 0.1 kb	 0.0% Packages/com.unity.probuilder/External/Poly2Tri/Triangulation/Sets/ConstrainedPointSet.cs
 0.1 kb	 0.0% Packages/com.unity.probuilder/External/Poly2Tri/Triangulation/Delaunay/Sweep/PointOnEdgeException.cs
 0.1 kb	 0.0% Packages/com.unity.probuilder/External/Poly2Tri/Triangulation/Delaunay/Sweep/DTSweepDebugContext.cs
 0.1 kb	 0.0% Packages/com.unity.probuilder/External/Poly2Tri/Triangulation/Delaunay/Sweep/DTSweepConstraint.cs
 0.1 kb	 0.0% Packages/com.unity.probuilder/External/Poly2Tri/Triangulation/Delaunay/Sweep/AdvancingFrontNode.cs
 0.1 kb	 0.0% Packages/com.unity.inputsystem/InputSystem/State/IInputStateChangeMonitor.cs
 0.1 kb	 0.0% Packages/com.unity.inputsystem/InputSystem/Plugins/iOS/IOSGameController.cs
 0.1 kb	 0.0% Packages/com.unity.inputsystem/InputSystem/Plugins/Users/InputUserAccountHandle.cs
 0.1 kb	 0.0% Packages/com.unity.inputsystem/InputSystem/Plugins/Switch/SwitchProControllerHID.cs
 0.1 kb	 0.0% Packages/com.unity.inputsystem/InputSystem/Plugins/PlayerInput/PlayerInputManagerEditor.cs
 0.1 kb	 0.0% Packages/com.unity.inputsystem/InputSystem/Plugins/OSX/OSXGameController.cs
 0.1 kb	 0.0% Packages/com.unity.inputsystem/InputSystem/Plugins/EnhancedTouch/EnhancedTouchSupport.cs
 0.1 kb	 0.0% Packages/com.unity.inputsystem/InputSystem/Events/DeviceConfigurationEvent.cs
 0.1 kb	 0.0% Packages/com.unity.inputsystem/InputSystem/Editor/UITKAssetEditor/Views/VisualElementExtensions.cs
 0.1 kb	 0.0% Packages/com.unity.inputsystem/InputSystem/Editor/UITKAssetEditor/Views/InputActionsTreeViewItem.cs
 0.1 kb	 0.0% Packages/com.unity.inputsystem/InputSystem/Editor/UITKAssetEditor/Views/InputActionsEditorView.cs
 0.1 kb	 0.0% Packages/com.unity.inputsystem/InputSystem/Editor/UITKAssetEditor/Views/BindingPropertiesView.cs
 0.1 kb	 0.0% Packages/com.unity.inputsystem/InputSystem/Editor/UITKAssetEditor/SerializedInputBinding.cs
 0.1 kb	 0.0% Packages/com.unity.inputsystem/InputSystem/Editor/UITKAssetEditor/SerializedInputActionMap.cs
 0.1 kb	 0.0% Packages/com.unity.inputsystem/InputSystem/Editor/UITKAssetEditor/SerializedInputAction.cs
 0.1 kb	 0.0% Packages/com.unity.inputsystem/InputSystem/Editor/UITKAssetEditor/InputActionsEditorWindow.cs
 0.1 kb	 0.0% Packages/com.unity.inputsystem/InputSystem/Editor/UITKAssetEditor/InputActionsEditorState.cs
 0.1 kb	 0.0% Packages/com.unity.inputsystem/InputSystem/Editor/UITKAssetEditor/Commands/ControlSchemeCommands.cs
 0.1 kb	 0.0% Packages/com.unity.inputsystem/InputSystem/Editor/Settings/InputSettingsProvider.cs
 0.1 kb	 0.0% Packages/com.unity.inputsystem/InputSystem/Editor/Settings/InputEditorUserSettings.cs
 0.1 kb	 0.0% Packages/com.unity.inputsystem/InputSystem/Editor/PropertyDrawers/InputControlPathDrawer.cs
 0.1 kb	 0.0% Packages/com.unity.inputsystem/InputSystem/Editor/PropertyDrawers/InputActionDrawerBase.cs
 0.1 kb	 0.0% Packages/com.unity.inputsystem/InputSystem/Editor/PropertyDrawers/InputActionAssetDrawer.cs
 0.1 kb	 0.0% Packages/com.unity.inputsystem/InputSystem/Editor/ProjectWideActions/ProjectWideActionsAsset.cs
 0.1 kb	 0.0% Packages/com.unity.inputsystem/InputSystem/Editor/Internal/AdvancedDropdown/AdvancedDropdownWindow.cs
 0.1 kb	 0.0% Packages/com.unity.inputsystem/InputSystem/Editor/Internal/AdvancedDropdown/AdvancedDropdownState.cs
 0.1 kb	 0.0% Packages/com.unity.inputsystem/InputSystem/Editor/InputSystemPluginControl.cs
 0.1 kb	 0.0% Packages/com.unity.inputsystem/InputSystem/Editor/InputLayoutCodeGenerator.cs
 0.1 kb	 0.0% Packages/com.unity.inputsystem/InputSystem/Editor/InputAssetEditorUtils.cs
 0.1 kb	 0.0% Packages/com.unity.inputsystem/InputSystem/Editor/Debugger/InputLatencyCalculator.cs
 0.1 kb	 0.0% Packages/com.unity.inputsystem/InputSystem/Editor/ControlPicker/InputControlPickerState.cs
 0.1 kb	 0.0% Packages/com.unity.inputsystem/InputSystem/Editor/ControlPicker/InputControlPathEditor.cs
 0.1 kb	 0.0% Packages/com.unity.inputsystem/InputSystem/Editor/ControlPicker/InputControlDropdownItem.cs
 0.1 kb	 0.0% Packages/com.unity.inputsystem/InputSystem/Editor/AssetImporter/InputActionCodeGenerator.cs
 0.1 kb	 0.0% Packages/com.unity.inputsystem/InputSystem/Editor/AssetImporter/InputActionAssetEditor.cs
 0.1 kb	 0.0% Packages/com.unity.inputsystem/InputSystem/Editor/AssetImporter/IInputActionAssetEditor.cs
 0.1 kb	 0.0% Packages/com.unity.inputsystem/InputSystem/Editor/AssetEditor/InputActionEditorWindow.cs
 0.1 kb	 0.0% Packages/com.unity.inputsystem/InputSystem/Editor/AssetEditor/InputActionEditorToolbar.cs
 0.1 kb	 0.0% Packages/com.unity.inputsystem/InputSystem/Editor/AssetEditor/InputActionAssetManager.cs
 0.1 kb	 0.0% Packages/com.unity.inputsystem/InputSystem/Devices/Remote/RemoteInputPlayerConnection.cs
 0.1 kb	 0.0% Packages/com.unity.inputsystem/InputSystem/Devices/InputDeviceDescription.cs
 0.1 kb	 0.0% Packages/com.unity.inputsystem/InputSystem/Devices/Haptics/DualMotorRumbleCommand.cs
 0.1 kb	 0.0% Packages/com.unity.inputsystem/InputSystem/Devices/Commands/WarpMousePositionCommand.cs
 0.1 kb	 0.0% Packages/com.unity.inputsystem/InputSystem/Devices/Commands/QueryEnabledStateCommand.cs
 0.1 kb	 0.0% Packages/com.unity.inputsystem/InputSystem/Devices/Commands/QueryDimensionsCommand.cs
 0.1 kb	 0.0% Packages/com.unity.inputsystem/InputSystem/Devices/Commands/QueryCanRunInBackground.cs
 0.1 kb	 0.0% Packages/com.unity.inputsystem/InputSystem/Devices/Commands/IInputDeviceCommandInfo.cs
 0.1 kb	 0.0% Packages/com.unity.inputsystem/InputSystem/Controls/InputControlAttribute.cs
 0.1 kb	 0.0% Packages/com.unity.inputsystem/InputSystem/Controls/DiscreteButtonControl.cs
 0.1 kb	 0.0% Packages/com.unity.inputsystem/InputSystem/Actions/InputBindingCompositeContext.cs
 0.1 kb	 0.0% Packages/com.unity.inputsystem/InputSystem/Actions/InputActionSetupExtensions.cs
 0.1 kb	 0.0% Packages/com.unity.inputsystem/InputSystem/Actions/InputActionParameters.cs
 0.1 kb	 0.0% Packages/com.unity.cinemachine/Runtime/Core/CinemachinePropertyAttribute.cs
 0.1 kb	 0.0% Packages/com.ivanmurzak.unity.mcp/Runtime/UnityMcpPlugin.Converters.cs
 0.1 kb	 0.0% Assets/TextMesh Pro/Resources/LineBreaking Leading Characters.txt
 0.1 kb	 0.0% Assets/Resources/WoodBlockData.asset
 0.1 kb	 0.0% Assets/Resources/IronBlockData.asset
 0.1 kb	 0.0% Packages/extensions.unity.playerprefsex/Runtime/Scripts/Variables/PlayerPrefsInt.cs
 0.1 kb	 0.0% Packages/extensions.unity.playerprefsex/Runtime/Scripts/Variables/PlayerPrefsFloat.cs
 0.1 kb	 0.0% Packages/extensions.unity.playerprefsex/Runtime/Scripts/Variables/PlayerPrefsEx.cs
 0.1 kb	 0.0% Packages/extensions.unity.playerprefsex/Runtime/Scripts/Variables/PlayerPrefsBool.cs
 0.1 kb	 0.0% Packages/extensions.unity.playerprefsex/Runtime/Scripts/PlayerPrefsEx.cs
 0.1 kb	 0.0% Packages/com.unity.visualscripting/Runtime/VisualScripting.Core/Reflection/Optimization/StaticActionInvoker_5.cs
 0.1 kb	 0.0% Packages/com.unity.visualscripting/Runtime/VisualScripting.Core/Reflection/Optimization/StaticActionInvoker_4.cs
 0.1 kb	 0.0% Packages/com.unity.visualscripting/Runtime/VisualScripting.Core/Reflection/Optimization/StaticActionInvoker_3.cs
 0.1 kb	 0.0% Packages/com.unity.visualscripting/Runtime/VisualScripting.Core/Reflection/Optimization/StaticActionInvoker_2.cs
 0.1 kb	 0.0% Packages/com.unity.visualscripting/Runtime/VisualScripting.Core/Reflection/Optimization/StaticActionInvoker_1.cs
 0.1 kb	 0.0% Packages/com.unity.visualscripting/Runtime/VisualScripting.Core/Reflection/Optimization/StaticActionInvoker_0.cs
 0.1 kb	 0.0% Packages/com.unity.visualscripting/Runtime/VisualScripting.Core/Ensure/EnsureThat.NullableValueTypes.cs
 0.1 kb	 0.0% Packages/com.unity.visualscripting/Runtime/VisualScripting.Core/Dependencies/FullSerializer/fsJsonPrinter.cs
 0.1 kb	 0.0% Packages/com.unity.visualscripting/Runtime/VisualScripting.Core/Dependencies/FullSerializer/fsBaseConverter.cs
 0.1 kb	 0.0% Packages/com.unity.visualscripting/Runtime/VisualScripting.Core/Dependencies/FullSerializer/Reflection/fsMetaProperty.cs
 0.1 kb	 0.0% Packages/com.unity.visualscripting/Runtime/VisualScripting.Core/Dependencies/FullSerializer/Converters/fsTypeConverter.cs
 0.1 kb	 0.0% Packages/com.unity.visualscripting/Runtime/VisualScripting.Core/Dependencies/FullSerializer/Converters/fsGuidConverter.cs
 0.1 kb	 0.0% Packages/com.unity.visualscripting/Runtime/VisualScripting.Core/Dependencies/FullSerializer/Converters/fsEnumConverter.cs
 0.1 kb	 0.0% Packages/com.unity.visualscripting/Runtime/VisualScripting.Core/Dependencies/FullSerializer/Converters/fsDateConverter.cs
 0.1 kb	 0.0% Packages/com.unity.visualscripting/Runtime/VisualScripting.Core/Dependencies/FullSerializer/Converters/fsArrayConverter.cs
 0.1 kb	 0.0% Packages/com.unity.ugui/Runtime/UI/Core/Layout/HorizontalOrVerticalLayoutGroup.cs
 0.1 kb	 0.0% Packages/com.unity.test-framework/UnityEngine.TestRunner/Utils/TestRunCallbackAttribute.cs
 0.1 kb	 0.0% Packages/com.unity.test-framework/UnityEngine.TestRunner/Utils/IOuterUnityTestAction.cs
 0.1 kb	 0.0% Packages/com.unity.test-framework/UnityEngine.TestRunner/TestRunner/TestListenerWrapper.cs
 0.1 kb	 0.0% Packages/com.unity.test-framework/UnityEngine.TestRunner/TestRunner/ITestRunnerListener.cs
 0.1 kb	 0.0% Packages/com.unity.test-framework/UnityEngine.TestRunner/NUnitExtensions/TestExtensions.cs
 0.1 kb	 0.0% Packages/com.unity.test-framework/UnityEngine.TestRunner/NUnitExtensions/Runner/FailCommand.cs
 0.1 kb	 0.0% Packages/com.unity.test-framework/UnityEngine.TestRunner/NUnitExtensions/IStateSerializer.cs
 0.1 kb	 0.0% Packages/com.unity.test-framework/UnityEngine.TestRunner/NUnitExtensions/Commands/UnityTestMethodCommand.cs
 0.1 kb	 0.0% Packages/com.unity.test-framework/UnityEngine.TestRunner/NUnitExtensions/BaseDelegator.cs
 0.1 kb	 0.0% Packages/com.unity.test-framework/UnityEngine.TestRunner/NUnitExtensions/Attributes/UnityTearDownAttribute.cs
 0.1 kb	 0.0% Packages/com.unity.test-framework/UnityEngine.TestRunner/NUnitExtensions/Attributes/UnityPlatformAttribute.cs
 0.1 kb	 0.0% Packages/com.unity.test-framework/UnityEngine.TestRunner/NUnitExtensions/ActionDelegator.cs
 0.1 kb	 0.0% Packages/com.unity.services.core/Runtime/Telemetry/Diagnotstics/Diagnostics.cs
 0.1 kb	 0.0% Packages/com.unity.services.core/Runtime/Device/UserIdProviders/UnityAdsIdentifier.cs
 0.1 kb	 0.0% Packages/com.unity.services.core/Runtime/Device/EngineInstallationId.cs
 0.1 kb	 0.0% Packages/com.unity.services.core/Runtime/Core/Initialization/ServicesCreationException.cs
 0.1 kb	 0.0% Packages/com.unity.services.core/Runtime/Core.Internal/Utils/UnityWebRequestUtils.cs
 0.1 kb	 0.0% Packages/com.unity.services.core/Runtime/Core.Internal/Utils/DictionaryExtensions.cs
 0.1 kb	 0.0% Packages/com.unity.services.core/Runtime/Core.Internal/Registry/IServiceComponent.cs
 0.1 kb	 0.0% Packages/com.unity.services.core/Runtime/Core.Internal/Registry/CorePackageRegistry.cs
 0.1 kb	 0.0% Packages/com.unity.services.core/Runtime/Core.Internal/Registry/ComponentRegistry/IComponentRegistry.cs
 0.1 kb	 0.0% Packages/com.unity.services.core/Runtime/Core.Internal/Registry/ComponentRegistry/ComponentRegistry.cs
 0.1 kb	 0.0% Packages/com.unity.services.core/Runtime/Core.Internal/CoreInternalResetter.cs
 0.1 kb	 0.0% Packages/com.unity.services.core/Runtime/Core.Internal/Components/Device/IInstallationId.cs
 0.1 kb	 0.0% Packages/com.unity.services.core/Runtime/Core.Internal/Attributes/VisibilityAttribute.cs
 0.1 kb	 0.0% Packages/com.unity.services.core/Runtime/Core.Internal/AsyncOperation/TaskAsyncOperation.cs
 0.1 kb	 0.0% Packages/com.unity.services.core/Runtime/Core.Internal/AsyncOperation/AsyncOperationBase.cs
 0.1 kb	 0.0% Packages/com.unity.render-pipelines.universal/Runtime/Tiling/ZBinningJob.cs
 0.1 kb	 0.0% Packages/com.unity.render-pipelines.universal/Runtime/Tiling/TilingJob.cs
 0.1 kb	 0.0% Packages/com.unity.render-pipelines.universal/Runtime/TemporalAA.cs
 0.1 kb	 0.0% Packages/com.unity.render-pipelines.universal/Runtime/ShadowUtils.cs
 0.1 kb	 0.0% Packages/com.unity.render-pipelines.universal/Runtime/ShaderUtils.cs
 0.1 kb	 0.0% Packages/com.unity.render-pipelines.universal/Runtime/ShaderData.cs
 0.1 kb	 0.0% Packages/com.unity.render-pipelines.universal/Runtime/Passes/CapturePass.cs
 0.1 kb	 0.0% Packages/com.unity.render-pipelines.universal/Runtime/Overrides/WhiteBalance.cs
 0.1 kb	 0.0% Packages/com.unity.render-pipelines.universal/Runtime/Overrides/Tonemapping.cs
 0.1 kb	 0.0% Packages/com.unity.render-pipelines.universal/Runtime/Overrides/SplitToning.cs
 0.1 kb	 0.0% Packages/com.unity.render-pipelines.universal/Runtime/Overrides/MotionBlur.cs
 0.1 kb	 0.0% Packages/com.unity.render-pipelines.universal/Runtime/Overrides/FilmGrain.cs
 0.1 kb	 0.0% Packages/com.unity.render-pipelines.universal/Runtime/Overrides/DepthOfField.cs
 0.1 kb	 0.0% Packages/com.unity.render-pipelines.universal/Runtime/Overrides/ColorLookup.cs
 0.1 kb	 0.0% Packages/com.unity.render-pipelines.universal/Runtime/Overrides/ColorCurves.cs
 0.1 kb	 0.0% Packages/com.unity.render-pipelines.universal/Runtime/Overrides/ChannelMixer.cs
 0.1 kb	 0.0% Packages/com.unity.render-pipelines.universal/Runtime/External/LibTessDotNet/Tess.cs
 0.1 kb	 0.0% Packages/com.unity.render-pipelines.universal/Runtime/External/LibTessDotNet/Mesh.cs
 0.1 kb	 0.0% Packages/com.unity.render-pipelines.universal/Runtime/External/LibTessDotNet/Geom.cs
 0.1 kb	 0.0% Packages/com.unity.render-pipelines.universal/Runtime/Decal/Entities/DecalChunk.cs
 0.1 kb	 0.0% Packages/com.unity.render-pipelines.universal/Runtime/Debug/DebugHandler.cs
 0.1 kb	 0.0% Packages/com.unity.render-pipelines.universal/Runtime/Data/XRSystemData.cs
 0.1 kb	 0.0% Packages/com.unity.render-pipelines.universal/Runtime/2D/UTess2D/UTess.cs
 0.1 kb	 0.0% Packages/com.unity.render-pipelines.universal/Runtime/2D/UTess2D/Smoothen.cs
 0.1 kb	 0.0% Packages/com.unity.render-pipelines.universal/Runtime/2D/UTess2D/Refinery.cs
 0.1 kb	 0.0% Packages/com.unity.render-pipelines.universal/Runtime/2D/Renderer2D.cs
 0.1 kb	 0.0% Packages/com.unity.render-pipelines.universal/Runtime/2D/Passes/Utility/LayerUtility.cs
 0.1 kb	 0.0% Packages/com.unity.render-pipelines.universal/Runtime/2D/Passes/UpscalePass.cs
 0.1 kb	 0.0% Packages/com.unity.render-pipelines.universal/Runtime/2D/LightUtility.cs
 0.1 kb	 0.0% Packages/com.unity.render-pipelines.core/Runtime/XR/XRMirrorView.cs
 0.1 kb	 0.0% Packages/com.unity.render-pipelines.core/Runtime/Lighting/ProbeVolume/ProbeIndexOfIndices.cs
 0.1 kb	 0.0% Packages/com.unity.render-pipelines.core/Runtime/Common/CoreAttributes.cs
 0.1 kb	 0.0% Packages/com.unity.purchasing/Runtime/Stores/PaymentProvider/PaymentProviderImpl.cs
 0.1 kb	 0.0% Packages/com.unity.purchasing/Runtime/Stores/PaymentProvider/GuidExtensions.cs
 0.1 kb	 0.0% Packages/com.unity.purchasing/Runtime/Stores/FakeStore/FakeStoreCartValidator.cs
 0.1 kb	 0.0% Packages/com.unity.purchasing/Runtime/Stores/Data/StoreLocationContext.cs
 0.1 kb	 0.0% Packages/com.unity.purchasing/Runtime/Stores/Core/Purchasing/PurchaseServiceFactory.cs
 0.1 kb	 0.0% Packages/com.unity.purchasing/Runtime/Stores/Core/Product/ProductServiceFactory.cs
 0.1 kb	 0.0% Packages/com.unity.purchasing/Runtime/Stores/AppleAppStore/MetricizedAppleStoreImpl.cs
 0.1 kb	 0.0% Packages/com.unity.purchasing/Runtime/Stores/AppleAppStore/ExternalPurchase/ExternalPurchaseClient.cs
 0.1 kb	 0.0% Packages/com.unity.purchasing/Runtime/Stores/AppleAppStore/AppleReceiptExtensions.cs
 0.1 kb	 0.0% Packages/com.unity.purchasing/Runtime/Stores/Android/GooglePlay/Interfaces/IGooglePurchaseConverter.cs
 0.1 kb	 0.0% Packages/com.unity.purchasing/Runtime/Stores/Android/GooglePlay/Interfaces/IBillingClientFactory.cs
 0.1 kb	 0.0% Packages/com.unity.purchasing/Runtime/Stores/Android/GooglePlay/GooglePurchaseConverter.cs
 0.1 kb	 0.0% Packages/com.unity.purchasing/Runtime/Stores/Android/GooglePlay/AAR/Models/GoogleBillingStrings.cs
 0.1 kb	 0.0% Packages/com.unity.purchasing/Runtime/Stores/Android/GooglePlay/AAR/Models/GoogleBillingResult.cs
 0.1 kb	 0.0% Packages/com.unity.purchasing/Runtime/Stores/Android/GooglePlay/AAR/GooglePurchaseService.cs
 0.1 kb	 0.0% Packages/com.unity.purchasing/Runtime/Stores/Android/GooglePlay/AAR/GooglePlayStoreService.cs
 0.1 kb	 0.0% Packages/com.unity.purchasing/Runtime/SecurityStub/AppleValidator.cs
 0.1 kb	 0.0% Packages/com.unity.purchasing/Runtime/SecurityCore/IPurchaseReceipt.cs
 0.1 kb	 0.0% Packages/com.unity.purchasing/Runtime/Purchasing/Utilities/ProductDefinitionExtensions.cs
 0.1 kb	 0.0% Packages/com.unity.purchasing/Runtime/Purchasing/Utilities/Interfaces/ICatalogListingParser.cs
 0.1 kb	 0.0% Packages/com.unity.purchasing/Runtime/Purchasing/Telemetry/Metrics/TelemetryMetricsService.cs
 0.1 kb	 0.0% Packages/com.unity.purchasing/Runtime/Purchasing/Telemetry/Metrics/TelemetryMetricParams.cs
 0.1 kb	 0.0% Packages/com.unity.purchasing/Runtime/Purchasing/Telemetry/Metrics/Interfaces/ITelemetryMetricsService.cs
 0.1 kb	 0.0% Packages/com.unity.purchasing/Runtime/Purchasing/Telemetry/Metrics/Interfaces/ITelemetryMetricEvent.cs
 0.1 kb	 0.0% Packages/com.unity.purchasing/Runtime/Purchasing/Telemetry/IapTelemetryException.cs
 0.1 kb	 0.0% Packages/com.unity.purchasing/Runtime/Purchasing/Telemetry/Diagnostics/TelemetryDiagnosticNames.cs
 0.1 kb	 0.0% Packages/com.unity.purchasing/Runtime/Purchasing/Telemetry/Diagnostics/Interfaces/ITelemetryDiagnostics.cs
 0.1 kb	 0.0% Packages/com.unity.purchasing/Runtime/Purchasing/Stores/PaymentProvider/Interfaces/IPaymentProviderCallbacks.cs
 0.1 kb	 0.0% Packages/com.unity.purchasing/Runtime/Purchasing/Stores/Helpers/SelectedAndroidStoreHelper.cs
 0.1 kb	 0.0% Packages/com.unity.purchasing/Runtime/Purchasing/Stores/AppleAppStore/Interfaces/IAppleFetchProductsService.cs
 0.1 kb	 0.0% Packages/com.unity.purchasing/Runtime/Purchasing/Stores/AppleAppStore/AppleFetchProductsService.cs
 0.1 kb	 0.0% Packages/com.unity.purchasing/Runtime/Purchasing/Stores/Android/GooglePlay/AAR/Interfaces/IBillingClient.cs
 0.1 kb	 0.0% Packages/com.unity.purchasing/Runtime/Purchasing/Stores/Android/AAR/IGoogleAdvertisingIdClient.cs
 0.1 kb	 0.0% Packages/com.unity.purchasing/Runtime/Purchasing/Stores/Android/AAR/GoogleAdvertisingIdClient.cs
 0.1 kb	 0.0% Packages/com.unity.purchasing/Runtime/Purchasing/PurchaseFailureDescription.cs
 0.1 kb	 0.0% Packages/com.unity.purchasing/Runtime/Purchasing/PaymentOption/PaymentOptionProviderUITK.cs
 0.1 kb	 0.0% Packages/com.unity.purchasing/Runtime/Purchasing/PaymentOption/PaymentOptionProviderUITK.UI.cs
 0.1 kb	 0.0% Packages/com.unity.purchasing/Runtime/Purchasing/Legacy/Extensions/Interfaces/IGooglePlayStoreExtensions.cs
 0.1 kb	 0.0% Packages/com.unity.purchasing/Runtime/Purchasing/Insights/IPurchaseFulfilledPayload.cs
 0.1 kb	 0.0% Packages/com.unity.purchasing/Runtime/Purchasing/Extension/Interfaces/IRemoteCatalogProvider.cs
 0.1 kb	 0.0% Packages/com.unity.purchasing/Runtime/Purchasing/Extension/Interfaces/IReadOnlyPurchaseCache.cs
 0.1 kb	 0.0% Packages/com.unity.purchasing/Runtime/Purchasing/Extension/Interfaces/IReadOnlyProductCache.cs
 0.1 kb	 0.0% Packages/com.unity.purchasing/Runtime/Purchasing/Extension/CatalogListings/CatalogListingResult.cs
 0.1 kb	 0.0% Packages/com.unity.purchasing/Runtime/Purchasing/Extension/CatalogListings/CatalogListingDto.cs
 0.1 kb	 0.0% Packages/com.unity.purchasing/Runtime/Purchasing/Extension/CatalogListings/CatalogListingClient.cs
 0.1 kb	 0.0% Packages/com.unity.purchasing/Runtime/Purchasing/DependencyInjection/IDependencyInjectionService.cs
 0.1 kb	 0.0% Packages/com.unity.purchasing/Runtime/Purchasing/DependencyInjection/DependencyInjectionService.cs
 0.1 kb	 0.0% Packages/com.unity.purchasing/Runtime/Purchasing/DependencyInjection/DependencyInjectionException.cs
 0.1 kb	 0.0% Packages/com.unity.purchasing/Runtime/Purchasing/Core/Store/UseCases/StoreConnectUseCaseFactory.cs
 0.1 kb	 0.0% Packages/com.unity.purchasing/Runtime/Purchasing/Core/Store/StoreServiceFactoryManager.cs
 0.1 kb	 0.0% Packages/com.unity.purchasing/Runtime/Purchasing/Core/Store/StoreConnectionStateService.cs
 0.1 kb	 0.0% Packages/com.unity.purchasing/Runtime/Purchasing/Core/Store/Interfaces/IStoreServiceFactoryManager.cs
 0.1 kb	 0.0% Packages/com.unity.purchasing/Runtime/Purchasing/Core/Store/Interfaces/IStoreConnectionStateService.cs
 0.1 kb	 0.0% Packages/com.unity.purchasing/Runtime/Purchasing/Core/Store/AppleAppStore/Extensions/UseCases/FetchStorefrontUseCase.cs
 0.1 kb	 0.0% Packages/com.unity.purchasing/Runtime/Purchasing/Core/Store/AppleAppStore/Extensions/UseCases/CanMakePaymentsUseCase.cs
 0.1 kb	 0.0% Packages/com.unity.purchasing/Runtime/Purchasing/Core/Store/AppleAppStore/Extensions/Interfaces/IAppleStoreExtendedService.cs
 0.1 kb	 0.0% Packages/com.unity.purchasing/Runtime/Purchasing/Core/Purchasing/UseCases/OnEntitlementRevokedUseCase.cs
 0.1 kb	 0.0% Packages/com.unity.purchasing/Runtime/Purchasing/Core/Purchasing/Models/UnknownPurchasedProductInfo.cs
 0.1 kb	 0.0% Packages/com.unity.purchasing/Runtime/Purchasing/Core/Purchasing/Interfaces/UseCases/IOnEntitlementRevokedUseCase.cs
 0.1 kb	 0.0% Packages/com.unity.purchasing/Runtime/Purchasing/Core/Purchasing/Interfaces/IPurchaseServiceExtension.cs
 0.1 kb	 0.0% Packages/com.unity.purchasing/Runtime/Purchasing/Core/Purchasing/Interfaces/Callbacks/IStorePurchaseFetchCallback.cs
 0.1 kb	 0.0% Packages/com.unity.purchasing/Runtime/Purchasing/Core/Purchasing/ExtensiblePurchaseService.cs
 0.1 kb	 0.0% Packages/com.unity.purchasing/Runtime/Purchasing/Core/Purchasing/Exceptions/RestrictedTokensNotAvailable.cs
 0.1 kb	 0.0% Packages/com.unity.purchasing/Runtime/Purchasing/Core/Purchasing/CartValidation/SingleQuantityCartValidator.cs
 0.1 kb	 0.0% Packages/com.unity.purchasing/Runtime/Purchasing/Core/Purchasing/CartValidation/SingleProductCartValidator.cs
 0.1 kb	 0.0% Packages/com.unity.purchasing/Runtime/Purchasing/Core/Purchasing/AppleAppStore/Extensions/UseCases/SimulateAskToBuyUseCase.cs
 0.1 kb	 0.0% Packages/com.unity.purchasing/Runtime/Purchasing/Core/Purchasing/AppleAppStore/AppleAppStoreCartValidator.cs
 0.1 kb	 0.0% Packages/com.unity.purchasing/Runtime/Purchasing/Core/Purchasing/Android/GooglePlay/UseCases/GooglePlayPurchaseUseCase.cs
 0.1 kb	 0.0% Packages/com.unity.purchasing/Runtime/Purchasing/Core/Purchasing/Android/GooglePlay/Models/SubscriptionChangeRequest.cs
 0.1 kb	 0.0% Packages/com.unity.purchasing/Runtime/Purchasing/Core/Product/ProductServiceFactoryManager.cs
 0.1 kb	 0.0% Packages/com.unity.purchasing/Runtime/Purchasing/Core/Product/Interfaces/Callbacks/IStoreProductsCallback.cs
 0.1 kb	 0.0% Packages/com.unity.purchasing/Runtime/Purchasing/Core/Product/AppleAppStore/Extensions/UseCases/GetProductDetailsUseCase.cs
 0.1 kb	 0.0% Packages/com.unity.probuilder/Runtime/MeshOperations/InternalMeshUtility.cs
 0.1 kb	 0.0% Packages/com.unity.probuilder/Runtime/Core/SelectionPickerRendererStandard.cs
 0.1 kb	 0.0% Packages/com.unity.probuilder/Content/Resources/Materials/StandardVertexColorLWRP.mat
 0.1 kb	 0.0% Packages/com.unity.probuilder/Content/Resources/Materials/StandardVertexColorHDRP.mat
 0.1 kb	 0.0% Packages/com.unity.inputsystem/InputSystem/Utilities/NameAndParameters.cs
 0.1 kb	 0.0% Packages/com.unity.inputsystem/InputSystem/Utilities/CSharpCodeHelpers.cs
 0.1 kb	 0.0% Packages/com.unity.inputsystem/InputSystem/Plugins/UI/TrackedDeviceRaycaster.cs
 0.1 kb	 0.0% Packages/com.unity.inputsystem/InputSystem/Plugins/UI/MultiplayerEventSystem.cs
 0.1 kb	 0.0% Packages/com.unity.inputsystem/InputSystem/Plugins/UI/InputSystemUIInputModule.cs
 0.1 kb	 0.0% Packages/com.unity.inputsystem/InputSystem/Plugins/UI/ExtendedPointerEventData.cs
 0.1 kb	 0.0% Packages/com.unity.inputsystem/InputSystem/Plugins/UI/ExtendedAxisEventData.cs
 0.1 kb	 0.0% Packages/com.unity.inputsystem/InputSystem/Plugins/HID/HIDDescriptorWindow.cs
 0.1 kb	 0.0% Packages/com.unity.inputsystem/InputSystem/Plugins/DualShock/IDualShockHaptics.cs
 0.1 kb	 0.0% Packages/com.unity.inputsystem/InputSystem/Editor/AssetEditor/ParameterListView.cs
 0.1 kb	 0.0% Packages/com.unity.inputsystem/InputSystem/Editor/AssetEditor/InputActionTreeViewItems.cs
 0.1 kb	 0.0% Packages/com.unity.inputsystem/InputSystem/Controls/Processors/NormalizeProcessor.cs
 0.1 kb	 0.0% Packages/com.unity.inputsystem/InputSystem/Actions/Interactions/SlowTapInteraction.cs
 0.1 kb	 0.0% Packages/com.unity.inputsystem/InputSystem/Actions/Interactions/MultiTapInteraction.cs
 0.1 kb	 0.0% Packages/com.unity.inputsystem/InputSystem/Actions/Composites/OneModifierComposite.cs
 0.1 kb	 0.0% Packages/com.unity.cinemachine/Runtime/PostProcessing/CinemachineVolumeSettings.cs
 0.1 kb	 0.0% Packages/com.unity.cinemachine/Runtime/Impulse/CinemachineImpulseManager.cs
 0.1 kb	 0.0% Packages/com.unity.cinemachine/Runtime/Impulse/CinemachineImpulseListener.cs
 0.1 kb	 0.0% Packages/com.unity.cinemachine/Runtime/Impulse/CinemachineImpulseDefinition.cs
 0.1 kb	 0.0% Packages/com.unity.cinemachine/Runtime/Helpers/CinemachineSplineSmoother.cs
 0.1 kb	 0.0% Packages/com.unity.cinemachine/Runtime/Helpers/CinemachineMixerEventsBase.cs
 0.1 kb	 0.0% Packages/com.unity.cinemachine/Runtime/Deprecated/CinemachineTouchInputMapper.cs
 0.1 kb	 0.0% Packages/com.unity.cinemachine/Runtime/Deprecated/CinemachineOrbitalTransposer.cs
 0.1 kb	 0.0% Packages/com.unity.cinemachine/Runtime/Deprecated/CinemachineInputAxisDriver.cs
 0.1 kb	 0.0% Packages/com.unity.cinemachine/Runtime/Deprecated/CinemachineFramingTransposer.cs
 0.1 kb	 0.0% Packages/com.unity.cinemachine/Runtime/Deprecated/Cinemachine3rdPersonFollow.cs
 0.1 kb	 0.0% Packages/com.unity.cinemachine/Runtime/Core/SplineContainerExtensions.cs
 0.1 kb	 0.0% Packages/com.unity.cinemachine/Runtime/Core/CinemachineVirtualCameraBase.cs
 0.1 kb	 0.0% Packages/com.unity.cinemachine/Runtime/Core/CinemachineCameraManagerBase.cs
 0.1 kb	 0.0% Packages/com.unity.cinemachine/Runtime/Core/CinemachineBlenderSettings.cs
 0.1 kb	 0.0% Packages/com.unity.cinemachine/Runtime/Components/CinemachineThirdPersonFollow.cs
 0.1 kb	 0.0% Packages/com.unity.cinemachine/Runtime/Components/CinemachineRotationComposer.cs
 0.1 kb	 0.0% Packages/com.unity.cinemachine/Runtime/Components/CinemachinePositionComposer.cs
 0.1 kb	 0.0% Packages/com.unity.cinemachine/Runtime/Components/CinemachineHardLockToTarget.cs
 0.1 kb	 0.0% Packages/com.unity.cinemachine/Runtime/Behaviours/CinemachineThirdPersonAim.cs
 0.1 kb	 0.0% Packages/com.unity.cinemachine/Runtime/Behaviours/CinemachineStateDrivenCamera.cs
 0.1 kb	 0.0% Packages/com.unity.cinemachine/Runtime/Behaviours/CinemachineSequencerCamera.cs
 0.1 kb	 0.0% Packages/com.unity.cinemachine/Runtime/Behaviours/CinemachineFreeLookModifier.cs
 0.1 kb	 0.0% Packages/com.unity.cinemachine/Runtime/Behaviours/CinemachineExternalCamera.cs
 0.1 kb	 0.0% Packages/com.unity.2d.pixel-perfect/Runtime/PixelPerfectCameraInternal.cs
 0.1 kb	 0.0% Packages/com.ivanmurzak.unity.mcp/Runtime/Utils/WeakAction.cs
 0.1 kb	 0.0% Packages/com.ivanmurzak.unity.mcp/Runtime/Utils/SceneUtils.cs
 0.1 kb	 0.0% Packages/com.ivanmurzak.unity.mcp/Runtime/Utils/ErrorUtils.cs
 0.1 kb	 0.0% Packages/com.ivanmurzak.unity.mcp/Runtime/Unity/Logs/UnityLogCollector.cs
 0.1 kb	 0.0% Assets/TextMesh Pro/Examples & Extras/Resources/Color Gradient Presets/Light to Dark Green - Vertical.asset
 0.1 kb	 0.0% Assets/TextMesh Pro/Examples & Extras/Resources/Color Gradient Presets/Dark to Light Green - Vertical.asset
 0.1 kb	 0.0% Packages/com.unity.visualscripting/Runtime/VisualScripting.State/FlowStateTransition.cs
 0.1 kb	 0.0% Packages/com.unity.visualscripting/Runtime/VisualScripting.Flow/Ports/ValuePortDefinition.cs
 0.1 kb	 0.0% Packages/com.unity.visualscripting/Runtime/VisualScripting.Flow/Ports/ValueInputDefinition.cs
 0.1 kb	 0.0% Packages/com.unity.visualscripting/Runtime/VisualScripting.Flow/Ports/UnitPortDefinition.cs
 0.1 kb	 0.0% Packages/com.unity.visualscripting/Runtime/VisualScripting.Flow/Ports/IUnitPortDefinition.cs
 0.1 kb	 0.0% Packages/com.unity.visualscripting/Runtime/VisualScripting.Flow/Framework/Variables/UnifiedVariableUnit.cs
 0.1 kb	 0.0% Packages/com.unity.visualscripting/Runtime/VisualScripting.Flow/Framework/Variables/Obsolete/SetObjectVariable.cs
 0.1 kb	 0.0% Packages/com.unity.visualscripting/Runtime/VisualScripting.Flow/Framework/Variables/Obsolete/ISceneVariableUnit.cs
 0.1 kb	 0.0% Packages/com.unity.visualscripting/Runtime/VisualScripting.Flow/Framework/Variables/Obsolete/ISavedVariableUnit.cs
 0.1 kb	 0.0% Packages/com.unity.visualscripting/Runtime/VisualScripting.Flow/Framework/Variables/Obsolete/IObjectVariableUnit.cs
 0.1 kb	 0.0% Packages/com.unity.visualscripting/Runtime/VisualScripting.Flow/Framework/Variables/Obsolete/IGraphVariableUnit.cs
 0.1 kb	 0.0% Packages/com.unity.visualscripting/Runtime/VisualScripting.Flow/Framework/Variables/Obsolete/GetObjectVariable.cs
 0.1 kb	 0.0% Packages/com.unity.visualscripting/Runtime/VisualScripting.Flow/Framework/Variables/IsVariableDefined.cs
 0.1 kb	 0.0% Packages/com.unity.visualscripting/Runtime/VisualScripting.Flow/Framework/Variables/IUnifiedVariableUnit.cs
 0.1 kb	 0.0% Packages/com.unity.visualscripting/Runtime/VisualScripting.Flow/Framework/Time/WaitForSecondsUnit.cs
 0.1 kb	 0.0% Packages/com.unity.visualscripting/Runtime/VisualScripting.Flow/Framework/Time/WaitForNextFrameUnit.cs
 0.1 kb	 0.0% Packages/com.unity.visualscripting/Runtime/VisualScripting.Flow/Framework/Math/Vector4/Vector4MoveTowards.cs
 0.1 kb	 0.0% Packages/com.unity.visualscripting/Runtime/VisualScripting.Flow/Framework/Math/Vector4/Vector4DotProduct.cs
 0.1 kb	 0.0% Packages/com.unity.visualscripting/Runtime/VisualScripting.Flow/Framework/Math/Vector4/DeprecatedVector4Add.cs
 0.1 kb	 0.0% Packages/com.unity.visualscripting/Runtime/VisualScripting.Flow/Framework/Math/Vector3/Vector3MoveTowards.cs
 0.1 kb	 0.0% Packages/com.unity.visualscripting/Runtime/VisualScripting.Flow/Framework/Math/Vector3/Vector3DotProduct.cs
 0.1 kb	 0.0% Packages/com.unity.visualscripting/Runtime/VisualScripting.Flow/Framework/Math/Vector3/Vector3CrossProduct.cs
 0.1 kb	 0.0% Packages/com.unity.visualscripting/Runtime/VisualScripting.Flow/Framework/Math/Vector3/DeprecatedVector3Add.cs
 0.1 kb	 0.0% Packages/com.unity.visualscripting/Runtime/VisualScripting.Flow/Framework/Math/Vector2/Vector2MoveTowards.cs
 0.1 kb	 0.0% Packages/com.unity.visualscripting/Runtime/VisualScripting.Flow/Framework/Math/Vector2/Vector2DotProduct.cs
 0.1 kb	 0.0% Packages/com.unity.visualscripting/Runtime/VisualScripting.Flow/Framework/Math/Vector2/DeprecatedVector2Add.cs
 0.1 kb	 0.0% Packages/com.unity.visualscripting/Runtime/VisualScripting.Flow/Framework/Math/Scalar/ScalarMoveTowards.cs
 0.1 kb	 0.0% Packages/com.unity.visualscripting/Runtime/VisualScripting.Flow/Framework/Math/Scalar/ScalarExponentiate.cs
 0.1 kb	 0.0% Packages/com.unity.visualscripting/Runtime/VisualScripting.Flow/Framework/Math/Scalar/DeprecatedScalarAdd.cs
 0.1 kb	 0.0% Packages/com.unity.visualscripting/Runtime/VisualScripting.Flow/Framework/Math/Generic/DeprecatedGenericAdd.cs
 0.1 kb	 0.0% Packages/com.unity.visualscripting/Runtime/VisualScripting.Flow/Framework/Logic/NumericComparison.cs
 0.1 kb	 0.0% Packages/com.unity.visualscripting/Runtime/VisualScripting.Flow/Framework/Logic/EqualityComparison.cs
 0.1 kb	 0.0% Packages/com.unity.visualscripting/Runtime/VisualScripting.Flow/Framework/Logic/BinaryComparisonUnit.cs
 0.1 kb	 0.0% Packages/com.unity.visualscripting/Runtime/VisualScripting.Flow/Framework/Logic/ApproximatelyEqual.cs
 0.1 kb	 0.0% Packages/com.unity.visualscripting/Runtime/VisualScripting.Flow/Framework/Events/TriggerCustomEvent.cs
 0.1 kb	 0.0% Packages/com.unity.visualscripting/Runtime/VisualScripting.Flow/Framework/Events/Rendering/OnBecameInvisible.cs
 0.1 kb	 0.0% Packages/com.unity.visualscripting/Runtime/VisualScripting.Flow/Framework/Events/Physics2D/TriggerEvent2DUnit.cs
 0.1 kb	 0.0% Packages/com.unity.visualscripting/Runtime/VisualScripting.Flow/Framework/Events/Physics2D/OnCollisionStay2D.cs
 0.1 kb	 0.0% Packages/com.unity.visualscripting/Runtime/VisualScripting.Flow/Framework/Events/Physics2D/OnCollisionExit2D.cs
 0.1 kb	 0.0% Packages/com.unity.visualscripting/Runtime/VisualScripting.Flow/Framework/Events/Physics2D/OnCollisionEnter2D.cs
 0.1 kb	 0.0% Packages/com.unity.visualscripting/Runtime/VisualScripting.Flow/Framework/Events/Physics2D/CollisionEvent2DUnit.cs
 0.1 kb	 0.0% Packages/com.unity.visualscripting/Runtime/VisualScripting.Flow/Framework/Events/Physics/OnParticleCollision.cs
 0.1 kb	 0.0% Packages/com.unity.visualscripting/Runtime/VisualScripting.Flow/Framework/Events/Physics/CollisionEventUnit.cs
 0.1 kb	 0.0% Packages/com.unity.visualscripting/Runtime/VisualScripting.Flow/Framework/Events/Navigation/OnDestinationReached.cs
 0.1 kb	 0.0% Packages/com.unity.visualscripting/Runtime/VisualScripting.Flow/Framework/Events/Input/OnMouseUpAsButton.cs
 0.1 kb	 0.0% Packages/com.unity.visualscripting/Runtime/VisualScripting.Flow/Framework/Events/GUI/OnToggleValueChanged.cs
 0.1 kb	 0.0% Packages/com.unity.visualscripting/Runtime/VisualScripting.Flow/Framework/Events/GUI/OnSliderValueChanged.cs
 0.1 kb	 0.0% Packages/com.unity.visualscripting/Runtime/VisualScripting.Flow/Framework/Events/GUI/OnInputFieldEndEdit.cs
 0.1 kb	 0.0% Packages/com.unity.visualscripting/Runtime/VisualScripting.Flow/Framework/Events/GUI/GenericGuiEventUnit.cs
 0.1 kb	 0.0% Packages/com.unity.visualscripting/Runtime/VisualScripting.Flow/Framework/Events/Editor/OnDrawGizmosSelected.cs
 0.1 kb	 0.0% Packages/com.unity.visualscripting/Runtime/VisualScripting.Flow/Framework/Events/Application/OnApplicationResume.cs
 0.1 kb	 0.0% Packages/com.unity.visualscripting/Runtime/VisualScripting.Flow/Framework/Events/Application/OnApplicationQuit.cs
 0.1 kb	 0.0% Packages/com.unity.visualscripting/Runtime/VisualScripting.Flow/Framework/Events/Application/OnApplicationPause.cs
 0.1 kb	 0.0% Packages/com.unity.visualscripting/Runtime/VisualScripting.Flow/Framework/Events/Application/OnApplicationFocus.cs
 0.1 kb	 0.0% Packages/com.unity.visualscripting/Runtime/VisualScripting.Flow/Framework/Events/Animation/BoltAnimationEvent.cs
 0.1 kb	 0.0% Packages/com.unity.visualscripting/Runtime/VisualScripting.Flow/Framework/Collections/Dictionaries/SetDictionaryItem.cs
 0.1 kb	 0.0% Packages/com.unity.visualscripting/Runtime/VisualScripting.Flow/Framework/Collections/Dictionaries/RemoveDictionaryItem.cs
 0.1 kb	 0.0% Packages/com.unity.visualscripting/Runtime/VisualScripting.Flow/Framework/Collections/Dictionaries/MergeDictionaries.cs
 0.1 kb	 0.0% Packages/com.unity.visualscripting/Runtime/VisualScripting.Flow/Framework/Collections/Dictionaries/GetDictionaryItem.cs
 0.1 kb	 0.0% Packages/com.unity.visualscripting/Runtime/VisualScripting.Flow/Framework/Collections/Dictionaries/AddDictionaryItem.cs
 0.1 kb	 0.0% Packages/com.unity.visualscripting/Runtime/VisualScripting.Flow/EditorBinding/UnitTitleAttribute.cs
 0.1 kb	 0.0% Packages/com.unity.visualscripting/Runtime/VisualScripting.Flow/EditorBinding/UnitOrderAttribute.cs
 0.1 kb	 0.0% Packages/com.unity.visualscripting/Runtime/VisualScripting.Flow/EditorBinding/SpecialUnitAttribute.cs
 0.1 kb	 0.0% Packages/com.unity.visualscripting/Runtime/VisualScripting.Flow/EditorBinding/PortLabelAttribute.cs
 0.1 kb	 0.0% Packages/com.unity.visualscripting/Runtime/VisualScripting.Flow/Dependencies/NCalc/NCalcParser.cs
 0.1 kb	 0.0% Packages/com.unity.visualscripting/Runtime/VisualScripting.Flow/Dependencies/NCalc/NCalcLexer.cs
 0.1 kb	 0.0% Packages/com.unity.visualscripting/Runtime/VisualScripting.Flow/Dependencies/NCalc/FunctionArgs.cs
 0.1 kb	 0.0% Packages/com.unity.visualscripting/Runtime/VisualScripting.Flow/Dependencies/NCalc/Expression.cs
 0.1 kb	 0.0% Packages/com.unity.visualscripting/Runtime/VisualScripting.Flow/Connections/InvalidConnection.cs
 0.1 kb	 0.0% Packages/com.unity.visualscripting/Runtime/VisualScripting.Flow/Connections/ControlConnection.cs
 0.1 kb	 0.0% Packages/com.unity.visualscripting/Runtime/VisualScripting.Core/Variables/VariableDeclarations.cs
 0.1 kb	 0.0% Packages/com.unity.visualscripting/Runtime/VisualScripting.Core/Variables/VariableDeclaration.cs
 0.1 kb	 0.0% Packages/com.unity.visualscripting/Runtime/VisualScripting.Core/Variables/IGraphWithVariables.cs
 0.1 kb	 0.0% Packages/com.unity.visualscripting/Runtime/VisualScripting.Core/Variables/ApplicationVariables.cs
 0.1 kb	 0.0% Packages/com.unity.visualscripting/Runtime/VisualScripting.Core/Utilities/UnityObjectUtility.cs
 0.1 kb	 0.0% Packages/com.unity.visualscripting/Runtime/VisualScripting.Core/Utilities/ReferenceCollector.cs
 0.1 kb	 0.0% Packages/com.unity.visualscripting/Runtime/VisualScripting.Core/Utilities/CSharpNameUtility.cs
 0.1 kb	 0.0% Packages/com.unity.visualscripting/Runtime/VisualScripting.Core/Unity/SingletonAttribute.cs
 0.1 kb	 0.0% Packages/com.unity.visualscripting/Runtime/VisualScripting.Core/Unity/IUnityObjectOwnable.cs
 0.1 kb	 0.0% Packages/com.unity.visualscripting/Runtime/VisualScripting.Core/Serialization/SerializeAttribute.cs
 0.1 kb	 0.0% Packages/com.unity.visualscripting/Runtime/VisualScripting.Core/Serialization/SerializeAsAttribute.cs
 0.1 kb	 0.0% Packages/com.unity.visualscripting/Runtime/VisualScripting.Core/Serialization/SerializationData.cs
 0.1 kb	 0.0% Packages/com.unity.visualscripting/Runtime/VisualScripting.Core/Serialization/Converters/UnityObjectConverter.cs
 0.1 kb	 0.0% Packages/com.unity.visualscripting/Runtime/VisualScripting.Core/Serialization/Converters/NamespaceConverter.cs
 0.1 kb	 0.0% Packages/com.unity.visualscripting/Runtime/VisualScripting.Core/Reflection/RenamedFromAttribute.cs
 0.1 kb	 0.0% Packages/com.unity.visualscripting/Runtime/VisualScripting.Core/Reflection/Optimization/StaticInvokerBase.cs
 0.1 kb	 0.0% Packages/com.unity.visualscripting/Runtime/VisualScripting.Core/Reflection/Optimization/ReflectionInvoker.cs
 0.1 kb	 0.0% Packages/com.unity.visualscripting/Runtime/VisualScripting.Core/Reflection/Optimization/OptimizedReflection.cs
 0.1 kb	 0.0% Packages/com.unity.visualscripting/Runtime/VisualScripting.Core/Reflection/Optimization/IOptimizedInvoker.cs
 0.1 kb	 0.0% Packages/com.unity.visualscripting/Runtime/VisualScripting.Core/Reflection/Optimization/IOptimizedAccessor.cs
 0.1 kb	 0.0% Packages/com.unity.visualscripting/Runtime/VisualScripting.Core/Reflection/Operators/UnaryOperatorHandler.cs
 0.1 kb	 0.0% Packages/com.unity.visualscripting/Runtime/VisualScripting.Core/Reflection/Operators/SubtractionHandler.cs
 0.1 kb	 0.0% Packages/com.unity.visualscripting/Runtime/VisualScripting.Core/Reflection/Operators/RightShiftHandler.cs
 0.1 kb	 0.0% Packages/com.unity.visualscripting/Runtime/VisualScripting.Core/Reflection/Operators/OperatorException.cs
 0.1 kb	 0.0% Packages/com.unity.visualscripting/Runtime/VisualScripting.Core/Reflection/Operators/InequalityHandler.cs
 0.1 kb	 0.0% Packages/com.unity.visualscripting/Runtime/VisualScripting.Core/Reflection/Operators/GreaterThanHandler.cs
 0.1 kb	 0.0% Packages/com.unity.visualscripting/Runtime/VisualScripting.Core/Reflection/Operators/ExclusiveOrHandler.cs
 0.1 kb	 0.0% Packages/com.unity.visualscripting/Runtime/VisualScripting.Core/Reflection/MemberInfoComparer.cs
 0.1 kb	 0.0% Packages/com.unity.visualscripting/Runtime/VisualScripting.Core/Reflection/LooseAssemblyName.cs
 0.1 kb	 0.0% Packages/com.unity.visualscripting/Runtime/VisualScripting.Core/Reflection/IAttributeProvider.cs
 0.1 kb	 0.0% Packages/com.unity.visualscripting/Runtime/VisualScripting.Core/Reflection/ConversionUtility.cs
 0.1 kb	 0.0% Packages/com.unity.visualscripting/Runtime/VisualScripting.Core/Listeners/UnityMessageListener.cs
 0.1 kb	 0.0% Packages/com.unity.visualscripting/Runtime/VisualScripting.Core/Listeners/IGraphEventListener.cs
 0.1 kb	 0.0% Packages/com.unity.visualscripting/Runtime/VisualScripting.Core/Graphs/IGraphParentElement.cs
 0.1 kb	 0.0% Packages/com.unity.visualscripting/Runtime/VisualScripting.Core/Graphs/IGraphNesterElement.cs
 0.1 kb	 0.0% Packages/com.unity.visualscripting/Runtime/VisualScripting.Core/Graphs/IGraphElementData.cs
 0.1 kb	 0.0% Packages/com.unity.visualscripting/Runtime/VisualScripting.Core/Events/FrameDelayedCallback.cs
 0.1 kb	 0.0% Packages/com.unity.visualscripting/Runtime/VisualScripting.Core/Events/EventHookComparer.cs
 0.1 kb	 0.0% Packages/com.unity.visualscripting/Runtime/VisualScripting.Core/Ensure/ExceptionMessages.cs
 0.1 kb	 0.0% Packages/com.unity.visualscripting/Runtime/VisualScripting.Core/EditorBinding/TypeIconAttribute.cs
 0.1 kb	 0.0% Packages/com.unity.visualscripting/Runtime/VisualScripting.Core/EditorBinding/PredictableAttribute.cs
 0.1 kb	 0.0% Packages/com.unity.visualscripting/Runtime/VisualScripting.Core/EditorBinding/InspectableAttribute.cs
 0.1 kb	 0.0% Packages/com.unity.visualscripting/Runtime/VisualScripting.Core/EditorBinding/EditorTimeBinding.cs
 0.1 kb	 0.0% Packages/com.unity.visualscripting/Runtime/VisualScripting.Core/EditorBinding/EditorBindingUtility.cs
 0.1 kb	 0.0% Packages/com.unity.visualscripting/Runtime/VisualScripting.Core/EditorBinding/AllowsNullAttribute.cs
 0.1 kb	 0.0% Packages/com.unity.visualscripting/Runtime/VisualScripting.Core/Dependencies/FullSerializer/Internal/fsOption.cs
 0.1 kb	 0.0% Packages/com.unity.visualscripting/Runtime/VisualScripting.Core/Decorators/IDecoratorAttribute.cs
 0.1 kb	 0.0% Packages/com.unity.visualscripting/Runtime/VisualScripting.Core/Cloning/Cloners/AnimationCurveCloner.cs
 0.1 kb	 0.0% Packages/com.unity.timeline/Runtime/Utilities/AnimationPreviewUtilities.cs
 0.1 kb	 0.0% Packages/com.unity.timeline/Runtime/Playables/TimeNotificationBehaviour.cs
 0.1 kb	 0.0% Packages/com.unity.timeline/Runtime/Playables/ActivationControlPlayable.cs
 0.1 kb	 0.0% Packages/com.unity.timeline/Runtime/Events/INotificationOptionProvider.cs
 0.1 kb	 0.0% Packages/com.unity.test-framework/UnityEngine.TestRunner/Utils/AssemblyProvider/IAssemblyLoadProxy.cs
 0.1 kb	 0.0% Packages/com.unity.test-framework/UnityEngine.TestRunner/Utils/AssemblyProvider/AssemblyLoadProxy.cs
 0.1 kb	 0.0% Packages/com.unity.test-framework/UnityEngine.TestRunner/TestRunner/RemoteHelpers/RemoteTestData.cs
 0.1 kb	 0.0% Packages/com.unity.splines/Runtime/SplineDataHandleAttribute.cs
 0.1 kb	 0.0% Packages/com.unity.shadergraph/Editor/Generation/Targets/BuiltIn/Editor/ShaderGUI/MaterialAssemblyReference/RawRenderQueue.cs
 0.1 kb	 0.0% Packages/com.unity.services.core/Runtime/Core.Internal/Components/Telemetry/IDiagnostics.cs
 0.1 kb	 0.0% Packages/com.unity.services.core/Runtime/Core.Internal/Components/Networking/IHttpClient.cs
 0.1 kb	 0.0% Packages/com.unity.services.core/Runtime/Core.Internal/Components/Networking/HttpResponse.cs
 0.1 kb	 0.0% Packages/com.unity.services.core/Runtime/Core.Internal/Components/Networking/HttpRequest.cs
 0.1 kb	 0.0% Packages/com.unity.services.core/Runtime/Core.Internal/Components/Networking/HttpOptions.cs
 0.1 kb	 0.0% Packages/com.unity.services.core/Runtime/Core.Internal/Components/Authentication/IPlayerId.cs
 0.1 kb	 0.0% Packages/com.unity.services.core/Runtime/Core.Internal/Components/Authentication/IAccessToken.cs
 0.1 kb	 0.0% Packages/com.unity.render-pipelines.core/Runtime/Volume/VolumeProfile.cs
 0.1 kb	 0.0% Packages/com.unity.render-pipelines.core/Runtime/Volume/VolumeParameter.cs
 0.1 kb	 0.0% Packages/com.unity.render-pipelines.core/Runtime/Volume/VolumeManager.cs
 0.1 kb	 0.0% Packages/com.unity.render-pipelines.core/Runtime/Volume/VolumeDebugData.cs
 0.1 kb	 0.0% Packages/com.unity.render-pipelines.core/Runtime/Volume/VolumeComponent.cs
 0.1 kb	 0.0% Packages/com.unity.render-pipelines.core/Runtime/Volume/KeyframeUtility.cs
 0.1 kb	 0.0% Packages/com.unity.render-pipelines.core/Runtime/Utilities/TileLayoutUtils.cs
 0.1 kb	 0.0% Packages/com.unity.render-pipelines.core/Runtime/Utilities/ResourceReloader.cs
 0.1 kb	 0.0% Packages/com.unity.render-pipelines.core/Runtime/Utilities/HaltonSequence.cs
 0.1 kb	 0.0% Packages/com.unity.render-pipelines.core/Runtime/Utilities/HDROutputUtils.cs
 0.1 kb	 0.0% Packages/com.unity.render-pipelines.core/Runtime/Utilities/DelegateUtility.cs
 0.1 kb	 0.0% Packages/com.unity.render-pipelines.core/Runtime/Utilities/CoreMatrixUtils.cs
 0.1 kb	 0.0% Packages/com.unity.render-pipelines.core/Runtime/Utilities/ColorSpaceUtils.cs
 0.1 kb	 0.0% Packages/com.unity.render-pipelines.core/Runtime/Utilities/ArrayExtensions.cs
 0.1 kb	 0.0% Packages/com.unity.render-pipelines.core/Runtime/Textures/Texture2DAtlas.cs
 0.1 kb	 0.0% Packages/com.unity.render-pipelines.core/Runtime/Textures/RTHandleSystem.cs
 0.1 kb	 0.0% Packages/com.unity.render-pipelines.core/Runtime/RenderPipeline/IVolumetricCloud.cs
 0.1 kb	 0.0% Packages/com.unity.render-pipelines.core/Runtime/RenderPipeline/ICloudBackground.cs
 0.1 kb	 0.0% Packages/com.unity.render-pipelines.core/Runtime/PostProcessing/LensFlareDataSRP.cs
 0.1 kb	 0.0% Packages/com.unity.render-pipelines.core/Runtime/Lighting/ProbeVolume/ProbeVolumeAsset.cs
 0.1 kb	 0.0% Packages/com.unity.render-pipelines.core/Runtime/Lighting/ProbeVolume/ProbeBrickPool.cs
 0.1 kb	 0.0% Packages/com.unity.render-pipelines.core/Runtime/Lighting/ProbeVolume/ProbeBrickIndex.cs
 0.1 kb	 0.0% Packages/com.unity.render-pipelines.core/Runtime/Debugging/ProfilingScope.cs
 0.1 kb	 0.0% Packages/com.unity.render-pipelines.core/Runtime/Debugging/FrameTiming/FrameTimeSample.cs
 0.1 kb	 0.0% Packages/com.unity.render-pipelines.core/Runtime/Debugging/DebugManager.UIState.cs
 0.1 kb	 0.0% Packages/com.unity.render-pipelines.core/Runtime/Debugging/DebugManager.Actions.cs
 0.1 kb	 0.0% Packages/com.unity.render-pipelines.core/Runtime/Debugging/DebugFrameTiming.cs
 0.1 kb	 0.0% Packages/com.unity.render-pipelines.core/Runtime/Common/SerializableEnum.cs
 0.1 kb	 0.0% Packages/com.unity.render-pipelines.core/Runtime/Common/IAdditionalData.cs
 0.1 kb	 0.0% Packages/com.unity.render-pipelines.core/Runtime/Common/CoreUnsafeUtils.cs
 0.1 kb	 0.0% Packages/com.unity.render-pipelines.core/Runtime/Common/ConstantBuffer.cs
 0.1 kb	 0.0% Packages/com.unity.render-pipelines.core/Runtime/Camera/CameraSwitcher.cs
 0.1 kb	 0.0% Packages/com.unity.purchasing/Runtime/Utilities/EnumerableExtensions.cs
 0.1 kb	 0.0% Packages/com.unity.purchasing/Runtime/UnityWebshops/Client/Http/Responses.cs
 0.1 kb	 0.0% Packages/com.unity.purchasing/Runtime/Stores/Android/GooglePlay/AAR/Utils/GoogleReceiptEncoder.cs
 0.1 kb	 0.0% Packages/com.unity.purchasing/Runtime/Codeless/CodelessIAPButton.cs
 0.1 kb	 0.0% Packages/com.unity.probuilder/Runtime/Core/SelectionPickerRendererHDRP.cs
 0.1 kb	 0.0% Packages/com.unity.probuilder/External/Poly2Tri/Utility/FixedBitArray3.cs
 0.1 kb	 0.0% Packages/com.unity.probuilder/External/Poly2Tri/Triangulation/Util/PolygonGenerator.cs
 0.1 kb	 0.0% Packages/com.unity.probuilder/External/Poly2Tri/Triangulation/Util/PointGenerator.cs
 0.1 kb	 0.0% Packages/com.unity.probuilder/External/Poly2Tri/Triangulation/ITriangulatable.cs
 0.1 kb	 0.0% Packages/com.unity.probuilder/External/Poly2Tri/Triangulation/Delaunay/Sweep/DTSweepEdgeEvent.cs
 0.1 kb	 0.0% Packages/com.unity.probuilder/External/Poly2Tri/Triangulation/Delaunay/Sweep/DTSweepContext.cs
 0.1 kb	 0.0% Packages/com.unity.probuilder/External/Poly2Tri/Triangulation/Delaunay/Sweep/AdvancingFront.cs
 0.1 kb	 0.0% Packages/com.unity.probuilder/External/Poly2Tri/Triangulation/Delaunay/DelaunayTriangle.cs
 0.1 kb	 0.0% Packages/com.unity.inputsystem/InputSystem/Utilities/Comparers.cs
 0.1 kb	 0.0% Packages/com.unity.inputsystem/InputSystem/State/InputStateHistory.cs
 0.1 kb	 0.0% Packages/com.unity.inputsystem/InputSystem/State/InputStateBuffers.cs
 0.1 kb	 0.0% Packages/com.unity.inputsystem/InputSystem/State/IInputStateTypeInfo.cs
 0.1 kb	 0.0% Packages/com.unity.inputsystem/InputSystem/Plugins/iOS/InputSettingsiOSProvider.cs
 0.1 kb	 0.0% Packages/com.unity.inputsystem/InputSystem/Plugins/Users/InputUserSettings.cs
 0.1 kb	 0.0% Packages/com.unity.inputsystem/InputSystem/Plugins/PlayerInput/PlayerInputEditor.cs
 0.1 kb	 0.0% Packages/com.unity.inputsystem/InputSystem/Plugins/EnhancedTouch/TouchSimulation.cs
 0.1 kb	 0.0% Packages/com.unity.inputsystem/InputSystem/NativeInputRuntime.cs
 0.1 kb	 0.0% Packages/com.unity.inputsystem/InputSystem/Events/InputEventListener.cs
 0.1 kb	 0.0% Packages/com.unity.inputsystem/InputSystem/Events/IMECompositionEvent.cs
 0.1 kb	 0.0% Packages/com.unity.inputsystem/InputSystem/Events/IInputEventTypeInfo.cs
 0.1 kb	 0.0% Packages/com.unity.inputsystem/InputSystem/Events/DeviceRemoveEvent.cs
 0.1 kb	 0.0% Packages/com.unity.inputsystem/InputSystem/Editor/UITKAssetEditor/Views/MatchingControlPaths.cs
 0.1 kb	 0.0% Packages/com.unity.inputsystem/InputSystem/Editor/UITKAssetEditor/Views/IViewStateCollection.cs
 0.1 kb	 0.0% Packages/com.unity.inputsystem/InputSystem/Editor/UITKAssetEditor/Views/ControlSchemesView.cs
 0.1 kb	 0.0% Packages/com.unity.inputsystem/InputSystem/Editor/UITKAssetEditor/Views/ActionPropertiesView.cs
 0.1 kb	 0.0% Packages/com.unity.inputsystem/InputSystem/Editor/UITKAssetEditor/EnumerableExtensions.cs
 0.1 kb	 0.0% Packages/com.unity.inputsystem/InputSystem/Editor/PropertyDrawers/InputActionMapDrawer.cs
 0.1 kb	 0.0% Packages/com.unity.inputsystem/InputSystem/Editor/PropertyDrawers/InputActionDrawer.cs
 0.1 kb	 0.0% Packages/com.unity.inputsystem/InputSystem/Editor/Internal/InputEventTreeView.cs
 0.1 kb	 0.0% Packages/com.unity.inputsystem/InputSystem/Editor/Internal/InputControlTreeView.cs
 0.1 kb	 0.0% Packages/com.unity.inputsystem/InputSystem/Editor/Internal/BuildProviderHelpers.cs
 0.1 kb	 0.0% Packages/com.unity.inputsystem/InputSystem/Editor/Internal/AdvancedDropdown/MultiLevelDataSource.cs
 0.1 kb	 0.0% Packages/com.unity.inputsystem/InputSystem/Editor/Internal/AdvancedDropdown/CallbackDataSource.cs
 0.1 kb	 0.0% Packages/com.unity.inputsystem/InputSystem/Editor/Internal/AdvancedDropdown/AdvancedDropdownItem.cs
 0.1 kb	 0.0% Packages/com.unity.inputsystem/InputSystem/Editor/Internal/AdvancedDropdown/AdvancedDropdownGUI.cs
 0.1 kb	 0.0% Packages/com.unity.inputsystem/InputSystem/Editor/InputParameterEditor.cs
 0.1 kb	 0.0% Packages/com.unity.inputsystem/InputSystem/Editor/DeviceSimulator/InputSystemPlugin.cs
 0.1 kb	 0.0% Packages/com.unity.inputsystem/InputSystem/Editor/Debugger/InputDebuggerWindow.cs
 0.1 kb	 0.0% Packages/com.unity.inputsystem/InputSystem/Editor/ControlPicker/InputControlPicker.cs
 0.1 kb	 0.0% Packages/com.unity.inputsystem/InputSystem/Editor/BuildPipeline/LinkFileGenerator.cs
 0.1 kb	 0.0% Packages/com.unity.inputsystem/InputSystem/Editor/AssetImporter/InputActionImporter.cs
 0.1 kb	 0.0% Packages/com.unity.inputsystem/InputSystem/Editor/AssetEditor/PropertiesViewBase.cs
 0.1 kb	 0.0% Packages/com.unity.inputsystem/InputSystem/Editor/AssetEditor/InputActionTreeView.cs
 0.1 kb	 0.0% Packages/com.unity.inputsystem/InputSystem/Editor/Analytics/InputEditorAnalytics.cs
 0.1 kb	 0.0% Packages/com.unity.inputsystem/InputSystem/Editor/Analytics/InputBuildAnalytic.cs
 0.1 kb	 0.0% Packages/com.unity.inputsystem/InputSystem/Devices/InputDeviceMatcher.cs
 0.1 kb	 0.0% Packages/com.unity.inputsystem/InputSystem/Devices/InputDeviceBuilder.cs
 0.1 kb	 0.0% Packages/com.unity.inputsystem/InputSystem/Devices/ITextInputReceiver.cs
 0.1 kb	 0.0% Packages/com.unity.inputsystem/InputSystem/Devices/IEventPreProcessor.cs
 0.1 kb	 0.0% Packages/com.unity.inputsystem/InputSystem/Devices/ICustomDeviceReset.cs
 0.1 kb	 0.0% Packages/com.unity.inputsystem/InputSystem/Devices/Commands/RequestSyncCommand.cs
 0.1 kb	 0.0% Packages/com.unity.inputsystem/InputSystem/Devices/Commands/RequestResetCommand.cs
 0.1 kb	 0.0% Packages/com.unity.inputsystem/InputSystem/Devices/Commands/QueryUserIdCommand.cs
 0.1 kb	 0.0% Packages/com.unity.inputsystem/InputSystem/Devices/Commands/QueryKeyNameCommand.cs
 0.1 kb	 0.0% Packages/com.unity.inputsystem/InputSystem/Devices/Commands/InputDeviceCommand.cs
 0.1 kb	 0.0% Packages/com.unity.inputsystem/InputSystem/Devices/Commands/EnableDeviceCommand.cs
 0.1 kb	 0.0% Packages/com.unity.inputsystem/InputSystem/Devices/Commands/DisableDeviceCommand.cs
 0.1 kb	 0.0% Packages/com.unity.inputsystem/InputSystem/Controls/TouchPressControl.cs
 0.1 kb	 0.0% Packages/com.unity.inputsystem/InputSystem/Controls/TouchPhaseControl.cs
 0.1 kb	 0.0% Packages/com.unity.inputsystem/InputSystem/Controls/QuaternionControl.cs
 0.1 kb	 0.0% Packages/com.unity.inputsystem/InputSystem/Controls/InputControlLayout.cs
 0.1 kb	 0.0% Packages/com.unity.inputsystem/InputSystem/Controls/InputControlExtensions.cs
 0.1 kb	 0.0% Packages/com.unity.inputsystem/InputSystem/Actions/InputInteractionContext.cs
 0.1 kb	 0.0% Packages/com.unity.inputsystem/InputSystem/Actions/InputBindingComposite.cs
 0.1 kb	 0.0% Packages/com.unity.inputsystem/InputSystem/Actions/IInputActionCollection.cs
 0.1 kb	 0.0% Packages/com.unity.2d.tilemap.extras/Runtime/Tiles/RuleOverrideTile/AdvancedRuleOverrideTile.cs
 0.1 kb	 0.0% Packages/com.ivanmurzak.unity.mcp/Runtime/Utils/LogLevel.cs
 0.1 kb	 0.0% Packages/com.ivanmurzak.unity.mcp/Runtime/UnityMcpPlugin.Log.cs
 0.1 kb	 0.0% Packages/com.ivanmurzak.unity.mcp/Runtime/UnityMcpPlugin.Build.cs
 0.1 kb	 0.0% Packages/com.ivanmurzak.unity.mcp/Runtime/Data/GameObjectComponentsRefList.cs
 0.1 kb	 0.0% Packages/com.ivanmurzak.unity.mcp/Runtime/Data/ComponentDataShallow.pre-Unity.6.5.cs
 0.1 kb	 0.0% Assets/TextMesh Pro/Examples & Extras/Resources/Color Gradient Presets/Yellow to Orange - Vertical.asset
 0.1 kb	 0.0% Assets/TextMesh Pro/Examples & Extras/Resources/Color Gradient Presets/Blue to Purple - Vertical.asset
 0.1 kb	 0.0% Packages/com.unity.visualscripting/Runtime/VisualScripting.Core/Ensure/EnsureThat.ValueTypes.cs
 0.1 kb	 0.0% Packages/com.unity.visualscripting/Runtime/VisualScripting.Core/Ensure/EnsureThat.Reflection.cs
 0.1 kb	 0.0% Packages/com.unity.visualscripting/Runtime/VisualScripting.Core/Ensure/EnsureThat.Comparables.cs
 0.1 kb	 0.0% Packages/com.unity.visualscripting/Runtime/VisualScripting.Core/Ensure/EnsureThat.Collections.cs
 0.1 kb	 0.0% Packages/com.unity.visualscripting/Runtime/VisualScripting.Core/Dependencies/FullSerializer/fsSerializer.cs
 0.1 kb	 0.0% Packages/com.unity.visualscripting/Runtime/VisualScripting.Core/Dependencies/FullSerializer/fsJsonParser.cs
 0.1 kb	 0.0% Packages/com.unity.visualscripting/Runtime/VisualScripting.Core/Dependencies/FullSerializer/fsConverter.cs
 0.1 kb	 0.0% Packages/com.unity.visualscripting/Runtime/VisualScripting.Core/Dependencies/FullSerializer/fsContext.cs
 0.1 kb	 0.0% Packages/com.unity.visualscripting/Runtime/VisualScripting.Core/Dependencies/FullSerializer/Reflection/fsTypeCache.cs
 0.1 kb	 0.0% Packages/com.unity.visualscripting/Runtime/VisualScripting.Core/Dependencies/FullSerializer/Reflection/fsMetaType.cs
 0.1 kb	 0.0% Packages/com.unity.ugui/Runtime/EventSystem/InputModules/StandaloneInputModule.cs
 0.1 kb	 0.0% Packages/com.unity.test-framework/UnityEngine.TestRunner/Utils/MonoBehaviourTest/IMonoBehaviourTest.cs
 0.1 kb	 0.0% Packages/com.unity.test-framework/UnityEngine.TestRunner/Utils/IPostBuildCleanup.cs
 0.1 kb	 0.0% Packages/com.unity.test-framework/UnityEngine.TestRunner/TestRunner/TestPlatform.cs
 0.1 kb	 0.0% Packages/com.unity.test-framework/UnityEngine.TestRunner/NUnitExtensions/Commands/TestCommandPcHelper.cs
 0.1 kb	 0.0% Packages/com.unity.test-framework/UnityEngine.TestRunner/NUnitExtensions/Commands/TestActionCommand.cs
 0.1 kb	 0.0% Packages/com.unity.test-framework/UnityEngine.TestRunner/NUnitExtensions/Commands/SetUpTearDownCommand.cs
 0.1 kb	 0.0% Packages/com.unity.test-framework/UnityEngine.TestRunner/NUnitExtensions/Commands/EnumerableTestState.cs
 0.1 kb	 0.0% Packages/com.unity.test-framework/UnityEngine.TestRunner/NUnitExtensions/Attributes/UnityTestAttribute.cs
 0.1 kb	 0.0% Packages/com.unity.test-framework/UnityEngine.TestRunner/NUnitExtensions/Attributes/UnitySetUpAttribute.cs
 0.1 kb	 0.0% Packages/com.unity.services.core/Runtime/Telemetry/Metrics/Metrics.cs
 0.1 kb	 0.0% Packages/com.unity.services.core/Runtime/Device/InstallationId.cs
 0.1 kb	 0.0% Packages/com.unity.services.core/Runtime/Core/RequestFailedException.cs
 0.1 kb	 0.0% Packages/com.unity.services.core/Runtime/Core/Initialization/InitializationOptions.cs
 0.1 kb	 0.0% Packages/com.unity.services.core/Runtime/Core/ExternalUserIdProperty.cs
 0.1 kb	 0.0% Packages/com.unity.services.core/Runtime/Core.Internal/Telemetry/CoreDiagnostics.cs
 0.1 kb	 0.0% Packages/com.unity.services.core/Runtime/Core.Internal/Registry/ServiceRegistry/ServiceRegistry.cs
 0.1 kb	 0.0% Packages/com.unity.services.core/Runtime/Core.Internal/Registry/ServiceRegistry/IServiceRegistry.cs
 0.1 kb	 0.0% Packages/com.unity.services.core/Runtime/Core.Internal/Registry/PackageRegistry/PackageRegistry.cs
 0.1 kb	 0.0% Packages/com.unity.services.core/Runtime/Core.Internal/Registry/PackageRegistry/IPackageRegistry.cs
 0.1 kb	 0.0% Packages/com.unity.services.core/Runtime/Core.Internal/Registry/MissingComponent.cs
 0.1 kb	 0.0% Packages/com.unity.services.core/Runtime/Core.Internal/Registry/HashExceptions.cs
 0.1 kb	 0.0% Packages/com.unity.services.core/Runtime/Core.Internal/Registry/DependencyTree.cs
 0.1 kb	 0.0% Packages/com.unity.services.core/Runtime/Core.Internal/Registry/CoreRegistration.cs
 0.1 kb	 0.0% Packages/com.unity.services.core/Runtime/Core.Internal/AsyncOperation/IAsyncOperation.cs
 0.1 kb	 0.0% Packages/com.unity.services.core/Runtime/Core.Internal/AsyncOperation/AsyncOperation.cs
 0.1 kb	 0.0% Packages/com.unity.render-pipelines.universal/Runtime/Overrides/Vignette.cs
 0.1 kb	 0.0% Packages/com.unity.render-pipelines.universal/Runtime/Overrides/Bloom.cs
 0.1 kb	 0.0% Packages/com.unity.render-pipelines.universal/Runtime/2D/Light2D.cs
 0.1 kb	 0.0% Packages/com.unity.render-pipelines.universal/Runtime/2D/Clipper.cs
 0.1 kb	 0.0% Packages/com.unity.render-pipelines.core/Runtime/XR/XRView.cs
 0.1 kb	 0.0% Packages/com.unity.render-pipelines.core/Runtime/XR/XRSystem.cs
 0.1 kb	 0.0% Packages/com.unity.render-pipelines.core/Runtime/XR/XRPass.cs
 0.1 kb	 0.0% Packages/com.unity.render-pipelines.core/Runtime/XR/XRLayout.cs
 0.1 kb	 0.0% Packages/com.unity.render-pipelines.core/Runtime/Debugging/DebugUI.Containers.cs
 0.1 kb	 0.0% Packages/com.unity.purchasing/Runtime/Utilities/Interfaces/IMonoBehaviorUtil.cs
 0.1 kb	 0.0% Packages/com.unity.purchasing/Runtime/Stores/SubscriptionManager.cs
 0.1 kb	 0.0% Packages/com.unity.purchasing/Runtime/Stores/PaymentProvider/UnresolvedOrders.cs
 0.1 kb	 0.0% Packages/com.unity.purchasing/Runtime/Stores/FakeStore/UIFakeStoreWindow.cs
 0.1 kb	 0.0% Packages/com.unity.purchasing/Runtime/Stores/FakeStore/UIFakeStoreDropdown.cs
 0.1 kb	 0.0% Packages/com.unity.purchasing/Runtime/Stores/FakeStore/LifecycleNotifier.cs
 0.1 kb	 0.0% Packages/com.unity.purchasing/Runtime/Stores/Data/AppInstallInfo.cs
 0.1 kb	 0.0% Packages/com.unity.purchasing/Runtime/Stores/Core/Store/StoreServiceFactory.cs
 0.1 kb	 0.0% Packages/com.unity.purchasing/Runtime/Stores/BaseStore/NativeStoreProvider.cs
 0.1 kb	 0.0% Packages/com.unity.purchasing/Runtime/Stores/BaseStore/MetricizedJsonStore.cs
 0.1 kb	 0.0% Packages/com.unity.purchasing/Runtime/Stores/BaseStore/Interfaces/INativeStoreProvider.cs
 0.1 kb	 0.0% Packages/com.unity.purchasing/Runtime/Stores/Android/GooglePlay/AAR/Models/GooglePurchase.cs
 0.1 kb	 0.0% Packages/com.unity.purchasing/Runtime/SecurityStub/Obfuscator.cs
 0.1 kb	 0.0% Packages/com.unity.purchasing/Runtime/SecurityCore/AppleReceipt.cs
 0.1 kb	 0.0% Packages/com.unity.purchasing/Runtime/Purchasing/Utilities/UnityUtilContainer.cs
 0.1 kb	 0.0% Packages/com.unity.purchasing/Runtime/Purchasing/Utilities/UnifiedReceiptFormatter.cs
 0.1 kb	 0.0% Packages/com.unity.purchasing/Runtime/Purchasing/Utilities/ProductTypeExtensions.cs
 0.1 kb	 0.0% Packages/com.unity.purchasing/Runtime/Purchasing/Utilities/Interfaces/ICurrencyFormatter.cs
 0.1 kb	 0.0% Packages/com.unity.purchasing/Runtime/Purchasing/Utilities/CatalogListingParser.cs
 0.1 kb	 0.0% Packages/com.unity.purchasing/Runtime/Purchasing/Telemetry/Metrics/TelemetryMetricEvent.cs
 0.1 kb	 0.0% Packages/com.unity.purchasing/Runtime/Purchasing/Telemetry/Diagnostics/TelemetryDiagnostics.cs
 0.1 kb	 0.0% Packages/com.unity.purchasing/Runtime/Purchasing/Stores/AppleAppStore/Interfaces/IAppleAppReceiptViewer.cs
 0.1 kb	 0.0% Packages/com.unity.purchasing/Runtime/Purchasing/Stores/Android/GooglePlay/Models/GoogleProductMetadata.cs
 0.1 kb	 0.0% Packages/com.unity.purchasing/Runtime/Purchasing/Stores/Android/GooglePlay/AAR/Interfaces/IGoogleBillingResult.cs
 0.1 kb	 0.0% Packages/com.unity.purchasing/Runtime/Purchasing/Stores/Android/AAR/IFirebaseAnalyticsClient.cs
 0.1 kb	 0.0% Packages/com.unity.purchasing/Runtime/Purchasing/Stores/Android/AAR/FirebaseAnalyticsClient.cs
 0.1 kb	 0.0% Packages/com.unity.purchasing/Runtime/Purchasing/PaymentOption/PurchaseOptionViewModel.cs
 0.1 kb	 0.0% Packages/com.unity.purchasing/Runtime/Purchasing/PaymentOption/PaymentOptionProvider.cs
 0.1 kb	 0.0% Packages/com.unity.purchasing/Runtime/Purchasing/PaymentOption/PaymentOptionProvider.UI.cs
 0.1 kb	 0.0% Packages/com.unity.purchasing/Runtime/Purchasing/PaymentOption/IPaymentOptionProvider.cs
 0.1 kb	 0.0% Packages/com.unity.purchasing/Runtime/Purchasing/Legacy/StandardPurchasingModule.cs
 0.1 kb	 0.0% Packages/com.unity.purchasing/Runtime/Purchasing/Legacy/PurchaseFailedEventArgs.cs
 0.1 kb	 0.0% Packages/com.unity.purchasing/Runtime/Purchasing/Legacy/Interfaces/IDetailedStoreListener.cs
 0.1 kb	 0.0% Packages/com.unity.purchasing/Runtime/Purchasing/Legacy/Configurations/Interfaces/IStoreConfiguration.cs
 0.1 kb	 0.0% Packages/com.unity.purchasing/Runtime/Purchasing/Legacy/Configurations/Interfaces/IGooglePlayConfiguration.cs
 0.1 kb	 0.0% Packages/com.unity.purchasing/Runtime/Purchasing/Legacy/Configurations/GooglePlayConfiguration.cs
 0.1 kb	 0.0% Packages/com.unity.purchasing/Runtime/Purchasing/Legacy/Configurations/ConfigurationProvider.cs
 0.1 kb	 0.0% Packages/com.unity.purchasing/Runtime/Purchasing/Insights/IPurchaseEventEmitter.cs
 0.1 kb	 0.0% Packages/com.unity.purchasing/Runtime/Purchasing/Extension/SimpleCatalogProvider.cs
 0.1 kb	 0.0% Packages/com.unity.purchasing/Runtime/Purchasing/Extension/RemoteCatalogProvider.cs
 0.1 kb	 0.0% Packages/com.unity.purchasing/Runtime/Purchasing/Extension/ProductDescription.cs
 0.1 kb	 0.0% Packages/com.unity.purchasing/Runtime/Purchasing/Extension/Interfaces/IBaseCatalogProvider.cs
 0.1 kb	 0.0% Packages/com.unity.purchasing/Runtime/Purchasing/Core/Store/StoreServiceContainer.cs
 0.1 kb	 0.0% Packages/com.unity.purchasing/Runtime/Purchasing/Core/Store/PaymentProviders/Extensions/EligiblePaymentProviders.cs
 0.1 kb	 0.0% Packages/com.unity.purchasing/Runtime/Purchasing/Core/Store/Interfaces/IStoreServiceExtension.cs
 0.1 kb	 0.0% Packages/com.unity.purchasing/Runtime/Purchasing/Core/Store/Interfaces/Callbacks/IStoreConnectCallback.cs
 0.1 kb	 0.0% Packages/com.unity.purchasing/Runtime/Purchasing/Core/Store/ExtensibleStoreService.cs
 0.1 kb	 0.0% Packages/com.unity.purchasing/Runtime/Purchasing/Core/Retries/RetryPolicyInformation.cs
 0.1 kb	 0.0% Packages/com.unity.purchasing/Runtime/Purchasing/Core/Retries/Interfaces/IRetryPolicyInformation.cs
 0.1 kb	 0.0% Packages/com.unity.purchasing/Runtime/Purchasing/Core/Purchasing/UseCases/FetchPurchasesUseCase.cs
 0.1 kb	 0.0% Packages/com.unity.purchasing/Runtime/Purchasing/Core/Purchasing/UseCases/CheckEntitlementUseCase.cs
 0.1 kb	 0.0% Packages/com.unity.purchasing/Runtime/Purchasing/Core/Purchasing/PurchaseUseCaseFactory.cs
 0.1 kb	 0.0% Packages/com.unity.purchasing/Runtime/Purchasing/Core/Purchasing/PurchaseServiceProvider.cs
 0.1 kb	 0.0% Packages/com.unity.purchasing/Runtime/Purchasing/Core/Purchasing/PurchaseServiceContainer.cs
 0.1 kb	 0.0% Packages/com.unity.purchasing/Runtime/Purchasing/Core/Purchasing/Models/SubscriptionInfoHelper.cs
 0.1 kb	 0.0% Packages/com.unity.purchasing/Runtime/Purchasing/Core/Purchasing/Models/Interfaces/IPurchasedProductInfo.cs
 0.1 kb	 0.0% Packages/com.unity.purchasing/Runtime/Purchasing/Core/Purchasing/Models/CheckEntitlementRequest.cs
 0.1 kb	 0.0% Packages/com.unity.purchasing/Runtime/Purchasing/Core/Purchasing/Interfaces/UseCases/IFetchPurchasesUseCase.cs
 0.1 kb	 0.0% Packages/com.unity.purchasing/Runtime/Purchasing/Core/Purchasing/Interfaces/UseCases/ICheckEntitlementUseCase.cs
 0.1 kb	 0.0% Packages/com.unity.purchasing/Runtime/Purchasing/Core/Purchasing/Interfaces/IPurchaseServiceFactory.cs
 0.1 kb	 0.0% Packages/com.unity.purchasing/Runtime/Purchasing/Core/Purchasing/Interfaces/Callbacks/IStorePurchaseCallback.cs
 0.1 kb	 0.0% Packages/com.unity.purchasing/Runtime/Purchasing/Core/Purchasing/Exceptions/InvalidCartItemException.cs
 0.1 kb	 0.0% Packages/com.unity.purchasing/Runtime/Purchasing/Core/Purchasing/CartValidation/AggregateCartValidator.cs
 0.1 kb	 0.0% Packages/com.unity.purchasing/Runtime/Purchasing/Core/Purchasing/AppleAppStore/Extensions/UseCases/AppReceiptUseCase.cs
 0.1 kb	 0.0% Packages/com.unity.purchasing/Runtime/Purchasing/Core/Purchasing/Android/GooglePlay/GooglePlayCartValidator.cs
 0.1 kb	 0.0% Packages/com.unity.purchasing/Runtime/Purchasing/Core/Product/UseCases/Interfaces/IFetchProductsUseCase.cs
 0.1 kb	 0.0% Packages/com.unity.purchasing/Runtime/Purchasing/Core/Product/ProductServiceProvider.cs
 0.1 kb	 0.0% Packages/com.unity.purchasing/Runtime/Purchasing/Core/Product/ProductServiceContainer.cs
 0.1 kb	 0.0% Packages/com.unity.purchasing/Runtime/Purchasing/Core/Product/Interfaces/IProductServiceFactory.cs
 0.1 kb	 0.0% Packages/com.unity.purchasing/Runtime/Purchasing/Core/Product/Interfaces/IProductServiceExtension.cs
 0.1 kb	 0.0% Packages/com.unity.purchasing/Runtime/Purchasing/Core/Product/ExtensibleProductService.cs
 0.1 kb	 0.0% Packages/com.unity.purchasing/Runtime/Purchasing/Core/Product/Android/ScriptingUnityCallback.cs
 0.1 kb	 0.0% Packages/com.unity.purchasing/Runtime/Purchasing/Core/Exceptions/StoreCreationException.cs
 0.1 kb	 0.0% Packages/com.unity.purchasing/Runtime/AppleMacosStub/OSXStoreBindings.cs
 0.1 kb	 0.0% Packages/com.unity.probuilder/Runtime/MeshOperations/VertexEditing.cs
 0.1 kb	 0.0% Packages/com.unity.probuilder/Runtime/MeshOperations/Triangulation.cs
 0.1 kb	 0.0% Packages/com.unity.probuilder/Runtime/MeshOperations/SurfaceTopology.cs
 0.1 kb	 0.0% Packages/com.unity.probuilder/Runtime/MeshOperations/MeshValidation.cs
 0.1 kb	 0.0% Packages/com.unity.probuilder/Runtime/MeshOperations/MeshTransform.cs
 0.1 kb	 0.0% Packages/com.unity.probuilder/Runtime/MeshOperations/MergeElements.cs
 0.1 kb	 0.0% Packages/com.unity.probuilder/Runtime/MeshOperations/ExtrudeElements.cs
 0.1 kb	 0.0% Packages/com.unity.probuilder/Runtime/MeshOperations/ElementSelection.cs
 0.1 kb	 0.0% Packages/com.unity.probuilder/Runtime/MeshOperations/DeleteElements.cs
 0.1 kb	 0.0% Packages/com.unity.probuilder/Runtime/MeshOperations/ConnectElements.cs
 0.1 kb	 0.0% Packages/com.unity.probuilder/Runtime/MeshOperations/CombineMeshes.cs
 0.1 kb	 0.0% Packages/com.unity.probuilder/Runtime/MeshOperations/AppendElements.cs
 0.1 kb	 0.0% Packages/com.unity.probuilder/Runtime/Core/SelectionPickerRenderer.cs
 0.1 kb	 0.0% Packages/com.unity.inputsystem/InputSystem/Utilities/StringHelpers.cs
 0.1 kb	 0.0% Packages/com.unity.inputsystem/InputSystem/Utilities/SpriteUtilities.cs
 0.1 kb	 0.0% Packages/com.unity.inputsystem/InputSystem/Utilities/PrimitiveValue.cs
 0.1 kb	 0.0% Packages/com.unity.inputsystem/InputSystem/Utilities/PredictiveParser.cs
 0.1 kb	 0.0% Packages/com.unity.inputsystem/InputSystem/Utilities/NumberHelpers.cs
 0.1 kb	 0.0% Packages/com.unity.inputsystem/InputSystem/Utilities/MemoryHelpers.cs
 0.1 kb	 0.0% Packages/com.unity.inputsystem/InputSystem/Utilities/InternedString.cs
 0.1 kb	 0.0% Packages/com.unity.inputsystem/InputSystem/Utilities/ExceptionHelpers.cs
 0.1 kb	 0.0% Packages/com.unity.inputsystem/InputSystem/Utilities/DelegateHelpers.cs
 0.1 kb	 0.0% Packages/com.unity.inputsystem/InputSystem/Plugins/iOS/iOSStepCounter.cs
 0.1 kb	 0.0% Packages/com.unity.inputsystem/InputSystem/Plugins/XR/TrackedPoseDriver.cs
 0.1 kb	 0.0% Packages/com.unity.inputsystem/InputSystem/Plugins/XR/Haptics/BufferedRumble.cs
 0.1 kb	 0.0% Packages/com.unity.inputsystem/InputSystem/Plugins/UI/VirtualMouseInput.cs
 0.1 kb	 0.0% Packages/com.unity.inputsystem/InputSystem/Plugins/UI/INavigationEventData.cs
 0.1 kb	 0.0% Packages/com.unity.inputsystem/InputSystem/Plugins/UI/BaseInputOverride.cs
 0.1 kb	 0.0% Packages/com.unity.inputsystem/InputSystem/Plugins/DualShock/DualShockSupport.cs
 0.1 kb	 0.0% Packages/com.unity.inputsystem/InputSystem/Plugins/DualShock/DualShockGamepad.cs
 0.1 kb	 0.0% Packages/com.unity.inputsystem/InputSystem/Controls/Processors/ScaleProcessor.cs
 0.1 kb	 0.0% Packages/com.unity.inputsystem/InputSystem/Controls/Processors/InvertProcessor.cs
 0.1 kb	 0.0% Packages/com.unity.inputsystem/InputSystem/Controls/Processors/ClampProcessor.cs
 0.1 kb	 0.0% Packages/com.unity.inputsystem/InputSystem/Actions/Interactions/TapInteraction.cs
 0.1 kb	 0.0% Packages/com.unity.inputsystem/InputSystem/Actions/Interactions/PressInteraction.cs
 0.1 kb	 0.0% Packages/com.unity.inputsystem/InputSystem/Actions/Interactions/HoldInteraction.cs
 0.1 kb	 0.0% Packages/com.unity.inputsystem/InputSystem/Actions/InputActionTrace.cs
 0.1 kb	 0.0% Packages/com.unity.inputsystem/InputSystem/Actions/Composites/Vector3Composite.cs
 0.1 kb	 0.0% Packages/com.unity.inputsystem/InputSystem/Actions/Composites/Vector2Composite.cs
 0.1 kb	 0.0% Packages/com.unity.inputsystem/InputSystem/Actions/Composites/AxisComposite.cs
 0.1 kb	 0.0% Packages/com.unity.cinemachine/Runtime/Timeline/CinemachineShotPlayable.cs
 0.1 kb	 0.0% Packages/com.unity.cinemachine/Runtime/Timeline/CinemachinePlayableMixer.cs
 0.1 kb	 0.0% Packages/com.unity.cinemachine/Runtime/Impulse/CinemachineImpulseSource.cs
 0.1 kb	 0.0% Packages/com.unity.cinemachine/Runtime/Impulse/CinemachineFixedSignal.cs
 0.1 kb	 0.0% Packages/com.unity.cinemachine/Runtime/Helpers/GroupWeightManipulator.cs
 0.1 kb	 0.0% Packages/com.unity.cinemachine/Runtime/Helpers/CinemachineTriggerAction.cs
 0.1 kb	 0.0% Packages/com.unity.cinemachine/Runtime/Helpers/CinemachineCameraEvents.cs
 0.1 kb	 0.0% Packages/com.unity.cinemachine/Runtime/Helpers/CinemachineBrainEvents.cs
 0.1 kb	 0.0% Packages/com.unity.cinemachine/Runtime/Deprecated/DeprecatedAttributes.cs
 0.1 kb	 0.0% Packages/com.unity.cinemachine/Runtime/Deprecated/CinemachineVirtualCamera.cs
 0.1 kb	 0.0% Packages/com.unity.cinemachine/Runtime/Deprecated/CinemachineTransposer.cs
 0.1 kb	 0.0% Packages/com.unity.cinemachine/Runtime/Deprecated/CinemachineTrackedDolly.cs
 0.1 kb	 0.0% Packages/com.unity.cinemachine/Runtime/Deprecated/CinemachineSmoothPath.cs
 0.1 kb	 0.0% Packages/com.unity.cinemachine/Runtime/Deprecated/CinemachineInputProvider.cs
 0.1 kb	 0.0% Packages/com.unity.cinemachine/Runtime/Deprecated/CinemachineGroupComposer.cs
 0.1 kb	 0.0% Packages/com.unity.cinemachine/Runtime/Deprecated/CinemachineDoNotUpgrade.cs
 0.1 kb	 0.0% Packages/com.unity.cinemachine/Runtime/Core/VirtualCameraRegistry.cs
 0.1 kb	 0.0% Packages/com.unity.cinemachine/Runtime/Core/UnityVectorExtensions.cs
 0.1 kb	 0.0% Packages/com.unity.cinemachine/Runtime/Core/ScreenComposerSettings.cs
 0.1 kb	 0.0% Packages/com.unity.cinemachine/Runtime/Core/IShotQualityEvaluator.cs
 0.1 kb	 0.0% Packages/com.unity.cinemachine/Runtime/Core/CinemachineComponentBase.cs
 0.1 kb	 0.0% Packages/com.unity.cinemachine/Runtime/Components/CinemachineSplineDolly.cs
 0.1 kb	 0.0% Packages/com.unity.cinemachine/Runtime/Components/CinemachineOrbitalFollow.cs
 0.1 kb	 0.0% Packages/com.unity.cinemachine/Runtime/Components/CinemachineHardLookAt.cs
 0.1 kb	 0.0% Packages/com.unity.cinemachine/Runtime/Behaviours/CinemachineTargetGroup.cs
 0.1 kb	 0.0% Packages/com.unity.cinemachine/Runtime/Behaviours/CinemachineStoryboard.cs
 0.1 kb	 0.0% Packages/com.unity.cinemachine/Runtime/Behaviours/CinemachineSplineRoll.cs
 0.1 kb	 0.0% Packages/com.unity.cinemachine/Runtime/Behaviours/CinemachineSplineCart.cs
 0.1 kb	 0.0% Packages/com.unity.cinemachine/Runtime/Behaviours/CinemachineRecomposer.cs
 0.1 kb	 0.0% Packages/com.unity.cinemachine/Runtime/Behaviours/CinemachinePixelPerfect.cs
 0.1 kb	 0.0% Packages/com.unity.cinemachine/Runtime/Behaviours/CinemachineMixingCamera.cs
 0.1 kb	 0.0% Packages/com.unity.cinemachine/Runtime/Behaviours/CinemachineGroupFraming.cs
 0.1 kb	 0.0% Packages/com.unity.cinemachine/Runtime/Behaviours/CinemachineFollowZoom.cs
 0.1 kb	 0.0% Packages/com.unity.cinemachine/Runtime/Behaviours/CinemachineDeoccluder.cs
 0.1 kb	 0.0% Packages/com.unity.cinemachine/Runtime/Behaviours/CinemachineDecollider.cs
 0.1 kb	 0.0% Packages/com.unity.cinemachine/Runtime/Behaviours/CinemachineConfiner3D.cs
 0.1 kb	 0.0% Packages/com.unity.cinemachine/Runtime/Behaviours/CinemachineConfiner2D.cs
 0.1 kb	 0.0% Packages/com.unity.cinemachine/Runtime/Behaviours/CinemachineCameraOffset.cs
 0.1 kb	 0.0% Packages/com.unity.burst/Runtime/CompilerServices/SkipLocalsInitAttribute.cs
 0.1 kb	 0.0% Packages/com.unity.burst/Runtime/CompilerServices/IgnoreWarningAttribute.cs
 0.1 kb	 0.0% Packages/com.unity.ai.navigation/Runtime/NavMeshModifierVolume.cs
 0.1 kb	 0.0% Packages/com.unity.2d.pixel-perfect/Runtime/CinemachinePixelPerfect.cs
 0.1 kb	 0.0% Packages/com.ivanmurzak.unity.mcp/Runtime/Unity/Logs/FileLogStorage.cs
 0.1 kb	 0.0% Packages/com.ivanmurzak.unity.mcp/Runtime/Logger/UnityLogger.cs
 0.1 kb	 0.0% Packages/com.ivanmurzak.unity.mcp/Runtime/Data/GameObjectMetadata.pre-Unity.6.5.cs
 0.1 kb	 0.0% Assets/Scripts/WebtoonPrologueController.cs
 0.1 kb	 0.0% Assets/Scripts/ExplosionEffectConfigurator.cs
 0.1 kb	 0.0% Packages/com.unity.visualscripting/Runtime/VisualScripting.State/Units/SetStateGraph.cs
 0.1 kb	 0.0% Packages/com.unity.visualscripting/Runtime/VisualScripting.State/Units/GetStateGraphs.cs
 0.1 kb	 0.0% Packages/com.unity.visualscripting/Runtime/VisualScripting.State/Units/GetStateGraph.cs
 0.1 kb	 0.0% Packages/com.unity.visualscripting/Runtime/VisualScripting.State/StateTransition.cs
 0.1 kb	 0.0% Packages/com.unity.visualscripting/Runtime/VisualScripting.State/StateGraphData.cs
 0.1 kb	 0.0% Packages/com.unity.visualscripting/Runtime/VisualScripting.State/StateGraphAsset.cs
 0.1 kb	 0.0% Packages/com.unity.visualscripting/Runtime/VisualScripting.State/StateEventHooks.cs
 0.1 kb	 0.0% Packages/com.unity.visualscripting/Runtime/VisualScripting.State/IStateTransition.cs
 0.1 kb	 0.0% Packages/com.unity.visualscripting/Runtime/VisualScripting.State/IStateDebugData.cs
 0.1 kb	 0.0% Packages/com.unity.visualscripting/Runtime/VisualScripting.State/Framework/Graph/HasStateGraph.cs
 0.1 kb	 0.0% Packages/com.unity.visualscripting/Runtime/VisualScripting.Flow/UnitPreservation.cs
 0.1 kb	 0.0% Packages/com.unity.visualscripting/Runtime/VisualScripting.Flow/ScriptMachine.cs
 0.1 kb	 0.0% Packages/com.unity.visualscripting/Runtime/VisualScripting.Flow/ScriptGraphAsset.cs
 0.1 kb	 0.0% Packages/com.unity.visualscripting/Runtime/VisualScripting.Flow/Ports/InvalidOutput.cs
 0.1 kb	 0.0% Packages/com.unity.visualscripting/Runtime/VisualScripting.Flow/Ports/IUnitValuePort.cs
 0.1 kb	 0.0% Packages/com.unity.visualscripting/Runtime/VisualScripting.Flow/Ports/IUnitOutputPort.cs
 0.1 kb	 0.0% Packages/com.unity.visualscripting/Runtime/VisualScripting.Flow/Ports/IUnitInvalidPort.cs
 0.1 kb	 0.0% Packages/com.unity.visualscripting/Runtime/VisualScripting.Flow/Ports/IUnitInputPort.cs
 0.1 kb	 0.0% Packages/com.unity.visualscripting/Runtime/VisualScripting.Flow/Ports/IUnitControlPort.cs
 0.1 kb	 0.0% Packages/com.unity.visualscripting/Runtime/VisualScripting.Flow/Ports/ControlOutput.cs
 0.1 kb	 0.0% Packages/com.unity.visualscripting/Runtime/VisualScripting.Flow/MultiInputUnit.cs
 0.1 kb	 0.0% Packages/com.unity.visualscripting/Runtime/VisualScripting.Flow/IUnitDebugData.cs
 0.1 kb	 0.0% Packages/com.unity.visualscripting/Runtime/VisualScripting.Flow/Framework/Variables/SaveVariables.cs
 0.1 kb	 0.0% Packages/com.unity.visualscripting/Runtime/VisualScripting.Flow/Framework/Variables/Obsolete/SetVariableUnit.cs
 0.1 kb	 0.0% Packages/com.unity.visualscripting/Runtime/VisualScripting.Flow/Framework/Variables/Obsolete/SetSceneVariable.cs
 0.1 kb	 0.0% Packages/com.unity.visualscripting/Runtime/VisualScripting.Flow/Framework/Variables/Obsolete/SetSavedVariable.cs
 0.1 kb	 0.0% Packages/com.unity.visualscripting/Runtime/VisualScripting.Flow/Framework/Variables/Obsolete/SetGraphVariable.cs
 0.1 kb	 0.0% Packages/com.unity.visualscripting/Runtime/VisualScripting.Flow/Framework/Variables/Obsolete/IVariableUnit.cs
 0.1 kb	 0.0% Packages/com.unity.visualscripting/Runtime/VisualScripting.Flow/Framework/Variables/Obsolete/GetVariableUnit.cs
 0.1 kb	 0.0% Packages/com.unity.visualscripting/Runtime/VisualScripting.Flow/Framework/Variables/Obsolete/GetSceneVariable.cs
 0.1 kb	 0.0% Packages/com.unity.visualscripting/Runtime/VisualScripting.Flow/Framework/Variables/Obsolete/GetSavedVariable.cs
 0.1 kb	 0.0% Packages/com.unity.visualscripting/Runtime/VisualScripting.Flow/Framework/Variables/Obsolete/GetGraphVariable.cs
 0.1 kb	 0.0% Packages/com.unity.visualscripting/Runtime/VisualScripting.Flow/Framework/Time/WaitWhileUnit.cs
 0.1 kb	 0.0% Packages/com.unity.visualscripting/Runtime/VisualScripting.Flow/Framework/Time/WaitUntilUnit.cs
 0.1 kb	 0.0% Packages/com.unity.visualscripting/Runtime/VisualScripting.Flow/Framework/Math/Vector4/Vector4Subtract.cs
 0.1 kb	 0.0% Packages/com.unity.visualscripting/Runtime/VisualScripting.Flow/Framework/Math/Vector4/Vector4PerSecond.cs
 0.1 kb	 0.0% Packages/com.unity.visualscripting/Runtime/VisualScripting.Flow/Framework/Math/Vector4/Vector4Normalize.cs
 0.1 kb	 0.0% Packages/com.unity.visualscripting/Runtime/VisualScripting.Flow/Framework/Math/Vector4/Vector4Multiply.cs
 0.1 kb	 0.0% Packages/com.unity.visualscripting/Runtime/VisualScripting.Flow/Framework/Math/Vector4/Vector4Modulo.cs
 0.1 kb	 0.0% Packages/com.unity.visualscripting/Runtime/VisualScripting.Flow/Framework/Math/Vector4/Vector4Minimum.cs
 0.1 kb	 0.0% Packages/com.unity.visualscripting/Runtime/VisualScripting.Flow/Framework/Math/Vector4/Vector4Maximum.cs
 0.1 kb	 0.0% Packages/com.unity.visualscripting/Runtime/VisualScripting.Flow/Framework/Math/Vector4/Vector4Divide.cs
 0.1 kb	 0.0% Packages/com.unity.visualscripting/Runtime/VisualScripting.Flow/Framework/Math/Vector4/Vector4Distance.cs
 0.1 kb	 0.0% Packages/com.unity.visualscripting/Runtime/VisualScripting.Flow/Framework/Math/Vector4/Vector4Average.cs
 0.1 kb	 0.0% Packages/com.unity.visualscripting/Runtime/VisualScripting.Flow/Framework/Math/Vector4/Vector4Absolute.cs
 0.1 kb	 0.0% Packages/com.unity.visualscripting/Runtime/VisualScripting.Flow/Framework/Math/Vector3/Vector3Subtract.cs
 0.1 kb	 0.0% Packages/com.unity.visualscripting/Runtime/VisualScripting.Flow/Framework/Math/Vector3/Vector3Project.cs
 0.1 kb	 0.0% Packages/com.unity.visualscripting/Runtime/VisualScripting.Flow/Framework/Math/Vector3/Vector3PerSecond.cs
 0.1 kb	 0.0% Packages/com.unity.visualscripting/Runtime/VisualScripting.Flow/Framework/Math/Vector3/Vector3Normalize.cs
 0.1 kb	 0.0% Packages/com.unity.visualscripting/Runtime/VisualScripting.Flow/Framework/Math/Vector3/Vector3Multiply.cs
 0.1 kb	 0.0% Packages/com.unity.visualscripting/Runtime/VisualScripting.Flow/Framework/Math/Vector3/Vector3Modulo.cs
 0.1 kb	 0.0% Packages/com.unity.visualscripting/Runtime/VisualScripting.Flow/Framework/Math/Vector3/Vector3Minimum.cs
 0.1 kb	 0.0% Packages/com.unity.visualscripting/Runtime/VisualScripting.Flow/Framework/Math/Vector3/Vector3Maximum.cs
 0.1 kb	 0.0% Packages/com.unity.visualscripting/Runtime/VisualScripting.Flow/Framework/Math/Vector3/Vector3Divide.cs
 0.1 kb	 0.0% Packages/com.unity.visualscripting/Runtime/VisualScripting.Flow/Framework/Math/Vector3/Vector3Distance.cs
 0.1 kb	 0.0% Packages/com.unity.visualscripting/Runtime/VisualScripting.Flow/Framework/Math/Vector3/Vector3Average.cs
 0.1 kb	 0.0% Packages/com.unity.visualscripting/Runtime/VisualScripting.Flow/Framework/Math/Vector3/Vector3Absolute.cs
 0.1 kb	 0.0% Packages/com.unity.visualscripting/Runtime/VisualScripting.Flow/Framework/Math/Vector2/Vector2Subtract.cs
 0.1 kb	 0.0% Packages/com.unity.visualscripting/Runtime/VisualScripting.Flow/Framework/Math/Vector2/Vector2Project.cs
 0.1 kb	 0.0% Packages/com.unity.visualscripting/Runtime/VisualScripting.Flow/Framework/Math/Vector2/Vector2PerSecond.cs
 0.1 kb	 0.0% Packages/com.unity.visualscripting/Runtime/VisualScripting.Flow/Framework/Math/Vector2/Vector2Normalize.cs
 0.1 kb	 0.0% Packages/com.unity.visualscripting/Runtime/VisualScripting.Flow/Framework/Math/Vector2/Vector2Multiply.cs
 0.1 kb	 0.0% Packages/com.unity.visualscripting/Runtime/VisualScripting.Flow/Framework/Math/Vector2/Vector2Modulo.cs
 0.1 kb	 0.0% Packages/com.unity.visualscripting/Runtime/VisualScripting.Flow/Framework/Math/Vector2/Vector2Minimum.cs
 0.1 kb	 0.0% Packages/com.unity.visualscripting/Runtime/VisualScripting.Flow/Framework/Math/Vector2/Vector2Maximum.cs
 0.1 kb	 0.0% Packages/com.unity.visualscripting/Runtime/VisualScripting.Flow/Framework/Math/Vector2/Vector2Divide.cs
 0.1 kb	 0.0% Packages/com.unity.visualscripting/Runtime/VisualScripting.Flow/Framework/Math/Vector2/Vector2Distance.cs
 0.1 kb	 0.0% Packages/com.unity.visualscripting/Runtime/VisualScripting.Flow/Framework/Math/Vector2/Vector2Average.cs
 0.1 kb	 0.0% Packages/com.unity.visualscripting/Runtime/VisualScripting.Flow/Framework/Math/Vector2/Vector2Absolute.cs
 0.1 kb	 0.0% Packages/com.unity.visualscripting/Runtime/VisualScripting.Flow/Framework/Math/Scalar/ScalarSubtract.cs
 0.1 kb	 0.0% Packages/com.unity.visualscripting/Runtime/VisualScripting.Flow/Framework/Math/Scalar/ScalarPerSecond.cs
 0.1 kb	 0.0% Packages/com.unity.visualscripting/Runtime/VisualScripting.Flow/Framework/Math/Scalar/ScalarNormalize.cs
 0.1 kb	 0.0% Packages/com.unity.visualscripting/Runtime/VisualScripting.Flow/Framework/Math/Scalar/ScalarMultiply.cs
 0.1 kb	 0.0% Packages/com.unity.visualscripting/Runtime/VisualScripting.Flow/Framework/Math/Scalar/ScalarMinimum.cs
 0.1 kb	 0.0% Packages/com.unity.visualscripting/Runtime/VisualScripting.Flow/Framework/Math/Scalar/ScalarMaximum.cs
 0.1 kb	 0.0% Packages/com.unity.visualscripting/Runtime/VisualScripting.Flow/Framework/Math/Scalar/ScalarAverage.cs
 0.1 kb	 0.0% Packages/com.unity.visualscripting/Runtime/VisualScripting.Flow/Framework/Math/Scalar/ScalarAbsolute.cs
 0.1 kb	 0.0% Packages/com.unity.visualscripting/Runtime/VisualScripting.Flow/Framework/Math/Generic/GenericSubtract.cs
 0.1 kb	 0.0% Packages/com.unity.visualscripting/Runtime/VisualScripting.Flow/Framework/Math/Generic/GenericMultiply.cs
 0.1 kb	 0.0% Packages/com.unity.visualscripting/Runtime/VisualScripting.Flow/Framework/Math/Generic/GenericModulo.cs
 0.1 kb	 0.0% Packages/com.unity.visualscripting/Runtime/VisualScripting.Flow/Framework/Math/Generic/GenericDivide.cs
 0.1 kb	 0.0% Packages/com.unity.visualscripting/Runtime/VisualScripting.Flow/Framework/Logic/GreaterOrEqual.cs
 0.1 kb	 0.0% Packages/com.unity.visualscripting/Runtime/VisualScripting.Flow/Framework/Graph/SetScriptGraph.cs
 0.1 kb	 0.0% Packages/com.unity.visualscripting/Runtime/VisualScripting.Flow/Framework/Graph/HasScriptGraph.cs
 0.1 kb	 0.0% Packages/com.unity.visualscripting/Runtime/VisualScripting.Flow/Framework/Graph/GetScriptGraphs.cs
 0.1 kb	 0.0% Packages/com.unity.visualscripting/Runtime/VisualScripting.Flow/Framework/Graph/GetScriptGraph.cs
 0.1 kb	 0.0% Packages/com.unity.visualscripting/Runtime/VisualScripting.Flow/Framework/Events/Time/OnTimerElapsed.cs
 0.1 kb	 0.0% Packages/com.unity.visualscripting/Runtime/VisualScripting.Flow/Framework/Events/Rendering/OnBecameVisible.cs
 0.1 kb	 0.0% Packages/com.unity.visualscripting/Runtime/VisualScripting.Flow/Framework/Events/Physics2D/OnTriggerStay2D.cs
 0.1 kb	 0.0% Packages/com.unity.visualscripting/Runtime/VisualScripting.Flow/Framework/Events/Physics2D/OnTriggerExit2D.cs
 0.1 kb	 0.0% Packages/com.unity.visualscripting/Runtime/VisualScripting.Flow/Framework/Events/Physics2D/OnTriggerEnter2D.cs
 0.1 kb	 0.0% Packages/com.unity.visualscripting/Runtime/VisualScripting.Flow/Framework/Events/Physics2D/OnJointBreak2D.cs
 0.1 kb	 0.0% Packages/com.unity.visualscripting/Runtime/VisualScripting.Flow/Framework/Events/Physics/TriggerEventUnit.cs
 0.1 kb	 0.0% Packages/com.unity.visualscripting/Runtime/VisualScripting.Flow/Framework/Events/Physics/OnTriggerStay.cs
 0.1 kb	 0.0% Packages/com.unity.visualscripting/Runtime/VisualScripting.Flow/Framework/Events/Physics/OnTriggerExit.cs
 0.1 kb	 0.0% Packages/com.unity.visualscripting/Runtime/VisualScripting.Flow/Framework/Events/Physics/OnTriggerEnter.cs
 0.1 kb	 0.0% Packages/com.unity.visualscripting/Runtime/VisualScripting.Flow/Framework/Events/Physics/OnCollisionStay.cs
 0.1 kb	 0.0% Packages/com.unity.visualscripting/Runtime/VisualScripting.Flow/Framework/Events/Physics/OnCollisionExit.cs
 0.1 kb	 0.0% Packages/com.unity.visualscripting/Runtime/VisualScripting.Flow/Framework/Events/Physics/OnCollisionEnter.cs
 0.1 kb	 0.0% Packages/com.unity.visualscripting/Runtime/VisualScripting.Flow/Framework/Events/Input/OnKeyboardInput.cs
 0.1 kb	 0.0% Packages/com.unity.visualscripting/Runtime/VisualScripting.Flow/Framework/Events/Input/OnButtonInput.cs
 0.1 kb	 0.0% Packages/com.unity.visualscripting/Runtime/VisualScripting.Flow/Framework/Events/Input/IMouseEventUnit.cs
 0.1 kb	 0.0% Packages/com.unity.visualscripting/Runtime/VisualScripting.Flow/Framework/Events/GUI/PointerEventUnit.cs
 0.1 kb	 0.0% Packages/com.unity.visualscripting/Runtime/VisualScripting.Flow/Framework/Events/GUI/OnPointerExit.cs
 0.1 kb	 0.0% Packages/com.unity.visualscripting/Runtime/VisualScripting.Flow/Framework/Events/GUI/OnPointerEnter.cs
 0.1 kb	 0.0% Packages/com.unity.visualscripting/Runtime/VisualScripting.Flow/Framework/Events/GUI/OnPointerDown.cs
 0.1 kb	 0.0% Packages/com.unity.visualscripting/Runtime/VisualScripting.Flow/Framework/Events/GUI/OnPointerClick.cs
 0.1 kb	 0.0% Packages/com.unity.visualscripting/Runtime/VisualScripting.Flow/Framework/Events/GUI/OnButtonClick.cs
 0.1 kb	 0.0% Packages/com.unity.visualscripting/Runtime/VisualScripting.Flow/Framework/Events/CustomEventArgs.cs
 0.1 kb	 0.0% Packages/com.unity.visualscripting/Runtime/VisualScripting.Flow/Framework/Events/BoltUnityEvent.cs
 0.1 kb	 0.0% Packages/com.unity.visualscripting/Runtime/VisualScripting.Flow/Framework/Events/Animation/OnAnimatorMove.cs
 0.1 kb	 0.0% Packages/com.unity.visualscripting/Runtime/VisualScripting.Flow/Framework/Control/SwitchOnString.cs
 0.1 kb	 0.0% Packages/com.unity.visualscripting/Runtime/VisualScripting.Flow/Framework/Control/SwitchOnInteger.cs
 0.1 kb	 0.0% Packages/com.unity.visualscripting/Runtime/VisualScripting.Flow/Framework/Control/SelectOnString.cs
 0.1 kb	 0.0% Packages/com.unity.visualscripting/Runtime/VisualScripting.Flow/Framework/Control/SelectOnInteger.cs
 0.1 kb	 0.0% Packages/com.unity.visualscripting/Runtime/VisualScripting.Flow/Framework/Collections/Lists/RemoveListItemAt.cs
 0.1 kb	 0.0% Packages/com.unity.visualscripting/Runtime/VisualScripting.Flow/Framework/Collections/Lists/RemoveListItem.cs
 0.1 kb	 0.0% Packages/com.unity.visualscripting/Runtime/VisualScripting.Flow/Framework/Collections/Lists/ListContainsItem.cs
 0.1 kb	 0.0% Packages/com.unity.visualscripting/Runtime/VisualScripting.Flow/Framework/Collections/Lists/InsertListItem.cs
 0.1 kb	 0.0% Packages/com.unity.visualscripting/Runtime/VisualScripting.Flow/Framework/Collections/Dictionaries/CreateDictionary.cs
 0.1 kb	 0.0% Packages/com.unity.visualscripting/Runtime/VisualScripting.Flow/Framework/Collections/Dictionaries/ClearDictionary.cs
 0.1 kb	 0.0% Packages/com.unity.visualscripting/Runtime/VisualScripting.Flow/FlowGraphData.cs
 0.1 kb	 0.0% Packages/com.unity.visualscripting/Runtime/VisualScripting.Flow/EditorBinding/PortKeyAttribute.cs
 0.1 kb	 0.0% Packages/com.unity.visualscripting/Runtime/VisualScripting.Flow/Connections/ValueConnection.cs
 0.1 kb	 0.0% Packages/com.unity.visualscripting/Runtime/VisualScripting.Flow/Connections/IUnitRelation.cs
 0.1 kb	 0.0% Packages/com.unity.visualscripting/Runtime/VisualScripting.Flow/Connections/IUnitConnection.cs
 0.1 kb	 0.0% Packages/com.unity.visualscripting/Runtime/VisualScripting.Core/Variables/VariablesSaver.cs
 0.1 kb	 0.0% Packages/com.unity.visualscripting/Runtime/VisualScripting.Core/Variables/VariablesAsset.cs
 0.1 kb	 0.0% Packages/com.unity.visualscripting/Runtime/VisualScripting.Core/Variables/SceneVariables.cs
 0.1 kb	 0.0% Packages/com.unity.visualscripting/Runtime/VisualScripting.Core/Variables/SavedVariables.cs
 0.1 kb	 0.0% Packages/com.unity.visualscripting/Runtime/VisualScripting.Core/Variables/ObjectVariables.cs
 0.1 kb	 0.0% Packages/com.unity.visualscripting/Runtime/VisualScripting.Core/Utilities/StringUtility.cs
 0.1 kb	 0.0% Packages/com.unity.visualscripting/Runtime/VisualScripting.Core/Utilities/IInitializable.cs
 0.1 kb	 0.0% Packages/com.unity.visualscripting/Runtime/VisualScripting.Core/Utilities/IIdentifiable.cs
 0.1 kb	 0.0% Packages/com.unity.visualscripting/Runtime/VisualScripting.Core/Utilities/ExceptionUtility.cs
 0.1 kb	 0.0% Packages/com.unity.visualscripting/Runtime/VisualScripting.Core/Utilities/CoroutineRunner.cs
 0.1 kb	 0.0% Packages/com.unity.visualscripting/Runtime/VisualScripting.Core/Unity/LudiqBehaviour.cs
 0.1 kb	 0.0% Packages/com.unity.visualscripting/Runtime/VisualScripting.Core/Serialization/Serialization.cs
 0.1 kb	 0.0% Packages/com.unity.visualscripting/Runtime/VisualScripting.Core/Serialization/SerializableType.cs
 0.1 kb	 0.0% Packages/com.unity.visualscripting/Runtime/VisualScripting.Core/Serialization/DictionaryAsset.cs
 0.1 kb	 0.0% Packages/com.unity.visualscripting/Runtime/VisualScripting.Core/Serialization/Converters/Ray2DConverter.cs
 0.1 kb	 0.0% Packages/com.unity.visualscripting/Runtime/VisualScripting.Core/Reflection/RuntimeCodebase.cs
 0.1 kb	 0.0% Packages/com.unity.visualscripting/Runtime/VisualScripting.Core/Reflection/Operators/OperatorUtility.cs
 0.1 kb	 0.0% Packages/com.unity.visualscripting/Runtime/VisualScripting.Core/Reflection/Operators/OperatorHandler.cs
 0.1 kb	 0.0% Packages/com.unity.visualscripting/Runtime/VisualScripting.Core/Reflection/Operators/ModuloHandler.cs
 0.1 kb	 0.0% Packages/com.unity.visualscripting/Runtime/VisualScripting.Core/Reflection/Operators/LessThanHandler.cs
 0.1 kb	 0.0% Packages/com.unity.visualscripting/Runtime/VisualScripting.Core/Reflection/Operators/LeftShiftHandler.cs
 0.1 kb	 0.0% Packages/com.unity.visualscripting/Runtime/VisualScripting.Core/Reflection/Operators/IncrementHandler.cs
 0.1 kb	 0.0% Packages/com.unity.visualscripting/Runtime/VisualScripting.Core/Reflection/Operators/EqualityHandler.cs
 0.1 kb	 0.0% Packages/com.unity.visualscripting/Runtime/VisualScripting.Core/Reflection/Operators/DivisionHandler.cs
 0.1 kb	 0.0% Packages/com.unity.visualscripting/Runtime/VisualScripting.Core/Reflection/Operators/DecrementHandler.cs
 0.1 kb	 0.0% Packages/com.unity.visualscripting/Runtime/VisualScripting.Core/Reflection/Operators/AdditionHandler.cs
 0.1 kb	 0.0% Packages/com.unity.visualscripting/Runtime/VisualScripting.Core/Reflection/MemberUtility.cs
 0.1 kb	 0.0% Packages/com.unity.visualscripting/Runtime/VisualScripting.Core/Reflection/AttributeUtility.cs
 0.1 kb	 0.0% Packages/com.unity.visualscripting/Runtime/VisualScripting.Core/Profiling/ProfilingUtility.cs
 0.1 kb	 0.0% Packages/com.unity.visualscripting/Runtime/VisualScripting.Core/Profiling/ProfilingScope.cs
 0.1 kb	 0.0% Packages/com.unity.visualscripting/Runtime/VisualScripting.Core/Profiling/ProfiledSegment.cs
 0.1 kb	 0.0% Packages/com.unity.visualscripting/Runtime/VisualScripting.Core/Platforms/PlatformUtility.cs
 0.1 kb	 0.0% Packages/com.unity.visualscripting/Runtime/VisualScripting.Core/Platforms/IAotStubbable.cs
 0.1 kb	 0.0% Packages/com.unity.visualscripting/Runtime/VisualScripting.Core/Listeners/MessageListener.cs
 0.1 kb	 0.0% Packages/com.unity.visualscripting/Runtime/VisualScripting.Core/Graphs/IGraphElement.cs
 0.1 kb	 0.0% Packages/com.unity.visualscripting/Runtime/VisualScripting.Core/Graphs/IGraphDebugData.cs
 0.1 kb	 0.0% Packages/com.unity.visualscripting/Runtime/VisualScripting.Core/Graphs/GraphReference.cs
 0.1 kb	 0.0% Packages/com.unity.visualscripting/Runtime/VisualScripting.Core/Graphs/GraphInstances.cs
 0.1 kb	 0.0% Packages/com.unity.visualscripting/Runtime/VisualScripting.Core/Graphs/GraphDebugData.cs
 0.1 kb	 0.0% Packages/com.unity.visualscripting/Runtime/VisualScripting.Core/Events/IEventMachine.cs
 0.1 kb	 0.0% Packages/com.unity.visualscripting/Runtime/VisualScripting.Core/Events/EmptyEventArgs.cs
 0.1 kb	 0.0% Packages/com.unity.visualscripting/Runtime/VisualScripting.Core/Ensure/EnsureThat.Strings.cs
 0.1 kb	 0.0% Packages/com.unity.visualscripting/Runtime/VisualScripting.Core/Ensure/EnsureThat.Objects.cs
 0.1 kb	 0.0% Packages/com.unity.visualscripting/Runtime/VisualScripting.Core/Ensure/EnsureThat.Booleans.cs
 0.1 kb	 0.0% Packages/com.unity.visualscripting/Runtime/VisualScripting.Core/EditorBinding/TypeSetAttribute.cs
 0.1 kb	 0.0% Packages/com.unity.visualscripting/Runtime/VisualScripting.Core/Decorators/ValueAttribute.cs
 0.1 kb	 0.0% Packages/com.unity.visualscripting/Runtime/VisualScripting.Core/Collections/AotDictionary.cs
 0.1 kb	 0.0% Packages/com.unity.visualscripting/Runtime/VisualScripting.Core/Cloning/ISpecifiesCloner.cs
 0.1 kb	 0.0% Packages/com.unity.visualscripting/Runtime/VisualScripting.Core/Cloning/CloningContext.cs
 0.1 kb	 0.0% Packages/com.unity.visualscripting/Runtime/VisualScripting.Core/Cloning/Cloners/ReflectedCloner.cs
 0.1 kb	 0.0% Packages/com.unity.visualscripting/Runtime/VisualScripting.Core/Cloning/Cloners/GradientCloner.cs
 0.1 kb	 0.0% Packages/com.unity.visualscripting/Runtime/VisualScripting.Core/Cloning/Cloners/EnumerableCloner.cs
 0.1 kb	 0.0% Packages/com.unity.visualscripting/Runtime/VisualScripting.Core/Cloning/Cloners/DictionaryCloner.cs
 0.1 kb	 0.0% Packages/com.unity.timeline/Runtime/Utilities/TimelineCreateUtilities.cs
 0.1 kb	 0.0% Packages/com.unity.timeline/Runtime/Utilities/TimelineClipExtensions.cs
 0.1 kb	 0.0% Packages/com.unity.timeline/Runtime/Utilities/NotificationUtilities.cs
 0.1 kb	 0.0% Packages/com.unity.timeline/Runtime/Playables/PrefabControlPlayable.cs
 0.1 kb	 0.0% Packages/com.unity.timeline/Runtime/Playables/ParticleControlPlayable.cs
 0.1 kb	 0.0% Packages/com.unity.timeline/Runtime/Playables/DirectorControlPlayable.cs
 0.1 kb	 0.0% Packages/com.unity.timeline/Runtime/Events/Signals/CustomSignalEventDrawer.cs
 0.1 kb	 0.0% Packages/com.unity.timeline/Runtime/Attributes/TimelineHelpURLAttribute.cs
 0.1 kb	 0.0% Packages/com.unity.timeline/Runtime/Animation/AnimationPlayableAsset.cs
 0.1 kb	 0.0% Packages/com.unity.timeline/Runtime/Activation/ActivationPlayableAsset.cs
 0.1 kb	 0.0% Packages/com.unity.timeline/Runtime/Activation/ActivationMixerPlayable.cs
 0.1 kb	 0.0% Packages/com.unity.textmeshpro/Scripts/Runtime/TMP_ScrollbarEventHandler.cs
 0.1 kb	 0.0% Packages/com.unity.textmeshpro/Scripts/Runtime/TMP_PackageResourceImporter.cs
 0.1 kb	 0.0% Packages/com.unity.textmeshpro/Scripts/Runtime/TMP_EditorResourceManager.cs
 0.1 kb	 0.0% Packages/com.unity.test-framework/UnityEngine.TestRunner/Utils/StacktraceFilter.cs
 0.1 kb	 0.0% Packages/com.unity.test-framework/UnityEngine.TestRunner/Utils/IPrebuildSceneSetup.cs
 0.1 kb	 0.0% Packages/com.unity.test-framework/UnityEngine.TestRunner/Utils/CoroutineRunner.cs
 0.1 kb	 0.0% Packages/com.unity.test-framework/UnityEngine.TestRunner/Utils/AssemblyProvider/IAssemblyWrapper.cs
 0.1 kb	 0.0% Packages/com.unity.test-framework/UnityEngine.TestRunner/Utils/AssemblyProvider/AssemblyWrapper.cs
 0.1 kb	 0.0% Packages/com.unity.splines/Runtime/SplineModificationData.cs
 0.1 kb	 0.0% Packages/com.unity.services.core/Runtime/Core.Internal/Components/Telemetry/IMetrics.cs
 0.1 kb	 0.0% Packages/com.unity.render-pipelines.core/Runtime/Volume/VolumeStack.cs
 0.1 kb	 0.0% Packages/com.unity.render-pipelines.core/Runtime/Utilities/TextureCurve.cs
 0.1 kb	 0.0% Packages/com.unity.render-pipelines.core/Runtime/Utilities/MeshGizmo.cs
 0.1 kb	 0.0% Packages/com.unity.render-pipelines.core/Runtime/Utilities/HashFNV1A32.cs
 0.1 kb	 0.0% Packages/com.unity.render-pipelines.core/Runtime/Utilities/HableCurve.cs
 0.1 kb	 0.0% Packages/com.unity.render-pipelines.core/Runtime/Utilities/CoreUtils.cs
 0.1 kb	 0.0% Packages/com.unity.render-pipelines.core/Runtime/Utilities/ColorUtils.cs
 0.1 kb	 0.0% Packages/com.unity.render-pipelines.core/Runtime/Textures/TextureXR.cs
 0.1 kb	 0.0% Packages/com.unity.render-pipelines.core/Runtime/Textures/RTHandles.cs
 0.1 kb	 0.0% Packages/com.unity.render-pipelines.core/Runtime/ShaderLibrary/Sampling/Hammersley.cs
 0.1 kb	 0.0% Packages/com.unity.render-pipelines.core/Runtime/Lighting/ProbeVolume/ProbeVolume.cs
 0.1 kb	 0.0% Packages/com.unity.render-pipelines.core/Runtime/Debugging/Prefabs/Scripts/UIFoldout.cs
 0.1 kb	 0.0% Packages/com.unity.render-pipelines.core/Runtime/Debugging/DebugUpdater.cs
 0.1 kb	 0.0% Packages/com.unity.render-pipelines.core/Runtime/Debugging/DebugUI.Panel.cs
 0.1 kb	 0.0% Packages/com.unity.render-pipelines.core/Runtime/Debugging/DebugUI.Fields.cs
 0.1 kb	 0.0% Packages/com.unity.render-pipelines.core/Runtime/Debugging/DebugShapes.cs
 0.1 kb	 0.0% Packages/com.unity.render-pipelines.core/Runtime/Debugging/DebugManager.cs
 0.1 kb	 0.0% Packages/com.unity.render-pipelines.core/Runtime/Common/XRGraphics.cs
 0.1 kb	 0.0% Packages/com.unity.render-pipelines.core/Runtime/Camera/FreeCamera.cs
 0.1 kb	 0.0% Packages/com.unity.purchasing/Runtime/Utilities/UnityUtil.cs
 0.1 kb	 0.0% Packages/com.unity.purchasing/Runtime/Utilities/TransactionHistory/TransactionLog.cs
 0.1 kb	 0.0% Packages/com.unity.purchasing/Runtime/Utilities/TransactionHistory/Interfaces/ITransactionLog.cs
 0.1 kb	 0.0% Packages/com.unity.purchasing/Runtime/Utilities/MonoBehaviorUtil.cs
 0.1 kb	 0.0% Packages/com.unity.purchasing/Runtime/Utilities/LoggerExtensions.cs
 0.1 kb	 0.0% Packages/com.unity.purchasing/Runtime/Utilities/FileReference.cs
 0.1 kb	 0.0% Packages/com.unity.purchasing/Runtime/Purchasing/Stores/Android/GooglePlay/AAR/Interfaces/IGooglePurchase.cs
 0.1 kb	 0.0% Packages/com.unity.purchasing/Runtime/AppleStub/iOSStoreBindings.cs
 0.1 kb	 0.0% Packages/com.unity.probuilder/Runtime/MeshOperations/UV/TextureStitching.cs
 0.1 kb	 0.0% Packages/com.unity.probuilder/Runtime/Core/ProGridsIgnoreSnap.cs
 0.1 kb	 0.0% Packages/com.unity.probuilder/External/Poly2Tri/Triangulation/Delaunay/Sweep/DTSweepBasin.cs
 0.1 kb	 0.0% Packages/com.unity.probuilder/External/Poly2Tri/Polygon/PolygonSet.cs
 0.1 kb	 0.0% Packages/com.unity.probuilder/External/Poly2Tri/Polygon/PolygonPoint.cs
 0.1 kb	 0.0% Packages/com.unity.probuilder/External/KdTree/KdTreeLib/Math/FloatMath.cs
 0.1 kb	 0.0% Packages/com.unity.probuilder/External/KdTree/KdTreeLib/Math/DoubleMath.cs
 0.1 kb	 0.0% Packages/com.unity.probuilder/External/KdTree/KdTreeLib/KdTree.cs
 0.1 kb	 0.0% Packages/com.unity.mathematics/Unity.Mathematics/PropertyAttributes.cs
 0.1 kb	 0.0% Packages/com.unity.inputsystem/InputSystem/State/InputStateBlock.cs
 0.1 kb	 0.0% Packages/com.unity.inputsystem/InputSystem/Plugins/iOS/iOSPostProcessBuild.cs
 0.1 kb	 0.0% Packages/com.unity.inputsystem/InputSystem/Plugins/XInput/XboxGamepadMacOS.cs
 0.1 kb	 0.0% Packages/com.unity.inputsystem/InputSystem/Plugins/XInput/XInputSupport.cs
 0.1 kb	 0.0% Packages/com.unity.inputsystem/InputSystem/Plugins/XInput/XInputController.cs
 0.1 kb	 0.0% Packages/com.unity.inputsystem/InputSystem/Plugins/XInput/IXboxOneRumble.cs
 0.1 kb	 0.0% Packages/com.unity.inputsystem/InputSystem/Plugins/WebGL/WebGLJoystick.cs
 0.1 kb	 0.0% Packages/com.unity.inputsystem/InputSystem/Plugins/UnityRemote/UnityRemoteSupport.cs
 0.1 kb	 0.0% Packages/com.unity.inputsystem/InputSystem/Plugins/Switch/SwitchSupportHID.cs
 0.1 kb	 0.0% Packages/com.unity.inputsystem/InputSystem/Plugins/PlayerInput/PlayerInputManager.cs
 0.1 kb	 0.0% Packages/com.unity.inputsystem/InputSystem/Plugins/PlayerInput/DefaultInputActions.cs
 0.1 kb	 0.0% Packages/com.unity.inputsystem/InputSystem/Plugins/OnScreen/OnScreenSupport.cs
 0.1 kb	 0.0% Packages/com.unity.inputsystem/InputSystem/Plugins/OnScreen/OnScreenStick.cs
 0.1 kb	 0.0% Packages/com.unity.inputsystem/InputSystem/Plugins/OnScreen/OnScreenControl.cs
 0.1 kb	 0.0% Packages/com.unity.inputsystem/InputSystem/Plugins/OnScreen/OnScreenButton.cs
 0.1 kb	 0.0% Packages/com.unity.inputsystem/InputSystem/Plugins/Linux/SDLDeviceBuilder.cs
 0.1 kb	 0.0% Packages/com.unity.inputsystem/InputSystem/Plugins/EnhancedTouch/TouchHistory.cs
 0.1 kb	 0.0% Packages/com.unity.inputsystem/InputSystem/Plugins/Android/AndroidSupport.cs
 0.1 kb	 0.0% Packages/com.unity.inputsystem/InputSystem/InputSystemObject.cs
 0.1 kb	 0.0% Packages/com.unity.inputsystem/InputSystem/InputManagerStateMonitors.cs
 0.1 kb	 0.0% Packages/com.unity.inputsystem/InputSystem/InputFeatureNames.cs
 0.1 kb	 0.0% Packages/com.unity.inputsystem/InputSystem/IInputRuntime.cs
 0.1 kb	 0.0% Packages/com.unity.inputsystem/InputSystem/IInputDiagnostics.cs
 0.1 kb	 0.0% Packages/com.unity.inputsystem/InputSystem/Events/InputEventTrace.cs
 0.1 kb	 0.0% Packages/com.unity.inputsystem/InputSystem/Events/InputEventStream.cs
 0.1 kb	 0.0% Packages/com.unity.inputsystem/InputSystem/Events/InputEventPtr.cs
 0.1 kb	 0.0% Packages/com.unity.inputsystem/InputSystem/Events/InputEventBuffer.cs
 0.1 kb	 0.0% Packages/com.unity.inputsystem/InputSystem/Events/DeviceResetEvent.cs
 0.1 kb	 0.0% Packages/com.unity.inputsystem/InputSystem/Events/DeltaStateEvent.cs
 0.1 kb	 0.0% Packages/com.unity.inputsystem/InputSystem/Editor/UITKAssetEditor/Views/PropertiesView.cs
 0.1 kb	 0.0% Packages/com.unity.inputsystem/InputSystem/Editor/UITKAssetEditor/Views/DropManipulator.cs
 0.1 kb	 0.0% Packages/com.unity.inputsystem/InputSystem/Editor/UITKAssetEditor/Views/CopyPasteHelper.cs
 0.1 kb	 0.0% Packages/com.unity.inputsystem/InputSystem/Editor/UITKAssetEditor/Views/ActionsTreeView.cs
 0.1 kb	 0.0% Packages/com.unity.inputsystem/InputSystem/Editor/UITKAssetEditor/Views/ActionMapsView.cs
 0.1 kb	 0.0% Packages/com.unity.inputsystem/InputSystem/Editor/UITKAssetEditor/StateContainer.cs
 0.1 kb	 0.0% Packages/com.unity.inputsystem/InputSystem/Editor/UITKAssetEditor/ExpressionUtils.cs
 0.1 kb	 0.0% Packages/com.unity.inputsystem/InputSystem/Editor/Internal/TreeViewHelpers.cs
 0.1 kb	 0.0% Packages/com.unity.inputsystem/InputSystem/Editor/Internal/InputStateWindow.cs
 0.1 kb	 0.0% Packages/com.unity.inputsystem/InputSystem/Editor/Internal/EditorHelpers.cs
 0.1 kb	 0.0% Packages/com.unity.inputsystem/InputSystem/Editor/Internal/AdvancedDropdown/AdvancedDropdown.cs
 0.1 kb	 0.0% Packages/com.unity.inputsystem/InputSystem/Editor/InputDiagnostics.cs
 0.1 kb	 0.0% Packages/com.unity.inputsystem/InputSystem/Devices/Haptics/IDualMotorRumble.cs
 0.1 kb	 0.0% Packages/com.unity.inputsystem/InputSystem/Devices/Haptics/DualMotorRumble.cs
 0.1 kb	 0.0% Packages/com.unity.inputsystem/InputSystem/Controls/Vector3Control.cs
 0.1 kb	 0.0% Packages/com.unity.inputsystem/InputSystem/Controls/Vector2Control.cs
 0.1 kb	 0.0% Packages/com.unity.inputsystem/InputSystem/Controls/IntegerControl.cs
 0.1 kb	 0.0% Packages/com.unity.inputsystem/InputSystem/Controls/DoubleControl.cs
 0.1 kb	 0.0% Packages/com.unity.inputsystem/InputSystem/Controls/ButtonControl.cs
 0.1 kb	 0.0% Packages/com.unity.inputsystem/InputSystem/Controls/AnyKeyControl.cs
 0.1 kb	 0.0% Packages/com.unity.inputsystem/InputSystem/Actions/InputControlScheme.cs
 0.1 kb	 0.0% Packages/com.unity.inputsystem/InputSystem/Actions/InputBindingResolver.cs
 0.1 kb	 0.0% Packages/com.unity.inputsystem/InputSystem/Actions/InputActionReference.cs
 0.1 kb	 0.0% Packages/com.unity.inputsystem/InputSystem/Actions/InputActionProperty.cs
 0.1 kb	 0.0% Packages/com.unity.inputsystem/InputSystem/Actions/IInputInteraction.cs
 0.1 kb	 0.0% Packages/com.unity.cinemachine/Runtime/Core/TargetTracking.cs
 0.1 kb	 0.0% Packages/com.unity.cinemachine/Runtime/Core/InputAxisControllerBase.cs
 0.1 kb	 0.0% Packages/com.ivanmurzak.unity.mcp/TestFiles/Scripts/SolarSystem.cs
 0.1 kb	 0.0% Packages/com.ivanmurzak.unity.mcp/TestFiles/Scripts/GradientTest.cs
 0.1 kb	 0.0% Packages/com.ivanmurzak.unity.mcp/Runtime/Data/GameObjectComponentsRef.cs
 0.1 kb	 0.0% Packages/com.unity.visualscripting/Runtime/VisualScripting.Core/Ensure/EnsureThat.Types.cs
 0.1 kb	 0.0% Packages/com.unity.visualscripting/Runtime/VisualScripting.Core/Ensure/EnsureThat.Guids.cs
 0.1 kb	 0.0% Packages/com.unity.visualscripting/Runtime/VisualScripting.Core/Dependencies/FullSerializer/fsResult.cs
 0.1 kb	 0.0% Packages/com.unity.visualscripting/Runtime/VisualScripting.Core/Dependencies/FullSerializer/fsData.cs
 0.1 kb	 0.0% Packages/com.unity.visualscripting/Runtime/VisualScripting.Core/Dependencies/FullSerializer/fsConfig.cs
 0.1 kb	 0.0% Packages/com.unity.ugui/Runtime/UI/Core/Utility/ReflectionMethodsCache.cs
 0.1 kb	 0.0% Packages/com.unity.ugui/Runtime/UI/Core/MultipleDisplayUtilities.cs
 0.1 kb	 0.0% Packages/com.unity.ugui/Runtime/UI/Core/Layout/HorizontalLayoutGroup.cs
 0.1 kb	 0.0% Packages/com.unity.ugui/Runtime/UI/Core/IGraphicEnabledDisabled.cs
 0.1 kb	 0.0% Packages/com.unity.ugui/Runtime/UI/Core/GraphicRebuildTracker.cs
 0.1 kb	 0.0% Packages/com.unity.ugui/Runtime/UI/Core/Culling/RectangularVertexClipper.cs
 0.1 kb	 0.0% Packages/com.unity.ugui/Runtime/EventSystem/UIElements/PanelEventHandler.cs
 0.1 kb	 0.0% Packages/com.unity.ugui/Runtime/EventSystem/Raycasters/Physics2DRaycaster.cs
 0.1 kb	 0.0% Packages/com.unity.ugui/Runtime/EventSystem/InputModules/PointerInputModule.cs
 0.1 kb	 0.0% Packages/com.unity.timeline/Runtime/TimelinePlayable_Animation.cs
 0.1 kb	 0.0% Packages/com.unity.timeline/Runtime/TimelineAttributes.cs
 0.1 kb	 0.0% Packages/com.unity.timeline/Runtime/Playables/BasicScriptPlayable.cs
 0.1 kb	 0.0% Packages/com.unity.test-framework/UnityEngine.TestRunner/Utils/ITestRunCallback.cs
 0.1 kb	 0.0% Packages/com.unity.test-framework/UnityEngine.TestRunner/Utils/AttributeHelper.cs
 0.1 kb	 0.0% Packages/com.unity.test-framework/UnityEngine.TestRunner/NUnitExtensions/Attributes/TestEnumerator.cs
 0.1 kb	 0.0% Packages/com.unity.test-framework/UnityEngine.TestRunner/Assertions/LogScope/ILogScope.cs
 0.1 kb	 0.0% Packages/com.unity.splines/Runtime/Interpolators.cs
 0.1 kb	 0.0% Packages/com.unity.services.core/Runtime/Core/UnityServicesBuilder.cs
 0.1 kb	 0.0% Packages/com.unity.services.core/Runtime/Core.Internal/Telemetry/CoreMetrics.cs
 0.1 kb	 0.0% Packages/com.unity.services.core/Runtime/Core.Internal/Registry/CoreRegistry.cs
 0.1 kb	 0.0% Packages/com.unity.services.core/Runtime/Core.Internal/Logging/CoreLogger.cs
 0.1 kb	 0.0% Packages/com.unity.services.core/Runtime/Core.Internal/Components/Wire/ChannelToken.cs
 0.1 kb	 0.0% Packages/com.unity.services.core/Runtime/Core.Internal/Components/Qos/IQosResults.cs
 0.1 kb	 0.0% Packages/com.unity.render-pipelines.universal/Editor/ShaderGUI/MaterialAssemblyReference/RawRenderQueue.cs
 0.1 kb	 0.0% Packages/com.unity.render-pipelines.core/ShaderLibrary/DummyShaderLibrary.cs
 0.1 kb	 0.0% Packages/com.unity.render-pipelines.core/Runtime/Utilities/BitArray.cs
 0.1 kb	 0.0% Packages/com.unity.render-pipelines.core/Runtime/Inputs/InputRegistering.cs
 0.1 kb	 0.0% Packages/com.unity.purchasing/Runtime/Utilities/StoreKitSelector.cs
 0.1 kb	 0.0% Packages/com.unity.purchasing/Runtime/Stores/FakeStore/DialogRequest.cs
 0.1 kb	 0.0% Packages/com.unity.purchasing/Runtime/Stores/Data/PlayerData.cs
 0.1 kb	 0.0% Packages/com.unity.purchasing/Runtime/Stores/Data/IPlayerData.cs
 0.1 kb	 0.0% Packages/com.unity.purchasing/Runtime/Stores/Data/DeviceInfo.cs
 0.1 kb	 0.0% Packages/com.unity.purchasing/Runtime/Stores/BaseStore/Interfaces/IStoreInternal.cs
 0.1 kb	 0.0% Packages/com.unity.purchasing/Runtime/Stores/AppleAppStore/AppleStoreImpl.cs
 0.1 kb	 0.0% Packages/com.unity.purchasing/Runtime/Stores/Android/GooglePlay/GooglePlayStore.cs
 0.1 kb	 0.0% Packages/com.unity.purchasing/Runtime/Stores/Analytics/Models/GoogleReceipt.cs
 0.1 kb	 0.0% Packages/com.unity.purchasing/Runtime/Stores/Analytics/AnalyticsClient.cs
 0.1 kb	 0.0% Packages/com.unity.purchasing/Runtime/Purchasing/Stores/Helpers/DefaultStoreHelper.cs
 0.1 kb	 0.0% Packages/com.unity.purchasing/Runtime/Purchasing/Stores/AppleAppStore/Interfaces/INativeAppleStore.cs
 0.1 kb	 0.0% Packages/com.unity.purchasing/Runtime/Purchasing/Stores/AppleAppStore/Interfaces/IAppleStoreCallbacks.cs
 0.1 kb	 0.0% Packages/com.unity.purchasing/Runtime/Purchasing/Stores/AppleAppStore/AppleProductMetadata.cs
 0.1 kb	 0.0% Packages/com.unity.purchasing/Runtime/Purchasing/Stores/Android/Interfaces/IAndroidJavaStore.cs
 0.1 kb	 0.0% Packages/com.unity.purchasing/Runtime/Purchasing/Settings/IAPSettingsConsts.cs
 0.1 kb	 0.0% Packages/com.unity.purchasing/Runtime/Purchasing/Settings/GoogleIAPSettings.cs
 0.1 kb	 0.0% Packages/com.unity.purchasing/Runtime/Purchasing/PurchasingFactory.cs
 0.1 kb	 0.0% Packages/com.unity.purchasing/Runtime/Purchasing/ProductDefinition.cs
 0.1 kb	 0.0% Packages/com.unity.purchasing/Runtime/Purchasing/ProductCollection.cs
 0.1 kb	 0.0% Packages/com.unity.purchasing/Runtime/Purchasing/PaymentOption/PaymentBrandRegistry.cs
 0.1 kb	 0.0% Packages/com.unity.purchasing/Runtime/Purchasing/Legacy/PurchasingManager.cs
 0.1 kb	 0.0% Packages/com.unity.purchasing/Runtime/Purchasing/Legacy/PurchaseEventArgs.cs
 0.1 kb	 0.0% Packages/com.unity.purchasing/Runtime/Purchasing/Legacy/Extensions/Interfaces/IExtensionProvider.cs
 0.1 kb	 0.0% Packages/com.unity.purchasing/Runtime/Purchasing/Legacy/Extensions/ExtensionProvider.cs
 0.1 kb	 0.0% Packages/com.unity.purchasing/Runtime/Purchasing/Legacy/Configurations/StoreConfiguration.cs
 0.1 kb	 0.0% Packages/com.unity.purchasing/Runtime/Purchasing/Legacy/Configurations/Interfaces/IAppleConfiguration.cs
 0.1 kb	 0.0% Packages/com.unity.purchasing/Runtime/Purchasing/Legacy/Configurations/AppleConfiguration.cs
 0.1 kb	 0.0% Packages/com.unity.purchasing/Runtime/Purchasing/Legacy/ConfigurationBuilder.cs
 0.1 kb	 0.0% Packages/com.unity.purchasing/Runtime/Purchasing/Insights/ImpressionIdContext.cs
 0.1 kb	 0.0% Packages/com.unity.purchasing/Runtime/Purchasing/Extension/PurchaseCache.cs
 0.1 kb	 0.0% Packages/com.unity.purchasing/Runtime/Purchasing/Extension/Interfaces/IPurchaseCache.cs
 0.1 kb	 0.0% Packages/com.unity.purchasing/Runtime/Purchasing/Extension/Interfaces/IProductCache.cs
 0.1 kb	 0.0% Packages/com.unity.purchasing/Runtime/Purchasing/Extension/Interfaces/IInternalStore.cs
 0.1 kb	 0.0% Packages/com.unity.purchasing/Runtime/Purchasing/Extension/Interfaces/ICatalogProvider.cs
 0.1 kb	 0.0% Packages/com.unity.purchasing/Runtime/Purchasing/Core/Store/UseCases/StoreConnectUseCase.cs
 0.1 kb	 0.0% Packages/com.unity.purchasing/Runtime/Purchasing/Core/Store/StoreServiceProvider.cs
 0.1 kb	 0.0% Packages/com.unity.purchasing/Runtime/Purchasing/Core/Store/Interfaces/UseCases/IStoreConnectUseCase.cs
 0.1 kb	 0.0% Packages/com.unity.purchasing/Runtime/Purchasing/Core/Store/Interfaces/IStoreServiceFactory.cs
 0.1 kb	 0.0% Packages/com.unity.purchasing/Runtime/Purchasing/Core/Retries/RetryPolicies/TimeLimitRetryPolicy.cs
 0.1 kb	 0.0% Packages/com.unity.purchasing/Runtime/Purchasing/Core/Retries/RetryPolicies/AggregateRetryPolicy.cs
 0.1 kb	 0.0% Packages/com.unity.purchasing/Runtime/Purchasing/Core/Purchasing/UseCases/ConfirmOrderUseCase.cs
 0.1 kb	 0.0% Packages/com.unity.purchasing/Runtime/Purchasing/Core/Purchasing/Models/PurchasedProductInfo.cs
 0.1 kb	 0.0% Packages/com.unity.purchasing/Runtime/Purchasing/Core/Purchasing/Models/ConfirmOrderRequest.cs
 0.1 kb	 0.0% Packages/com.unity.purchasing/Runtime/Purchasing/Core/Purchasing/Interfaces/UseCases/IConfirmOrderUseCase.cs
 0.1 kb	 0.0% Packages/com.unity.purchasing/Runtime/Purchasing/Core/Purchasing/Exceptions/InvalidCartException.cs
 0.1 kb	 0.0% Packages/com.unity.purchasing/Runtime/Purchasing/Core/Purchasing/CartValidation/StoreCartValidator.cs
 0.1 kb	 0.0% Packages/com.unity.purchasing/Runtime/Purchasing/Core/Purchasing/CartValidation/NonNullCartValidator.cs
 0.1 kb	 0.0% Packages/com.unity.purchasing/Runtime/Purchasing/Core/Product/UseCases/FetchProductsUseCase.cs
 0.1 kb	 0.0% Packages/com.unity.purchasing/Runtime/Purchasing/Core/Product/Models/ProductFetchRequest.cs
 0.1 kb	 0.0% Packages/com.unity.purchasing/Runtime/Purchasing/Core/Product/Models/ProductFetchFailed.cs
 0.1 kb	 0.0% Packages/com.unity.purchasing/Runtime/Purchasing/Analytics/Interfaces/IAnalyticsAdapter.cs
 0.1 kb	 0.0% Packages/com.unity.probuilder/Runtime/Shapes/ProBuilderShape.cs
 0.1 kb	 0.0% Packages/com.unity.probuilder/Runtime/MeshOperations/UV/UVEditing.cs
 0.1 kb	 0.0% Packages/com.unity.probuilder/Runtime/MeshOperations/Subdivision.cs
 0.1 kb	 0.0% Packages/com.unity.probuilder/Runtime/MeshOperations/QuadUtility.cs
 0.1 kb	 0.0% Packages/com.unity.probuilder/Runtime/MeshOperations/MeshImporter.cs
 0.1 kb	 0.0% Packages/com.unity.probuilder/Runtime/Core/WingedEdgeEnumerator.cs
 0.1 kb	 0.0% Packages/com.unity.probuilder/Runtime/Core/VertexPositioning.cs
 0.1 kb	 0.0% Packages/com.unity.probuilder/Runtime/Core/SelectionPickerSettings.cs
 0.1 kb	 0.0% Packages/com.unity.probuilder/Runtime/Core/ProBuilderSnapping.cs
 0.1 kb	 0.0% Packages/com.unity.probuilder/Runtime/Core/PreferenceDictionary.cs
 0.1 kb	 0.0% Packages/com.unity.probuilder/Runtime/Core/HandleConstraint2D.cs
 0.1 kb	 0.0% Packages/com.unity.probuilder/Runtime/Core/ColliderBehaviour.cs
 0.1 kb	 0.0% Packages/com.unity.probuilder/Runtime/Core/AutoUnwrapSettings.cs
 0.1 kb	 0.0% Packages/com.unity.probuilder/External/StlExporter/Code/pb_Stl_Importer.cs
 0.1 kb	 0.0% Packages/com.unity.probuilder/External/StlExporter/Code/pb_Stl_Exporter.cs
 0.1 kb	 0.0% Packages/com.unity.probuilder/External/CSG/Classes/VertexUtility.cs
 0.1 kb	 0.0% Packages/com.unity.inputsystem/InputSystem/Utilities/TypeTable.cs
 0.1 kb	 0.0% Packages/com.unity.inputsystem/InputSystem/Utilities/TypeHelpers.cs
 0.1 kb	 0.0% Packages/com.unity.inputsystem/InputSystem/Utilities/Substring.cs
 0.1 kb	 0.0% Packages/com.unity.inputsystem/InputSystem/Utilities/SavedState.cs
 0.1 kb	 0.0% Packages/com.unity.inputsystem/InputSystem/Utilities/Observables/Observable.cs
 0.1 kb	 0.0% Packages/com.unity.inputsystem/InputSystem/Utilities/NamedValue.cs
 0.1 kb	 0.0% Packages/com.unity.inputsystem/InputSystem/Utilities/MiscHelpers.cs
 0.1 kb	 0.0% Packages/com.unity.inputsystem/InputSystem/Utilities/JsonParser.cs
 0.1 kb	 0.0% Packages/com.unity.inputsystem/InputSystem/Utilities/ArrayHelpers.cs
 0.1 kb	 0.0% Packages/com.unity.inputsystem/InputSystem/Plugins/iOS/InputSettingsiOS.cs
 0.1 kb	 0.0% Packages/com.unity.inputsystem/InputSystem/Plugins/XR/XRLayoutBuilder.cs
 0.1 kb	 0.0% Packages/com.unity.inputsystem/InputSystem/Plugins/UI/NavigationModel.cs
 0.1 kb	 0.0% Packages/com.unity.inputsystem/InputSystem/InputUpdateType.cs
 0.1 kb	 0.0% Packages/com.unity.cinemachine/Runtime/PostProcessing/CinemachineAutoFocus.cs
 0.1 kb	 0.0% Packages/com.unity.cinemachine/Runtime/Deprecated/LegacyLensSettings.cs
 0.1 kb	 0.0% Packages/com.unity.cinemachine/Runtime/Deprecated/CinemachinePipeline.cs
 0.1 kb	 0.0% Packages/com.unity.cinemachine/Runtime/Deprecated/CinemachinePathBase.cs
 0.1 kb	 0.0% Packages/com.unity.cinemachine/Runtime/Deprecated/CinemachineFreeLook.cs
 0.1 kb	 0.0% Packages/com.unity.cinemachine/Runtime/Deprecated/CinemachineDollyCart.cs
 0.1 kb	 0.0% Packages/com.unity.cinemachine/Runtime/Deprecated/CinemachineConfiner.cs
 0.1 kb	 0.0% Packages/com.unity.cinemachine/Runtime/Deprecated/CinemachineComposer.cs
 0.1 kb	 0.0% Packages/com.unity.cinemachine/Runtime/Deprecated/CinemachineCollider.cs
 0.1 kb	 0.0% Packages/com.unity.cinemachine/Runtime/Core/TargetPositionCache.cs
 0.1 kb	 0.0% Packages/com.unity.cinemachine/Runtime/Core/SignalSourceAsset.cs
 0.1 kb	 0.0% Packages/com.unity.cinemachine/Runtime/Core/LookaheadSettings.cs
 0.1 kb	 0.0% Packages/com.unity.cinemachine/Runtime/Core/ICinemachineCamera.cs
 0.1 kb	 0.0% Packages/com.unity.cinemachine/Runtime/Core/CinemachineExtension.cs
 0.1 kb	 0.0% Packages/com.unity.cinemachine/Runtime/Core/CameraUpdateManager.cs
 0.1 kb	 0.0% Packages/com.unity.cinemachine/Runtime/Components/CinemachinePanTilt.cs
 0.1 kb	 0.0% Packages/com.unity.cinemachine/Runtime/Components/CinemachineFollow.cs
 0.1 kb	 0.0% Packages/com.unity.cinemachine/Runtime/Behaviours/CinemachineClearShot.cs
 0.1 kb	 0.0% Packages/com.unity.cinemachine/Runtime/Behaviours/CinemachineCamera.cs
 0.1 kb	 0.0% Packages/com.unity.burst/Runtime/CompilerServices/AssumeRangeAttribute.cs
 0.1 kb	 0.0% Packages/com.unity.2d.pixel-perfect/Runtime/PixelPerfectCamera.cs
 0.1 kb	 0.0% Packages/com.ivanmurzak.unity.mcp/Runtime/Utils/Safe.cs
 0.1 kb	 0.0% Packages/com.ivanmurzak.unity.mcp/Runtime/Unity/Logs/ILogStorage.cs
 0.1 kb	 0.0% Packages/com.ivanmurzak.unity.mcp/Runtime/Data/GameObjectRef.pre-Unity.6.5.cs
 0.1 kb	 0.0% Packages/com.ivanmurzak.unity.mcp/Runtime/Data/AssetObjectRef.pre-Unity.6.5.cs
 0.1 kb	 0.0% Assets/TextMesh Pro/Examples & Extras/Scripts/TextMeshProFloatingText.cs
 0.1 kb	 0.0% Assets/TextMesh Pro/Examples & Extras/Scripts/TMPro_InstructionOverlay.cs
 0.1 kb	 0.0% Assets/TextMesh Pro/Examples & Extras/Scripts/TMP_UiFrameRateCounter.cs
 0.1 kb	 0.0% Assets/TextMesh Pro/Examples & Extras/Scripts/TMP_TextInfoDebugTool.cs
 0.1 kb	 0.0% Assets/Scripts/SiegePrototypeEconomy.cs
 0.1 kb	 0.0% Assets/Scripts/IntroScreenController.cs
 0.1 kb	 0.0% Assets/Scripts/GamePresentationDirector.cs
 0.1 kb	 0.0% Assets/Scripts/CaptureZoneController.cs
 0.1 kb	 0.0% Assets/Scripts/BrickPlacementController.cs
 0.1 kb	 0.0% Packages/com.unity.visualscripting/Runtime/VisualScripting.State/SuperState.cs
 0.1 kb	 0.0% Packages/com.unity.visualscripting/Runtime/VisualScripting.State/StateUnit.cs
 0.1 kb	 0.0% Packages/com.unity.visualscripting/Runtime/VisualScripting.State/StateMachine.cs
 0.1 kb	 0.0% Packages/com.unity.visualscripting/Runtime/VisualScripting.State/StateGraph.cs
 0.1 kb	 0.0% Packages/com.unity.visualscripting/Runtime/VisualScripting.State/OnExitState.cs
 0.1 kb	 0.0% Packages/com.unity.visualscripting/Runtime/VisualScripting.State/OnEnterState.cs
 0.1 kb	 0.0% Packages/com.unity.visualscripting/Runtime/VisualScripting.State/INesterState.cs
 0.1 kb	 0.0% Packages/com.unity.visualscripting/Runtime/VisualScripting.State/FlowState.cs
 0.1 kb	 0.0% Packages/com.unity.visualscripting/Runtime/VisualScripting.Flow/UnitCategory.cs
 0.1 kb	 0.0% Packages/com.unity.visualscripting/Runtime/VisualScripting.Flow/SubgraphUnit.cs
 0.1 kb	 0.0% Packages/com.unity.visualscripting/Runtime/VisualScripting.Flow/Ports/ValueOutput.cs
 0.1 kb	 0.0% Packages/com.unity.visualscripting/Runtime/VisualScripting.Flow/Ports/ValueInput.cs
 0.1 kb	 0.0% Packages/com.unity.visualscripting/Runtime/VisualScripting.Flow/Ports/InvalidInput.cs
 0.1 kb	 0.0% Packages/com.unity.visualscripting/Runtime/VisualScripting.Flow/Ports/IUnitPort.cs
 0.1 kb	 0.0% Packages/com.unity.visualscripting/Runtime/VisualScripting.Flow/Ports/ControlInput.cs
 0.1 kb	 0.0% Packages/com.unity.visualscripting/Runtime/VisualScripting.Flow/INesterUnit.cs
 0.1 kb	 0.0% Packages/com.unity.visualscripting/Runtime/VisualScripting.Flow/Framework/Variables/SetVariable.cs
 0.1 kb	 0.0% Packages/com.unity.visualscripting/Runtime/VisualScripting.Flow/Framework/Variables/Obsolete/VariableUnit.cs
 0.1 kb	 0.0% Packages/com.unity.visualscripting/Runtime/VisualScripting.Flow/Framework/Variables/GetVariable.cs
 0.1 kb	 0.0% Packages/com.unity.visualscripting/Runtime/VisualScripting.Flow/Framework/Time/WaitForFlow.cs
 0.1 kb	 0.0% Packages/com.unity.visualscripting/Runtime/VisualScripting.Flow/Framework/Nulls/NullCoalesce.cs
 0.1 kb	 0.0% Packages/com.unity.visualscripting/Runtime/VisualScripting.Flow/Framework/Nulls/NullCheck.cs
 0.1 kb	 0.0% Packages/com.unity.visualscripting/Runtime/VisualScripting.Flow/Framework/Nesting/GraphOutput.cs
 0.1 kb	 0.0% Packages/com.unity.visualscripting/Runtime/VisualScripting.Flow/Framework/Nesting/GraphInput.cs
 0.1 kb	 0.0% Packages/com.unity.visualscripting/Runtime/VisualScripting.Flow/Framework/MissingType.cs
 0.1 kb	 0.0% Packages/com.unity.visualscripting/Runtime/VisualScripting.Flow/Framework/Math/Vector4/Vector4Sum.cs
 0.1 kb	 0.0% Packages/com.unity.visualscripting/Runtime/VisualScripting.Flow/Framework/Math/Vector4/Vector4Round.cs
 0.1 kb	 0.0% Packages/com.unity.visualscripting/Runtime/VisualScripting.Flow/Framework/Math/Vector4/Vector4Lerp.cs
 0.1 kb	 0.0% Packages/com.unity.visualscripting/Runtime/VisualScripting.Flow/Framework/Math/Vector3/Vector3Sum.cs
 0.1 kb	 0.0% Packages/com.unity.visualscripting/Runtime/VisualScripting.Flow/Framework/Math/Vector3/Vector3Round.cs
 0.1 kb	 0.0% Packages/com.unity.visualscripting/Runtime/VisualScripting.Flow/Framework/Math/Vector3/Vector3Lerp.cs
 0.1 kb	 0.0% Packages/com.unity.visualscripting/Runtime/VisualScripting.Flow/Framework/Math/Vector3/Vector3Angle.cs
 0.1 kb	 0.0% Packages/com.unity.visualscripting/Runtime/VisualScripting.Flow/Framework/Math/Vector2/Vector2Sum.cs
 0.1 kb	 0.0% Packages/com.unity.visualscripting/Runtime/VisualScripting.Flow/Framework/Math/Vector2/Vector2Round.cs
 0.1 kb	 0.0% Packages/com.unity.visualscripting/Runtime/VisualScripting.Flow/Framework/Math/Vector2/Vector2Lerp.cs
 0.1 kb	 0.0% Packages/com.unity.visualscripting/Runtime/VisualScripting.Flow/Framework/Math/Vector2/Vector2Angle.cs
 0.1 kb	 0.0% Packages/com.unity.visualscripting/Runtime/VisualScripting.Flow/Framework/Math/Scalar/ScalarSum.cs
 0.1 kb	 0.0% Packages/com.unity.visualscripting/Runtime/VisualScripting.Flow/Framework/Math/Scalar/ScalarRound.cs
 0.1 kb	 0.0% Packages/com.unity.visualscripting/Runtime/VisualScripting.Flow/Framework/Math/Scalar/ScalarRoot.cs
 0.1 kb	 0.0% Packages/com.unity.visualscripting/Runtime/VisualScripting.Flow/Framework/Math/Scalar/ScalarModulo.cs
 0.1 kb	 0.0% Packages/com.unity.visualscripting/Runtime/VisualScripting.Flow/Framework/Math/Scalar/ScalarLerp.cs
 0.1 kb	 0.0% Packages/com.unity.visualscripting/Runtime/VisualScripting.Flow/Framework/Math/Scalar/ScalarDivide.cs
 0.1 kb	 0.0% Packages/com.unity.visualscripting/Runtime/VisualScripting.Flow/Framework/Math/Generic/GenericSum.cs
 0.1 kb	 0.0% Packages/com.unity.visualscripting/Runtime/VisualScripting.Flow/Framework/Logic/LessOrEqual.cs
 0.1 kb	 0.0% Packages/com.unity.visualscripting/Runtime/VisualScripting.Flow/Framework/Logic/ExclusiveOr.cs
 0.1 kb	 0.0% Packages/com.unity.visualscripting/Runtime/VisualScripting.Flow/Framework/Logic/Comparison.cs
 0.1 kb	 0.0% Packages/com.unity.visualscripting/Runtime/VisualScripting.Flow/Framework/Events/Physics/OnJointBreak.cs
 0.1 kb	 0.0% Packages/com.unity.visualscripting/Runtime/VisualScripting.Flow/Framework/Events/Lifecycle/OnDisable.cs
 0.1 kb	 0.0% Packages/com.unity.visualscripting/Runtime/VisualScripting.Flow/Framework/Events/Lifecycle/OnDestroy.cs
 0.1 kb	 0.0% Packages/com.unity.visualscripting/Runtime/VisualScripting.Flow/Framework/Events/Lifecycle/LateUpdate.cs
 0.1 kb	 0.0% Packages/com.unity.visualscripting/Runtime/VisualScripting.Flow/Framework/Events/Lifecycle/FixedUpdate.cs
 0.1 kb	 0.0% Packages/com.unity.visualscripting/Runtime/VisualScripting.Flow/Framework/Events/Input/OnMouseUp.cs
 0.1 kb	 0.0% Packages/com.unity.visualscripting/Runtime/VisualScripting.Flow/Framework/Events/Input/OnMouseOver.cs
 0.1 kb	 0.0% Packages/com.unity.visualscripting/Runtime/VisualScripting.Flow/Framework/Events/Input/OnMouseInput.cs
 0.1 kb	 0.0% Packages/com.unity.visualscripting/Runtime/VisualScripting.Flow/Framework/Events/Input/OnMouseExit.cs
 0.1 kb	 0.0% Packages/com.unity.visualscripting/Runtime/VisualScripting.Flow/Framework/Events/Input/OnMouseEnter.cs
 0.1 kb	 0.0% Packages/com.unity.visualscripting/Runtime/VisualScripting.Flow/Framework/Events/Input/OnMouseDrag.cs
 0.1 kb	 0.0% Packages/com.unity.visualscripting/Runtime/VisualScripting.Flow/Framework/Events/Input/OnMouseDown.cs
 0.1 kb	 0.0% Packages/com.unity.visualscripting/Runtime/VisualScripting.Flow/Framework/Events/IEventUnit.cs
 0.1 kb	 0.0% Packages/com.unity.visualscripting/Runtime/VisualScripting.Flow/Framework/Events/GUI/OnPointerUp.cs
 0.1 kb	 0.0% Packages/com.unity.visualscripting/Runtime/VisualScripting.Flow/Framework/Events/GUI/OnEndDrag.cs
 0.1 kb	 0.0% Packages/com.unity.visualscripting/Runtime/VisualScripting.Flow/Framework/Events/GUI/OnDeselect.cs
 0.1 kb	 0.0% Packages/com.unity.visualscripting/Runtime/VisualScripting.Flow/Framework/Events/GUI/OnBeginDrag.cs
 0.1 kb	 0.0% Packages/com.unity.visualscripting/Runtime/VisualScripting.Flow/Framework/Events/Editor/OnDrawGizmos.cs
 0.1 kb	 0.0% Packages/com.unity.visualscripting/Runtime/VisualScripting.Flow/Framework/Events/CustomEvent.cs
 0.1 kb	 0.0% Packages/com.unity.visualscripting/Runtime/VisualScripting.Flow/Framework/Events/Animation/OnAnimatorIK.cs
 0.1 kb	 0.0% Packages/com.unity.visualscripting/Runtime/VisualScripting.Flow/Framework/Control/ToggleValue.cs
 0.1 kb	 0.0% Packages/com.unity.visualscripting/Runtime/VisualScripting.Flow/Framework/Control/ToggleFlow.cs
 0.1 kb	 0.0% Packages/com.unity.visualscripting/Runtime/VisualScripting.Flow/Framework/Control/SwitchOnEnum.cs
 0.1 kb	 0.0% Packages/com.unity.visualscripting/Runtime/VisualScripting.Flow/Framework/Control/SelectUnit_T.cs
 0.1 kb	 0.0% Packages/com.unity.visualscripting/Runtime/VisualScripting.Flow/Framework/Control/SelectUnit.cs
 0.1 kb	 0.0% Packages/com.unity.visualscripting/Runtime/VisualScripting.Flow/Framework/Control/SelectOnFlow.cs
 0.1 kb	 0.0% Packages/com.unity.visualscripting/Runtime/VisualScripting.Flow/Framework/Control/SelectOnEnum.cs
 0.1 kb	 0.0% Packages/com.unity.visualscripting/Runtime/VisualScripting.Flow/Framework/Control/ISelectUnit.cs
 0.1 kb	 0.0% Packages/com.unity.visualscripting/Runtime/VisualScripting.Flow/Framework/Control/IBranchUnit.cs
 0.1 kb	 0.0% Packages/com.unity.visualscripting/Runtime/VisualScripting.Flow/Framework/Collections/Lists/SetListItem.cs
 0.1 kb	 0.0% Packages/com.unity.visualscripting/Runtime/VisualScripting.Flow/Framework/Collections/Lists/MergeLists.cs
 0.1 kb	 0.0% Packages/com.unity.visualscripting/Runtime/VisualScripting.Flow/Framework/Collections/Lists/GetListItem.cs
 0.1 kb	 0.0% Packages/com.unity.visualscripting/Runtime/VisualScripting.Flow/Framework/Collections/Lists/CreateList.cs
 0.1 kb	 0.0% Packages/com.unity.visualscripting/Runtime/VisualScripting.Flow/Framework/Collections/Lists/ClearList.cs
 0.1 kb	 0.0% Packages/com.unity.visualscripting/Runtime/VisualScripting.Flow/Framework/Collections/Lists/AddListItem.cs
 0.1 kb	 0.0% Packages/com.unity.visualscripting/Runtime/VisualScripting.Flow/Framework/Collections/FirstItem.cs
 0.1 kb	 0.0% Packages/com.unity.visualscripting/Runtime/VisualScripting.Flow/Framework/Collections/CountItems.cs
 0.1 kb	 0.0% Packages/com.unity.visualscripting/Runtime/VisualScripting.Flow/Framework/Codebase/SetMember.cs
 0.1 kb	 0.0% Packages/com.unity.visualscripting/Runtime/VisualScripting.Flow/Framework/Codebase/MemberUnit.cs
 0.1 kb	 0.0% Packages/com.unity.visualscripting/Runtime/VisualScripting.Flow/Framework/Codebase/InvokeMember.cs
 0.1 kb	 0.0% Packages/com.unity.visualscripting/Runtime/VisualScripting.Flow/Framework/Codebase/GetMember.cs
 0.1 kb	 0.0% Packages/com.unity.visualscripting/Runtime/VisualScripting.Flow/Framework/Codebase/CreateStruct.cs
 0.1 kb	 0.0% Packages/com.unity.visualscripting/Runtime/VisualScripting.Flow/FlowGraph.cs
 0.1 kb	 0.0% Packages/com.unity.visualscripting/Runtime/VisualScripting.Flow/Connections/UnitRelation.cs
 0.1 kb	 0.0% Packages/com.unity.visualscripting/Runtime/VisualScripting.Core/Variables/Variables.cs
 0.1 kb	 0.0% Packages/com.unity.visualscripting/Runtime/VisualScripting.Core/Utilities/Recursion.cs
 0.1 kb	 0.0% Packages/com.unity.visualscripting/Runtime/VisualScripting.Core/Utilities/LinqUtility.cs
 0.1 kb	 0.0% Packages/com.unity.visualscripting/Runtime/VisualScripting.Core/Utilities/IGettable.cs
 0.1 kb	 0.0% Packages/com.unity.visualscripting/Runtime/VisualScripting.Core/Utilities/HashUtility.cs
 0.1 kb	 0.0% Packages/com.unity.visualscripting/Runtime/VisualScripting.Core/Utilities/EnumUtility.cs
 0.1 kb	 0.0% Packages/com.unity.visualscripting/Runtime/VisualScripting.Core/Unity/UnityThread.cs
 0.1 kb	 0.0% Packages/com.unity.visualscripting/Runtime/VisualScripting.Core/Unity/ISingleton.cs
 0.1 kb	 0.0% Packages/com.unity.visualscripting/Runtime/VisualScripting.Core/Unity/IGizmoDrawer.cs
 0.1 kb	 0.0% Packages/com.unity.visualscripting/Runtime/VisualScripting.Core/StickyNote/StickyNote.cs
 0.1 kb	 0.0% Packages/com.unity.visualscripting/Runtime/VisualScripting.Core/Serialization/Converters/RayConverter.cs
 0.1 kb	 0.0% Packages/com.unity.visualscripting/Runtime/VisualScripting.Core/Reflection/TypeUtility.cs
 0.1 kb	 0.0% Packages/com.unity.visualscripting/Runtime/VisualScripting.Core/Reflection/TypeFilter.cs
 0.1 kb	 0.0% Packages/com.unity.visualscripting/Runtime/VisualScripting.Core/Reflection/Optimization/InvokerBase.cs
 0.1 kb	 0.0% Packages/com.unity.visualscripting/Runtime/VisualScripting.Core/Reflection/Operators/PlusHandler.cs
 0.1 kb	 0.0% Packages/com.unity.visualscripting/Runtime/VisualScripting.Core/Reflection/Operators/OrHandler.cs
 0.1 kb	 0.0% Packages/com.unity.visualscripting/Runtime/VisualScripting.Core/Reflection/Operators/AndHandler.cs
 0.1 kb	 0.0% Packages/com.unity.visualscripting/Runtime/VisualScripting.Core/Reflection/Namespace.cs
 0.1 kb	 0.0% Packages/com.unity.visualscripting/Runtime/VisualScripting.Core/Reflection/MemberFilter.cs
 0.1 kb	 0.0% Packages/com.unity.visualscripting/Runtime/VisualScripting.Core/Reflection/IPrewarmable.cs
 0.1 kb	 0.0% Packages/com.unity.visualscripting/Runtime/VisualScripting.Core/Pooling/IPoolable.cs
 0.1 kb	 0.0% Packages/com.unity.visualscripting/Runtime/VisualScripting.Core/Groups/GraphGroup.cs
 0.1 kb	 0.0% Packages/com.unity.visualscripting/Runtime/VisualScripting.Core/Graphs/IGraphRoot.cs
 0.1 kb	 0.0% Packages/com.unity.visualscripting/Runtime/VisualScripting.Core/Graphs/IGraphParent.cs
 0.1 kb	 0.0% Packages/com.unity.visualscripting/Runtime/VisualScripting.Core/Graphs/IGraphNester.cs
 0.1 kb	 0.0% Packages/com.unity.visualscripting/Runtime/VisualScripting.Core/Graphs/IGraphNest.cs
 0.1 kb	 0.0% Packages/com.unity.visualscripting/Runtime/VisualScripting.Core/Graphs/IGraphItem.cs
 0.1 kb	 0.0% Packages/com.unity.visualscripting/Runtime/VisualScripting.Core/Graphs/IGraphData.cs
 0.1 kb	 0.0% Packages/com.unity.visualscripting/Runtime/VisualScripting.Core/Graphs/GraphStack.cs
 0.1 kb	 0.0% Packages/com.unity.visualscripting/Runtime/VisualScripting.Core/Graphs/GraphPointer.cs
 0.1 kb	 0.0% Packages/com.unity.visualscripting/Runtime/VisualScripting.Core/Exceptions/DebugUtility.cs
 0.1 kb	 0.0% Packages/com.unity.visualscripting/Runtime/VisualScripting.Core/Events/IEventGraph.cs
 0.1 kb	 0.0% Packages/com.unity.visualscripting/Runtime/VisualScripting.Core/Events/EventHooks.cs
 0.1 kb	 0.0% Packages/com.unity.visualscripting/Runtime/VisualScripting.Core/Events/EventHook.cs
 0.1 kb	 0.0% Packages/com.unity.visualscripting/Runtime/VisualScripting.Core/Ensure/Extensions/XComparable.cs
 0.1 kb	 0.0% Packages/com.unity.visualscripting/Runtime/VisualScripting.Core/Ensure/EnsureThat.cs
 0.1 kb	 0.0% Packages/com.unity.visualscripting/Runtime/VisualScripting.Core/Cloning/Cloners/ListCloner.cs
 0.1 kb	 0.0% Packages/com.unity.visualscripting/Runtime/VisualScripting.Core/Cloning/Cloners/FieldsCloner.cs
 0.1 kb	 0.0% Packages/com.unity.visualscripting/Runtime/VisualScripting.Core/Cloning/Cloners/ArrayCloner.cs
 0.1 kb	 0.0% Packages/com.unity.ugui/Runtime/UI/Animation/CoroutineTween.cs
 0.1 kb	 0.0% Packages/com.unity.ugui/Runtime/EventSystem/EventInterfaces.cs
 0.1 kb	 0.0% Packages/com.unity.timeline/Runtime/Utilities/IPropertyCollector.cs
 0.1 kb	 0.0% Packages/com.unity.timeline/Runtime/Utilities/AnimatorBindingCache.cs
 0.1 kb	 0.0% Packages/com.unity.timeline/Runtime/Playables/TimeControlPlayable.cs
 0.1 kb	 0.0% Packages/com.unity.timeline/Runtime/Extensions/SelectionExtensions.cs
 0.1 kb	 0.0% Packages/com.unity.timeline/Runtime/Evaluation/ScheduleRuntimeClip.cs
 0.1 kb	 0.0% Packages/com.unity.timeline/Runtime/Evaluation/InfiniteRuntimeClip.cs
 0.1 kb	 0.0% Packages/com.unity.timeline/Runtime/Control/ControlPlayableAsset.cs
 0.1 kb	 0.0% Packages/com.unity.timeline/Runtime/Audio/AudioPlayableAsset.cs
 0.1 kb	 0.0% Packages/com.unity.timeline/Runtime/Audio/AudioMixerProperties.cs
 0.1 kb	 0.0% Packages/com.unity.timeline/Runtime/Audio/AudioClipProperties.cs
 0.1 kb	 0.0% Packages/com.unity.timeline/Runtime/Attributes/TrackColorAttribute.cs
 0.1 kb	 0.0% Packages/com.unity.textmeshpro/Scripts/Runtime/TMPro_ExtensionMethods.cs
 0.1 kb	 0.0% Packages/com.unity.textmeshpro/Scripts/Runtime/TMP_TextParsingUtilities.cs
 0.1 kb	 0.0% Packages/com.unity.textmeshpro/Scripts/Runtime/TMP_TextElement_Legacy.cs
 0.1 kb	 0.0% Packages/com.unity.textmeshpro/Scripts/Runtime/TMP_FontAssetUtilities.cs
 0.1 kb	 0.0% Packages/com.unity.textmeshpro/Scripts/Runtime/MaterialReferenceManager.cs
 0.1 kb	 0.0% Packages/com.unity.splines/Runtime/SplineInstantiate.cs
 0.1 kb	 0.0% Packages/com.unity.splines/Runtime/PropertyAttributes.cs
 0.1 kb	 0.0% Packages/com.unity.splines/Runtime/KnotLinkCollection.cs
 0.1 kb	 0.0% Packages/com.unity.splines/Runtime/InterpolatorsUtility.cs
 0.1 kb	 0.0% Packages/com.unity.splines/Runtime/EmbeddedSplineData.cs
 0.1 kb	 0.0% Packages/com.unity.services.core/Runtime/Core.Internal/Components/Vivox/IVivox.cs
 0.1 kb	 0.0% Packages/com.unity.render-pipelines.core/Runtime/Volume/Volume.cs
 0.1 kb	 0.0% Packages/com.unity.render-pipelines.core/Runtime/Volume/IVolume.cs
 0.1 kb	 0.0% Packages/com.unity.render-pipelines.core/Runtime/Utilities/XRUtils.cs
 0.1 kb	 0.0% Packages/com.unity.render-pipelines.core/Runtime/Utilities/FSRUtils.cs
 0.1 kb	 0.0% Packages/com.unity.render-pipelines.core/Runtime/Utilities/Blitter.cs
 0.1 kb	 0.0% Packages/com.unity.render-pipelines.core/Runtime/Textures/RTHandle.cs
 0.1 kb	 0.0% Packages/com.unity.render-pipelines.core/Runtime/Debugging/DebugUI.cs
 0.1 kb	 0.0% Packages/com.unity.purchasing/Runtime/Utilities/VersionCheck.cs
 0.1 kb	 0.0% Packages/com.unity.purchasing/Runtime/Utilities/TaskQueue.cs
 0.1 kb	 0.0% Packages/com.unity.purchasing/Runtime/Utilities/IAPVersion.cs
 0.1 kb	 0.0% Packages/com.unity.purchasing/Runtime/Codeless/IAPListener.cs
 0.1 kb	 0.0% Packages/com.unity.purchasing/Runtime/Codeless/IAPButton.cs
 0.1 kb	 0.0% Packages/com.unity.probuilder/Runtime/Core/UvAutoManualConversion.cs
 0.1 kb	 0.0% Packages/com.unity.probuilder/External/Poly2Tri/Triangulation/Sets/PointSet.cs
 0.1 kb	 0.0% Packages/com.unity.probuilder/External/Poly2Tri/Triangulation/Delaunay/Sweep/DTSweep.cs
 0.1 kb	 0.0% Packages/com.unity.probuilder/External/Poly2Tri/Polygon/Polygon.cs
 0.1 kb	 0.0% Packages/com.unity.inputsystem/InputSystem/Utilities/DynamicBitfield.cs
 0.1 kb	 0.0% Packages/com.unity.inputsystem/InputSystem/State/InputState.cs
 0.1 kb	 0.0% Packages/com.unity.inputsystem/InputSystem/Plugins/WebGL/WebGLSupport.cs
 0.1 kb	 0.0% Packages/com.unity.inputsystem/InputSystem/Plugins/WebGL/WebGLGamepad.cs
 0.1 kb	 0.0% Packages/com.unity.inputsystem/InputSystem/Plugins/Users/InputUser.cs
 0.1 kb	 0.0% Packages/com.unity.inputsystem/InputSystem/Plugins/Linux/LinuxSupport.cs
 0.1 kb	 0.0% Packages/com.unity.inputsystem/InputSystem/Plugins/EnhancedTouch/Touch.cs
 0.1 kb	 0.0% Packages/com.unity.inputsystem/InputSystem/Plugins/EnhancedTouch/Finger.cs
 0.1 kb	 0.0% Packages/com.unity.inputsystem/InputSystem/InputSettings.cs
 0.1 kb	 0.0% Packages/com.unity.inputsystem/InputSystem/InputMetrics.cs
 0.1 kb	 0.0% Packages/com.unity.inputsystem/InputSystem/InputExtensions.cs
 0.1 kb	 0.0% Packages/com.unity.inputsystem/InputSystem/InputAnalytics.cs
 0.1 kb	 0.0% Packages/com.unity.inputsystem/InputSystem/Events/TextEvent.cs
 0.1 kb	 0.0% Packages/com.unity.inputsystem/InputSystem/Events/StateEvent.cs
 0.1 kb	 0.0% Packages/com.unity.inputsystem/InputSystem/Events/InputEvent.cs
 0.1 kb	 0.0% Packages/com.unity.inputsystem/InputSystem/Events/ActionEvent.cs
 0.1 kb	 0.0% Packages/com.unity.inputsystem/InputSystem/Editor/UITKAssetEditor/Views/Selectors.cs
 0.1 kb	 0.0% Packages/com.unity.inputsystem/InputSystem/Editor/UITKAssetEditor/Views/ContextMenu.cs
 0.1 kb	 0.0% Packages/com.unity.inputsystem/InputSystem/Editor/Internal/GUIHelpers.cs
 0.1 kb	 0.0% Packages/com.unity.inputsystem/InputSystem/Devices/TrackedDevice.cs
 0.1 kb	 0.0% Packages/com.unity.inputsystem/InputSystem/Devices/Remote/InputRemoting.cs
 0.1 kb	 0.0% Packages/com.unity.inputsystem/InputSystem/Devices/Precompiled/FastTouchscreen.cs
 0.1 kb	 0.0% Packages/com.unity.inputsystem/InputSystem/Devices/Precompiled/FastMouse.partial.cs
 0.1 kb	 0.0% Packages/com.unity.inputsystem/InputSystem/Devices/IEventMerger.cs
 0.1 kb	 0.0% Packages/com.unity.inputsystem/InputSystem/Controls/TouchControl.cs
 0.1 kb	 0.0% Packages/com.unity.inputsystem/InputSystem/Controls/StickControl.cs
 0.1 kb	 0.0% Packages/com.unity.inputsystem/InputSystem/Controls/KeyControl.cs
 0.1 kb	 0.0% Packages/com.unity.inputsystem/InputSystem/Controls/InputProcessor.cs
 0.1 kb	 0.0% Packages/com.unity.inputsystem/InputSystem/Controls/InputControlPath.cs
 0.1 kb	 0.0% Packages/com.unity.inputsystem/InputSystem/Controls/DpadControl.cs
 0.1 kb	 0.0% Packages/com.unity.inputsystem/InputSystem/Controls/DeltaControl.cs
 0.1 kb	 0.0% Packages/com.unity.inputsystem/InputSystem/Controls/AxisControl.cs
 0.1 kb	 0.0% Packages/com.unity.inputsystem/InputSystem/Actions/InputActionState.cs
 0.1 kb	 0.0% Packages/com.unity.inputsystem/InputSystem/Actions/InputActionMap.cs
 0.1 kb	 0.0% Packages/com.unity.inputsystem/InputSystem/Actions/InputActionAsset.cs
 0.1 kb	 0.0% Packages/com.unity.cinemachine/Runtime/SaveDuringPlay/Attributes.cs
 0.1 kb	 0.0% Packages/com.unity.2d.tilemap.extras/Runtime/Tiles/RuleOverrideTile/RuleOverrideTile.cs
 0.1 kb	 0.0% Packages/com.unity.2d.tilemap.extras/Runtime/Tiles/IsometricRuleTile/IsometricRuleTile.cs
 0.1 kb	 0.0% Packages/com.unity.2d.tilemap.extras/Runtime/Tiles/HexagonalRuleTile/HexagonalRuleTile.cs
 0.1 kb	 0.0% Packages/com.unity.2d.tilemap.extras/Runtime/GridInformation/GridInformation.cs
 0.1 kb	 0.0% Packages/com.ivanmurzak.unity.mcp/Runtime/Data/GameObjectRefList.cs
 0.1 kb	 0.0% Packages/com.ivanmurzak.unity.mcp/Runtime/Data/ComponentRef.pre-Unity.6.5.cs
 0.1 kb	 0.0% Packages/com.unity.ugui/Runtime/UI/Core/SetPropertyUtility.cs
 0.1 kb	 0.0% Packages/com.unity.ugui/Runtime/UI/Core/MaterialModifiers/IMaterialModifier.cs
 0.1 kb	 0.0% Packages/com.unity.ugui/Runtime/UI/Core/Layout/VerticalLayoutGroup.cs
 0.1 kb	 0.0% Packages/com.unity.ugui/Runtime/UI/Core/Layout/ContentSizeFitter.cs
 0.1 kb	 0.0% Packages/com.unity.ugui/Runtime/UI/Core/Layout/AspectRatioFitter.cs
 0.1 kb	 0.0% Packages/com.unity.ugui/Runtime/UI/Core/FontUpdateTracker.cs
 0.1 kb	 0.0% Packages/com.unity.ugui/Runtime/UI/Core/CanvasUpdateRegistry.cs
 0.1 kb	 0.0% Packages/com.unity.ugui/Runtime/UI/Core/AnimationTriggers.cs
 0.1 kb	 0.0% Packages/com.unity.ugui/Runtime/EventSystem/UIElements/PanelRaycaster.cs
 0.1 kb	 0.0% Packages/com.unity.ugui/Runtime/EventSystem/Raycasters/PhysicsRaycaster.cs
 0.1 kb	 0.0% Packages/com.unity.ugui/Runtime/EventSystem/Raycasters/BaseRaycaster.cs
 0.1 kb	 0.0% Packages/com.unity.ugui/Runtime/EventSystem/RaycasterManager.cs
 0.1 kb	 0.0% Packages/com.unity.ugui/Runtime/EventSystem/RaycastResult.cs
 0.1 kb	 0.0% Packages/com.unity.ugui/Runtime/EventSystem/InputModules/TouchInputModule.cs
 0.1 kb	 0.0% Packages/com.unity.ugui/Runtime/EventSystem/InputModules/BaseInputModule.cs
 0.1 kb	 0.0% Packages/com.unity.ugui/Runtime/EventSystem/ExecuteEvents.cs
 0.1 kb	 0.0% Packages/com.unity.ugui/Runtime/EventSystem/EventData/PointerEventData.cs
 0.1 kb	 0.0% Packages/com.unity.ugui/Runtime/EventSystem/EventData/BaseEventData.cs
 0.1 kb	 0.0% Packages/com.unity.ugui/Runtime/EventSystem/EventData/AxisEventData.cs
 0.1 kb	 0.0% Packages/com.unity.timeline/Runtime/Extensions/TrackExtensions.cs
 0.1 kb	 0.0% Packages/com.unity.timeline/Runtime/ClipCaps.cs
 0.1 kb	 0.0% Packages/com.unity.textmeshpro/Scripts/Runtime/TMP_TextProcessingStack.cs
 0.1 kb	 0.0% Packages/com.unity.textmeshpro/Scripts/Runtime/TMP_FontFeaturesCommon.cs
 0.1 kb	 0.0% Packages/com.unity.test-framework/UnityEngine.TestRunner/Assertions/LogScope/LogScope.cs
 0.1 kb	 0.0% Packages/com.unity.test-framework/UnityEngine.TestRunner/Assertions/LogScope/LogMatch.cs
 0.1 kb	 0.0% Packages/com.unity.test-framework/UnityEngine.TestRunner/Assertions/LogScope/LogEvent.cs
 0.1 kb	 0.0% Packages/com.unity.test-framework/UnityEngine.TestRunner/Assertions/LogAssert.cs
 0.1 kb	 0.0% Packages/com.unity.services.core/Runtime/Core/Utils/UnityThreadUtils.cs
 0.1 kb	 0.0% Packages/com.unity.services.core/Runtime/Core/UnityServices.cs
 0.1 kb	 0.0% Packages/com.unity.services.core/Runtime/Core/IUnityServices.cs
 0.1 kb	 0.0% Packages/com.unity.services.core/Runtime/Core/CommonErrorCodes.cs
 0.1 kb	 0.0% Packages/com.unity.services.core/Runtime/Core.Internal/Components/Wire/IWire.cs
 0.1 kb	 0.0% Packages/com.unity.services.core/Runtime/Core.Internal/Components/Wire/IChannel.cs
 0.1 kb	 0.0% Packages/com.unity.render-pipelines.core/Runtime/Lights/LightAnchor.cs
 0.1 kb	 0.0% Packages/com.unity.purchasing/Runtime/Utilities/MiniJSON.cs
 0.1 kb	 0.0% Packages/com.unity.purchasing/Runtime/Stores/FakeStore/UIFakeStore.cs
 0.1 kb	 0.0% Packages/com.unity.purchasing/Runtime/Stores/FakeStore/FakeStore.cs
 0.1 kb	 0.0% Packages/com.unity.purchasing/Runtime/Stores/Core/Store/StoreFactory.cs
 0.1 kb	 0.0% Packages/com.unity.purchasing/Runtime/Stores/BaseStore/JSONStore.cs
 0.1 kb	 0.0% Packages/com.unity.purchasing/Runtime/Purchasing/Utilities/JSONSerializer.cs
 0.1 kb	 0.0% Packages/com.unity.purchasing/Runtime/Purchasing/Utilities/Interfaces/IDeepLinkService.cs
 0.1 kb	 0.0% Packages/com.unity.purchasing/Runtime/Purchasing/Utilities/DeepLinkService.cs
 0.1 kb	 0.0% Packages/com.unity.purchasing/Runtime/Purchasing/Utilities/DeepLinkManager.cs
 0.1 kb	 0.0% Packages/com.unity.purchasing/Runtime/Purchasing/UnifiedReceipt.cs
 0.1 kb	 0.0% Packages/com.unity.purchasing/Runtime/Purchasing/Stores/PaymentProvider/PaymentProvider.cs
 0.1 kb	 0.0% Packages/com.unity.purchasing/Runtime/Purchasing/Stores/AppleAppStore/AppleStorefront.cs
 0.1 kb	 0.0% Packages/com.unity.purchasing/Runtime/Purchasing/Stores/AppleAppStore/AppleAppStore.cs
 0.1 kb	 0.0% Packages/com.unity.purchasing/Runtime/Purchasing/Stores/Android/Interfaces/IUnityCallback.cs
 0.1 kb	 0.0% Packages/com.unity.purchasing/Runtime/Purchasing/Stores/Android/GooglePlay/Interfaces/IGooglePlayStore.cs
 0.1 kb	 0.0% Packages/com.unity.purchasing/Runtime/Purchasing/Stores/Android/AAR/UnityActivity.cs
 0.1 kb	 0.0% Packages/com.unity.purchasing/Runtime/Purchasing/Stores/Android/AAR/ListExtension.cs
 0.1 kb	 0.0% Packages/com.unity.purchasing/Runtime/Purchasing/StoreSpecificIds.cs
 0.1 kb	 0.0% Packages/com.unity.purchasing/Runtime/Purchasing/ProductMetadata.cs
 0.1 kb	 0.0% Packages/com.unity.purchasing/Runtime/Purchasing/PayoutDefinition.cs
 0.1 kb	 0.0% Packages/com.unity.purchasing/Runtime/Purchasing/Legacy/UnityPurchasing.cs
 0.1 kb	 0.0% Packages/com.unity.purchasing/Runtime/Purchasing/Legacy/Interfaces/IStoreListener.cs
 0.1 kb	 0.0% Packages/com.unity.purchasing/Runtime/Purchasing/Legacy/Interfaces/IStoreController.cs
 0.1 kb	 0.0% Packages/com.unity.purchasing/Runtime/Purchasing/Legacy/Extensions/Interfaces/IStoreExtension.cs
 0.1 kb	 0.0% Packages/com.unity.purchasing/Runtime/Purchasing/Legacy/Extensions/Interfaces/IAppleExtensions.cs
 0.1 kb	 0.0% Packages/com.unity.purchasing/Runtime/Purchasing/Legacy/Extensions/GoogleExtensions.cs
 0.1 kb	 0.0% Packages/com.unity.purchasing/Runtime/Purchasing/Legacy/Extensions/AppleExtensions.cs
 0.1 kb	 0.0% Packages/com.unity.purchasing/Runtime/Purchasing/Extension/ProductCatalog.cs
 0.1 kb	 0.0% Packages/com.unity.purchasing/Runtime/Purchasing/Extension/ProductCache.cs
 0.1 kb	 0.0% Packages/com.unity.purchasing/Runtime/Purchasing/Extension/CatalogProvider.cs
 0.1 kb	 0.0% Packages/com.unity.purchasing/Runtime/Purchasing/ErrorMessages.cs
 0.1 kb	 0.0% Packages/com.unity.purchasing/Runtime/Purchasing/DependencyInjection/InjectAttribute.cs
 0.1 kb	 0.0% Packages/com.unity.purchasing/Runtime/Purchasing/Core/UnityIAPServices.cs
 0.1 kb	 0.0% Packages/com.unity.purchasing/Runtime/Purchasing/Core/StoreController.cs
 0.1 kb	 0.0% Packages/com.unity.purchasing/Runtime/Purchasing/Core/Store/PaymentProviders/Extensions/Interfaces/IWebViewLauncher.cs
 0.1 kb	 0.0% Packages/com.unity.purchasing/Runtime/Purchasing/Core/Store/PaymentProviders/Extensions/CheckoutResult.cs
 0.1 kb	 0.0% Packages/com.unity.purchasing/Runtime/Purchasing/Core/Store/Interfaces/IStoreWrapper.cs
 0.1 kb	 0.0% Packages/com.unity.purchasing/Runtime/Purchasing/Core/Store/Interfaces/IStoreService.cs
 0.1 kb	 0.0% Packages/com.unity.purchasing/Runtime/Purchasing/Core/Store/Interfaces/IStoreManager.cs
 0.1 kb	 0.0% Packages/com.unity.purchasing/Runtime/Purchasing/Core/Store/Interfaces/IStoreFactory.cs
 0.1 kb	 0.0% Packages/com.unity.purchasing/Runtime/Purchasing/Core/Store/Exceptions/StoreException.cs
 0.1 kb	 0.0% Packages/com.unity.purchasing/Runtime/Purchasing/Core/Retries/RetryPolicies/NoRetriesPolicy.cs
 0.1 kb	 0.0% Packages/com.unity.purchasing/Runtime/Purchasing/Core/Retries/Interfaces/IRetryService.cs
 0.1 kb	 0.0% Packages/com.unity.purchasing/Runtime/Purchasing/Core/Retries/Interfaces/IRetryRequest.cs
 0.1 kb	 0.0% Packages/com.unity.purchasing/Runtime/Purchasing/Core/Retries/Interfaces/IAsyncDelayer.cs
 0.1 kb	 0.0% Packages/com.unity.purchasing/Runtime/Purchasing/Core/Purchasing/UseCases/PurchaseUseCase.cs
 0.1 kb	 0.0% Packages/com.unity.purchasing/Runtime/Purchasing/Core/Purchasing/PurchaseService.cs
 0.1 kb	 0.0% Packages/com.unity.purchasing/Runtime/Purchasing/Core/Purchasing/Models/SubscriptionInfo.cs
 0.1 kb	 0.0% Packages/com.unity.purchasing/Runtime/Purchasing/Core/Purchasing/Models/Interfaces/IGoogleOrderInfo.cs
 0.1 kb	 0.0% Packages/com.unity.purchasing/Runtime/Purchasing/Core/Purchasing/Models/Interfaces/IAppleOrderInfo.cs
 0.1 kb	 0.0% Packages/com.unity.purchasing/Runtime/Purchasing/Core/Purchasing/Models/GoogleOrderInfo.cs
 0.1 kb	 0.0% Packages/com.unity.purchasing/Runtime/Purchasing/Core/Purchasing/Models/DeferredOrder.cs
 0.1 kb	 0.0% Packages/com.unity.purchasing/Runtime/Purchasing/Core/Purchasing/Models/ConfirmedOrder.cs
 0.1 kb	 0.0% Packages/com.unity.purchasing/Runtime/Purchasing/Core/Purchasing/Models/AppleOrderInfo.cs
 0.1 kb	 0.0% Packages/com.unity.purchasing/Runtime/Purchasing/Core/Purchasing/Interfaces/UseCases/IPurchaseUseCase.cs
 0.1 kb	 0.0% Packages/com.unity.purchasing/Runtime/Purchasing/Core/Purchasing/Interfaces/IPurchaseService.cs
 0.1 kb	 0.0% Packages/com.unity.purchasing/Runtime/Purchasing/Core/Purchasing/Interfaces/CartValidation/ICartValidator.cs
 0.1 kb	 0.0% Packages/com.unity.purchasing/Runtime/Purchasing/Core/Product/ProductService.cs
 0.1 kb	 0.0% Packages/com.unity.purchasing/Runtime/Purchasing/Core/Product/Interfaces/IProductService.cs
 0.1 kb	 0.0% Packages/com.unity.purchasing/Runtime/Purchasing/CatalogListing.cs
 0.1 kb	 0.0% Packages/com.unity.purchasing/Runtime/Purchasing/Analytics/Interfaces/IAnalyticsClient.cs
 0.1 kb	 0.0% Packages/com.unity.probuilder/Runtime/MeshOperations/Bevel.cs
 0.1 kb	 0.0% Packages/com.unity.probuilder/Runtime/Core/UnwrapParameters.cs
 0.1 kb	 0.0% Packages/com.unity.probuilder/Runtime/Core/TriggerBehaviour.cs
 0.1 kb	 0.0% Packages/com.unity.probuilder/Runtime/Core/TransformUtility.cs
 0.1 kb	 0.0% Packages/com.unity.probuilder/Runtime/Core/ShapeGenerator.cs
 0.1 kb	 0.0% Packages/com.unity.probuilder/Runtime/Core/SelectionPicker.cs
 0.1 kb	 0.0% Packages/com.unity.probuilder/Runtime/Core/SelectPathFaces.cs
 0.1 kb	 0.0% Packages/com.unity.probuilder/Runtime/Core/ProBuilderMesh.cs
 0.1 kb	 0.0% Packages/com.unity.probuilder/Runtime/Core/PreferenceKeys.cs
 0.1 kb	 0.0% Packages/com.unity.probuilder/Runtime/Core/MaterialUtility.cs
 0.1 kb	 0.0% Packages/com.unity.probuilder/Runtime/Core/InternalUtility.cs
 0.1 kb	 0.0% Packages/com.unity.probuilder/Runtime/Core/HandleUtility.cs
 0.1 kb	 0.0% Packages/com.unity.probuilder/Runtime/Core/FaceRebuildData.cs
 0.1 kb	 0.0% Packages/com.unity.probuilder/Runtime/Core/EntityBehaviour.cs
 0.1 kb	 0.0% Packages/com.unity.probuilder/Runtime/Core/BuiltinMaterials.cs
 0.1 kb	 0.0% Packages/com.unity.probuilder/Content/Resources/Materials/UnlitVertexColor.mat
 0.1 kb	 0.0% Packages/com.unity.mathematics/Unity.Mathematics/rigid_transform.cs
 0.1 kb	 0.0% Packages/com.unity.mathematics/Unity.Mathematics/math_unity_conversion.cs
 0.1 kb	 0.0% Packages/com.unity.mathematics/Unity.Mathematics/Geometry/MinMaxAABB.cs
 0.1 kb	 0.0% Packages/com.unity.inputsystem/InputSystem/Utilities/FourCC.cs
 0.1 kb	 0.0% Packages/com.unity.inputsystem/InputSystem/Plugins/iOS/iOSSupport.cs
 0.1 kb	 0.0% Packages/com.unity.inputsystem/InputSystem/Plugins/XR/XRSupport.cs
 0.1 kb	 0.0% Packages/com.unity.inputsystem/InputSystem/Plugins/XR/GenericXRDevice.cs
 0.1 kb	 0.0% Packages/com.unity.inputsystem/InputSystem/Plugins/XR/Devices/WindowsMR.cs
 0.1 kb	 0.0% Packages/com.unity.inputsystem/InputSystem/Plugins/XR/Controls/PoseControl.cs
 0.1 kb	 0.0% Packages/com.unity.inputsystem/InputSystem/Plugins/UI/PointerModel.cs
 0.1 kb	 0.0% Packages/com.unity.inputsystem/InputSystem/Plugins/OSX/OSXSupport.cs
 0.1 kb	 0.0% Packages/com.unity.inputsystem/InputSystem/Plugins/HID/HIDSupport.cs
 0.1 kb	 0.0% Packages/com.unity.inputsystem/InputSystem/Plugins/HID/HIDParser.cs
 0.1 kb	 0.0% Packages/com.unity.cinemachine/Runtime/Timeline/CinemachineTrack.cs
 0.1 kb	 0.0% Packages/com.unity.cinemachine/Runtime/Timeline/CinemachineShot.cs
 0.1 kb	 0.0% Packages/com.unity.cinemachine/Runtime/ThirdParty/Clipper.Minkowski.cs
 0.1 kb	 0.0% Packages/com.unity.cinemachine/Runtime/Deprecated/CinemachinePath.cs
 0.1 kb	 0.0% Packages/com.unity.cinemachine/Runtime/Deprecated/CinemachinePOV.cs
 0.1 kb	 0.0% Packages/com.unity.cinemachine/Runtime/Debug/CinemachineDebug.cs
 0.1 kb	 0.0% Packages/com.unity.cinemachine/Runtime/Core/UpdateTracker.cs
 0.1 kb	 0.0% Packages/com.unity.cinemachine/Runtime/Core/SplineSettings.cs
 0.1 kb	 0.0% Packages/com.unity.cinemachine/Runtime/Core/SplineHelpers.cs
 0.1 kb	 0.0% Packages/com.unity.cinemachine/Runtime/Core/SplineAutoDolly.cs
 0.1 kb	 0.0% Packages/com.unity.cinemachine/Runtime/Core/RuntimeUtility.cs
 0.1 kb	 0.0% Packages/com.unity.cinemachine/Runtime/Core/PrioritySettings.cs
 0.1 kb	 0.0% Packages/com.unity.cinemachine/Runtime/Core/Predictor.cs
 0.1 kb	 0.0% Packages/com.unity.cinemachine/Runtime/Core/NoiseSettings.cs
 0.1 kb	 0.0% Packages/com.unity.cinemachine/Runtime/Core/CinemachineCore.cs
 0.1 kb	 0.0% Packages/com.unity.cinemachine/Runtime/Core/CinemachineBlend.cs
 0.1 kb	 0.0% Packages/com.unity.cinemachine/Runtime/Core/CameraBlendStack.cs
 0.1 kb	 0.0% Packages/com.unity.cinemachine/Runtime/Behaviours/CinemachineBrain.cs
 0.1 kb	 0.0% Packages/com.unity.burst/Runtime/SafeStringArrayHelper.cs
 0.1 kb	 0.0% Packages/com.unity.burst/Runtime/Editor/BurstEditorOptions.cs
 0.1 kb	 0.0% Packages/com.unity.burst/Runtime/Editor/BurstCompileTarget.cs
 0.1 kb	 0.0% Packages/com.unity.burst/Runtime/Editor/BurstAssemblyDisable.cs
 0.1 kb	 0.0% Packages/com.unity.burst/Runtime/BurstCompileAttribute.cs
 0.1 kb	 0.0% Packages/com.unity.ai.navigation/Runtime/NavMeshSurface.cs
 0.1 kb	 0.0% Packages/com.unity.ai.navigation/Runtime/NavMeshModifier.cs
 0.1 kb	 0.0% Packages/com.ivanmurzak.unity.mcp/Runtime/Unity/Logs/LogEntry.cs
 0.1 kb	 0.0% Packages/com.ivanmurzak.unity.mcp/Runtime/Data/ObjectRef.pre-Unity.6.5.cs
 0.1 kb	 0.0% Assets/TextMesh Pro/Examples & Extras/Scripts/VertexColorCycler.cs
 0.1 kb	 0.0% Assets/TextMesh Pro/Examples & Extras/Scripts/TextConsoleSimulator.cs
 0.1 kb	 0.0% Assets/TextMesh Pro/Examples & Extras/Scripts/TMP_TextSelector_B.cs
 0.1 kb	 0.0% Assets/TextMesh Pro/Examples & Extras/Scripts/TMP_TextSelector_A.cs
 0.1 kb	 0.0% Assets/TextMesh Pro/Examples & Extras/Scripts/TMP_TextEventCheck.cs
 0.1 kb	 0.0% Assets/TextMesh Pro/Examples & Extras/Scripts/TMP_PhoneNumberValidator.cs
 0.1 kb	 0.0% Assets/TextMesh Pro/Examples & Extras/Scripts/TMP_FrameRateCounter.cs
 0.1 kb	 0.0% Assets/TextMesh Pro/Examples & Extras/Scripts/TMP_ExampleScript_01.cs
 0.1 kb	 0.0% Assets/TextMesh Pro/Examples & Extras/Scripts/ShaderPropAnimator.cs
 0.1 kb	 0.0% Assets/Scripts/UnitSpriteAnimator.cs
 0.1 kb	 0.0% Assets/Scripts/SpriteAtlasPacker.cs
 0.1 kb	 0.0% Assets/Scripts/ScreenShakeManager.cs
 0.1 kb	 0.0% Assets/Scripts/NarrativeTypewriter.cs
 0.1 kb	 0.0% Assets/Scripts/KoreanFontSupport.cs
 0.1 kb	 0.0% Assets/Scripts/GimmickSpriteLibrary.cs
 0.1 kb	 0.0% Assets/Scripts/FloatingDamageText.cs
 0.1 kb	 0.0% Assets/Scripts/EruptionVentGimmick.cs
 0.1 kb	 0.0% Assets/Scripts/DynamicBattlefield.cs
 0.1 kb	 0.0% Assets/Scripts/DestructibleBlock.cs
 0.1 kb	 0.0% Assets/Scripts/DeploymentController.cs
 0.1 kb	 0.0% Assets/Scripts/CastleSkinLibrary.cs
 0.1 kb	 0.0% Assets/Scripts/CastleCoreGimmick.cs
 0.1 kb	 0.0% Assets/Scripts/BuffDebuffGimmick.cs
 0.1 kb	 0.0% Packages/com.unity.visualscripting/Runtime/VisualScripting.State/State.cs
 0.1 kb	 0.0% Packages/com.unity.visualscripting/Runtime/VisualScripting.State/IState.cs
 0.1 kb	 0.0% Packages/com.unity.visualscripting/Runtime/VisualScripting.State/AnyState.cs
 0.1 kb	 0.0% Packages/com.unity.visualscripting/Runtime/VisualScripting.Flow/IUnit.cs
 0.1 kb	 0.0% Packages/com.unity.visualscripting/Runtime/VisualScripting.Flow/Framework/Time/WaitUnit.cs
 0.1 kb	 0.0% Packages/com.unity.visualscripting/Runtime/VisualScripting.Flow/Framework/Time/Timer.cs
 0.1 kb	 0.0% Packages/com.unity.visualscripting/Runtime/VisualScripting.Flow/Framework/Time/Cooldown.cs
 0.1 kb	 0.0% Packages/com.unity.visualscripting/Runtime/VisualScripting.Flow/Framework/Logic/NotEqual.cs
 0.1 kb	 0.0% Packages/com.unity.visualscripting/Runtime/VisualScripting.Flow/Framework/Logic/Negate.cs
 0.1 kb	 0.0% Packages/com.unity.visualscripting/Runtime/VisualScripting.Flow/Framework/Logic/Greater.cs
 0.1 kb	 0.0% Packages/com.unity.visualscripting/Runtime/VisualScripting.Flow/Framework/Logic/Equal.cs
 0.1 kb	 0.0% Packages/com.unity.visualscripting/Runtime/VisualScripting.Flow/Framework/Literal.cs
 0.1 kb	 0.0% Packages/com.unity.visualscripting/Runtime/VisualScripting.Flow/Framework/Formula.cs
 0.1 kb	 0.0% Packages/com.unity.visualscripting/Runtime/VisualScripting.Flow/Framework/Events/Lifecycle/Update.cs
 0.1 kb	 0.0% Packages/com.unity.visualscripting/Runtime/VisualScripting.Flow/Framework/Events/Lifecycle/Start.cs
 0.1 kb	 0.0% Packages/com.unity.visualscripting/Runtime/VisualScripting.Flow/Framework/Events/Lifecycle/OnEnable.cs
 0.1 kb	 0.0% Packages/com.unity.visualscripting/Runtime/VisualScripting.Flow/Framework/Events/GUI/OnSubmit.cs
 0.1 kb	 0.0% Packages/com.unity.visualscripting/Runtime/VisualScripting.Flow/Framework/Events/GUI/OnSelect.cs
 0.1 kb	 0.0% Packages/com.unity.visualscripting/Runtime/VisualScripting.Flow/Framework/Events/GUI/OnScroll.cs
 0.1 kb	 0.0% Packages/com.unity.visualscripting/Runtime/VisualScripting.Flow/Framework/Events/GUI/OnMove.cs
 0.1 kb	 0.0% Packages/com.unity.visualscripting/Runtime/VisualScripting.Flow/Framework/Events/GUI/OnGUI.cs
 0.1 kb	 0.0% Packages/com.unity.visualscripting/Runtime/VisualScripting.Flow/Framework/Events/GUI/OnDrop.cs
 0.1 kb	 0.0% Packages/com.unity.visualscripting/Runtime/VisualScripting.Flow/Framework/Events/GUI/OnDrag.cs
 0.1 kb	 0.0% Packages/com.unity.visualscripting/Runtime/VisualScripting.Flow/Framework/Events/GUI/OnCancel.cs
 0.1 kb	 0.0% Packages/com.unity.visualscripting/Runtime/VisualScripting.Flow/Framework/Control/While.cs
 0.1 kb	 0.0% Packages/com.unity.visualscripting/Runtime/VisualScripting.Flow/Framework/Control/TryCatch.cs
 0.1 kb	 0.0% Packages/com.unity.visualscripting/Runtime/VisualScripting.Flow/Framework/Control/Throw.cs
 0.1 kb	 0.0% Packages/com.unity.visualscripting/Runtime/VisualScripting.Flow/Framework/Control/Sequence.cs
 0.1 kb	 0.0% Packages/com.unity.visualscripting/Runtime/VisualScripting.Flow/Framework/Control/LoopUnit.cs
 0.1 kb	 0.0% Packages/com.unity.visualscripting/Runtime/VisualScripting.Flow/Framework/Control/ForEach.cs
 0.1 kb	 0.0% Packages/com.unity.visualscripting/Runtime/VisualScripting.Flow/Framework/Control/Cache.cs
 0.1 kb	 0.0% Packages/com.unity.visualscripting/Runtime/VisualScripting.Flow/Framework/Control/Break.cs
 0.1 kb	 0.0% Packages/com.unity.visualscripting/Runtime/VisualScripting.Flow/Framework/Collections/LastItem.cs
 0.1 kb	 0.0% Packages/com.unity.visualscripting/Runtime/VisualScripting.Flow/Framework/Codebase/Expose.cs
 0.1 kb	 0.0% Packages/com.unity.visualscripting/Runtime/VisualScripting.Core/Utilities/XColor.cs
 0.1 kb	 0.0% Packages/com.unity.visualscripting/Runtime/VisualScripting.Core/Reflection/TypeName.cs
 0.1 kb	 0.0% Packages/com.unity.visualscripting/Runtime/VisualScripting.Core/Reflection/Member.cs
 0.1 kb	 0.0% Packages/com.unity.visualscripting/Runtime/VisualScripting.Core/Macros/IMacro.cs
 0.1 kb	 0.0% Packages/com.unity.visualscripting/Runtime/VisualScripting.Core/Machines/IMachine.cs
 0.1 kb	 0.0% Packages/com.unity.visualscripting/Runtime/VisualScripting.Core/Graphs/IGraph.cs
 0.1 kb	 0.0% Packages/com.unity.visualscripting/Runtime/VisualScripting.Core/Graphs/Graph.cs
 0.1 kb	 0.0% Packages/com.unity.visualscripting/Runtime/VisualScripting.Core/Events/EventBus.cs
 0.1 kb	 0.0% Packages/com.unity.visualscripting/Runtime/VisualScripting.Core/Ensure/Extensions/XString.cs
 0.1 kb	 0.0% Packages/com.unity.visualscripting/Runtime/VisualScripting.Core/Ensure/Ensure.cs
 0.1 kb	 0.0% Packages/com.unity.visualscripting/Runtime/VisualScripting.Core/Collections/AotList.cs
 0.1 kb	 0.0% Packages/com.unity.visualscripting/Runtime/VisualScripting.Core/Cloning/ICloner.cs
 0.1 kb	 0.0% Packages/com.unity.visualscripting/Runtime/VisualScripting.Core/Cloning/Cloning.cs
 0.1 kb	 0.0% Packages/com.unity.timeline/Runtime/Utilities/WeightUtility.cs
 0.1 kb	 0.0% Packages/com.unity.timeline/Runtime/Utilities/IPropertyPreview.cs
 0.1 kb	 0.0% Packages/com.unity.timeline/Runtime/Utilities/Extrapolation.cs
 0.1 kb	 0.0% Packages/com.unity.timeline/Runtime/TimelinePlayable.cs
 0.1 kb	 0.0% Packages/com.unity.timeline/Runtime/TimelineAsset.cs
 0.1 kb	 0.0% Packages/com.unity.timeline/Runtime/Scripting/PlayableTrack.cs
 0.1 kb	 0.0% Packages/com.unity.timeline/Runtime/Events/Signals/SignalReceiver.cs
 0.1 kb	 0.0% Packages/com.unity.timeline/Runtime/Events/Signals/SignalEmitter.cs
 0.1 kb	 0.0% Packages/com.unity.timeline/Runtime/Evaluation/RuntimeElement.cs
 0.1 kb	 0.0% Packages/com.unity.timeline/Runtime/Evaluation/RuntimeClipBase.cs
 0.1 kb	 0.0% Packages/com.unity.timeline/Runtime/CurveEditUtility.cs
 0.1 kb	 0.0% Packages/com.unity.timeline/Runtime/Animation/AnimationTrack.cs
 0.1 kb	 0.0% Packages/com.unity.timeline/Runtime/Activation/ActivationTrack.cs
 0.1 kb	 0.0% Packages/com.unity.textmeshpro/Scripts/Runtime/TMPro_EventManager.cs
 0.1 kb	 0.0% Packages/com.unity.textmeshpro/Scripts/Runtime/TMP_UpdateRegistery.cs
 0.1 kb	 0.0% Packages/com.unity.textmeshpro/Scripts/Runtime/TMP_UpdateManager.cs
 0.1 kb	 0.0% Packages/com.unity.textmeshpro/Scripts/Runtime/TMP_TextUtilities.cs
 0.1 kb	 0.0% Packages/com.unity.textmeshpro/Scripts/Runtime/TMP_SpriteCharacter.cs
 0.1 kb	 0.0% Packages/com.unity.textmeshpro/Scripts/Runtime/TMP_SpriteAnimator.cs
 0.1 kb	 0.0% Packages/com.unity.textmeshpro/Scripts/Runtime/TMP_SelectionCaret.cs
 0.1 kb	 0.0% Packages/com.unity.textmeshpro/Scripts/Runtime/TMP_ResourcesManager.cs
 0.1 kb	 0.0% Packages/com.unity.textmeshpro/Scripts/Runtime/TMP_MaterialManager.cs
 0.1 kb	 0.0% Packages/com.unity.textmeshpro/Scripts/Runtime/TMP_InputValidator.cs
 0.1 kb	 0.0% Packages/com.unity.textmeshpro/Scripts/Runtime/TMP_FontFeatureTable.cs
 0.1 kb	 0.0% Packages/com.unity.textmeshpro/Scripts/Runtime/TMP_DefaultControls.cs
 0.1 kb	 0.0% Packages/com.unity.textmeshpro/Scripts/Runtime/TMP_Compatibility.cs
 0.1 kb	 0.0% Packages/com.unity.textmeshpro/Scripts/Runtime/TMP_ColorGradient.cs
 0.1 kb	 0.0% Packages/com.unity.textmeshpro/Scripts/Runtime/TMP_CharacterInfo.cs
 0.1 kb	 0.0% Packages/com.unity.textmeshpro/Scripts/Runtime/ITextPreProcessor.cs
 0.1 kb	 0.0% Packages/com.unity.test-framework/UnityEngine.TestRunner/Utils/Utils.cs
 0.1 kb	 0.0% Packages/com.unity.test-framework/UnityEngine.TestRunner/Assertions/Is.cs
 0.1 kb	 0.0% Packages/com.unity.splines/Runtime/SplineUtility.cs
 0.1 kb	 0.0% Packages/com.unity.splines/Runtime/SplineType.cs
 0.1 kb	 0.0% Packages/com.unity.splines/Runtime/SplineKnotIndex.cs
 0.1 kb	 0.0% Packages/com.unity.splines/Runtime/SplineFactory.cs
 0.1 kb	 0.0% Packages/com.unity.splines/Runtime/SplineExtrude.cs
 0.1 kb	 0.0% Packages/com.unity.splines/Runtime/SplineContainer.cs
 0.1 kb	 0.0% Packages/com.unity.splines/Runtime/SplineComponent.cs
 0.1 kb	 0.0% Packages/com.unity.splines/Runtime/SplineAnimate.cs
 0.1 kb	 0.0% Packages/com.unity.splines/Runtime/ISplineProvider.cs
 0.1 kb	 0.0% Packages/com.unity.splines/Runtime/ISplineContainer.cs
 0.1 kb	 0.0% Packages/com.unity.splines/Runtime/IExtrudeShape.cs
 0.1 kb	 0.0% Packages/com.unity.purchasing/Runtime/Utilities/UnityThreadUtils.cs
 0.1 kb	 0.0% Packages/com.unity.purchasing/Runtime/Purchasing/Extension/InternalStore.cs
 0.1 kb	 0.0% Packages/com.unity.probuilder/External/Poly2Tri/P2T.cs
 0.1 kb	 0.0% Packages/com.unity.probuilder/Content/Resources/Materials/FacePicker.mat
 0.1 kb	 0.0% Packages/com.unity.mathematics/Unity.Mathematics/double4x4.gen.cs
 0.1 kb	 0.0% Packages/com.unity.mathematics/Unity.Mathematics/double4x3.gen.cs
 0.1 kb	 0.0% Packages/com.unity.mathematics/Unity.Mathematics/double4x2.gen.cs
 0.1 kb	 0.0% Packages/com.unity.mathematics/Unity.Mathematics/double3x4.gen.cs
 0.1 kb	 0.0% Packages/com.unity.mathematics/Unity.Mathematics/double3x3.gen.cs
 0.1 kb	 0.0% Packages/com.unity.mathematics/Unity.Mathematics/double3x2.gen.cs
 0.1 kb	 0.0% Packages/com.unity.mathematics/Unity.Mathematics/double2x4.gen.cs
 0.1 kb	 0.0% Packages/com.unity.mathematics/Unity.Mathematics/double2x3.gen.cs
 0.1 kb	 0.0% Packages/com.unity.mathematics/Unity.Mathematics/double2x2.gen.cs
 0.1 kb	 0.0% Packages/com.unity.inputsystem/InputSystem/Plugins/PlayerInput/PlayerInput.cs
 0.1 kb	 0.0% Packages/com.unity.inputsystem/InputSystem/Plugins/PlayerInput/InputValue.cs
 0.1 kb	 0.0% Packages/com.unity.inputsystem/InputSystem/InputSystem.cs
 0.1 kb	 0.0% Packages/com.unity.inputsystem/InputSystem/InputManager.cs
 0.1 kb	 0.0% Packages/com.unity.inputsystem/InputSystem/Editor/UITKAssetEditor/Commands/Commands.cs
 0.1 kb	 0.0% Packages/com.unity.inputsystem/InputSystem/Editor/Dialog.cs
 0.1 kb	 0.0% Packages/com.unity.inputsystem/InputSystem/Devices/Touchscreen.cs
 0.1 kb	 0.0% Packages/com.unity.inputsystem/InputSystem/Devices/Precompiled/FastMouse.cs
 0.1 kb	 0.0% Packages/com.unity.inputsystem/InputSystem/Devices/Precompiled/FastKeyboard.cs
 0.1 kb	 0.0% Packages/com.unity.inputsystem/InputSystem/Devices/InputDevice.cs
 0.1 kb	 0.0% Packages/com.unity.inputsystem/InputSystem/Devices/Haptics/IHaptics.cs
 0.1 kb	 0.0% Packages/com.unity.inputsystem/InputSystem/Controls/InputControl.cs
 0.1 kb	 0.0% Packages/com.unity.inputsystem/InputSystem/Controls/CommonUsages.cs
 0.1 kb	 0.0% Packages/com.unity.inputsystem/InputSystem/AssemblyInfo.cs
 0.1 kb	 0.0% Packages/com.unity.inputsystem/InputSystem/Actions/InputBinding.cs
 0.1 kb	 0.0% Packages/com.unity.inputsystem/InputSystem/Actions/InputAction.cs
 0.1 kb	 0.0% Packages/com.unity.cinemachine/Runtime/ThirdParty/Clipper.Offset.cs
 0.1 kb	 0.0% Packages/com.unity.cinemachine/Runtime/Core/DeltaTimeScaleProcessor.cs
 0.1 kb	 0.0% Packages/com.unity.2d.tilemap.extras/Runtime/Tiles/AnimatedTile/AnimatedTile.cs
 0.1 kb	 0.0% Packages/com.ivanmurzak.unity.mcp/Runtime/Data/SceneRef.pre-Unity.6.5.cs
 0.1 kb	 0.0% Packages/com.ivanmurzak.unity.mcp/Runtime/Data/SceneDataShallow.cs
 0.1 kb	 0.0% Packages/com.ivanmurzak.unity.mcp/Runtime/Data/GameObjectData.cs
 0.1 kb	 0.0% Packages/com.ivanmurzak.unity.mcp/Runtime/Data/ComponentRefList.cs
 0.1 kb	 0.0% Packages/com.ivanmurzak.unity.mcp/Runtime/Data/ComponentData.cs
 0.1 kb	 0.0% Packages/com.unity.ugui/Runtime/UI/Core/VertexModifiers/PositionAsUV1.cs
 0.1 kb	 0.0% Packages/com.unity.ugui/Runtime/UI/Core/VertexModifiers/IMeshModifier.cs
 0.1 kb	 0.0% Packages/com.unity.ugui/Runtime/UI/Core/VertexModifiers/BaseMeshEffect.cs
 0.1 kb	 0.0% Packages/com.unity.ugui/Runtime/UI/Core/StencilMaterial.cs
 0.1 kb	 0.0% Packages/com.unity.ugui/Runtime/UI/Core/MaskableGraphic.cs
 0.1 kb	 0.0% Packages/com.unity.ugui/Runtime/UI/Core/MaskUtilities.cs
 0.1 kb	 0.0% Packages/com.unity.ugui/Runtime/UI/Core/Layout/LayoutUtility.cs
 0.1 kb	 0.0% Packages/com.unity.ugui/Runtime/UI/Core/Layout/LayoutRebuilder.cs
 0.1 kb	 0.0% Packages/com.unity.ugui/Runtime/UI/Core/Layout/LayoutElement.cs
 0.1 kb	 0.0% Packages/com.unity.ugui/Runtime/UI/Core/Layout/ILayoutElement.cs
 0.1 kb	 0.0% Packages/com.unity.ugui/Runtime/UI/Core/Layout/GridLayoutGroup.cs
 0.1 kb	 0.0% Packages/com.unity.ugui/Runtime/UI/Core/GraphicRegistry.cs
 0.1 kb	 0.0% Packages/com.unity.ugui/Runtime/UI/Core/GraphicRaycaster.cs
 0.1 kb	 0.0% Packages/com.unity.ugui/Runtime/UI/Core/DefaultControls.cs
 0.1 kb	 0.0% Packages/com.unity.ugui/Runtime/UI/Core/Culling/ClipperRegistry.cs
 0.1 kb	 0.0% Packages/com.unity.ugui/Runtime/EventSystem/UIBehaviour.cs
 0.1 kb	 0.0% Packages/com.unity.ugui/Runtime/EventSystem/InputModules/BaseInput.cs
 0.1 kb	 0.0% Packages/com.unity.ugui/Runtime/EventSystem/EventTrigger.cs
 0.1 kb	 0.0% Packages/com.unity.ugui/Runtime/EventSystem/EventSystem.cs
 0.1 kb	 0.0% Packages/com.unity.textmeshpro/Scripts/Runtime/TMPro_MeshUtilities.cs
 0.1 kb	 0.0% Packages/com.unity.textmeshpro/Scripts/Runtime/TMP_ShaderUtilities.cs
 0.1 kb	 0.0% Packages/com.unity.textmeshpro/Scripts/Runtime/TMP_RichTextTagsCommon.cs
 0.1 kb	 0.0% Packages/com.unity.textmeshpro/Scripts/Runtime/TMP_FontAssetCommon.cs
 0.1 kb	 0.0% Packages/com.unity.services.core/Runtime/Core/CoreResetter.cs
 0.1 kb	 0.0% Packages/com.unity.purchasing/Runtime/Purchasing/Stores/XboxStore/XboxStore.cs
 0.1 kb	 0.0% Packages/com.unity.purchasing/Runtime/Purchasing/Stores/FakeStore/FakeAppStore.cs
 0.1 kb	 0.0% Packages/com.unity.purchasing/Runtime/Purchasing/Stores/BaseStore/Interfaces/INativeStore.cs
 0.1 kb	 0.0% Packages/com.unity.purchasing/Runtime/Purchasing/Stores/AppleAppStore/MacAppStore.cs
 0.1 kb	 0.0% Packages/com.unity.purchasing/Runtime/Purchasing/Stores/Android/GooglePlay/GooglePlay.cs
 0.1 kb	 0.0% Packages/com.unity.purchasing/Runtime/Purchasing/Settings/IAPSettings.cs
 0.1 kb	 0.0% Packages/com.unity.purchasing/Runtime/Purchasing/Extension/Store.cs
 0.1 kb	 0.0% Packages/com.unity.purchasing/Runtime/Purchasing/Extension/Interfaces/IStore.cs
 0.1 kb	 0.0% Packages/com.unity.purchasing/Runtime/Purchasing/Core/Store/StoreWrapper.cs
 0.1 kb	 0.0% Packages/com.unity.purchasing/Runtime/Purchasing/Core/Store/StoreService.cs
 0.1 kb	 0.0% Packages/com.unity.purchasing/Runtime/Purchasing/Core/Store/StoreManager.cs
 0.1 kb	 0.0% Packages/com.unity.purchasing/Runtime/Purchasing/Core/Retries/RetryService.cs
 0.1 kb	 0.0% Packages/com.unity.purchasing/Runtime/Purchasing/Core/Retries/RetryRequest.cs
 0.1 kb	 0.0% Packages/com.unity.purchasing/Runtime/Purchasing/Core/Retries/Interfaces/IRetryPolicy.cs
 0.1 kb	 0.0% Packages/com.unity.purchasing/Runtime/Purchasing/Core/Retries/AsyncDelayer.cs
 0.1 kb	 0.0% Packages/com.unity.purchasing/Runtime/Purchasing/Core/Purchasing/Models/PendingOrder.cs
 0.1 kb	 0.0% Packages/com.unity.purchasing/Runtime/Purchasing/Core/Purchasing/Models/OrderInfo.cs
 0.1 kb	 0.0% Packages/com.unity.purchasing/Runtime/Purchasing/Core/Purchasing/Models/Interfaces/IOrderInfo.cs
 0.1 kb	 0.0% Packages/com.unity.purchasing/Runtime/Purchasing/Core/Purchasing/Models/FailedOrder.cs
 0.1 kb	 0.0% Packages/com.unity.purchasing/Runtime/Purchasing/Core/Purchasing/Models/Entitlement.cs
 0.1 kb	 0.0% Packages/com.unity.purchasing/Runtime/Purchasing/Core/Product/Android/JavaBridge.cs
 0.1 kb	 0.0% Packages/com.unity.purchasing/Runtime/Purchasing/Core/Exceptions/IapException.cs
 0.1 kb	 0.0% Packages/com.unity.probuilder/Runtime/Shapes/Torus.cs
 0.1 kb	 0.0% Packages/com.unity.probuilder/Runtime/Shapes/Stairs.cs
 0.1 kb	 0.0% Packages/com.unity.probuilder/Runtime/Shapes/Sprite.cs
 0.1 kb	 0.0% Packages/com.unity.probuilder/Runtime/Shapes/Sphere.cs
 0.1 kb	 0.0% Packages/com.unity.probuilder/Runtime/Shapes/Shape.cs
 0.1 kb	 0.0% Packages/com.unity.probuilder/Runtime/Shapes/Prism.cs
 0.1 kb	 0.0% Packages/com.unity.probuilder/Runtime/Shapes/Plane.cs
 0.1 kb	 0.0% Packages/com.unity.probuilder/Runtime/Shapes/Cylinder.cs
 0.1 kb	 0.0% Packages/com.unity.probuilder/Runtime/Core/WingedEdge.cs
 0.1 kb	 0.0% Packages/com.unity.probuilder/Runtime/Core/VectorMask.cs
 0.1 kb	 0.0% Packages/com.unity.probuilder/Runtime/Core/VectorHash.cs
 0.1 kb	 0.0% Packages/com.unity.probuilder/Runtime/Core/UvUnwrapping.cs
 0.1 kb	 0.0% Packages/com.unity.probuilder/Runtime/Core/Transform2D.cs
 0.1 kb	 0.0% Packages/com.unity.probuilder/Runtime/Core/Smoothing.cs
 0.1 kb	 0.0% Packages/com.unity.probuilder/Runtime/Core/SharedVertex.cs
 0.1 kb	 0.0% Packages/com.unity.probuilder/Runtime/Core/ShapeFactory.cs
 0.1 kb	 0.0% Packages/com.unity.probuilder/Runtime/Core/RaycastHit.cs
 0.1 kb	 0.0% Packages/com.unity.probuilder/Runtime/Core/Projection.cs
 0.1 kb	 0.0% Packages/com.unity.probuilder/Runtime/Core/PolyShape.cs
 0.1 kb	 0.0% Packages/com.unity.probuilder/Runtime/Core/MeshUtility.cs
 0.1 kb	 0.0% Packages/com.unity.probuilder/Runtime/Core/MeshHandles.cs
 0.1 kb	 0.0% Packages/com.unity.probuilder/Runtime/Core/MeshHandle.cs
 0.1 kb	 0.0% Packages/com.unity.probuilder/Runtime/Core/IHasDefault.cs
 0.1 kb	 0.0% Packages/com.unity.probuilder/Runtime/Core/EdgeUtility.cs
 0.1 kb	 0.0% Packages/com.unity.probuilder/Runtime/Core/EdgeLookup.cs
 0.1 kb	 0.0% Packages/com.unity.probuilder/Runtime/Core/ColorUtility.cs
 0.1 kb	 0.0% Packages/com.unity.probuilder/Runtime/Core/ColorPalette.cs
 0.1 kb	 0.0% Packages/com.unity.probuilder/Runtime/Core/Changelog.cs
 0.1 kb	 0.0% Packages/com.unity.probuilder/Runtime/Core/BezierShape.cs
 0.1 kb	 0.0% Packages/com.unity.probuilder/Runtime/Core/BezierPoint.cs
 0.1 kb	 0.0% Packages/com.unity.probuilder/Runtime/Core/ArrayUtility.cs
 0.1 kb	 0.0% Packages/com.unity.probuilder/Runtime/Core/ActionResult.cs
 0.1 kb	 0.0% Packages/com.unity.probuilder/External/StlExporter/Code/pb_Stl.cs
 0.1 kb	 0.0% Packages/com.unity.probuilder/External/CSG/Classes/Vertex.cs
 0.1 kb	 0.0% Packages/com.unity.probuilder/External/CSG/Classes/Polygon.cs
 0.1 kb	 0.0% Packages/com.unity.probuilder/External/CSG/Classes/Plane.cs
 0.1 kb	 0.0% Packages/com.unity.probuilder/External/CSG/Classes/Model.cs
 0.1 kb	 0.0% Packages/com.unity.mathematics/Unity.Mathematics/quaternion.cs
 0.1 kb	 0.0% Packages/com.unity.mathematics/Unity.Mathematics/Noise/classicnoise4D.cs
 0.1 kb	 0.0% Packages/com.unity.mathematics/Unity.Mathematics/Noise/classicnoise3D.cs
 0.1 kb	 0.0% Packages/com.unity.mathematics/Unity.Mathematics/Noise/classicnoise2D.cs
 0.1 kb	 0.0% Packages/com.unity.mathematics/Unity.Mathematics/Noise/cellular2x2x2.cs
 0.1 kb	 0.0% Packages/com.unity.mathematics/Unity.Mathematics/Geometry/Plane.cs
 0.1 kb	 0.0% Packages/com.unity.inputsystem/InputSystem/Plugins/XR/Devices/Oculus.cs
 0.1 kb	 0.0% Packages/com.unity.cinemachine/Runtime/ThirdParty/Clipper.Engine.cs
 0.1 kb	 0.0% Packages/com.unity.cinemachine/Runtime/Deprecated/AxisState.cs
 0.1 kb	 0.0% Packages/com.unity.cinemachine/Runtime/Debug/DebugText.cs
 0.1 kb	 0.0% Packages/com.unity.cinemachine/Runtime/Core/LensSettings.cs
 0.1 kb	 0.0% Packages/com.unity.cinemachine/Runtime/Core/InputAxis.cs
 0.1 kb	 0.0% Packages/com.unity.cinemachine/Runtime/Core/ConfinerOven.cs
 0.1 kb	 0.0% Packages/com.unity.cinemachine/Runtime/Core/CameraTarget.cs
 0.1 kb	 0.0% Packages/com.unity.cinemachine/Runtime/Core/CameraState.cs
 0.1 kb	 0.0% Packages/com.unity.cinemachine/Runtime/Core/BlendManager.cs
 0.1 kb	 0.0% Packages/com.unity.burst/Runtime/Intrinsics/SimdDebugViews.cs
 0.1 kb	 0.0% Packages/com.unity.burst/Runtime/Editor/BurstReflection.cs
 0.1 kb	 0.0% Packages/com.unity.burst/Runtime/BurstCompilerOptions.cs
 0.1 kb	 0.0% Packages/com.unity.ai.navigation/Runtime/NavMeshLink.cs
 0.1 kb	 0.0% Assets/TextMesh Pro/Examples & Extras/Scripts/WarpTextExample.cs
 0.1 kb	 0.0% Assets/TextMesh Pro/Examples & Extras/Scripts/TextMeshSpawner.cs
 0.1 kb	 0.0% Assets/TextMesh Pro/Examples & Extras/Scripts/TMP_TextEventHandler.cs
 0.1 kb	 0.0% Assets/TextMesh Pro/Examples & Extras/Scripts/TMP_DigitValidator.cs
 0.1 kb	 0.0% Assets/TextMesh Pro/Examples & Extras/Scripts/SkewTextExample.cs
 0.1 kb	 0.0% Assets/TextMesh Pro/Examples & Extras/Scripts/CameraController.cs
 0.1 kb	 0.0% Assets/TextMesh Pro/Examples & Extras/Scripts/Benchmark01_UGUI.cs
 0.1 kb	 0.0% Assets/Scripts/WindVfxManager.cs
 0.1 kb	 0.0% Assets/Scripts/UnitController.cs
 0.1 kb	 0.0% Assets/Scripts/UIButtonAnimator.cs
 0.1 kb	 0.0% Assets/Scripts/StageProgression.cs
 0.1 kb	 0.0% Assets/Scripts/StageDefinitions.cs
 0.1 kb	 0.0% Assets/Scripts/SpikeTrapGimmick.cs
 0.1 kb	 0.0% Assets/Scripts/SiegeAlarmSystem.cs
 0.1 kb	 0.0% Assets/Scripts/MovingGimmick.cs
 0.1 kb	 0.0% Assets/Scripts/MobileStorefront.cs
 0.1 kb	 0.0% Assets/Scripts/MobileSafeArea.cs
 0.1 kb	 0.0% Assets/Scripts/LaunchManager.cs
 0.1 kb	 0.0% Assets/Scripts/HitStopManager.cs
 0.1 kb	 0.0% Assets/Scripts/FrameAnimEffect.cs
 0.1 kb	 0.0% Assets/Scripts/ExplosiveGimmick.cs
 0.1 kb	 0.0% Assets/Scripts/EventGateGimmick.cs
 0.1 kb	 0.0% Assets/Scripts/DestroyAfterTime.cs
 0.1 kb	 0.0% Assets/Scripts/DeploymentRules.cs
 0.1 kb	 0.0% Assets/Scripts/CastleController.cs
 0.1 kb	 0.0% Assets/Scripts/CannonController.cs
 0.1 kb	 0.0% Assets/Scripts/ArrowController.cs
 0.1 kb	 0.0% Packages/com.unity.visualscripting/Runtime/VisualScripting.Flow/Unit.cs
 0.1 kb	 0.0% Packages/com.unity.visualscripting/Runtime/VisualScripting.Flow/Framework/This.cs
 0.1 kb	 0.0% Packages/com.unity.visualscripting/Runtime/VisualScripting.Flow/Framework/Nulls/Null.cs
 0.1 kb	 0.0% Packages/com.unity.visualscripting/Runtime/VisualScripting.Flow/Framework/Logic/Or.cs
 0.1 kb	 0.0% Packages/com.unity.visualscripting/Runtime/VisualScripting.Flow/Framework/Logic/Less.cs
 0.1 kb	 0.0% Packages/com.unity.visualscripting/Runtime/VisualScripting.Flow/Framework/Logic/And.cs
 0.1 kb	 0.0% Packages/com.unity.visualscripting/Runtime/VisualScripting.Flow/Framework/Control/Once.cs
 0.1 kb	 0.0% Packages/com.unity.visualscripting/Runtime/VisualScripting.Flow/Framework/Control/If.cs
 0.1 kb	 0.0% Packages/com.unity.visualscripting/Runtime/VisualScripting.Flow/Framework/Control/For.cs
 0.1 kb	 0.0% Packages/com.unity.visualscripting/Runtime/VisualScripting.Flow/Flow.cs
 0.1 kb	 0.0% Packages/com.unity.timeline/Runtime/Utilities/TimelineUndo.cs
 0.1 kb	 0.0% Packages/com.unity.timeline/Runtime/Utilities/TimeUtility.cs
 0.1 kb	 0.0% Packages/com.unity.timeline/Runtime/Utilities/HashUtility.cs
 0.1 kb	 0.0% Packages/com.unity.timeline/Runtime/Utilities/BlendUtility.cs
 0.1 kb	 0.0% Packages/com.unity.timeline/Runtime/TrackAsset.cs
 0.1 kb	 0.0% Packages/com.unity.timeline/Runtime/TimelineClip.cs
 0.1 kb	 0.0% Packages/com.unity.timeline/Runtime/Playables/ITimeControl.cs
 0.1 kb	 0.0% Packages/com.unity.timeline/Runtime/ILayerable.cs
 0.1 kb	 0.0% Packages/com.unity.timeline/Runtime/GroupTrack.cs
 0.1 kb	 0.0% Packages/com.unity.timeline/Runtime/Events/Signals/SignalAsset.cs
 0.1 kb	 0.0% Packages/com.unity.timeline/Runtime/Events/SignalTrack.cs
 0.1 kb	 0.0% Packages/com.unity.timeline/Runtime/Events/MarkerTrack.cs
 0.1 kb	 0.0% Packages/com.unity.timeline/Runtime/Events/MarkerList.cs
 0.1 kb	 0.0% Packages/com.unity.timeline/Runtime/Evaluation/RuntimeClip.cs
 0.1 kb	 0.0% Packages/com.unity.timeline/Runtime/Evaluation/IntervalTree.cs
 0.1 kb	 0.0% Packages/com.unity.timeline/Runtime/DiscreteTime.cs
 0.1 kb	 0.0% Packages/com.unity.timeline/Runtime/Control/ControlTrack.cs
 0.1 kb	 0.0% Packages/com.unity.timeline/Runtime/Audio/AudioTrack.cs
 0.1 kb	 0.0% Packages/com.unity.timeline/Runtime/AssetUpgrade/ClipUpgrade.cs
 0.1 kb	 0.0% Packages/com.unity.timeline/Runtime/Animation/ICurvesOwner.cs
 0.1 kb	 0.0% Packages/com.unity.textmeshpro/Scripts/Runtime/TextMeshProUGUI.cs
 0.1 kb	 0.0% Packages/com.unity.textmeshpro/Scripts/Runtime/TextContainer.cs
 0.1 kb	 0.0% Packages/com.unity.textmeshpro/Scripts/Runtime/TMP_TextElement.cs
 0.1 kb	 0.0% Packages/com.unity.textmeshpro/Scripts/Runtime/TMP_SubMeshUI.cs
 0.1 kb	 0.0% Packages/com.unity.textmeshpro/Scripts/Runtime/TMP_StyleSheet.cs
 0.1 kb	 0.0% Packages/com.unity.textmeshpro/Scripts/Runtime/TMP_SpriteGlyph.cs
 0.1 kb	 0.0% Packages/com.unity.textmeshpro/Scripts/Runtime/TMP_SpriteAsset.cs
 0.1 kb	 0.0% Packages/com.unity.textmeshpro/Scripts/Runtime/TMP_InputField.cs
 0.1 kb	 0.0% Packages/com.unity.textmeshpro/Scripts/Runtime/TMP_FontAsset.cs
 0.1 kb	 0.0% Packages/com.unity.textmeshpro/Scripts/Runtime/TMP_CoroutineTween.cs
 0.1 kb	 0.0% Packages/com.unity.textmeshpro/Scripts/Runtime/TMP_Character.cs
 0.1 kb	 0.0% Packages/com.unity.splines/Runtime/SplineRange.cs
 0.1 kb	 0.0% Packages/com.unity.splines/Runtime/SplinePath.cs
 0.1 kb	 0.0% Packages/com.unity.splines/Runtime/SplineMesh.cs
 0.1 kb	 0.0% Packages/com.unity.splines/Runtime/SplineMath.cs
 0.1 kb	 0.0% Packages/com.unity.splines/Runtime/SplineJobs.cs
 0.1 kb	 0.0% Packages/com.unity.splines/Runtime/SplineInfo.cs
 0.1 kb	 0.0% Packages/com.unity.splines/Runtime/NativeSpline.cs
 0.1 kb	 0.0% Packages/com.unity.splines/Runtime/MathUtility.cs
 0.1 kb	 0.0% Packages/com.unity.splines/Runtime/DataPoint.cs
 0.1 kb	 0.0% Packages/com.unity.splines/Runtime/CurveUtility.cs
 0.1 kb	 0.0% Packages/com.unity.splines/Runtime/BezierKnot.cs
 0.1 kb	 0.0% Packages/com.unity.splines/Runtime/BezierCurve.cs
 0.1 kb	 0.0% Packages/com.unity.splines/Runtime/ArrayUtility.cs
 0.1 kb	 0.0% Packages/com.unity.render-pipelines.universal/Shaders/Shaders.cs
 0.1 kb	 0.0% Packages/com.unity.purchasing/Runtime/Utilities/Interfaces/IThreadUtils.cs
 0.1 kb	 0.0% Packages/com.unity.mathematics/Unity.Mathematics/uint4x4.gen.cs
 0.1 kb	 0.0% Packages/com.unity.mathematics/Unity.Mathematics/uint4x3.gen.cs
 0.1 kb	 0.0% Packages/com.unity.mathematics/Unity.Mathematics/uint4x2.gen.cs
 0.1 kb	 0.0% Packages/com.unity.mathematics/Unity.Mathematics/uint4.gen.cs
 0.1 kb	 0.0% Packages/com.unity.mathematics/Unity.Mathematics/uint3x4.gen.cs
 0.1 kb	 0.0% Packages/com.unity.mathematics/Unity.Mathematics/uint3x3.gen.cs
 0.1 kb	 0.0% Packages/com.unity.mathematics/Unity.Mathematics/uint3x2.gen.cs
 0.1 kb	 0.0% Packages/com.unity.mathematics/Unity.Mathematics/uint3.gen.cs
 0.1 kb	 0.0% Packages/com.unity.mathematics/Unity.Mathematics/uint2x4.gen.cs
 0.1 kb	 0.0% Packages/com.unity.mathematics/Unity.Mathematics/uint2x3.gen.cs
 0.1 kb	 0.0% Packages/com.unity.mathematics/Unity.Mathematics/uint2x2.gen.cs
 0.1 kb	 0.0% Packages/com.unity.mathematics/Unity.Mathematics/uint2.gen.cs
 0.1 kb	 0.0% Packages/com.unity.mathematics/Unity.Mathematics/int4x4.gen.cs
 0.1 kb	 0.0% Packages/com.unity.mathematics/Unity.Mathematics/int4x3.gen.cs
 0.1 kb	 0.0% Packages/com.unity.mathematics/Unity.Mathematics/int4x2.gen.cs
 0.1 kb	 0.0% Packages/com.unity.mathematics/Unity.Mathematics/int3x4.gen.cs
 0.1 kb	 0.0% Packages/com.unity.mathematics/Unity.Mathematics/int3x3.gen.cs
 0.1 kb	 0.0% Packages/com.unity.mathematics/Unity.Mathematics/int3x2.gen.cs
 0.1 kb	 0.0% Packages/com.unity.mathematics/Unity.Mathematics/int2x4.gen.cs
 0.1 kb	 0.0% Packages/com.unity.mathematics/Unity.Mathematics/int2x3.gen.cs
 0.1 kb	 0.0% Packages/com.unity.mathematics/Unity.Mathematics/int2x2.gen.cs
 0.1 kb	 0.0% Packages/com.unity.mathematics/Unity.Mathematics/half4.gen.cs
 0.1 kb	 0.0% Packages/com.unity.mathematics/Unity.Mathematics/half3.gen.cs
 0.1 kb	 0.0% Packages/com.unity.mathematics/Unity.Mathematics/half2.gen.cs
 0.1 kb	 0.0% Packages/com.unity.mathematics/Unity.Mathematics/float4x4.gen.cs
 0.1 kb	 0.0% Packages/com.unity.mathematics/Unity.Mathematics/float4x3.gen.cs
 0.1 kb	 0.0% Packages/com.unity.mathematics/Unity.Mathematics/float4x2.gen.cs
 0.1 kb	 0.0% Packages/com.unity.mathematics/Unity.Mathematics/float4.gen.cs
 0.1 kb	 0.0% Packages/com.unity.mathematics/Unity.Mathematics/float3x4.gen.cs
 0.1 kb	 0.0% Packages/com.unity.mathematics/Unity.Mathematics/float3x3.gen.cs
 0.1 kb	 0.0% Packages/com.unity.mathematics/Unity.Mathematics/float3x2.gen.cs
 0.1 kb	 0.0% Packages/com.unity.mathematics/Unity.Mathematics/float3.gen.cs
 0.1 kb	 0.0% Packages/com.unity.mathematics/Unity.Mathematics/float2x4.gen.cs
 0.1 kb	 0.0% Packages/com.unity.mathematics/Unity.Mathematics/float2x3.gen.cs
 0.1 kb	 0.0% Packages/com.unity.mathematics/Unity.Mathematics/float2x2.gen.cs
 0.1 kb	 0.0% Packages/com.unity.mathematics/Unity.Mathematics/float2.gen.cs
 0.1 kb	 0.0% Packages/com.unity.mathematics/Unity.Mathematics/double4.gen.cs
 0.1 kb	 0.0% Packages/com.unity.mathematics/Unity.Mathematics/double3.gen.cs
 0.1 kb	 0.0% Packages/com.unity.mathematics/Unity.Mathematics/double2.gen.cs
 0.1 kb	 0.0% Packages/com.unity.mathematics/Unity.Mathematics/bool4x4.gen.cs
 0.1 kb	 0.0% Packages/com.unity.mathematics/Unity.Mathematics/bool4x3.gen.cs
 0.1 kb	 0.0% Packages/com.unity.mathematics/Unity.Mathematics/bool4x2.gen.cs
 0.1 kb	 0.0% Packages/com.unity.mathematics/Unity.Mathematics/bool4.gen.cs
 0.1 kb	 0.0% Packages/com.unity.mathematics/Unity.Mathematics/bool3x4.gen.cs
 0.1 kb	 0.0% Packages/com.unity.mathematics/Unity.Mathematics/bool3x3.gen.cs
 0.1 kb	 0.0% Packages/com.unity.mathematics/Unity.Mathematics/bool3x2.gen.cs
 0.1 kb	 0.0% Packages/com.unity.mathematics/Unity.Mathematics/bool3.gen.cs
 0.1 kb	 0.0% Packages/com.unity.mathematics/Unity.Mathematics/bool2x4.gen.cs
 0.1 kb	 0.0% Packages/com.unity.mathematics/Unity.Mathematics/bool2x3.gen.cs
 0.1 kb	 0.0% Packages/com.unity.mathematics/Unity.Mathematics/bool2x2.gen.cs
 0.1 kb	 0.0% Packages/com.unity.mathematics/Unity.Mathematics/bool2.gen.cs
 0.1 kb	 0.0% Packages/com.unity.mathematics/Unity.Mathematics/Noise/psrdnoise2D.cs
 0.1 kb	 0.0% Packages/com.unity.mathematics/Unity.Mathematics/Noise/noise3Dgrad.cs
 0.1 kb	 0.0% Packages/com.unity.mathematics/Unity.Mathematics/Noise/cellular3D.cs
 0.1 kb	 0.0% Packages/com.unity.mathematics/Unity.Mathematics/Noise/cellular2x2.cs
 0.1 kb	 0.0% Packages/com.unity.mathematics/Unity.Mathematics/Noise/cellular2D.cs
 0.1 kb	 0.0% Packages/com.unity.inputsystem/InputSystem/Plugins/XR/Devices/GoogleVR.cs
 0.1 kb	 0.0% Packages/com.unity.inputsystem/InputSystem/Editor/DownloadableSample.cs
 0.1 kb	 0.0% Packages/com.unity.inputsystem/InputSystem/Devices/Sensor.cs
 0.1 kb	 0.0% Packages/com.unity.inputsystem/InputSystem/Devices/Pointer.cs
 0.1 kb	 0.0% Packages/com.unity.inputsystem/InputSystem/Devices/Mouse.cs
 0.1 kb	 0.0% Packages/com.unity.inputsystem/InputSystem/Devices/Keyboard.cs
 0.1 kb	 0.0% Packages/com.unity.inputsystem/InputSystem/Devices/Joystick.cs
 0.1 kb	 0.0% Packages/com.unity.inputsystem/InputSystem/Devices/Gamepad.cs
 0.1 kb	 0.0% Packages/com.unity.cinemachine/Runtime/ThirdParty/Clipper.Core.cs
 0.1 kb	 0.0% Packages/com.unity.burst/Runtime/Intrinsics/Arm/NEON_AArch64_rdma.cs
 0.1 kb	 0.0% Packages/com.unity.burst/Runtime/Intrinsics/Arm/NEON_AArch64_dotprod.cs
 0.1 kb	 0.0% Packages/com.unity.burst/Runtime/Intrinsics/Arm/NEON_AArch64_crypto.cs
 0.1 kb	 0.0% Packages/com.ivanmurzak.unity.mcp/Runtime/Data/SceneData.cs
 0.1 kb	 0.0% Packages/com.ivanmurzak.unity.mcp/Runtime/Data/PathPatch.cs
 0.1 kb	 0.0% Assets/Scripts/SiegeTactics.cs
 0.1 kb	 0.0% Assets/Scripts/SiegeEcosystem.cs
 0.1 kb	 0.0% Assets/Scripts/DebrisSystem.cs
 0.1 kb	 0.0% Packages/com.unity.ugui/Runtime/UI/Core/Utility/VertexHelper.cs
 0.1 kb	 0.0% Packages/com.unity.ugui/Runtime/UI/Core/ToggleGroup.cs
 0.1 kb	 0.0% Packages/com.unity.ugui/Runtime/UI/Core/SpriteState.cs
 0.1 kb	 0.0% Packages/com.unity.ugui/Runtime/UI/Core/Selectable.cs
 0.1 kb	 0.0% Packages/com.unity.ugui/Runtime/UI/Core/Scrollbar.cs
 0.1 kb	 0.0% Packages/com.unity.ugui/Runtime/UI/Core/ScrollRect.cs
 0.1 kb	 0.0% Packages/com.unity.ugui/Runtime/UI/Core/RectMask2D.cs
 0.1 kb	 0.0% Packages/com.unity.ugui/Runtime/UI/Core/Navigation.cs
 0.1 kb	 0.0% Packages/com.unity.ugui/Runtime/UI/Core/Layout/LayoutGroup.cs
 0.1 kb	 0.0% Packages/com.unity.ugui/Runtime/UI/Core/Layout/CanvasScaler.cs
 0.1 kb	 0.0% Packages/com.unity.ugui/Runtime/UI/Core/InputField.cs
 0.1 kb	 0.0% Packages/com.unity.ugui/Runtime/UI/Core/IMaskable.cs
 0.1 kb	 0.0% Packages/com.unity.ugui/Runtime/UI/Core/ColorBlock.cs
 0.1 kb	 0.0% Packages/com.unity.services.core/Runtime/Core/IService.cs
 0.1 kb	 0.0% Packages/com.unity.purchasing/Runtime/Purchasing/Product.cs
 0.1 kb	 0.0% Packages/com.unity.purchasing/Runtime/Purchasing/Core/Purchasing/Models/Orders.cs
 0.1 kb	 0.0% Packages/com.unity.purchasing/Runtime/Purchasing/Core/Purchasing/Models/Order.cs
 0.1 kb	 0.0% Packages/com.unity.purchasing/Runtime/Purchasing/Core/Purchasing/Models/CartItem.cs
 0.1 kb	 0.0% Packages/com.unity.purchasing/Runtime/Purchasing/Core/Purchasing/Interfaces/ICart.cs
 0.1 kb	 0.0% Packages/com.unity.probuilder/Runtime/Shapes/Pipe.cs
 0.1 kb	 0.0% Packages/com.unity.probuilder/Runtime/Shapes/Door.cs
 0.1 kb	 0.0% Packages/com.unity.probuilder/Runtime/Shapes/Cube.cs
 0.1 kb	 0.0% Packages/com.unity.probuilder/Runtime/Shapes/Cone.cs
 0.1 kb	 0.0% Packages/com.unity.probuilder/Runtime/Shapes/Arch.cs
 0.1 kb	 0.0% Packages/com.unity.probuilder/Runtime/Core/Vertex.cs
 0.1 kb	 0.0% Packages/com.unity.probuilder/Runtime/Core/Triangle.cs
 0.1 kb	 0.0% Packages/com.unity.probuilder/Runtime/Core/Submesh.cs
 0.1 kb	 0.0% Packages/com.unity.probuilder/Runtime/Core/Spline.cs
 0.1 kb	 0.0% Packages/com.unity.probuilder/Runtime/Core/SemVer.cs
 0.1 kb	 0.0% Packages/com.unity.probuilder/Runtime/Core/Normals.cs
 0.1 kb	 0.0% Packages/com.unity.probuilder/Runtime/Core/Normal.cs
 0.1 kb	 0.0% Packages/com.unity.probuilder/Runtime/Core/IntVec4.cs
 0.1 kb	 0.0% Packages/com.unity.probuilder/Runtime/Core/IntVec3.cs
 0.1 kb	 0.0% Packages/com.unity.probuilder/Runtime/Core/IntVec2.cs
 0.1 kb	 0.0% Packages/com.unity.probuilder/Runtime/Core/Entity.cs
 0.1 kb	 0.0% Packages/com.unity.probuilder/Runtime/Core/Clipping.cs
 0.1 kb	 0.0% Packages/com.unity.probuilder/Runtime/Core/Bounds2D.cs
 0.1 kb	 0.0% Packages/com.unity.probuilder/External/CSG/Classes/Node.cs
 0.1 kb	 0.0% Packages/com.unity.probuilder/External/CSG/CSG.cs
 0.1 kb	 0.0% Packages/com.unity.mathematics/Unity.Mathematics/random.cs
 0.1 kb	 0.0% Packages/com.unity.mathematics/Unity.Mathematics/matrix.gen.cs
 0.1 kb	 0.0% Packages/com.unity.mathematics/Unity.Mathematics/matrix.cs
 0.1 kb	 0.0% Packages/com.unity.mathematics/Unity.Mathematics/Noise/noise4D.cs
 0.1 kb	 0.0% Packages/com.unity.mathematics/Unity.Mathematics/Noise/noise3D.cs
 0.1 kb	 0.0% Packages/com.unity.mathematics/Unity.Mathematics/Noise/noise2D.cs
 0.1 kb	 0.0% Packages/com.unity.mathematics/Unity.Mathematics/Noise/common.cs
 0.1 kb	 0.0% Packages/com.unity.inputsystem/InputSystem/Plugins/XR/Devices/OpenVR.cs
 0.1 kb	 0.0% Packages/com.unity.inputsystem/InputSystem/Plugins/HID/HID.cs
 0.1 kb	 0.0% Packages/com.unity.cinemachine/Runtime/ThirdParty/clipper.cs
 0.1 kb	 0.0% Packages/com.unity.burst/Runtime/NoAliasAttribute.cs
 0.1 kb	 0.0% Packages/com.unity.burst/Runtime/FunctionPointer.cs
 0.1 kb	 0.0% Packages/com.unity.burst/Runtime/Editor/BurstLoader.cs
 0.1 kb	 0.0% Packages/com.unity.burst/Runtime/CompilerServices/Constant.cs
 0.1 kb	 0.0% Packages/com.unity.burst/Runtime/CompilerServices/Aliasing.cs
 0.1 kb	 0.0% Packages/com.unity.burst/Runtime/BurstString.Float.cs
 0.1 kb	 0.0% Packages/com.unity.burst/Runtime/BurstCompiler.cs
 0.1 kb	 0.0% Packages/com.unity.ai.navigation/Runtime/HelpUrls.cs
 0.1 kb	 0.0% Assets/TextMesh Pro/Examples & Extras/Scripts/VertexZoom.cs
 0.1 kb	 0.0% Assets/TextMesh Pro/Examples & Extras/Scripts/VertexShakeB.cs
 0.1 kb	 0.0% Assets/TextMesh Pro/Examples & Extras/Scripts/VertexShakeA.cs
 0.1 kb	 0.0% Assets/TextMesh Pro/Examples & Extras/Scripts/VertexJitter.cs
 0.1 kb	 0.0% Assets/TextMesh Pro/Examples & Extras/Scripts/SimpleScript.cs
 0.1 kb	 0.0% Assets/TextMesh Pro/Examples & Extras/Scripts/ObjectSpin.cs
 0.1 kb	 0.0% Assets/TextMesh Pro/Examples & Extras/Scripts/Benchmark04.cs
 0.1 kb	 0.0% Assets/TextMesh Pro/Examples & Extras/Scripts/Benchmark03.cs
 0.1 kb	 0.0% Assets/TextMesh Pro/Examples & Extras/Scripts/Benchmark02.cs
 0.1 kb	 0.0% Assets/TextMesh Pro/Examples & Extras/Scripts/Benchmark01.cs
 0.1 kb	 0.0% Assets/Scripts/SiegeSeries.cs
 0.1 kb	 0.0% Assets/Scripts/ItemSystem.cs
 0.1 kb	 0.0% Assets/Scripts/GameManager.cs
 0.1 kb	 0.0% Assets/Scripts/GameFeelVfx.cs
 0.1 kb	 0.0% Assets/Scripts/CastleRuinFx.cs
 0.1 kb	 0.0% Assets/Scripts/BlockData.cs
 0.1 kb	 0.0% Packages/com.unity.ugui/Runtime/UI/Core/Culling/IClipRegion.cs
 0.1 kb	 0.0% Packages/com.unity.timeline/Runtime/ObjectId.cs
 0.1 kb	 0.0% Packages/com.unity.timeline/Runtime/Events/Marker.cs
 0.1 kb	 0.0% Packages/com.unity.timeline/Runtime/Events/IMarker.cs
 0.1 kb	 0.0% Packages/com.unity.textmeshpro/Scripts/Runtime/TextMeshPro.cs
 0.1 kb	 0.0% Packages/com.unity.textmeshpro/Scripts/Runtime/TMP_TextInfo.cs
 0.1 kb	 0.0% Packages/com.unity.textmeshpro/Scripts/Runtime/TMP_SubMesh.cs
 0.1 kb	 0.0% Packages/com.unity.textmeshpro/Scripts/Runtime/TMP_Style.cs
 0.1 kb	 0.0% Packages/com.unity.textmeshpro/Scripts/Runtime/TMP_Sprite.cs
 0.1 kb	 0.0% Packages/com.unity.textmeshpro/Scripts/Runtime/TMP_Settings.cs
 0.1 kb	 0.0% Packages/com.unity.textmeshpro/Scripts/Runtime/TMP_MeshInfo.cs
 0.1 kb	 0.0% Packages/com.unity.textmeshpro/Scripts/Runtime/TMP_LineInfo.cs
 0.1 kb	 0.0% Packages/com.unity.textmeshpro/Scripts/Runtime/TMP_Dropdown.cs
 0.1 kb	 0.0% Packages/com.unity.textmeshpro/Scripts/Runtime/TMP_Asset.cs
 0.1 kb	 0.0% Packages/com.unity.textmeshpro/Scripts/Runtime/FastAction.cs
 0.1 kb	 0.0% Packages/com.unity.splines/Runtime/Spline.cs
 0.1 kb	 0.0% Packages/com.unity.splines/Runtime/ISpline.cs
 0.1 kb	 0.0% Packages/com.unity.purchasing/Runtime/Utilities/Interfaces/IUtil.cs
 0.1 kb	 0.0% Packages/com.unity.mathematics/Unity.Mathematics/int4.gen.cs
 0.1 kb	 0.0% Packages/com.unity.mathematics/Unity.Mathematics/int3.gen.cs
 0.1 kb	 0.0% Packages/com.unity.mathematics/Unity.Mathematics/int2.gen.cs
 0.1 kb	 0.0% Packages/com.unity.inputsystem/InputSystem/Devices/Pen.cs
 0.1 kb	 0.0% Packages/com.unity.burst/Runtime/Intrinsics/Common.cs
 0.1 kb	 0.0% Packages/com.unity.burst/Runtime/Intrinsics/Arm/NEON_ctor.cs
 0.1 kb	 0.0% Packages/com.unity.burst/Runtime/Intrinsics/Arm/NEON_AArch64.cs
 0.1 kb	 0.0% Packages/com.unity.2d.tilemap.extras/Runtime/Tiles/RuleTile/RuleTile.cs
 0.1 kb	 0.0% Packages/com.unity.ugui/Runtime/UI/Core/VertexModifiers/Shadow.cs
 0.1 kb	 0.0% Packages/com.unity.ugui/Runtime/UI/Core/VertexModifiers/Outline.cs
 0.1 kb	 0.0% Packages/com.unity.ugui/Runtime/UI/Core/Toggle.cs
 0.1 kb	 0.0% Packages/com.unity.ugui/Runtime/UI/Core/Slider.cs
 0.1 kb	 0.0% Packages/com.unity.ugui/Runtime/UI/Core/RawImage.cs
 0.1 kb	 0.0% Packages/com.unity.ugui/Runtime/UI/Core/Image.cs
 0.1 kb	 0.0% Packages/com.unity.ugui/Runtime/UI/Core/IMask.cs
 0.1 kb	 0.0% Packages/com.unity.ugui/Runtime/UI/Core/Graphic.cs
 0.1 kb	 0.0% Packages/com.unity.ugui/Runtime/UI/Core/FontData.cs
 0.1 kb	 0.0% Packages/com.unity.ugui/Runtime/UI/Core/Dropdown.cs
 0.1 kb	 0.0% Packages/com.unity.ugui/Runtime/UI/Core/Culling/Clipping.cs
 0.1 kb	 0.0% Packages/com.unity.ugui/Runtime/UI/Core/Button.cs
 0.1 kb	 0.0% Packages/com.unity.purchasing/Runtime/Purchasing/IDs.cs
 0.1 kb	 0.0% Packages/com.unity.purchasing/Runtime/Purchasing/Core/Purchasing/Models/Cart.cs
 0.1 kb	 0.0% Packages/com.unity.probuilder/Runtime/Core/Math.cs
 0.1 kb	 0.0% Packages/com.unity.probuilder/Runtime/Core/Log.cs
 0.1 kb	 0.0% Packages/com.unity.probuilder/Runtime/Core/Face.cs
 0.1 kb	 0.0% Packages/com.unity.probuilder/Runtime/Core/Edge.cs
 0.1 kb	 0.0% Packages/com.unity.mathematics/Unity.Mathematics/math.cs
 0.1 kb	 0.0% Packages/com.unity.mathematics/Unity.Mathematics/half.cs
 0.1 kb	 0.0% Packages/com.unity.burst/Runtime/SharedStatic.cs
 0.1 kb	 0.0% Packages/com.unity.burst/Runtime/Intrinsics/x86/Ssse3.cs
 0.1 kb	 0.0% Packages/com.unity.burst/Runtime/Intrinsics/x86/Sse4_2.cs
 0.1 kb	 0.0% Packages/com.unity.burst/Runtime/Intrinsics/x86/Sse4_1.cs
 0.1 kb	 0.0% Packages/com.unity.burst/Runtime/Intrinsics/x86/Popcnt.cs
 0.1 kb	 0.0% Packages/com.unity.burst/Runtime/Intrinsics/x86/Common.cs
 0.1 kb	 0.0% Packages/com.unity.burst/Runtime/CompilerServices/Hint.cs
 0.1 kb	 0.0% Packages/com.unity.burst/Runtime/BurstString.cs
 0.1 kb	 0.0% Packages/com.unity.burst/Runtime/BurstRuntime.cs
 0.1 kb	 0.0% Assets/TextMesh Pro/Examples & Extras/Scripts/TeleType.cs
 0.1 kb	 0.0% Assets/TextMesh Pro/Examples & Extras/Scripts/EnvMapAnimator.cs
 0.1 kb	 0.0% Assets/TextMesh Pro/Examples & Extras/Scripts/DropdownSample.cs
 0.1 kb	 0.0% Assets/TextMesh Pro/Examples & Extras/Scripts/ChatController.cs
 0.1 kb	 0.0% Assets/Scripts/UnitData.cs
 0.1 kb	 0.0% Assets/Scripts/SimpleAI.cs
 0.1 kb	 0.0% Packages/com.unity.textmeshpro/Scripts/Runtime/TMP_Text.cs
 0.1 kb	 0.0% Packages/com.unity.probuilder/Content/Resources/Materials/VertexPickerHDRP.mat
 0.1 kb	 0.0% Packages/com.unity.probuilder/Content/Resources/Materials/FacePickerHDRP.mat
 0.1 kb	 0.0% Packages/com.unity.probuilder/Content/Resources/Materials/EdgePickerHDRP.mat
 0.1 kb	 0.0% Packages/com.unity.inputsystem/InputSystem/Plugins/UI/UISupport.cs
 0.1 kb	 0.0% Packages/com.unity.burst/Runtime/Intrinsics/x86/Sse3.cs
 0.1 kb	 0.0% Packages/com.unity.burst/Runtime/Intrinsics/x86/Sse2.cs
 0.1 kb	 0.0% Packages/com.unity.burst/Runtime/Intrinsics/x86/Sse.cs
 0.1 kb	 0.0% Packages/com.unity.burst/Runtime/Intrinsics/x86/Fma.cs
 0.1 kb	 0.0% Packages/com.unity.burst/Runtime/Intrinsics/x86/F16C.cs
 0.1 kb	 0.0% Packages/com.unity.burst/Runtime/Intrinsics/x86/Csr.cs
 0.1 kb	 0.0% Packages/com.unity.burst/Runtime/Intrinsics/x86/Bmi2.cs
 0.1 kb	 0.0% Packages/com.unity.burst/Runtime/Intrinsics/x86/Bmi1.cs
 0.1 kb	 0.0% Packages/com.unity.burst/Runtime/Intrinsics/x86/Avx2.cs
 0.1 kb	 0.0% Packages/com.unity.burst/Runtime/Intrinsics/x86/Avx.cs
 0.1 kb	 0.0% Packages/com.unity.burst/Runtime/Intrinsics/v64.cs
 0.1 kb	 0.0% Packages/com.unity.burst/Runtime/Intrinsics/v256.cs
 0.1 kb	 0.0% Packages/com.unity.burst/Runtime/Intrinsics/v128.cs
 0.1 kb	 0.0% Packages/com.unity.burst/Runtime/Intrinsics/Arm/NEON.cs
 0.1 kb	 0.0% Packages/com.unity.ugui/Runtime/UI/Core/Text.cs
 0.1 kb	 0.0% Packages/com.unity.ugui/Runtime/UI/Core/Misc.cs
 0.1 kb	 0.0% Packages/com.unity.ugui/Runtime/UI/Core/Mask.cs
 0.1 kb	 0.0% Packages/com.unity.probuilder/Content/Resources/Materials/VertexPicker.mat
 0.1 kb	 0.0% Packages/com.unity.probuilder/Content/Resources/Materials/EdgePicker.mat
 0.1 kb	 0.0% Packages/com.unity.render-pipelines.universal/Runtime/Data/XRSystemData.asset
 0.1 kb	 0.0% Assets/TutorialInfo/Scripts/Readme.cs
 0.1 kb	 0.0% Assets/Resources/BillingMode.json
-------------------------------------------------------------------------------
Unloading 0 Unused Serialized files (Serialized files now loaded: 0)
Unloading 2056 unused Assets / (2.8 MB). Loaded Objects now: 9682.
Memory consumption went from 427.9 MB to 425.1 MB.
Total: 172.516166 ms (FindLiveObjects: 0.372500 ms CreateObjectMapping: 0.199459 ms MarkObjects: 158.564750 ms  DeleteObjects: 13.378708 ms)

Build Finished, Result: Success.
Launching external process: /Applications/Unity/Hub/Editor/2022.3.62f2/Unity.app/Contents/il2cpp/build/deploy/Analytics
##utp:{"type":"PlayerBuildInfo","version":2,"phase":"Immediate","time":1786266828822,"processId":62657,"steps":[{"description":"Preprocess Player","duration":2367},{"description":"Prepare For Build","duration":0},{"description":"ProducePlayerScriptAssemblies","duration":6799},{"description":"Verify Build setup","duration":250},{"description":"Prepare assets for target platform","duration":341},{"description":"Prepare splash screen","duration":0},{"description":"Building scenes","duration":1425},{"description":"Build scripts DLLs","duration":42},{"description":"Build GlobalGameManagers file","duration":113},{"description":"Writing asset files","duration":2960},{"description":"Building Resources/unity_builtin_extra","duration":49},{"description":"Creating compressed player package","duration":16273},{"description":"Write data build dirty tracking information","duration":276},{"description":"Postprocess built player","duration":154862}],"duration":185757}
[PhysX] Initialized MultithreadedTaskDispatcher with 12 workers.
Unloading 0 Unused Serialized files (Serialized files now loaded: 0)
Loaded scene 'Temp/__Backupscenes/0.backup'
	Deserialize:            1.648 ms
	Integration:            453.681 ms
	Integration of assets:  0.002 ms
	Thread Wait Time:       0.006 ms
	Total Operation Time:   455.336 ms
Unloading 0 unused Assets / (Unknown). Loaded Objects now: 9672.
Memory consumption went from 262.7 MB to 262.7 MB.
Total: 86.348125 ms (FindLiveObjects: 0.414917 ms CreateObjectMapping: 0.247166 ms MarkObjects: 85.674875 ms  DeleteObjects: 0.010334 ms)

WebGL build: result=Succeeded sizeBytes=72384972 errors=0 output=Builds/WebGL/castle-war
UnityEngine.StackTraceUtility:ExtractStackTrace () (at /Users/bokken/build/output/unity/unity/Runtime/Export/Scripting/StackTrace.cs:37)
UnityEngine.DebugLogHandler:LogFormat (UnityEngine.LogType,UnityEngine.Object,string,object[])
UnityEngine.Logger:Log (UnityEngine.LogType,object)
UnityEngine.Debug:Log (object)
WebGLReleaseBuild:Build () (at Assets/Editor/WebGLReleaseBuild.cs:38)

(Filename: Assets/Editor/WebGLReleaseBuild.cs Line: 38)

[websockify wrapper] OnUnload
[websockify wrapper] Process killed
Thread 0x3116c7000 may have been prematurely finalized
[PhysX] Initialized MultithreadedTaskDispatcher with 12 workers.
Input System module state changed to: ShutdownInProgress.
Input System polling thread exited.
Input System module state changed to: Shutdown.
[Licensing::IpcConnector] LicenseClient-jangyoung-notifications channel disconnected successfully.
[Licensing::IpcConnector] LicenseClient-jangyoung channel disconnected successfully.
Thread 0x16e9b7000 may have been prematurely finalized
Cleanup mono
[40m[32minfo[39m[22m[49m: Microsoft.Hosting.Lifetime[0]
      Application is shutting down...
[40m[32minfo[39m[22m[49m: Unity.ILPP.Runner.PostProcessingAssemblyLoadContext[0]
      ALC ILPP context 2 is unloading
[websockify wrapper] OnUnload
<color=#ffaa00>warn:</color> [18:13:50:0374] <color=#B4FF32>[AI]</color> <color=#85C1E2><b>BufferedFileLogStorage</b></color> Flush called but already disposed, ignored.
debugger-agent: Unable to listen on 54
[Performance] Application.InitializeProject                                                                                  :        1 samples, Peak.  13.2 s (1.0x), Avg.  13.2 s, Total. 13.23 s (6.5%)
[Performance] Application.PackageManager.StartServer                                                                         :        1 samples, Peak.  2.87 ms (1.0x), Avg.  2.87 ms, Total. 2.867 ms (0.0%)
[Performance] Application.AcquireProjectLock                                                                                 :        1 samples, Peak.  7.82 ms (1.0x), Avg.  7.82 ms, Total. 7.825 ms (0.0%)
[Performance] Application.InitializeEngineNoGraphics                                                                         :        1 samples, Peak.  59.6 ms (1.0x), Avg.  59.6 ms, Total. 59.56 ms (0.0%)
[Performance] Application.PackageManager.Initialize                                                                          :        1 samples, Peak.   561 ms (1.0x), Avg.   561 ms, Total. 560.5 ms (0.3%)
[Performance] Connecting to Package Manager                                                                                  :       57 samples, Peak.  55.5 us (22.7x), Avg.  2.45 us, Total. 139.5 us (0.0%)
[Performance] Application.EngineGraphics.Initialize                                                                          :        1 samples, Peak.   123 ms (1.0x), Avg.   123 ms, Total. 123.0 ms (0.1%)
[Performance] Application.GI.Initialize                                                                                      :        1 samples, Peak.  2.92 ms (1.0x), Avg.  2.92 ms, Total. 2.923 ms (0.0%)
[Performance] Application.LoadAllDefaultResourcesFromEditor                                                                  :        1 samples, Peak.  1.75 ms (1.0x), Avg.  1.75 ms, Total. 1.751 ms (0.0%)
[Performance] Application.LoadMonoAssemblies                                                                                 :        1 samples, Peak.   444 ms (1.0x), Avg.   444 ms, Total. 443.5 ms (0.2%)
[Performance] RestoreManagedReferences                                                                                       :        2 samples, Peak.  64.8 ms (2.0x), Avg.  32.4 ms, Total. 64.83 ms (0.0%)
[Performance] InitializeOnLoad DrivenRectTransformUndo                                                                       :        2 samples, Peak.   387 us (1.1x), Avg.   357 us, Total. 713.6 us (0.0%)
[Performance] InitializeOnLoad SceneSearch                                                                                   :        2 samples, Peak.  82.4 us (1.0x), Avg.  80.0 us, Total. 160.1 us (0.0%)
[Performance] InitializeOnLoad CloudBuild                                                                                    :        2 samples, Peak.  2.88 us (1.2x), Avg.  2.42 us, Total. 4.833 us (0.0%)
[Performance] InitializeOnLoad NativeFormatImporterUtility                                                                   :        2 samples, Peak.  1.84 ms (1.3x), Avg.  1.45 ms, Total. 2.902 ms (0.0%)
[Performance] InitializeOnLoad SearchService                                                                                 :        2 samples, Peak.  71.7 us (1.0x), Avg.  69.2 us, Total. 138.5 us (0.0%)
[Performance] InitializeOnLoad SettingsService                                                                               :        2 samples, Peak.  6.75 us (1.2x), Avg.  5.46 us, Total. 10.92 us (0.0%)
[Performance] InitializeOnLoad WindowLayout                                                                                  :        2 samples, Peak.   414 us (1.1x), Avg.   388 us, Total. 775.7 us (0.0%)
[Performance] InitializeOnLoad AssetStoreContext                                                                             :        2 samples, Peak.  15.1 ms (1.1x), Avg.  13.8 ms, Total. 27.64 ms (0.0%)
[Performance] InitializeOnLoad PoolManager                                                                                   :        2 samples, Peak.   340 us (1.0x), Avg.   339 us, Total. 678.2 us (0.0%)
[Performance] InitializeOnLoad MixerEffectDefinitionReloader                                                                 :        2 samples, Peak.  2.02 ms (1.4x), Avg.  1.48 ms, Total. 2.954 ms (0.0%)
[Performance] InitializeOnLoad ProjectSearch                                                                                 :        2 samples, Peak.  79.2 us (1.3x), Avg.  61.5 us, Total. 123.1 us (0.0%)
[Performance] InitializeOnLoad UISystemProfilerRenderService                                                                 :        2 samples, Peak.  6.08 us (1.1x), Avg.  5.56 us, Total. 11.12 us (0.0%)
[Performance] InitializeOnLoad EditMode                                                                                      :        2 samples, Peak.   325 us (1.2x), Avg.   263 us, Total. 525.6 us (0.0%)
[Performance] InitializeOnLoad UnityConnect                                                                                  :        2 samples, Peak.  38.8 us (1.0x), Avg.  37.3 us, Total. 74.54 us (0.0%)
[Performance] InitializeOnLoad ManagedDebugger                                                                               :        2 samples, Peak.   380 us (1.7x), Avg.   226 us, Total. 451.7 us (0.0%)
[Performance] InitializeOnLoad ShortcutIntegration                                                                           :        2 samples, Peak.  45.1 us (1.2x), Avg.  38.1 us, Total. 76.12 us (0.0%)
[Performance] InitializeOnLoad AddComponentWindow                                                                            :        2 samples, Peak.  77.8 us (1.1x), Avg.  72.5 us, Total. 145.0 us (0.0%)
[Performance] InitializeOnLoad ManagedDebuggerWindow                                                                         :        2 samples, Peak.  76.6 us (1.1x), Avg.  72.6 us, Total. 145.3 us (0.0%)
[Performance] InitializeOnLoad CacheServerWindow                                                                             :        2 samples, Peak.  5.83 us (1.3x), Avg.  4.65 us, Total. 9.291 us (0.0%)
[Performance] InitializeOnLoad PlayModeDownload                                                                              :        2 samples, Peak.  3.82 ms (1.9x), Avg.  1.97 ms, Total. 3.938 ms (0.0%)
[Performance] InitializeOnLoad MenuItems                                                                                     :        2 samples, Peak.  61.4 us (1.0x), Avg.  59.5 us, Total. 119.0 us (0.0%)
[Performance] InitializeOnLoad PrefabInstanceChangedListener                                                                 :        2 samples, Peak.  87.4 us (1.0x), Avg.  85.3 us, Total. 170.5 us (0.0%)
[Performance] InitializeOnLoad ObjectSelectorSearch                                                                          :        2 samples, Peak.  26.4 us (1.1x), Avg.  24.2 us, Total. 48.37 us (0.0%)
[Performance] InitializeOnLoad EditorMonitor                                                                                 :        2 samples, Peak.   459 us (1.3x), Avg.   364 us, Total. 728.4 us (0.0%)
[Performance] InitializeOnLoad RetainedMode                                                                                  :        2 samples, Peak.  2.05 ms (1.1x), Avg.  1.83 ms, Total. 3.667 ms (0.0%)
[Performance] InitializeOnLoad EditorShaderLoader                                                                            :        2 samples, Peak.   691 us (1.3x), Avg.   532 us, Total. 1.064 ms (0.0%)
[Performance] InitializeOnLoad EditorDelegateRegistration                                                                    :        2 samples, Peak.   388 us (1.2x), Avg.   337 us, Total. 675.0 us (0.0%)
[Performance] InitializeOnLoad UIDocumentHierarchyWatcher                                                                    :        2 samples, Peak.  3.32 ms (2.0x), Avg.  1.68 ms, Total. 3.365 ms (0.0%)
[Performance] InitializeOnLoad LiveReloadTrackerCreator                                                                      :        2 samples, Peak.   180 us (1.3x), Avg.   134 us, Total. 267.6 us (0.0%)
[Performance] InitializeOnLoad UxmlObjectEditorFactories                                                                     :        2 samples, Peak.   439 us (1.2x), Avg.   357 us, Total. 714.4 us (0.0%)
[Performance] InitializeOnLoad UXMLEditorFactories                                                                           :        2 samples, Peak.  36.7 ms (1.0x), Avg.  35.7 ms, Total. 71.48 ms (0.0%)
[Performance] InitializeOnLoad PurchasingService                                                                             :        2 samples, Peak.  6.19 ms (1.1x), Avg.  5.45 ms, Total. 10.89 ms (0.0%)
[Performance] InitializeOnLoad CloudBuildPoller                                                                              :        2 samples, Peak.  98.2 us (1.1x), Avg.  88.1 us, Total. 176.3 us (0.0%)
[Performance] InitializeOnLoad EditorGameServicesAnalytics                                                                   :        2 samples, Peak.  1.00 ms (1.6x), Avg.   631 us, Total. 1.263 ms (0.0%)
[Performance] InitializeOnLoad AnalyticsService                                                                              :        2 samples, Peak.   133 us (1.1x), Avg.   117 us, Total. 233.5 us (0.0%)
[Performance] InitializeOnLoad BuildService                                                                                  :        2 samples, Peak.  98.5 us (1.1x), Avg.  91.5 us, Total. 183.0 us (0.0%)
[Performance] InitializeOnLoad AdsService                                                                                    :        2 samples, Peak.   452 us (1.4x), Avg.   331 us, Total. 662.8 us (0.0%)
[Performance] InitializeOnLoad UDPService                                                                                    :        2 samples, Peak.   107 us (1.1x), Avg.  96.1 us, Total. 192.3 us (0.0%)
[Performance] InitializeOnLoad CrashService                                                                                  :        2 samples, Peak.  93.2 us (1.0x), Avg.  91.0 us, Total. 181.9 us (0.0%)
[Performance] InitializeOnLoad ServicesRepository                                                                            :        2 samples, Peak.   417 ns (1.3x), Avg.   312 ns, Total. 625.0 ns (0.0%)
[Performance] InitializeOnLoad SearchWindow                                                                                  :        2 samples, Peak.   111 us (1.2x), Avg.  91.9 us, Total. 183.8 us (0.0%)
[Performance] InitializeOnLoad CustomIndexers                                                                                :        2 samples, Peak.  13.9 ms (1.2x), Avg.  11.7 ms, Total. 23.40 ms (0.0%)
[Performance] InitializeOnLoad SearchMonitor                                                                                 :        2 samples, Peak.   940 us (1.3x), Avg.   702 us, Total. 1.405 ms (0.0%)
[Performance] InitializeOnLoad ParameterControllerEditor                                                                     :        2 samples, Peak.  24.0 us (1.2x), Avg.  19.9 us, Total. 39.87 us (0.0%)
[Performance] InitializeOnLoad LayerSettingsWindow                                                                           :        2 samples, Peak.  14.2 us (1.4x), Avg.  10.1 us, Total. 20.12 us (0.0%)
[Performance] InitializeOnLoad PackageManagerHookGUIDConverter.RegisterPackagesEventHandler                                  :        2 samples, Peak.   455 us (1.3x), Avg.   344 us, Total. 687.3 us (0.0%)
[Performance] InitializeOnLoad EditorDragAndDrop.RegisterEditorClient                                                        :        2 samples, Peak.   449 us (1.6x), Avg.   289 us, Total. 578.3 us (0.0%)
[Performance] InitializeOnLoad EditorEventCallbacks.InitializeFontAssetResourceChangeCallBacks                               :        2 samples, Peak.   729 us (1.1x), Avg.   668 us, Total. 1.335 ms (0.0%)
[Performance] InitializeOnLoad SceneTemplateService.Init                                                                     :        2 samples, Peak.  1.22 ms (1.3x), Avg.   936 us, Total. 1.872 ms (0.0%)
[Performance] InitializeOnLoad DiagnosticSwitchesConsoleMessage.Init                                                         :        2 samples, Peak.  1.74 ms (1.7x), Avg.  1.02 ms, Total. 2.038 ms (0.0%)
[Performance] InitializeOnLoad PackageManagerWindow.EditorInitializedInSafeMode                                              :        2 samples, Peak.  17.0 ms (2.0x), Avg.  8.57 ms, Total. 17.15 ms (0.0%)
[Performance] InitializeOnLoad ToolShortcutContext.Init                                                                      :        2 samples, Peak.  99.0 us (1.1x), Avg.  89.0 us, Total. 178.1 us (0.0%)
[Performance] InitializeOnLoad MemoryProfilerCompilationGuard.InjectCompileGuard                                             :        2 samples, Peak.  83.3 us (1.3x), Avg.  61.7 us, Total. 123.4 us (0.0%)
[Performance] InitializeOnLoad AssetPostprocessingInternal.RefreshCustomDependencies                                         :        2 samples, Peak.  1.70 ms (1.2x), Avg.  1.43 ms, Total. 2.858 ms (0.0%)
[Performance] InitializeOnLoad SysrootManager.Initialize                                                                     :        2 samples, Peak.  8.67 us (1.2x), Avg.  7.23 us, Total. 14.46 us (0.0%)
[Performance] InitializeOnLoad ScopedRegistryAddedPopup.SubscribeToRegistriesAdded                                           :        2 samples, Peak.  4.96 ms (2.0x), Avg.  2.50 ms, Total. 5.008 ms (0.0%)
[Performance] InitializeOnLoad SceneVisibilityManager.Initialize                                                             :        2 samples, Peak.  3.88 ms (1.8x), Avg.  2.21 ms, Total. 4.428 ms (0.0%)
[Performance] InitializeOnLoad EditorWindow.Initialize                                                                       :        2 samples, Peak.   163 us (1.0x), Avg.   162 us, Total. 324.9 us (0.0%)
[Performance] AssemblyReloadEvents.afterAssemblyReload: UnityEditor.SceneTemplate.SceneTemplateService.AfterAssemblyReload   :        2 samples, Peak.   465 us (1.5x), Avg.   305 us, Total. 610.8 us (0.0%)
[Performance] ProcessService.EditorAfterLoadAllAssemblies                                                                    :        2 samples, Peak.   377 us (1.4x), Avg.   263 us, Total. 525.6 us (0.0%)
[Performance] Application.ReadLicenseInfo                                                                                    :        1 samples, Peak.  11.7 ms (1.0x), Avg.  11.7 ms, Total. 11.65 ms (0.0%)
[Performance] Application.InitialRefresh                                                                                     :        1 samples, Peak.  9.87 s (1.0x), Avg.  9.87 s, Total. 9.875 s (4.8%)
[Performance] Compiling Scripts                                                                                              :        1 samples, Peak.  1.26 s (1.0x), Avg.  1.26 s, Total. 1.256 s (0.6%)
[Performance] AssemblyReloadEvents.beforeAssemblyReload: UnityEditor.SceneTemplate.SceneTemplateService.BeforeAssemblyReload :        1 samples, Peak.   425 us (1.0x), Avg.   425 us, Total. 424.8 us (0.0%)
[Performance] InitializeOnLoad SpriteApplyValidator                                                                          :        1 samples, Peak.   107 us (1.0x), Avg.   107 us, Total. 106.9 us (0.0%)
[Performance] InitializeOnLoad ReadmeEditor                                                                                  :        1 samples, Peak.  51.6 us (1.0x), Avg.  51.6 us, Total. 51.58 us (0.0%)
[Performance] InitializeOnLoad PlayModeCapture                                                                               :        1 samples, Peak.   104 us (1.0x), Avg.   104 us, Total. 104.4 us (0.0%)
[Performance] InitializeOnLoad BurstLoader                                                                                   :        1 samples, Peak.  1.99 s (1.0x), Avg.  1.99 s, Total. 1.986 s (1.0%)
[Performance] InitializeOnLoad TouchSimulation                                                                               :        1 samples, Peak.   356 us (1.0x), Avg.   356 us, Total. 355.9 us (0.0%)
[Performance] InitializeOnLoad EnableUITKEditor                                                                              :        1 samples, Peak.  52.0 us (1.0x), Avg.  52.0 us, Total. 52.04 us (0.0%)
[Performance] InitializeOnLoad InputSystem                                                                                   :        1 samples, Peak.  52.9 ms (1.0x), Avg.  52.9 ms, Total. 52.86 ms (0.0%)
[Performance] InitializeOnLoad InputSystemUIInputModuleEditor                                                                :        1 samples, Peak.   120 us (1.0x), Avg.   120 us, Total. 120.1 us (0.0%)
[Performance] InitializeOnLoad MainThreadDispatcher                                                                          :        1 samples, Peak.   346 us (1.0x), Avg.   346 us, Total. 346.4 us (0.0%)
[Performance] InitializeOnLoad BackgroundWatcher                                                                             :        1 samples, Peak.   143 us (1.0x), Avg.   143 us, Total. 142.6 us (0.0%)
[Performance] InitializeOnLoad UnityTestProtocolStarter                                                                      :        1 samples, Peak.   198 us (1.0x), Avg.   198 us, Total. 197.9 us (0.0%)
[Performance] InitializeOnLoad TestStarter                                                                                   :        1 samples, Peak.   426 us (1.0x), Avg.   426 us, Total. 426.1 us (0.0%)
[Performance] InitializeOnLoad RerunCallbackInitializer                                                                      :        1 samples, Peak.  4.99 ms (1.0x), Avg.  4.99 ms, Total. 4.986 ms (0.0%)
[Performance] InitializeOnLoad NuGetDependencyResolver                                                                       :        1 samples, Peak.   495 us (1.0x), Avg.   495 us, Total. 494.8 us (0.0%)
[Performance] InitializeOnLoad MainWindowInitializer                                                                         :        1 samples, Peak.   710 us (1.0x), Avg.   710 us, Total. 709.7 us (0.0%)
[Performance] InitializeOnLoad Tool_Tests                                                                                    :        1 samples, Peak.   110 ms (1.0x), Avg.   110 ms, Total. 109.7 ms (0.1%)
[Performance] InitializeOnLoad Tool_Script                                                                                   :        1 samples, Peak.  4.46 us (1.0x), Avg.  4.46 us, Total. 4.458 us (0.0%)
[Performance] InitializeOnLoad ScriptUtils                                                                                   :        1 samples, Peak.   259 us (1.0x), Avg.   259 us, Total. 259.4 us (0.0%)
[Performance] InitializeOnLoad ServerBinaryUpdateWatcher                                                                     :        1 samples, Peak.   198 us (1.0x), Avg.   198 us, Total. 198.4 us (0.0%)
[Performance] InitializeOnLoad Startup                                                                                       :        1 samples, Peak.  1.05 s (1.0x), Avg.  1.05 s, Total. 1.045 s (0.5%)
[Performance] InitializeOnLoad McpServerManager                                                                              :        1 samples, Peak.  3.20 ms (1.0x), Avg.  3.20 ms, Total. 3.200 ms (0.0%)
[Performance] InitializeOnLoad ProbeGIBaking                                                                                 :        1 samples, Peak.  3.38 ms (1.0x), Avg.  3.38 ms, Total. 3.383 ms (0.0%)
[Performance] InitializeOnLoad FilterWindow                                                                                  :        1 samples, Peak.  45.2 us (1.0x), Avg.  45.2 us, Total. 45.17 us (0.0%)
[Performance] InitializeOnLoad RealtimeProbeSubdivisionDebug                                                                 :        1 samples, Peak.   421 us (1.0x), Avg.   421 us, Total. 421.0 us (0.0%)
[Performance] InitializeOnLoad SplineExtrudeUtility                                                                          :        1 samples, Peak.   523 us (1.0x), Avg.   523 us, Total. 522.7 us (0.0%)
[Performance] InitializeOnLoad SplineDataReorderableListUtility                                                              :        1 samples, Peak.   220 us (1.0x), Avg.   220 us, Total. 220.3 us (0.0%)
[Performance] InitializeOnLoad PackageEntryPoint                                                                             :        1 samples, Peak.   210 ms (1.0x), Avg.   210 ms, Total. 210.1 ms (0.1%)
[Performance] InitializeOnLoad PurchasingServiceAnalyticsSender                                                              :        1 samples, Peak.  1.09 ms (1.0x), Avg.  1.09 ms, Total. 1.092 ms (0.0%)
[Performance] InitializeOnLoad UnityPurchasingEditor                                                                         :        1 samples, Peak.   758 us (1.0x), Avg.   758 us, Total. 757.6 us (0.0%)
[Performance] InitializeOnLoad PurchasingImporter                                                                            :        1 samples, Peak.   375 us (1.0x), Avg.   375 us, Total. 375.0 us (0.0%)
[Performance] InitializeOnLoad VSCodeScriptEditor                                                                            :        1 samples, Peak.  8.78 ms (1.0x), Avg.  8.78 ms, Total. 8.785 ms (0.0%)
[Performance] InitializeOnLoad ShadowCasterGroup2DManager                                                                    :        1 samples, Peak.   255 us (1.0x), Avg.   255 us, Total. 255.0 us (0.0%)
[Performance] InitializeOnLoad NodeClassCache                                                                                :        1 samples, Peak.  80.3 us (1.0x), Avg.  80.3 us, Total. 80.33 us (0.0%)
[Performance] InitializeOnLoad ShaderGraphMaterialsUpdater                                                                   :        2 samples, Peak.  1.14 ms (1.8x), Avg.   649 us, Total. 1.298 ms (0.0%)
[Performance] InitializeOnLoad Renderer2DAnalytics                                                                           :        1 samples, Peak.   825 us (1.0x), Avg.   825 us, Total. 824.6 us (0.0%)
[Performance] InitializeOnLoad EditorToolManager                                                                             :        1 samples, Peak.  2.16 ms (1.0x), Avg.  2.16 ms, Total. 2.160 ms (0.0%)
[Performance] InitializeOnLoad VisualStudioEditor                                                                            :        1 samples, Peak.  2.78 ms (1.0x), Avg.  2.78 ms, Total. 2.778 ms (0.0%)
[Performance] InitializeOnLoad TestRunnerApiListener                                                                         :        1 samples, Peak.   274 us (1.0x), Avg.   274 us, Total. 273.9 us (0.0%)
[Performance] InitializeOnLoad VisualStudioIntegration                                                                       :        1 samples, Peak.   484 us (1.0x), Avg.   484 us, Total. 484.1 us (0.0%)
[Performance] InitializeOnLoad PrefabLayoutRebuilder                                                                         :        1 samples, Peak.   252 us (1.0x), Avg.   252 us, Total. 252.1 us (0.0%)
[Performance] InitializeOnLoad OnDomainReload                                                                                :        1 samples, Peak.   283 us (1.0x), Avg.   283 us, Total. 283.0 us (0.0%)
[Performance] InitializeOnLoad DeltaTimeScaleProcessor                                                                       :        1 samples, Peak.   358 us (1.0x), Avg.   358 us, Total. 358.2 us (0.0%)
[Performance] InitializeOnLoad AverageFrameRateTracker                                                                       :        1 samples, Peak.   134 us (1.0x), Avg.   134 us, Total. 134.3 us (0.0%)
[Performance] InitializeOnLoad EditorInitialize                                                                              :        4 samples, Peak.  1.37 ms (2.1x), Avg.   669 us, Total. 2.676 ms (0.0%)
[Performance] InitializeOnLoad CanvasesAndTheirOwners                                                                        :        1 samples, Peak.  76.8 us (1.0x), Avg.  76.8 us, Total. 76.79 us (0.0%)
[Performance] InitializeOnLoad VSUsageUtility                                                                                :        1 samples, Peak.  11.4 ms (1.0x), Avg.  11.4 ms, Total. 11.40 ms (0.0%)
[Performance] InitializeOnLoad VersionValidator                                                                              :        1 samples, Peak.  1.15 ms (1.0x), Avg.  1.15 ms, Total. 1.153 ms (0.0%)
[Performance] InitializeOnLoad LogPreferences                                                                                :        1 samples, Peak.   166 us (1.0x), Avg.   166 us, Total. 165.8 us (0.0%)
[Performance] InitializeOnLoad DestroyListener                                                                               :        1 samples, Peak.   253 us (1.0x), Avg.   253 us, Total. 252.6 us (0.0%)
[Performance] InitializeOnLoad ProGridsInterface                                                                             :        1 samples, Peak.  1.95 ms (1.0x), Avg.  1.95 ms, Total. 1.948 ms (0.0%)
[Performance] InitializeOnLoad EntityVisibility                                                                              :        1 samples, Peak.   249 us (1.0x), Avg.   249 us, Total. 249.5 us (0.0%)
[Performance] InitializeOnLoad VertexManipulationToolSettings                                                                :        1 samples, Peak.  61.8 us (1.0x), Avg.  61.8 us, Total. 61.79 us (0.0%)
[Performance] InitializeOnLoad UndoUtility                                                                                   :        1 samples, Peak.   103 us (1.0x), Avg.   103 us, Total. 103.3 us (0.0%)
[Performance] InitializeOnLoad HierarchyListener                                                                             :        1 samples, Peak.   126 us (1.0x), Avg.   126 us, Total. 126.0 us (0.0%)
[Performance] InitializeOnLoad Lightmapping                                                                                  :        1 samples, Peak.   402 us (1.0x), Avg.   402 us, Total. 402.4 us (0.0%)
[Performance] InitializeOnLoad SceneDragAndDropListener                                                                      :        1 samples, Peak.  1.37 ms (1.0x), Avg.  1.37 ms, Total. 1.372 ms (0.0%)
[Performance] InitializeOnLoad MeshSelection                                                                                 :        1 samples, Peak.  2.40 ms (1.0x), Avg.  2.40 ms, Total. 2.397 ms (0.0%)
[Performance] InitializeOnLoad UnityInternalsInjector                                                                        :        1 samples, Peak.  1.20 ms (1.0x), Avg.  1.20 ms, Total. 1.204 ms (0.0%)
[Performance] InitializeOnLoad UVCSToolbarBoostrap                                                                           :        1 samples, Peak.  68.3 ms (1.0x), Avg.  68.3 ms, Total. 68.30 ms (0.0%)
[Performance] InitializeOnLoad SampleDependencyImporter                                                                      :        2 samples, Peak.  1.38 ms (1.6x), Avg.   848 us, Total. 1.696 ms (0.0%)
[Performance] InitializeOnLoad InspectorUtility                                                                              :        1 samples, Peak.   503 us (1.0x), Avg.   503 us, Total. 502.7 us (0.0%)
[Performance] InitializeOnLoad CinemachineEditorAnalytics                                                                    :        1 samples, Peak.  61.9 us (1.0x), Avg.  61.9 us, Total. 61.88 us (0.0%)
[Performance] InitializeOnLoad AutoSmoothHookup                                                                              :        1 samples, Peak.   125 us (1.0x), Avg.   125 us, Total. 125.5 us (0.0%)
[Performance] InitializeOnLoad CreatePipelineWithUndo                                                                        :        1 samples, Peak.   124 us (1.0x), Avg.   124 us, Total. 123.8 us (0.0%)
[Performance] InitializeOnLoad AutoDollyMenuItems                                                                            :        1 samples, Peak.  1.81 ms (1.0x), Avg.  1.81 ms, Total. 1.811 ms (0.0%)
[Performance] InitializeOnLoad SplineGizmoCache                                                                              :        1 samples, Peak.  1.49 ms (1.0x), Avg.  1.49 ms, Total. 1.487 ms (0.0%)
[Performance] InitializeOnLoad ModifierMenuItems                                                                             :        1 samples, Peak.  1.03 ms (1.0x), Avg.  1.03 ms, Total. 1.030 ms (0.0%)
[Performance] InitializeOnLoad CreateRigWithUndo                                                                             :        1 samples, Peak.   189 us (1.0x), Avg.   189 us, Total. 189.3 us (0.0%)
[Performance] InitializeOnLoad CinemachineDeoccluderPrefs                                                                    :        1 samples, Peak.  1.33 ms (1.0x), Avg.  1.33 ms, Total. 1.329 ms (0.0%)
[Performance] InitializeOnLoad PipelineStageMenu                                                                             :        1 samples, Peak.  1.83 ms (1.0x), Avg.  1.83 ms, Total. 1.829 ms (0.0%)
[Performance] InitializeOnLoad CinemachineSplineDollyPrefs                                                                   :        1 samples, Peak.   350 us (1.0x), Avg.   350 us, Total. 349.9 us (0.0%)
[Performance] InitializeOnLoad SaveDuringPlay                                                                                :        1 samples, Peak.  44.6 us (1.0x), Avg.  44.6 us, Total. 44.58 us (0.0%)
[Performance] InitializeOnLoad DefaultControlInitializer                                                                     :        1 samples, Peak.  82.7 us (1.0x), Avg.  82.7 us, Total. 82.71 us (0.0%)
[Performance] InitializeOnLoad SyncCacheEnabledSetting                                                                       :        1 samples, Peak.   169 us (1.0x), Avg.   169 us, Total. 169.2 us (0.0%)
[Performance] InitializeOnLoad CinemachineComposerPrefs                                                                      :        1 samples, Peak.   200 us (1.0x), Avg.   200 us, Total. 199.7 us (0.0%)
[Performance] InitializeOnLoad RiderScriptEditor                                                                             :        1 samples, Peak.  4.76 ms (1.0x), Avg.  4.76 ms, Total. 4.761 ms (0.0%)
[Performance] InitializeOnLoad CallbackInitializer                                                                           :        1 samples, Peak.  2.64 ms (1.0x), Avg.  2.64 ms, Total. 2.640 ms (0.0%)
[Performance] InitializeOnLoad NavigationWindow                                                                              :        1 samples, Peak.   404 us (1.0x), Avg.   404 us, Total. 404.3 us (0.0%)
[Performance] InitializeOnLoad SceneViewGridManager.Initialize                                                               :        1 samples, Peak.  9.41 ms (1.0x), Avg.  9.41 ms, Total. 9.415 ms (0.0%)
[Performance] InitializeOnLoad TilemapPrefabStageHelper.Initialize                                                           :        1 samples, Peak.  1.80 ms (1.0x), Avg.  1.80 ms, Total. 1.802 ms (0.0%)
[Performance] InitializeOnLoad SceneViewOpenTilePaletteHelper.Initialize                                                     :        1 samples, Peak.  2.31 ms (1.0x), Avg.  2.31 ms, Total. 2.306 ms (0.0%)
[Performance] InitializeOnLoad TileDragAndDropManager.Initialize                                                             :        1 samples, Peak.  1.19 ms (1.0x), Avg.  1.19 ms, Total. 1.194 ms (0.0%)
[Performance] InitializeOnLoad ThreadHelper.Init                                                                             :        4 samples, Peak.   303 us (2.4x), Avg.   128 us, Total. 513.4 us (0.0%)
[Performance] InitializeOnLoad EngineStateHelper.Init                                                                        :        4 samples, Peak.   244 us (2.0x), Avg.   125 us, Total. 499.9 us (0.0%)
[Performance] InitializeOnLoad InputSystemPackageControl.SubscribePackageManagerEvent                                        :        1 samples, Peak.  50.2 us (1.0x), Avg.  50.2 us, Total. 50.17 us (0.0%)
[Performance] InitializeOnLoad InputSystemPluginControl.CheckForExtension                                                    :        1 samples, Peak.   996 us (1.0x), Avg.   996 us, Total. 995.8 us (0.0%)
[Performance] InitializeOnLoad MaterialReimporter.RegisterUpgraderReimport                                                   :        2 samples, Peak.   171 us (1.7x), Avg.  98.1 us, Total. 196.1 us (0.0%)
[Performance] InitializeOnLoad ServiceInstallationListener.RegisterToEvents                                                  :        1 samples, Peak.   591 us (1.0x), Avg.   591 us, Total. 590.7 us (0.0%)
[Performance] InitializeOnLoad ActionSchedulerCleaner.RegisterSchedulerCleaner                                               :        1 samples, Peak.   214 us (1.0x), Avg.   214 us, Total. 214.2 us (0.0%)
[Performance] InitializeOnLoad EditorGameServiceRegistry.RegisterAllServices                                                 :        1 samples, Peak.  6.19 ms (1.0x), Avg.  6.19 ms, Total. 6.192 ms (0.0%)
[Performance] InitializeOnLoad MainThreadDispatcher.EditorInitialize                                                         :        1 samples, Peak.   148 us (1.0x), Avg.   148 us, Total. 147.6 us (0.0%)
[Performance] InitializeOnLoad MainThreadInstaller.Init                                                                      :        1 samples, Peak.  96.0 us (1.0x), Avg.  96.0 us, Total. 96.00 us (0.0%)
[Performance] InitializeOnLoad ProjectConfigurationBuilder.SubscribeToResetComplete                                          :        1 samples, Peak.   586 us (1.0x), Avg.   586 us, Total. 585.7 us (0.0%)
[Performance] InitializeOnLoad ProBuilderSettings.SaveSettingsOnExit                                                         :        1 samples, Peak.  32.5 us (1.0x), Avg.  32.5 us, Total. 32.54 us (0.0%)
[Performance] InitializeOnLoad VisualStudioEditor.LegacyVisualStudioCodePackageDisabler                                      :        1 samples, Peak.  1.69 ms (1.0x), Avg.  1.69 ms, Total. 1.691 ms (0.0%)
[Performance] InitializeOnLoad UnityPurchasingEditor.MigrateBillingMode                                                      :        1 samples, Peak.   448 us (1.0x), Avg.   448 us, Total. 447.7 us (0.0%)
[Performance] InitializeOnLoad ProductCatalogEditor.MigrateProductCatalog                                                    :        1 samples, Peak.   404 us (1.0x), Avg.   404 us, Total. 404.4 us (0.0%)
[Performance] InitializeOnLoad ObfuscationMigration.MigrateObfuscations                                                      :        1 samples, Peak.   181 us (1.0x), Avg.   181 us, Total. 181.2 us (0.0%)
[Performance] InitializeOnLoad SplineCacheUtility.Initialize                                                                 :        1 samples, Peak.   424 us (1.0x), Avg.   424 us, Total. 424.0 us (0.0%)
[Performance] InitializeOnLoad TestJobDataHolder.ResumeRunningJobs                                                           :        1 samples, Peak.  1.63 ms (1.0x), Avg.  1.63 ms, Total. 1.628 ms (0.0%)
[Performance] InitializeOnLoad AnalyticsReporter.RegisterCallbacks                                                           :        1 samples, Peak.   452 us (1.0x), Avg.   452 us, Total. 451.6 us (0.0%)
[Performance] InitializeOnLoad DebugManagerWindowLifetimeAnalytic.SubscribeToDebugManagerOpenCloseWindows                    :        1 samples, Peak.   341 us (1.0x), Avg.   341 us, Total. 340.9 us (0.0%)
[Performance] InitializeOnLoad CoreRenderPipelinePreferences.InitPreferenceProviders                                         :        1 samples, Peak.  17.7 ms (1.0x), Avg.  17.7 ms, Total. 17.68 ms (0.0%)
[Performance] InitializeOnLoad VolumeGizmoDrawer.InitVolumeGizmoCallbacks                                                    :        1 samples, Peak.   519 us (1.0x), Avg.   519 us, Total. 519.4 us (0.0%)
[Performance] InitializeOnLoad UnityThreadUtils.CaptureUnityThreadInfo                                                       :        1 samples, Peak.  73.9 us (1.0x), Avg.  73.9 us, Total. 73.92 us (0.0%)
[Performance] DidReloadScriptsAdvancedDropdownWindow.OnScriptReload                                                          :        2 samples, Peak.   197 us (1.1x), Avg.   188 us, Total. 376.1 us (0.0%)
[Performance] DidReloadScriptsCinemachineVirtualCameraBase.OnScriptReload                                                    :        1 samples, Peak.  63.1 us (1.0x), Avg.  63.1 us, Total. 63.13 us (0.0%)
[Performance] DidReloadScriptsCinemachineExtension.OnScriptReload                                                            :        1 samples, Peak.   203 us (1.0x), Avg.   203 us, Total. 202.5 us (0.0%)
[Performance] DidReloadScriptsTestRunnerWindow.CompilationCallback                                                           :        1 samples, Peak.   289 us (1.0x), Avg.   289 us, Total. 288.9 us (0.0%)
[Performance] DidReloadScriptsTestListCache.ScriptReloaded                                                                   :        1 samples, Peak.  2.40 ms (1.0x), Avg.  2.40 ms, Total. 2.399 ms (0.0%)
[Performance] DidReloadScriptsLookDev.OnEditorReload                                                                         :        1 samples, Peak.   175 us (1.0x), Avg.   175 us, Total. 174.7 us (0.0%)
[Performance] DidReloadScriptsDebugWindow.OnEditorReload                                                                     :        1 samples, Peak.  4.02 ms (1.0x), Avg.  4.02 ms, Total. 4.024 ms (0.0%)
[Performance] DidReloadScriptsVolumeComponentEditor.OnEditorReload                                                           :        1 samples, Peak.  12.1 ms (1.0x), Avg.  12.1 ms, Total. 12.10 ms (0.0%)
[Performance] AssemblyReloadEvents.afterAssemblyReload: com.IvanMurzak.Unity.MCP.Editor.Startup.OnAfterAssemblyReload        :        1 samples, Peak.  25.9 ms (1.0x), Avg.  25.9 ms, Total. 25.89 ms (0.0%)
[Performance] AssemblyReloadEvents.afterAssemblyReload: UnityEditor.ProBuilder.HierarchyListener.OnAfterAssemblyReload       :        1 samples, Peak.   143 us (1.0x), Avg.   143 us, Total. 142.9 us (0.0%)
[Performance] CinemachineSettings.OnPostprocessAllAssets                                                                     :       16 samples, Peak.   295 us (5.9x), Avg.  49.7 us, Total. 796.0 us (0.0%)
[Performance] DomainReloadProcessor.OnPostprocessAllAssets                                                                   :       16 samples, Peak.   138 us (6.7x), Avg.  20.5 us, Total. 328.4 us (0.0%)
[Performance] AssetPostprocessorProxy.OnPostprocessAllAssets                                                                 :       16 samples, Peak.   130 us (6.9x), Avg.  18.9 us, Total. 302.1 us (0.0%)
[Performance] UniversalRenderPipelineGlobalSettingsPostprocessor.OnPostprocessAllAssets                                      :       16 samples, Peak.  1.32 ms (7.6x), Avg.   173 us, Total. 2.770 ms (0.0%)
[Performance] InputActionAssetPostprocessor.OnPostprocessAllAssets                                                           :       16 samples, Peak.   220 us (5.0x), Avg.  43.7 us, Total. 700.0 us (0.0%)
[Performance] InputActionJsonNameModifierAssetProcessor.OnPostprocessAllAssets                                               :       16 samples, Peak.  40.6 us (2.8x), Avg.  14.4 us, Total. 230.8 us (0.0%)
[Performance] ProjectSettingsPostprocessor.OnPostprocessAllAssets                                                            :       16 samples, Peak.   112 us (3.9x), Avg.  28.4 us, Total. 454.1 us (0.0%)
[Performance] SyncVS.PostprocessSyncProject                                                                                  :        8 samples, Peak.   244 ms (4.6x), Avg.  53.4 ms, Total. 427.1 ms (0.2%)
[Performance] Application.ImportPackagesAndSetTemplateWhenCreatingProject                                                    :        1 samples, Peak.  36.6 ms (1.0x), Avg.  36.6 ms, Total. 36.60 ms (0.0%)
[Performance] Application.SyncCurrentColorSpace                                                                              :        1 samples, Peak.   382 ms (1.0x), Avg.   382 ms, Total. 382.2 ms (0.2%)
[Performance] Application.OnUsbDevicesChanged                                                                                :        1 samples, Peak.  65.9 us (1.0x), Avg.  65.9 us, Total. 65.88 us (0.0%)
[Performance] Application.AssetInstanceCacheUpdate                                                                           :        1 samples, Peak.   250 ns (1.0x), Avg.   250 ns, Total. 250.0 ns (0.0%)
[Performance] Application.UnityExtensions.Initialize                                                                         :        1 samples, Peak.  17.5 ms (1.0x), Avg.  17.5 ms, Total. 17.46 ms (0.0%)
[Performance] CodeEditorProjectSync.SyncEditorProject                                                                        :        1 samples, Peak.   648 ms (1.0x), Avg.   648 ms, Total. 648.4 ms (0.3%)
[Performance] Application.ExecuteStartups                                                                                    :        1 samples, Peak.  65.7 ms (1.0x), Avg.  65.7 ms, Total. 65.71 ms (0.0%)
[Performance] Menu.RegisterMenuInterface                                                                                     :       26 samples, Peak.  23.0 us (17.6x), Avg.  1.31 us, Total. 34.04 us (0.0%)
[Performance] Gizmo.RebuildRenderers                                                                                         :        2 samples, Peak.  61.7 ms (1.3x), Avg.  49.2 ms, Total. 98.39 ms (0.0%)
[Performance] Gizmo.AddGizmoRenderers                                                                                        :      392 samples, Peak.  2.15 ms (70.2x), Avg.  30.7 us, Total. 12.02 ms (0.0%)
[Performance] Application.editorInitializingProject                                                                          :        1 samples, Peak.  20.5 ms (1.0x), Avg.  20.5 ms, Total. 20.51 ms (0.0%)
[Performance] Application.InitializeMenu                                                                                     :        1 samples, Peak.   281 ms (1.0x), Avg.   281 ms, Total. 281.4 ms (0.1%)
[Performance] Menu.RebuildAll                                                                                                :        1 samples, Peak.   281 ms (1.0x), Avg.   281 ms, Total. 281.4 ms (0.1%)
[Performance] Menu.BuildRegisteredMenuInterfaces                                                                             :        1 samples, Peak.   274 ms (1.0x), Avg.   274 ms, Total. 273.9 ms (0.1%)
[Performance] Menu.FilterMenuItem                                                                                            :     1000 samples, Peak.   118 ms (992.9x), Avg.   119 us, Total. 119.0 ms (0.1%)
[Performance] UpdateAllMenus                                                                                                 :        1 samples, Peak.   611 us (1.0x), Avg.   611 us, Total. 610.8 us (0.0%)
[Performance] EditorSceneManager.sceneClosing: UnityEditor.SceneVisibilityManager.EditorSceneManagerOnSceneClosing           :        5 samples, Peak.   270 us (2.8x), Avg.  95.6 us, Total. 478.2 us (0.0%)
[Performance] GUIView.RepaintAll.PlayerLoopController                                                                        :        4 samples, Peak.  12.2 us (3.5x), Avg.  3.52 us, Total. 14.08 us (0.0%)
[Performance] EditorSceneManager.newSceneCreated: UnityEditor.SceneTemplate.SceneTemplateService.OnNewSceneCreated           :        3 samples, Peak.   277 us (2.9x), Avg.  94.5 us, Total. 283.6 us (0.0%)
[Performance] EditorSceneManager.newSceneCreated: UnityEditor.SceneVisibilityManager.EditorSceneManagerOnNewSceneCreated     :        3 samples, Peak.   217 us (2.7x), Avg.  80.3 us, Total. 241.0 us (0.0%)
[Performance] EditorSceneManager.newSceneCreated: UnityEditor.SceneManagement.StageNavigationManager.OnNewSceneCreated       :        3 samples, Peak.  54.6 us (2.5x), Avg.  22.0 us, Total. 65.92 us (0.0%)
[Performance] Application.InvokeFinishedLoadingProject                                                                       :        1 samples, Peak.  25.4 ms (1.0x), Avg.  25.4 ms, Total. 25.36 ms (0.0%)
[Performance] ProcessService.OnProjectLoaded                                                                                 :        1 samples, Peak.  79.9 us (1.0x), Avg.  79.9 us, Total. 79.88 us (0.0%)
[Performance] VersionControl.Task.Wait                                                                                       :        1 samples, Peak.  63.7 us (1.0x), Avg.  63.7 us, Total. 63.71 us (0.0%)
[Performance] AssetDatabase.DeleteAssets                                                                                     :        1 samples, Peak.   156 ms (1.0x), Avg.   156 ms, Total. 155.9 ms (0.1%)
[Performance] InputActionAssetModificationProcessor.OnWillDeleteAsset                                                        :        1 samples, Peak.   270 us (1.0x), Avg.   270 us, Total. 270.0 us (0.0%)
[Performance] BuilderAssetModificationProcessor.OnWillDeleteAsset                                                            :        1 samples, Peak.   421 us (1.0x), Avg.   421 us, Total. 421.4 us (0.0%)
[Performance] TMP_FontAssetPostProcessor.OnWillDeleteAsset                                                                   :        1 samples, Peak.   397 us (1.0x), Avg.   397 us, Total. 397.0 us (0.0%)
[Performance] CancelSplashScreenOnAssetDelete.OnWillDeleteAsset                                                              :        1 samples, Peak.   607 us (1.0x), Avg.   607 us, Total. 607.0 us (0.0%)
[Performance] ShaderImporter.SourceAssetModified                                                                             :        6 samples, Peak.   542 ns (1.3x), Avg.   403 ns, Total. 2.416 us (0.0%)
[Performance] ShaderIncludeImporter.SourceAssetModified                                                                      :        6 samples, Peak.  12.6 us (4.6x), Avg.  2.76 us, Total. 16.58 us (0.0%)
[Performance] AssetDatabase.ImportAssets                                                                                     :       15 samples, Peak.  63.9 ms (5.9x), Avg.  10.8 ms, Total. 161.8 ms (0.1%)
[Performance] TMPro_TexturePostProcessor.OnPostprocessAllAssets                                                              :       14 samples, Peak.   919 us (3.4x), Avg.   272 us, Total. 3.808 ms (0.0%)
[Performance] SamplePostprocessor.OnPostprocessAllAssets                                                                     :       28 samples, Peak.   848 us (11.5x), Avg.  73.7 us, Total. 2.063 ms (0.0%)
[Performance] UVCSAssetPostprocessor.OnPostprocessAllAssets                                                                  :       14 samples, Peak.   709 us (6.8x), Avg.   105 us, Total. 1.467 ms (0.0%)
[Performance] BuilderAssetPostprocessor.OnPostprocessAllAssets                                                               :       14 samples, Peak.  1.74 ms (4.7x), Avg.   371 us, Total. 5.188 ms (0.0%)
[Performance] ArtifactBrowserPostProcessor.OnPostprocessAllAssets                                                            :       14 samples, Peak.   544 us (6.5x), Avg.  83.6 us, Total. 1.171 ms (0.0%)
[Performance] AssetEvents.OnPostprocessAllAssets                                                                             :       28 samples, Peak.   155 us (8.7x), Avg.  17.7 us, Total. 496.9 us (0.0%)
[Performance] AudioMixerPostprocessor.OnPostprocessAllAssets                                                                 :       14 samples, Peak.   298 us (6.6x), Avg.  45.1 us, Total. 632.0 us (0.0%)
[Performance] StyleCatalogPostProcessor.OnPostprocessAllAssets                                                               :       14 samples, Peak.  23.1 ms (7.0x), Avg.  3.32 ms, Total. 46.55 ms (0.0%)
[Performance] BuildCatalog                                                                                                   :        1 samples, Peak.  22.3 ms (1.0x), Avg.  22.3 ms, Total. 22.31 ms (0.0%)
[Performance] ModelImporterPostProcessor.OnPostprocessAllAssets                                                              :       14 samples, Peak.   790 us (3.9x), Avg.   204 us, Total. 2.860 ms (0.0%)
[Performance] MaterialPostprocessor.OnPostprocessAllAssets                                                                   :       28 samples, Peak.   774 us (6.3x), Avg.   122 us, Total. 3.416 ms (0.0%)
[Performance] RetainedModeAssetPostprocessor.OnPostprocessAllAssets                                                          :       14 samples, Peak.  1.91 ms (6.4x), Avg.   299 us, Total. 4.180 ms (0.0%)
[Performance] AssetChangedListener.OnPostprocessAllAssets                                                                    :       14 samples, Peak.   862 us (3.0x), Avg.   291 us, Total. 4.077 ms (0.0%)
[Performance] PostProcessor.OnPostprocessAllAssets                                                                           :       14 samples, Peak.   230 us (4.2x), Avg.  55.4 us, Total. 775.6 us (0.0%)
[Performance] ShaderGraphAssetPostProcessor.OnPostprocessAllAssets                                                           :       14 samples, Peak.  1.40 ms (3.0x), Avg.   466 us, Total. 6.529 ms (0.0%)
[Performance] SpeedTreePostProcessor.OnPostprocessAllAssets                                                                  :       14 samples, Peak.  88.5 us (3.5x), Avg.  25.1 us, Total. 352.0 us (0.0%)
[Performance] TextAssetPostProcessor.OnPostprocessAllAssets                                                                  :       14 samples, Peak.   214 us (4.6x), Avg.  46.5 us, Total. 650.6 us (0.0%)
[Performance] AssetProcessor.OnPostprocessAllAssets                                                                          :       42 samples, Peak.  3.78 ms (16.6x), Avg.   227 us, Total. 9.549 ms (0.0%)
[Performance] EditorApplication.projectChanged: UnityEditor.Audio.MixerEffectDefinitionReloader.OnProjectChanged             :        5 samples, Peak.  1.61 ms (2.6x), Avg.   616 us, Total. 3.079 ms (0.0%)
[Performance] EditorApplication.projectChanged: UnityEngine.InputSystem.LowLevel.NativeInputRuntime.OnProjectChanged         :        5 samples, Peak.   256 us (3.9x), Avg.  66.1 us, Total. 330.6 us (0.0%)
[Performance] PaletteAssetModificationProcessor.OnWillCreateAsset                                                            :        4 samples, Peak.   164 us (3.1x), Avg.  52.1 us, Total. 208.3 us (0.0%)
[Performance] MaterialModificationProcessor.OnWillCreateAsset                                                                :        8 samples, Peak.   115 us (2.9x), Avg.  39.2 us, Total. 313.2 us (0.0%)
[Performance] BuilderAssetModificationProcessor.OnWillCreateAsset                                                            :        4 samples, Peak.   143 us (2.7x), Avg.  52.4 us, Total. 209.7 us (0.0%)
[Performance] PresetManagerPostProcessor.OnPreprocessAsset                                                                   :       10 samples, Peak.   210 us (3.8x), Avg.  54.8 us, Total. 548.1 us (0.0%)
[Performance] CancelSplashScreenOnAssetChange.OnPreprocessAsset                                                              :       10 samples, Peak.  24.1 us (4.7x), Avg.  5.15 us, Total. 51.50 us (0.0%)
[Performance] ShaderGraphAssetPostProcessor.OnPreprocessAsset                                                                :       10 samples, Peak.   134 us (8.6x), Avg.  15.6 us, Total. 156.1 us (0.0%)
[Performance] PaletteAssetModificationProcessor.OnWillSaveAssets                                                             :        5 samples, Peak.   106 us (3.1x), Avg.  34.8 us, Total. 173.9 us (0.0%)
[Performance] StateMacroSavedEvent.OnWillSaveAssets                                                                          :        5 samples, Peak.   199 us (2.7x), Avg.  75.0 us, Total. 374.8 us (0.0%)
[Performance] FlowMacroSavedEvent.OnWillSaveAssets                                                                           :        5 samples, Peak.   130 us (4.2x), Avg.  31.3 us, Total. 156.3 us (0.0%)
[Performance] UnityCloudProjectLinkMonitor.OnWillSaveAssets                                                                  :        5 samples, Peak.   388 us (4.9x), Avg.  79.0 us, Total. 394.8 us (0.0%)
[Performance] UVCSAssetModificationProcessor.OnWillSaveAssets                                                                :        5 samples, Peak.   145 us (4.8x), Avg.  30.1 us, Total. 150.5 us (0.0%)
[Performance] BuilderAssetModificationProcessor.OnWillSaveAssets                                                             :        5 samples, Peak.   108 us (4.2x), Avg.  25.8 us, Total. 128.9 us (0.0%)
[Performance] TerrainModificationProcessor.OnWillSaveAssets                                                                  :        5 samples, Peak.   473 us (4.9x), Avg.  96.4 us, Total. 482.2 us (0.0%)
[Performance] Package.AsyncRequest                                                                                           :       38 samples, Peak.   902 us (13.1x), Avg.  68.8 us, Total. 2.613 ms (0.0%)
[Performance] Inspector.InitOrRebuild                                                                                        :        3 samples, Peak.   742 us (1.3x), Avg.   557 us, Total. 1.672 ms (0.0%)
[Performance] Application.Message                                                                                            :     5251 samples, Peak.  29.1 us (222.5x), Avg.   131 ns, Total. 687.4 us (0.0%)
[Performance] GenerateAssemblyTypeInfos                                                                                      :        2 samples, Peak.  41.8 ms (1.2x), Avg.  35.7 ms, Total. 71.47 ms (0.0%)
[Performance] AssetDatabase.Refresh                                                                                          :        2 samples, Peak.  1.10 s (1.5x), Avg.   761 ms, Total. 1.523 s (0.7%)
[Performance] EditorSceneManager.sceneOpened: UnityEditor.SceneTemplate.SceneTemplateService.OnSceneOpened                   :        1 samples, Peak.   299 us (1.0x), Avg.   299 us, Total. 299.2 us (0.0%)
[Performance] EditorSceneManager.sceneOpened: UnityEditor.SceneVisibilityManager.EditorSceneManagerOnSceneOpened             :        1 samples, Peak.   828 us (1.0x), Avg.   828 us, Total. 828.4 us (0.0%)
[Performance] EditorSceneManager.sceneOpened: UnityEditor.SceneManagement.StageNavigationManager.OnSceneOpened               :        1 samples, Peak.  1.41 ms (1.0x), Avg.  1.41 ms, Total. 1.411 ms (0.0%)
[Performance] TimelineAnalyticsProcess.OnProcessScene                                                                        :        1 samples, Peak.  1.42 ms (1.0x), Avg.  1.42 ms, Total. 1.425 ms (0.0%)
[Performance] UnityBuildPostprocessor.OnProcessScene                                                                         :        1 samples, Peak.   270 us (1.0x), Avg.   270 us, Total. 270.0 us (0.0%)
[Performance] AttributeCallbackWrapper.OnProcessScene                                                                        :        2 samples, Peak.  85.4 ms (2.0x), Avg.  43.6 ms, Total. 87.10 ms (0.0%)
[Performance] Application.Shutdown.SaveDefaultWindowPreferences                                                              :        1 samples, Peak.   153 us (1.0x), Avg.   153 us, Total. 153.4 us (0.0%)
[Performance] Application.Shutdown.SaveSceneManagerSetup                                                                     :        1 samples, Peak.   529 us (1.0x), Avg.   529 us, Total. 528.7 us (0.0%)
[Performance] Application.Shutdown.CleanupAllContainerWindows                                                                :        1 samples, Peak.  14.2 us (1.0x), Avg.  14.2 us, Total. 14.17 us (0.0%)
[Performance] EditorApplication.quitting: Unity.Burst.Editor.BurstLoader.OnEditorApplicationQuitting                         :        1 samples, Peak.  53.0 us (1.0x), Avg.  53.0 us, Total. 53.00 us (0.0%)
[Performance] EditorApplication.quitting: com.IvanMurzak.Unity.MCP.Editor.McpServerManager.OnEditorQuitting                  :        1 samples, Peak.   312 us (1.0x), Avg.   312 us, Total. 312.3 us (0.0%)
[Performance] EditorApplication.quitting: UnityEditor.SettingsManagement.FileSettingsRepository.Save                         :        1 samples, Peak.  3.33 ms (1.0x), Avg.  3.33 ms, Total. 3.331 ms (0.0%)
[Performance] EditorApplication.quitting: UnityEditor.Tilemaps.SceneViewGridManager.EditorQuitting                           :        1 samples, Peak.   178 us (1.0x), Avg.   178 us, Total. 177.9 us (0.0%)
[Performance] EditorApplication.quitting: UnityEditor.ProBuilder.ProBuilderSettings.Save                                     :        1 samples, Peak.   416 us (1.0x), Avg.   416 us, Total. 416.4 us (0.0%)
[Performance] EditorApplication.quitting: callback in UnityEditor.TextCore.Text.EditorEventCallbacks                         :        1 samples, Peak.  49.3 ms (1.0x), Avg.  49.3 ms, Total. 49.28 ms (0.0%)
[Performance] EditorApplication.quitting: UnityEditor.WebGL.WebsockifyEditorWrapper.Kill                                     :        1 samples, Peak.   951 us (1.0x), Avg.   951 us, Total. 950.7 us (0.0%)
[Performance] Application.Shutdown.PauseProfilerSession                                                                      :        1 samples, Peak.   601 us (1.0x), Avg.   601 us, Total. 600.5 us (0.0%)
[Performance] Application.Shutdown.PauseAssetImportWorkers                                                                   :        1 samples, Peak.  98.3 us (1.0x), Avg.  98.3 us, Total. 98.25 us (0.0%)
[Performance] Application.Shutdown.SaveAssets                                                                                :        1 samples, Peak.  3.59 ms (1.0x), Avg.  3.59 ms, Total. 3.588 ms (0.0%)
[Performance] Application.Shutdown.CleanupRenderPipeline                                                                     :        1 samples, Peak.  3.92 us (1.0x), Avg.  3.92 us, Total. 3.917 us (0.0%)
[Performance] Application.Shutdown.StopPreloadManager                                                                        :        1 samples, Peak.  12.0 ms (1.0x), Avg.  12.0 ms, Total. 12.04 ms (0.0%)
[Performance] Application.Shutdown.DestroyWorld                                                                              :        1 samples, Peak.   473 us (1.0x), Avg.   473 us, Total. 473.5 us (0.0%)
[Performance] Application.Shutdown.CleanupAfterLoad                                                                          :        1 samples, Peak.   217 ms (1.0x), Avg.   217 ms, Total. 217.3 ms (0.1%)
[Performance] Application.Shutdown.Progress                                                                                  :        1 samples, Peak.   446 us (1.0x), Avg.   446 us, Total. 446.5 us (0.0%)
[Performance] Application.Shutdown.GICleanupManagers                                                                         :        1 samples, Peak.  6.55 ms (1.0x), Avg.  6.55 ms, Total. 6.551 ms (0.0%)
[Performance] Application.Shutdown.MenuCleanupClass                                                                          :        1 samples, Peak.   391 us (1.0x), Avg.   391 us, Total. 391.4 us (0.0%)
[Performance] Application.Shutdown.ADBSaveStateBeforeShutdown                                                                :        1 samples, Peak.  9.87 us (1.0x), Avg.  9.87 us, Total. 9.875 us (0.0%)
[Performance] Application.Shutdown.RemoteShutdown                                                                            :        1 samples, Peak.   792 ns (1.0x), Avg.   792 ns, Total. 792.0 ns (0.0%)
[Performance] Application.Shutdown.CleanupVCProvider                                                                         :        1 samples, Peak.   632 us (1.0x), Avg.   632 us, Total. 631.8 us (0.0%)
[Performance] Application.Shutdown.InputShutdown                                                                             :        1 samples, Peak.   416 us (1.0x), Avg.   416 us, Total. 416.1 us (0.0%)
[Performance] Application.Shutdown.GizmoManagerDestroy                                                                       :        1 samples, Peak.   435 us (1.0x), Avg.   435 us, Total. 434.7 us (0.0%)
[Performance] Application.Shutdown.ProfilerSession                                                                           :        1 samples, Peak.   997 us (1.0x), Avg.   997 us, Total. 997.2 us (0.0%)
[Performance] Application.Shutdown.ReleaseGfxWindowOnAllGUIViews                                                             :        1 samples, Peak.   292 ns (1.0x), Avg.   292 ns, Total. 292.0 ns (0.0%)
[Performance] Application.Shutdown.CleanupEngine                                                                             :        1 samples, Peak.   187 ms (1.0x), Avg.   187 ms, Total. 187.5 ms (0.1%)
[Performance] Application.Shutdown.CleanupAssetDatabase                                                                      :        1 samples, Peak.  13.0 ms (1.0x), Avg.  13.0 ms, Total. 12.99 ms (0.0%)
[Performance] Application.Shutdown.ScriptCompilationCleanUp                                                                  :        1 samples, Peak.  14.4 us (1.0x), Avg.  14.4 us, Total. 14.38 us (0.0%)
[Performance] Application.Shutdown.DestroyJobSystem                                                                          :        1 samples, Peak.   603 us (1.0x), Avg.   603 us, Total. 603.1 us (0.0%)
[Performance] Application.Shutdown.CleanupPersistentManager                                                                  :        1 samples, Peak.  6.13 ms (1.0x), Avg.  6.13 ms, Total. 6.129 ms (0.0%)
[Performance] Application.Shutdown.CleanupAsyncReadManager                                                                   :        1 samples, Peak.   696 us (1.0x), Avg.   696 us, Total. 695.8 us (0.0%)
[Performance] Application.Shutdown.CleanupMono                                                                               :        1 samples, Peak.   289 ms (1.0x), Avg.   289 ms, Total. 289.4 ms (0.1%)
[Performance] Application.Shutdown.CleanupStdConverters                                                                      :        1 samples, Peak.  29.2 us (1.0x), Avg.  29.2 us, Total. 29.17 us (0.0%)
[Performance] Application.Shutdown.UnloadAllPlatformSupportModuleNativeDlls                                                  :        1 samples, Peak.  13.7 us (1.0x), Avg.  13.7 us, Total. 13.75 us (0.0%)
[Performance] Application.Shutdown.UnloadAllPlatformSupportNativeLibraries                                                   :        1 samples, Peak.  1.54 us (1.0x), Avg.  1.54 us, Total. 1.541 us (0.0%)
[Performance] Application.Shutdown.CleanupAutoDocumentation                                                                  :        1 samples, Peak.   148 us (1.0x), Avg.   148 us, Total. 148.3 us (0.0%)
[Performance] Application.Shutdown.ShaderNameManagerDestroy                                                                  :        1 samples, Peak.   231 us (1.0x), Avg.   231 us, Total. 231.2 us (0.0%)
[Performance] Application.Shutdown.CleanupCacheServer                                                                        :        1 samples, Peak.   125 ns (1.0x), Avg.   125 ns, Total. 125.0 ns (0.0%)
[Performance] Application.Shutdown.Virtualization_Shutdown                                                                   :        1 samples, Peak.   291 ns (1.0x), Avg.   291 ns, Total. 291.0 ns (0.0%)
[Performance] Application.Shutdown.DevConnections                                                                            :        1 samples, Peak.  75.8 us (1.0x), Avg.  75.8 us, Total. 75.75 us (0.0%)
[Package Manager] Server::Kill -- Server was shutdown
Checking for leaked weakptr:
  Found no leaked weakptrs.
Memory Statistics:
[ALLOC_TEMP_TLS] TLS Allocator
  StackAllocators : 
    [ALLOC_TEMP_CurlRequest]
      Initial Block Size 64.0 KB
      Current Block Size 64.0 KB
      Peak Allocated Bytes 0 B
      Overflow Count 0
    [ALLOC_TEMP_MAIN]
      Initial Block Size 16.0 MB
      Current Block Size 33.9 MB
      Peak Allocated Bytes 20.2 MB
      Overflow Count 0
    [ALLOC_TEMP_Background Job.Worker 8]
      Initial Block Size 32.0 KB
      Current Block Size 32.0 KB
      Peak Allocated Bytes 0 B
      Overflow Count 0
    [ALLOC_TEMP_Job.Worker 4]
      Initial Block Size 256.0 KB
      Current Block Size 1.0 MB
      Peak Allocated Bytes 1.0 MB
      Overflow Count 1
    [ALLOC_TEMP_BakingJobs.Worker 5]
      Initial Block Size 256.0 KB
      Current Block Size 256.0 KB
      Peak Allocated Bytes 0 B
      Overflow Count 0
    [ALLOC_TEMP_BakingJobs.Worker 10]
      Initial Block Size 256.0 KB
      Current Block Size 256.0 KB
      Peak Allocated Bytes 0 B
      Overflow Count 0
    [ALLOC_TEMP_Background Job.Worker 3]
      Initial Block Size 32.0 KB
      Current Block Size 32.0 KB
      Peak Allocated Bytes 0 B
      Overflow Count 0
    [ALLOC_TEMP_BatchDeleteObjects]
      Initial Block Size 64.0 KB
      Current Block Size 64.0 KB
      Peak Allocated Bytes 0 B
      Overflow Count 0
    [ALLOC_TEMP_Background Job.Worker 11]
      Initial Block Size 32.0 KB
      Current Block Size 32.0 KB
      Peak Allocated Bytes 0 B
      Overflow Count 0
    [ALLOC_TEMP_REST Message Handler]
      Initial Block Size 64.0 KB
      Current Block Size 64.0 KB
      Peak Allocated Bytes 0 B
      Overflow Count 0
    [ALLOC_TEMP_CoreBusinessMetricsCache]
      Initial Block Size 64.0 KB
      Current Block Size 64.0 KB
      Peak Allocated Bytes 8.0 KB
      Overflow Count 0
    [ALLOC_TEMP_AssetDatabase.IOService]
      Initial Block Size 64.0 KB
      Current Block Size 64.0 KB
      Peak Allocated Bytes 0 B
      Overflow Count 0
    [ALLOC_TEMP_Background Job.Worker 2]
      Initial Block Size 32.0 KB
      Current Block Size 32.0 KB
      Peak Allocated Bytes 108 B
      Overflow Count 0
    [ALLOC_TEMP_Job.Worker 10]
      Initial Block Size 256.0 KB
      Current Block Size 256.0 KB
      Peak Allocated Bytes 21.5 KB
      Overflow Count 1
    [ALLOC_TEMP_Loading.PreloadManager]
      Initial Block Size 32.0 MB
      Current Block Size 32.0 MB
      Peak Allocated Bytes 2.0 MB
      Overflow Count 0
    [ALLOC_TEMP_Profiler.Dispatcher]
      Initial Block Size 64.0 KB
      Current Block Size 64.0 KB
      Peak Allocated Bytes 0 B
      Overflow Count 0
    [ALLOC_TEMP_Job.Worker 3]
      Initial Block Size 256.0 KB
      Current Block Size 256.0 KB
      Peak Allocated Bytes 34.4 KB
      Overflow Count 0
    [ALLOC_TEMP_BakingJobs.Worker 7]
      Initial Block Size 256.0 KB
      Current Block Size 256.0 KB
      Peak Allocated Bytes 0 B
      Overflow Count 0
    [ALLOC_TEMP_Background Job.Worker 5]
      Initial Block Size 32.0 KB
      Current Block Size 32.0 KB
      Peak Allocated Bytes 0 B
      Overflow Count 0
    [ALLOC_TEMP_Background Job.Worker 13]
      Initial Block Size 32.0 KB
      Current Block Size 32.0 KB
      Peak Allocated Bytes 0 B
      Overflow Count 0
    [ALLOC_TEMP_Job.Worker 2]
      Initial Block Size 256.0 KB
      Current Block Size 1.0 MB
      Peak Allocated Bytes 1.0 MB
      Overflow Count 1
    [ALLOC_TEMP_BakingJobs.Worker 6]
      Initial Block Size 256.0 KB
      Current Block Size 256.0 KB
      Peak Allocated Bytes 0 B
      Overflow Count 0
    [ALLOC_TEMP_Job.Worker 0]
      Initial Block Size 256.0 KB
      Current Block Size 256.0 KB
      Peak Allocated Bytes 40.0 KB
      Overflow Count 0
    [ALLOC_TEMP_Job.Worker 5]
      Initial Block Size 256.0 KB
      Current Block Size 1.0 MB
      Peak Allocated Bytes 1.0 MB
      Overflow Count 1
    [ALLOC_TEMP_Job.Worker 6]
      Initial Block Size 256.0 KB
      Current Block Size 1.0 MB
      Peak Allocated Bytes 1.0 MB
      Overflow Count 1
    [ALLOC_TEMP_EnlightenWorker] x 3
      Initial Block Size 64.0 KB
      Current Block Size 64.0 KB
      Peak Allocated Bytes 0 B
      Overflow Count 0
    [ALLOC_TEMP_BakingJobs.Worker 8]
      Initial Block Size 256.0 KB
      Current Block Size 256.0 KB
      Peak Allocated Bytes 0 B
      Overflow Count 0
    [ALLOC_TEMP_Job.Worker 9]
      Initial Block Size 256.0 KB
      Current Block Size 256.0 KB
      Peak Allocated Bytes 31.9 KB
      Overflow Count 1
    [ALLOC_TEMP_Background Job.Worker 9]
      Initial Block Size 32.0 KB
      Current Block Size 32.0 KB
      Peak Allocated Bytes 0 B
      Overflow Count 0
    [ALLOC_TEMP_BakingJobs.Worker 1]
      Initial Block Size 256.0 KB
      Current Block Size 1.0 MB
      Peak Allocated Bytes 1.0 MB
      Overflow Count 1
    [ALLOC_TEMP_Loading.AsyncRead]
      Initial Block Size 64.0 KB
      Current Block Size 64.0 KB
      Peak Allocated Bytes 128 B
      Overflow Count 0
    [ALLOC_TEMP_Background Job.Worker 10]
      Initial Block Size 32.0 KB
      Current Block Size 32.0 KB
      Peak Allocated Bytes 0 B
      Overflow Count 0
    [ALLOC_TEMP_Background Job.Worker 6]
      Initial Block Size 32.0 KB
      Current Block Size 32.0 KB
      Peak Allocated Bytes 0 B
      Overflow Count 0
    [ALLOC_TEMP_BakingJobs.Worker 9]
      Initial Block Size 256.0 KB
      Current Block Size 256.0 KB
      Peak Allocated Bytes 0 B
      Overflow Count 0
    [ALLOC_TEMP_Background Job.Worker 1]
      Initial Block Size 32.0 KB
      Current Block Size 256.0 KB
      Peak Allocated Bytes 139.9 KB
      Overflow Count 353
    [ALLOC_TEMP_BakingJobs.Worker 11]
      Initial Block Size 256.0 KB
      Current Block Size 256.0 KB
      Peak Allocated Bytes 0 B
      Overflow Count 0
    [ALLOC_TEMP_OSX HID Input]
      Initial Block Size 64.0 KB
      Current Block Size 64.0 KB
      Peak Allocated Bytes 0 B
      Overflow Count 0
    [ALLOC_TEMP_AUDIO_FMOD stream thread]
      Initial Block Size 64.0 KB
      Current Block Size 64.0 KB
      Peak Allocated Bytes 0 B
      Overflow Count 0
    [ALLOC_TEMP_BakingJobs.Worker 2]
      Initial Block Size 256.0 KB
      Current Block Size 256.0 KB
      Peak Allocated Bytes 0 B
      Overflow Count 0
    [ALLOC_TEMP_Background Job.Worker 7]
      Initial Block Size 32.0 KB
      Current Block Size 32.0 KB
      Peak Allocated Bytes 0 B
      Overflow Count 0
    [ALLOC_TEMP_Job.Worker 8]
      Initial Block Size 256.0 KB
      Current Block Size 1.0 MB
      Peak Allocated Bytes 1.0 MB
      Overflow Count 1
    [ALLOC_TEMP_Job.Worker 1]
      Initial Block Size 256.0 KB
      Current Block Size 1.0 MB
      Peak Allocated Bytes 1.0 MB
      Overflow Count 1
    [ALLOC_TEMP_BakingJobs.Worker 0]
      Initial Block Size 256.0 KB
      Current Block Size 256.0 KB
      Peak Allocated Bytes 0 B
      Overflow Count 0
    [ALLOC_TEMP_BakingJobs.Worker 3]
      Initial Block Size 256.0 KB
      Current Block Size 256.0 KB
      Peak Allocated Bytes 0 B
      Overflow Count 0
    [ALLOC_TEMP_EditorTaskManager]
      Initial Block Size 64.0 KB
      Current Block Size 80.0 KB
      Peak Allocated Bytes 64.0 KB
      Overflow Count 0
    [ALLOC_TEMP_Background Job.Worker 15]
      Initial Block Size 32.0 KB
      Current Block Size 32.0 KB
      Peak Allocated Bytes 0 B
      Overflow Count 0
    [ALLOC_TEMP_BakingJobs.Worker 4]
      Initial Block Size 256.0 KB
      Current Block Size 256.0 KB
      Peak Allocated Bytes 0 B
      Overflow Count 0
    [ALLOC_TEMP_Background Job.Worker 12]
      Initial Block Size 32.0 KB
      Current Block Size 32.0 KB
      Peak Allocated Bytes 0 B
      Overflow Count 0
    [ALLOC_TEMP_HTTP REST Server]
      Initial Block Size 64.0 KB
      Current Block Size 64.0 KB
      Peak Allocated Bytes 70 B
      Overflow Count 0
    [ALLOC_TEMP_AssetGarbageCollectorHelper] x 11
      Initial Block Size 64.0 KB
      Current Block Size 64.0 KB
      Peak Allocated Bytes 0 B
      Overflow Count 0
    [ALLOC_TEMP_Background Job.Worker 0]
      Initial Block Size 32.0 KB
      Current Block Size 32.0 KB
      Peak Allocated Bytes 0 B
      Overflow Count 0
    [ALLOC_TEMP_AUDIO_Audio Mixer Thread]
      Initial Block Size 64.0 KB
      Current Block Size 64.0 KB
      Peak Allocated Bytes 0 B
      Overflow Count 0
    [ALLOC_TEMP_Background Job.Worker 4]
      Initial Block Size 32.0 KB
      Current Block Size 32.0 KB
      Peak Allocated Bytes 0 B
      Overflow Count 0
    [ALLOC_TEMP_Background Job.Worker 14]
      Initial Block Size 32.0 KB
      Current Block Size 32.0 KB
      Peak Allocated Bytes 0 B
      Overflow Count 0
    [ALLOC_TEMP_Job.Worker 7]
      Initial Block Size 256.0 KB
      Current Block Size 1.0 MB
      Peak Allocated Bytes 1.0 MB
      Overflow Count 1
    [ALLOC_TEMP_CloudJob.Worker 0]
      Initial Block Size 32.0 KB
      Current Block Size 96.0 KB
      Peak Allocated Bytes 58.9 KB
      Overflow Count 0
[ALLOC_MEMORYPROFILER]
  Requested Block Size 1.0 MB
  Peak Block count 3
  Peak Allocated memory 1.5 MB
  Peak Large allocation bytes 0 B
[ALLOC_DEFAULT] Dual Thread Allocator
  Peak main deferred allocation count 308
    [ALLOC_BUCKET]
      Large Block size 32.0 MB
      Used Block count 1
      Peak Allocated bytes 15.1 MB
    [ALLOC_DEFAULT_MAIN]
      Requested Block Size 16.0 MB
      Peak Block count 13
      Peak Allocated memory 272.6 MB
      Peak Large allocation bytes 72.2 MB
    [ALLOC_DEFAULT_THREAD]
      Requested Block Size 16.0 MB
      Peak Block count 2
      Peak Allocated memory 80.2 MB
      Peak Large allocation bytes 80.2 MB
[ALLOC_TEMP_JOB_1_FRAME]
  Initial Block Size 2.0 MB
  Used Block Count 0
  Overflow Count (too large) 0
  Overflow Count (full) 0
[ALLOC_TEMP_JOB_2_FRAMES]
  Initial Block Size 2.0 MB
  Used Block Count 0
  Overflow Count (too large) 0
  Overflow Count (full) 0
[ALLOC_TEMP_JOB_4_FRAMES (JobTemp)]
  Initial Block Size 2.0 MB
  Used Block Count 1
  Overflow Count (too large) 0
  Overflow Count (full) 0
[ALLOC_TEMP_JOB_ASYNC (Background)]
  Initial Block Size 1.0 MB
  Used Block Count 1
  Overflow Count (too large) 5
  Overflow Count (full) 0
[ALLOC_GFX] Dual Thread Allocator
  Peak main deferred allocation count 438
    [ALLOC_BUCKET]
      Large Block size 32.0 MB
      Used Block count 1
      Peak Allocated bytes 15.1 MB
    [ALLOC_GFX_MAIN]
      Requested Block Size 16.0 MB
      Peak Block count 12
      Peak Allocated memory 178.9 MB
      Peak Large allocation bytes 0 B
    [ALLOC_GFX_THREAD]
      Requested Block Size 16.0 MB
      Peak Block count 1
      Peak Allocated memory 134.8 KB
      Peak Large allocation bytes 0 B
[ALLOC_CACHEOBJECTS] Dual Thread Allocator
  Peak main deferred allocation count 3987
    [ALLOC_BUCKET]
      Large Block size 32.0 MB
      Used Block count 1
      Peak Allocated bytes 15.1 MB
    [ALLOC_CACHEOBJECTS_MAIN]
      Requested Block Size 4.0 MB
      Peak Block count 37
      Peak Allocated memory 447.7 MB
      Peak Large allocation bytes 402.6 MB
    [ALLOC_CACHEOBJECTS_THREAD]
      Requested Block Size 4.0 MB
      Peak Block count 1
      Peak Allocated memory 0.9 MB
      Peak Large allocation bytes 0 B
[ALLOC_TYPETREE] Dual Thread Allocator
  Peak main deferred allocation count 4537
    [ALLOC_BUCKET]
      Large Block size 32.0 MB
      Used Block count 1
      Peak Allocated bytes 15.1 MB
    [ALLOC_TYPETREE_MAIN]
      Requested Block Size 2.0 MB
      Peak Block count 23
      Peak Allocated memory 41.9 MB
      Peak Large allocation bytes 0 B
    [ALLOC_TYPETREE_THREAD]
      Requested Block Size 2.0 MB
      Peak Block count 1
      Peak Allocated memory 0.6 MB
      Peak Large allocation bytes 0 B
[ALLOC_PROFILER]
  Requested Block Size 16.0 MB
  Peak Block count 1
  Peak Allocated memory 0.5 MB
  Peak Large allocation bytes 0 B
    [ALLOC_PROFILER_BUCKET]
      Large Block size 32.0 MB
      Used Block count 1
      Peak Allocated bytes 12.1 KB
[ALLOC_PROFILER_EDITOR]
  Requested Block Size 1.0 MB
  Peak Block count 0
  Peak Allocated memory 0 B
  Peak Large allocation bytes 0 B
    [ALLOC_PROFILER_BUCKET]
      Large Block size 32.0 MB
      Used Block count 1
      Peak Allocated bytes 12.1 KB
##utp:{"type":"MemoryLeaks","version":2,"phase":"Immediate","time":1786266830343,"processId":62657,"allocatedMemory":28469620,"memoryLabels":[{"Default":19935},{"Permanent":15536},{"Thread":1083748},{"Manager":32799},{"VertexData":12},{"Geometry":280},{"Texture":328},{"Shader":68410},{"Material":24},{"GfxDevice":38308},{"Animation":312},{"Audio":3904},{"FontEngine":288},{"Physics":513},{"Serialization":676},{"Input":9248},{"JobScheduler":40824},{"Mono":40},{"ScriptingNativeRuntime":192016},{"BaseObject":1627212},{"Resource":952},{"Renderer":2312},{"Transform":24},{"File":3649},{"WebCam":40},{"Culling":40},{"Terrain":1025},{"Wind":24},{"String":20706},{"DynamicArray":124677},{"HashMap":132401},{"Utility":2660942},{"Curl":1056},{"PoolAlloc":1496},{"AI":72},{"TypeTree":5061},{"ScriptManager":640},{"RuntimeInitializeOnLoadManager":80},{"SpriteAtlas":128},{"GI":3736},{"Director":7880},{"CloudService":1528},{"WebRequest":816},{"VR":45705},{"SceneManager":576},{"Video":1096},{"LazyScriptCache":40},{"NativeArray":12},{"Camera":25},{"Secure":10425},{"SerializationCache":1576},{"APIUpdating":11856},{"Subsystems":392},{"VirtualTexturing":57512},{"StaticSafetyDebugInfo":327680},{"Baselib":16},{"EditorGui":80},{"EditorUtility":11337},{"VersionControl":4},{"Undo":720},{"AssetDatabase":21845059},{"RestService":1310},{"EditorGi":376},{"ProgressiveLightmapper":2728},{"License":3584},{"UnityConnect":25496},{"Collab":1325},{"Upm":1872},{"DrivenProperties":96},{"LocalIPC":222},{"ProfilerEditor":10975},{"CoreBusinessMetrics":3747},{"AssetReference":40},{"IPCStream":40}]}
