Unity Editor version:    2022.3.62f2 (7670c08855a9)
Branch:                  2022.3/respin/2022.3.62f2-4af31df585-v2
Build type:              Release
Batch mode:              YES
macOS version:           Version 26.3.1 (Build 25D2128)
Darwin version:          25.3.0
Architecture:            arm64
Running under Rosetta:   NO
Available memory:        16384 MB
[Licensing::Module] Trying to connect to existing licensing client channel...
[Licensing::IpcConnector] Successfully connected to: "LicenseClient-jangyoung" at "2026-08-09T09:50:21.261938Z"
[Licensing::Client] Code 10 while verifying Licensing Client signature (process Id: 46180, path: "/Applications/Unity/Hub/Editor/6000.5.6f1/Unity.app/Contents/Helpers/UnityLicensingClient.app/Contents/MacOS/Unity.Licensing.Client")
[Licensing::Module] LicensingClient has failed validation; ignoring
[Licensing::Client] Handshaking with LicensingClient:
  Version:                 1.18.1+9fbee8e
  Session Id:              71cea35bdec948038c8412d3beefc16d
  Correlation Id:          b687cf14460936fcfe7adcffd2fa98ba
  External correlation Id: 735133412588722272
  Machine Id:              GDFq97hyJBwslTnyqVIUvhYydXg=
[Licensing::Module] Successfully connected to LicensingClient on channel: "LicenseClient-jangyoung" (connect: 0.00s, validation: 0.01s, handshake: 0.28s)
[Licensing::IpcConnector] Successfully connected to: "LicenseClient-jangyoung-notifications" at "2026-08-09T09:50:21.555214Z"
[Licensing::Module] Error: Access token is unavailable; failed to update
[Licensing::Client] Successfully updated license
[Licensing::Client] Successfully resolved entitlement details
[Licensing::Module] Serial number assigned to: "4513980-UnityPersXXXX"
Pro License: NO
[Licensing::Client] Successfully resolved entitlement details
Launching external process: /Applications/Unity/Hub/Editor/2022.3.62f2/Unity.app/Contents/Resources/PackageManager/Server/UnityPackageManager

COMMAND LINE ARGUMENTS:
/Applications/Unity/Hub/Editor/2022.3.62f2/Unity.app/Contents/MacOS/Unity
-batchmode
-nographics
-projectPath
.
-runTests
-testPlatform
PlayMode
-testFilter
CastleBusters.Tests.RuntimeReliabilityRegressionTests.ExplosiveGimmick_TemporaryPotency_RestoresPermanentBaselineWithoutCompounding;CastleBusters.Tests.RuntimeReliabilityRegressionTests.DeploymentController_TryDeploy_PaidBarrelArmsFuseAndDetonatesWithoutWalkingOrAttacking
-testResults
./_workspace/current/qa/evidence/focused-gameplay-parity-playmode.xml
-logFile
./_workspace/current/qa/evidence/focused-gameplay-parity-playmode.log
Successfully changed project path to: /Users/jangyoung/orca/Abyssal-Surge
/Users/jangyoung/orca/Abyssal-Surge
[UnityMemory] Configuration Parameters - Can be set up in boot.config
    "memorysetup-bucket-allocator-granularity=16"
    "memorysetup-bucket-allocator-bucket-count=8"
    "memorysetup-bucket-allocator-block-size=33554432"
    "memorysetup-bucket-allocator-block-count=8"
    "memorysetup-main-allocator-block-size=16777216"
    "memorysetup-thread-allocator-block-size=16777216"
    "memorysetup-gfx-main-allocator-block-size=16777216"
    "memorysetup-gfx-thread-allocator-block-size=16777216"
    "memorysetup-cache-allocator-block-size=4194304"
    "memorysetup-typetree-allocator-block-size=2097152"
    "memorysetup-profiler-bucket-allocator-granularity=16"
    "memorysetup-profiler-bucket-allocator-bucket-count=8"
    "memorysetup-profiler-bucket-allocator-block-size=33554432"
    "memorysetup-profiler-bucket-allocator-block-count=8"
    "memorysetup-profiler-allocator-block-size=16777216"
    "memorysetup-profiler-editor-allocator-block-size=1048576"
    "memorysetup-temp-allocator-size-main=16777216"
    "memorysetup-job-temp-allocator-block-size=2097152"
    "memorysetup-job-temp-allocator-block-size-background=1048576"
    "memorysetup-job-temp-allocator-reduction-small-platforms=262144"
    "memorysetup-allocator-temp-initial-block-size-main=262144"
    "memorysetup-allocator-temp-initial-block-size-worker=262144"
    "memorysetup-temp-allocator-size-background-worker=32768"
    "memorysetup-temp-allocator-size-job-worker=262144"
    "memorysetup-temp-allocator-size-preload-manager=33554432"
    "memorysetup-temp-allocator-size-nav-mesh-worker=65536"
    "memorysetup-temp-allocator-size-audio-worker=65536"
    "memorysetup-temp-allocator-size-cloud-worker=32768"
    "memorysetup-temp-allocator-size-gi-baking-worker=262144"
    "memorysetup-temp-allocator-size-gfx=262144"
Player connection [8291234048]  Target information:

Player connection [8291234048]  * "[IP] 192.168.219.124 [Port] 55504 [Flags] 2 [Guid] 911759365 [EditorId] 911759365 [Version] 1048832 [Id] OSXEditor(0,MacBook-Pro-2.local) [Debug] 1 [PackageName] OSXEditor [ProjectName] Editor" 

Player connection [8291234048] Host joined multi-casting on [225.0.0.222:54997]...
Player connection [8291234048] Host joined alternative multi-casting on [225.0.0.222:34997]...
Input System module state changed to: Initialized.
[PhysX] Initialized MultithreadedTaskDispatcher with 12 workers.
[Package Manager] UpmClient::Connect -- Connected to IPC stream "Upm-90780" after 0.6 seconds.
[Package Manager] Restoring resolved packages state from cache
[Licensing::Client] Successfully resolved entitlement details
[Package Manager] Registered 73 packages:
  Packages from [https://package.openupm.com]:
    com.ivanmurzak.unity.mcp@0.87.0 (location: /Users/jangyoung/orca/Abyssal-Surge/Library/PackageCache/com.ivanmurzak.unity.mcp@0.87.0)
    com.ivanmurzak.unity.mcp.animation@1.2.25 (location: /Users/jangyoung/orca/Abyssal-Surge/Library/PackageCache/com.ivanmurzak.unity.mcp.animation@1.2.25)
    com.ivanmurzak.unity.mcp.cinemachine@1.0.11 (location: /Users/jangyoung/orca/Abyssal-Surge/Library/PackageCache/com.ivanmurzak.unity.mcp.cinemachine@1.0.11)
    com.ivanmurzak.unity.mcp.inputsystem@1.0.11 (location: /Users/jangyoung/orca/Abyssal-Surge/Library/PackageCache/com.ivanmurzak.unity.mcp.inputsystem@1.0.11)
    com.ivanmurzak.unity.mcp.navigation@1.0.11 (location: /Users/jangyoung/orca/Abyssal-Surge/Library/PackageCache/com.ivanmurzak.unity.mcp.navigation@1.0.11)
    com.ivanmurzak.unity.mcp.particlesystem@1.2.25 (location: /Users/jangyoung/orca/Abyssal-Surge/Library/PackageCache/com.ivanmurzak.unity.mcp.particlesystem@1.2.25)
    com.ivanmurzak.unity.mcp.probuilder@1.2.25 (location: /Users/jangyoung/orca/Abyssal-Surge/Library/PackageCache/com.ivanmurzak.unity.mcp.probuilder@1.2.25)
    com.ivanmurzak.unity.mcp.splines@1.0.10 (location: /Users/jangyoung/orca/Abyssal-Surge/Library/PackageCache/com.ivanmurzak.unity.mcp.splines@1.0.10)
    com.ivanmurzak.unity.mcp.terrain@1.0.11 (location: /Users/jangyoung/orca/Abyssal-Surge/Library/PackageCache/com.ivanmurzak.unity.mcp.terrain@1.0.11)
    com.ivanmurzak.unity.mcp.tilemap@1.0.10 (location: /Users/jangyoung/orca/Abyssal-Surge/Library/PackageCache/com.ivanmurzak.unity.mcp.tilemap@1.0.10)
    com.ivanmurzak.unity.mcp.timeline@1.0.11 (location: /Users/jangyoung/orca/Abyssal-Surge/Library/PackageCache/com.ivanmurzak.unity.mcp.timeline@1.0.11)
    extensions.unity.playerprefsex@2.1.5 (location: /Users/jangyoung/orca/Abyssal-Surge/Library/PackageCache/extensions.unity.playerprefsex@2.1.5)
  Packages from [https://packages.unity.com]:
    com.unity.2d.pixel-perfect@5.1.1 (location: /Users/jangyoung/orca/Abyssal-Surge/Library/PackageCache/com.unity.2d.pixel-perfect@5.1.1)
    com.unity.2d.tilemap.extras@3.1.3 (location: /Users/jangyoung/orca/Abyssal-Surge/Library/PackageCache/com.unity.2d.tilemap.extras@3.1.3)
    com.unity.collab-proxy@2.12.4 (location: /Users/jangyoung/orca/Abyssal-Surge/Library/PackageCache/com.unity.collab-proxy@2.12.4)
    com.unity.ide.rider@3.0.36 (location: /Users/jangyoung/orca/Abyssal-Surge/Library/PackageCache/com.unity.ide.rider@3.0.36)
    com.unity.ide.visualstudio@2.0.22 (location: /Users/jangyoung/orca/Abyssal-Surge/Library/PackageCache/com.unity.ide.visualstudio@2.0.22)
    com.unity.ide.vscode@1.2.5 (location: /Users/jangyoung/orca/Abyssal-Surge/Library/PackageCache/com.unity.ide.vscode@1.2.5)
    com.unity.purchasing@5.4.1 (location: /Users/jangyoung/orca/Abyssal-Surge/Library/PackageCache/com.unity.purchasing@5.4.1)
    com.unity.test-framework@1.1.33 (location: /Users/jangyoung/orca/Abyssal-Surge/Library/PackageCache/com.unity.test-framework@1.1.33)
    com.unity.textmeshpro@3.0.7 (location: /Users/jangyoung/orca/Abyssal-Surge/Library/PackageCache/com.unity.textmeshpro@3.0.7)
    com.unity.visualscripting@1.9.4 (location: /Users/jangyoung/orca/Abyssal-Surge/Library/PackageCache/com.unity.visualscripting@1.9.4)
    com.unity.ext.nunit@1.0.6 (location: /Users/jangyoung/orca/Abyssal-Surge/Library/PackageCache/com.unity.ext.nunit@1.0.6)
    com.unity.mathematics@1.2.6 (location: /Users/jangyoung/orca/Abyssal-Surge/Library/PackageCache/com.unity.mathematics@1.2.6)
    com.unity.burst@1.8.21 (location: /Users/jangyoung/orca/Abyssal-Surge/Library/PackageCache/com.unity.burst@1.8.21)
    com.unity.services.core@1.18.0 (location: /Users/jangyoung/orca/Abyssal-Surge/Library/PackageCache/com.unity.services.core@1.18.0)
    com.unity.timeline@1.8.12 (location: /Users/jangyoung/orca/Abyssal-Surge/Library/PackageCache/com.unity.timeline@1.8.12)
    com.unity.splines@2.8.4 (location: /Users/jangyoung/orca/Abyssal-Surge/Library/PackageCache/com.unity.splines@2.8.4)
    com.unity.probuilder@5.2.4 (location: /Users/jangyoung/orca/Abyssal-Surge/Library/PackageCache/com.unity.probuilder@5.2.4)
    com.unity.ai.navigation@1.1.7 (location: /Users/jangyoung/orca/Abyssal-Surge/Library/PackageCache/com.unity.ai.navigation@1.1.7)
    com.unity.inputsystem@1.14.0 (location: /Users/jangyoung/orca/Abyssal-Surge/Library/PackageCache/com.unity.inputsystem@1.14.0)
    com.unity.cinemachine@3.1.6 (location: /Users/jangyoung/orca/Abyssal-Surge/Library/PackageCache/com.unity.cinemachine@3.1.6)
    com.unity.searcher@4.9.2 (location: /Users/jangyoung/orca/Abyssal-Surge/Library/PackageCache/com.unity.searcher@4.9.2)
    com.unity.nuget.newtonsoft-json@3.2.2 (location: /Users/jangyoung/orca/Abyssal-Surge/Library/PackageCache/com.unity.nuget.newtonsoft-json@3.2.2)
    com.unity.settings-manager@2.1.0 (location: /Users/jangyoung/orca/Abyssal-Surge/Library/PackageCache/com.unity.settings-manager@2.1.0)
  Built-in packages:
    com.unity.render-pipelines.universal@14.0.12 (location: /Users/jangyoung/orca/Abyssal-Surge/Library/PackageCache/com.unity.render-pipelines.universal@14.0.12)
    com.unity.ugui@1.0.0 (location: /Users/jangyoung/orca/Abyssal-Surge/Library/PackageCache/com.unity.ugui@1.0.0)
    com.unity.modules.ai@1.0.0 (location: /Users/jangyoung/orca/Abyssal-Surge/Library/PackageCache/com.unity.modules.ai@1.0.0)
    com.unity.modules.androidjni@1.0.0 (location: /Users/jangyoung/orca/Abyssal-Surge/Library/PackageCache/com.unity.modules.androidjni@1.0.0)
    com.unity.modules.animation@1.0.0 (location: /Users/jangyoung/orca/Abyssal-Surge/Library/PackageCache/com.unity.modules.animation@1.0.0)
    com.unity.modules.assetbundle@1.0.0 (location: /Users/jangyoung/orca/Abyssal-Surge/Library/PackageCache/com.unity.modules.assetbundle@1.0.0)
    com.unity.modules.audio@1.0.0 (location: /Users/jangyoung/orca/Abyssal-Surge/Library/PackageCache/com.unity.modules.audio@1.0.0)
    com.unity.modules.cloth@1.0.0 (location: /Users/jangyoung/orca/Abyssal-Surge/Library/PackageCache/com.unity.modules.cloth@1.0.0)
    com.unity.modules.director@1.0.0 (location: /Users/jangyoung/orca/Abyssal-Surge/Library/PackageCache/com.unity.modules.director@1.0.0)
    com.unity.modules.imageconversion@1.0.0 (location: /Users/jangyoung/orca/Abyssal-Surge/Library/PackageCache/com.unity.modules.imageconversion@1.0.0)
    com.unity.modules.imgui@1.0.0 (location: /Users/jangyoung/orca/Abyssal-Surge/Library/PackageCache/com.unity.modules.imgui@1.0.0)
    com.unity.modules.jsonserialize@1.0.0 (location: /Users/jangyoung/orca/Abyssal-Surge/Library/PackageCache/com.unity.modules.jsonserialize@1.0.0)
    com.unity.modules.particlesystem@1.0.0 (location: /Users/jangyoung/orca/Abyssal-Surge/Library/PackageCache/com.unity.modules.particlesystem@1.0.0)
    com.unity.modules.physics@1.0.0 (location: /Users/jangyoung/orca/Abyssal-Surge/Library/PackageCache/com.unity.modules.physics@1.0.0)
    com.unity.modules.physics2d@1.0.0 (location: /Users/jangyoung/orca/Abyssal-Surge/Library/PackageCache/com.unity.modules.physics2d@1.0.0)
    com.unity.modules.screencapture@1.0.0 (location: /Users/jangyoung/orca/Abyssal-Surge/Library/PackageCache/com.unity.modules.screencapture@1.0.0)
    com.unity.modules.terrain@1.0.0 (location: /Users/jangyoung/orca/Abyssal-Surge/Library/PackageCache/com.unity.modules.terrain@1.0.0)
    com.unity.modules.terrainphysics@1.0.0 (location: /Users/jangyoung/orca/Abyssal-Surge/Library/PackageCache/com.unity.modules.terrainphysics@1.0.0)
    com.unity.modules.tilemap@1.0.0 (location: /Users/jangyoung/orca/Abyssal-Surge/Library/PackageCache/com.unity.modules.tilemap@1.0.0)
    com.unity.modules.ui@1.0.0 (location: /Users/jangyoung/orca/Abyssal-Surge/Library/PackageCache/com.unity.modules.ui@1.0.0)
    com.unity.modules.uielements@1.0.0 (location: /Users/jangyoung/orca/Abyssal-Surge/Library/PackageCache/com.unity.modules.uielements@1.0.0)
    com.unity.modules.umbra@1.0.0 (location: /Users/jangyoung/orca/Abyssal-Surge/Library/PackageCache/com.unity.modules.umbra@1.0.0)
    com.unity.modules.unityanalytics@1.0.0 (location: /Users/jangyoung/orca/Abyssal-Surge/Library/PackageCache/com.unity.modules.unityanalytics@1.0.0)
    com.unity.modules.unitywebrequest@1.0.0 (location: /Users/jangyoung/orca/Abyssal-Surge/Library/PackageCache/com.unity.modules.unitywebrequest@1.0.0)
    com.unity.modules.unitywebrequestassetbundle@1.0.0 (location: /Users/jangyoung/orca/Abyssal-Surge/Library/PackageCache/com.unity.modules.unitywebrequestassetbundle@1.0.0)
    com.unity.modules.unitywebrequestaudio@1.0.0 (location: /Users/jangyoung/orca/Abyssal-Surge/Library/PackageCache/com.unity.modules.unitywebrequestaudio@1.0.0)
    com.unity.modules.unitywebrequesttexture@1.0.0 (location: /Users/jangyoung/orca/Abyssal-Surge/Library/PackageCache/com.unity.modules.unitywebrequesttexture@1.0.0)
    com.unity.modules.unitywebrequestwww@1.0.0 (location: /Users/jangyoung/orca/Abyssal-Surge/Library/PackageCache/com.unity.modules.unitywebrequestwww@1.0.0)
    com.unity.modules.vehicles@1.0.0 (location: /Users/jangyoung/orca/Abyssal-Surge/Library/PackageCache/com.unity.modules.vehicles@1.0.0)
    com.unity.modules.video@1.0.0 (location: /Users/jangyoung/orca/Abyssal-Surge/Library/PackageCache/com.unity.modules.video@1.0.0)
    com.unity.modules.vr@1.0.0 (location: /Users/jangyoung/orca/Abyssal-Surge/Library/PackageCache/com.unity.modules.vr@1.0.0)
    com.unity.modules.wind@1.0.0 (location: /Users/jangyoung/orca/Abyssal-Surge/Library/PackageCache/com.unity.modules.wind@1.0.0)
    com.unity.modules.xr@1.0.0 (location: /Users/jangyoung/orca/Abyssal-Surge/Library/PackageCache/com.unity.modules.xr@1.0.0)
    com.unity.modules.subsystems@1.0.0 (location: /Users/jangyoung/orca/Abyssal-Surge/Library/PackageCache/com.unity.modules.subsystems@1.0.0)
    com.unity.render-pipelines.core@14.0.12 (location: /Users/jangyoung/orca/Abyssal-Surge/Library/PackageCache/com.unity.render-pipelines.core@14.0.12)
    com.unity.shadergraph@14.0.12 (location: /Users/jangyoung/orca/Abyssal-Surge/Library/PackageCache/com.unity.shadergraph@14.0.12)
    com.unity.render-pipelines.universal-config@14.0.10 (location: /Users/jangyoung/orca/Abyssal-Surge/Library/PackageCache/com.unity.render-pipelines.universal-config@14.0.10)
    com.unity.2d.tilemap@1.0.0 (location: /Users/jangyoung/orca/Abyssal-Surge/Library/PackageCache/com.unity.2d.tilemap@1.0.0)
[Subsystems] No new subsystems found in resolved package list.
Package Manager log level set to [2]
[Package Manager] Done registering packages in 0.13 seconds
Refreshing native plugins compatible for Editor in 56.50 ms, found 3 plugins.
Preloading 0 native plugins for Editor in 0.00 ms.
Initialize engine version: 2022.3.62f2 (7670c08855a9)
[Subsystems] Discovering subsystems at path /Applications/Unity/Hub/Editor/2022.3.62f2/Unity.app/Contents/Resources/UnitySubsystems
[Subsystems] Discovering subsystems at path /Users/jangyoung/orca/Abyssal-Surge/Assets
Forcing GfxDevice: Null
GfxDevice: creating device client; threaded=0; jobified=0
NullGfxDevice:
    Version:  NULL 1.0 [1.0]
    Renderer: Null Device
    Vendor:   Unity Technologies
Shader Hidden/ProbeVolume/VoxelizeScene is not supported: GPU does not support conservative rasterization
[Licensing::Client] Successfully resolved entitlement details
Initialize mono
Mono path[0] = '/Applications/Unity/Hub/Editor/2022.3.62f2/Unity.app/Contents/Managed'
Mono path[1] = '/Applications/Unity/Hub/Editor/2022.3.62f2/Unity.app/Contents/MonoBleedingEdge/lib/mono/unityjit-macos'
Mono config path = '/Applications/Unity/Hub/Editor/2022.3.62f2/Unity.app/Contents/MonoBleedingEdge/etc'
Using monoOptions --debugger-agent=transport=dt_socket,embedding=1,server=y,suspend=n,address=127.0.0.1:56780
Using cacheserver namespaces - metadata:defaultmetadata, artifacts:defaultartifacts
Using cacheserver namespaces - metadata:defaultmetadata, artifacts:defaultartifacts
ImportWorker Server TCP listen port: 0
Begin MonoManager ReloadAssembly
Registering precompiled unity dll's ...
Register platform support module: /Applications/Unity/Hub/Editor/2022.3.62f2/PlaybackEngines/WebGLSupport/UnityEditor.WebGL.Extensions.dll
Register platform support module: /Applications/Unity/Hub/Editor/2022.3.62f2/Unity.app/Contents/PlaybackEngines/MacStandaloneSupport/UnityEditor.OSXStandalone.Extensions.dll
Registered in 0.002240 seconds.
- Loaded All Assemblies, in  0.257 seconds
Native extension for OSXStandalone target not found
Native extension for WebGL target not found
Mono: successfully reloaded assembly
- Finished resetting the current domain, in  0.150 seconds
Domain Reload Profiling: 408ms
	BeginReloadAssembly (91ms)
		ExecutionOrderSort (0ms)
		DisableScriptedObjects (0ms)
		BackupInstance (0ms)
		ReleaseScriptingObjects (0ms)
		CreateAndSetChildDomain (0ms)
	RebuildCommonClasses (27ms)
	RebuildNativeTypeToScriptingClass (8ms)
	initialDomainReloadingComplete (32ms)
	LoadAllAssembliesAndSetupDomain (100ms)
		LoadAssemblies (91ms)
		RebuildTransferFunctionScriptingTraits (0ms)
		AnalyzeDomain (98ms)
			TypeCache.Refresh (96ms)
				TypeCache.ScanAssembly (84ms)
			ScanForSourceGeneratedMonoScriptInfo (0ms)
			ResolveRequiredComponents (1ms)
	FinalizeReload (151ms)
		ReleaseScriptCaches (0ms)
		RebuildScriptCaches (0ms)
		SetupLoadedEditorAssemblies (121ms)
			LogAssemblyErrors (0ms)
			InitializePlatformSupportModulesInManaged (6ms)
			SetLoadedEditorAssemblies (3ms)
			RefreshPlugins (0ms)
			BeforeProcessingInitializeOnLoad (1ms)
			ProcessInitializeOnLoadAttributes (84ms)
			ProcessInitializeOnLoadMethodAttributes (27ms)
			AfterProcessingInitializeOnLoad (0ms)
			EditorAssembliesLoaded (0ms)
		ExecutionOrderSort2 (0ms)
		AwakeInstancesAfterBackupRestoration (0ms)
[Licensing::Client] Successfully resolved entitlement details
Application.AssetDatabase Initial Refresh Start
Assembly reference Packages/com.unity.cinemachine/Editor/Samples/ExposeHDRPInternals/HDRP-Editor-ref.asmref has no target assembly definition
Assembly reference Packages/com.unity.cinemachine/Editor/Samples/ExposeHDRPInternals/HDRP-Editor-ref.asmref has no target assembly definition
[40m[32minfo[39m[22m[49m: Microsoft.Hosting.Lifetime[14]
      Now listening on: http://unix:/tmp/ilpp.sock-37085d6b862dd5a1fa1750a0d3c18b89
[40m[32minfo[39m[22m[49m: Microsoft.Hosting.Lifetime[0]
      Application started. Press Ctrl+C to shut down.
[40m[32minfo[39m[22m[49m: Microsoft.Hosting.Lifetime[0]
      Hosting environment: Production
[40m[32minfo[39m[22m[49m: Microsoft.Hosting.Lifetime[0]
      Content root path: /Users/jangyoung/orca/Abyssal-Surge/
[40m[32minfo[39m[22m[49m: Microsoft.AspNetCore.Hosting.Diagnostics[1]
      Request starting HTTP/2 POST http://ilpp/UnityILPP.PostProcessing/Ping application/grpc -
[40m[32minfo[39m[22m[49m: Microsoft.AspNetCore.Routing.EndpointMiddleware[0]
      Executing endpoint 'gRPC - /UnityILPP.PostProcessing/Ping'
[40m[32minfo[39m[22m[49m: Microsoft.AspNetCore.Routing.EndpointMiddleware[1]
      Executed endpoint 'gRPC - /UnityILPP.PostProcessing/Ping'
[40m[32minfo[39m[22m[49m: Microsoft.AspNetCore.Hosting.Diagnostics[2]
      Request finished HTTP/2 POST http://ilpp/UnityILPP.PostProcessing/Ping application/grpc - - 200 - application/grpc 39.6238ms
Starting: /Applications/Unity/Hub/Editor/2022.3.62f2/Unity.app/Contents/bee_backend --ipc --defer-dag-verification --dagfile="Library/Bee/2000b0aEDbg.dag" --continue-on-failure --profile="Library/Bee/backend1.traceevents" ScriptAssemblies
WorkingDir: /Users/jangyoung/orca/Abyssal-Surge
DisplayProgressbar: Compiling Scripts
[40m[32minfo[39m[22m[49m: Microsoft.AspNetCore.Hosting.Diagnostics[1]
      Request starting HTTP/2 POST http://ilpp/UnityILPP.PostProcessing/ConfigurePostProcessors application/grpc -
[40m[32minfo[39m[22m[49m: Microsoft.AspNetCore.Routing.EndpointMiddleware[0]
      Executing endpoint 'gRPC - /UnityILPP.PostProcessing/ConfigurePostProcessors'
[40m[1m[33mwarn[39m[22m[49m: Unity.ILPP.Runner.PostProcessingAssemblyLoadContext[0]
      Assembly system.runtime.interopservices.windowsruntime has duplicate hint path. Ignoring "/Applications/Unity/Hub/Editor/2022.3.62f2/Unity.app/Contents/UnityReferenceAssemblies/unity-4.8-api/Facades/System.Runtime.InteropServices.WindowsRuntime.dll" in favor of "/Applications/Unity/Hub/Editor/2022.3.62f2/Unity.app/Contents/NetStandard/Extensions/2.0.0/System.Runtime.InteropServices.WindowsRuntime.dll"
[40m[1m[33mwarn[39m[22m[49m: Unity.ILPP.Runner.PostProcessingAssemblyLoadContext[0]
      Assembly system.componentmodel.composition has duplicate hint path. Ignoring "/Applications/Unity/Hub/Editor/2022.3.62f2/Unity.app/Contents/UnityReferenceAssemblies/unity-4.8-api/System.ComponentModel.Composition.dll" in favor of "/Applications/Unity/Hub/Editor/2022.3.62f2/Unity.app/Contents/NetStandard/compat/2.1.0/shims/netfx/System.ComponentModel.Composition.dll"
[40m[32minfo[39m[22m[49m: Unity.ILPP.Runner.PostProcessingAssemblyLoadContext[0]
      Resolved Unity.Burst.Cecil, Version=0.11.4.0, Culture=neutral, PublicKeyToken=50cebf1cceb9d05e with Library/PackageCache/com.unity.burst@1.8.21/Unity.Burst.CodeGen/Unity.Burst.Cecil.dll
[40m[32minfo[39m[22m[49m: Microsoft.AspNetCore.Routing.EndpointMiddleware[1]
      Executed endpoint 'gRPC - /UnityILPP.PostProcessing/ConfigurePostProcessors'
[40m[32minfo[39m[22m[49m: Microsoft.AspNetCore.Hosting.Diagnostics[2]
      Request finished HTTP/2 POST http://ilpp/UnityILPP.PostProcessing/ConfigurePostProcessors application/grpc - - 200 - application/grpc 18.3820ms
ExitCode: 0 Duration: 0s485ms
[ 918/1258  0s] ILPP-Configuration Library/ilpp-configuration.nevergeneratedoutput
*** Tundra build success (0.47 seconds), 1 items updated, 1258 evaluated
AssetDatabase: script compilation time: 1.240044s
Assembly reference Packages/com.unity.cinemachine/Editor/Samples/ExposeHDRPInternals/HDRP-Editor-ref.asmref has no target assembly definition
Total cache size 265057198
Total cache size after purge 265057198
Begin MonoManager ReloadAssembly
Symbol file LoadedFromMemory is not a mono symbol file
- Loaded All Assemblies, in  0.733 seconds
Refreshing native plugins compatible for Editor in 9.97 ms, found 3 plugins.
Preloading 0 native plugins for Editor in 0.00 ms.
Refreshing native plugins compatible for Editor in 6.33 ms, found 3 plugins.
Native extension for OSXStandalone target not found
Native extension for WebGL target not found
Assembly reference Packages/com.unity.cinemachine/Editor/Samples/ExposeHDRPInternals/HDRP-Editor-ref.asmref has no target assembly definition
<color=#ffaa00>warn:</color> [18:50:33:2048] <color=#B4FF32>[AI]</color> <color=#48C9B0><b>McpManagerClientHub</b></color> ConnectionManager[42690cc1-8e2c-4fab-bf9a-4c280a282116] EnsureConnection Connection not available and auto-reconnect disabled for endpoint: /hub/mcp-server
UnityEngine.StackTraceUtility:ExtractStackTrace () (at /Users/bokken/build/output/unity/unity/Runtime/Export/Scripting/StackTrace.cs:37)
UnityEngine.DebugLogHandler:LogFormat (UnityEngine.LogType,UnityEngine.Object,string,object[])
UnityEngine.Logger:Log (UnityEngine.LogType,object)
UnityEngine.Debug:LogWarning (object)
com.IvanMurzak.Unity.MCP.Utils.UnityLogger:Log<Microsoft.Extensions.Logging.FormattedLogValues> (Microsoft.Extensions.Logging.LogLevel,Microsoft.Extensions.Logging.EventId,Microsoft.Extensions.Logging.FormattedLogValues,System.Exception,System.Func`3<Microsoft.Extensions.Logging.FormattedLogValues, System.Exception, string>) (at ./Library/PackageCache/com.ivanmurzak.unity.mcp@0.87.0/Runtime/Logger/UnityLogger.cs:125)
Microsoft.Extensions.Logging.Logger:<Log>g__LoggerLog|14_0<Microsoft.Extensions.Logging.FormattedLogValues> (Microsoft.Extensions.Logging.LogLevel,Microsoft.Extensions.Logging.EventId,Microsoft.Extensions.Logging.ILogger,System.Exception,System.Func`3<Microsoft.Extensions.Logging.FormattedLogValues, System.Exception, string>,System.Collections.Generic.List`1<System.Exception>&,Microsoft.Extensions.Logging.FormattedLogValues&)
Microsoft.Extensions.Logging.Logger:Log<Microsoft.Extensions.Logging.FormattedLogValues> (Microsoft.Extensions.Logging.LogLevel,Microsoft.Extensions.Logging.EventId,Microsoft.Extensions.Logging.FormattedLogValues,System.Exception,System.Func`3<Microsoft.Extensions.Logging.FormattedLogValues, System.Exception, string>)
Microsoft.Extensions.Logging.Logger`1<com.IvanMurzak.McpPlugin.McpManagerClientHub>:Microsoft.Extensions.Logging.ILogger.Log<Microsoft.Extensions.Logging.FormattedLogValues> (Microsoft.Extensions.Logging.LogLevel,Microsoft.Extensions.Logging.EventId,Microsoft.Extensions.Logging.FormattedLogValues,System.Exception,System.Func`3<Microsoft.Extensions.Logging.FormattedLogValues, System.Exception, string>)
Microsoft.Extensions.Logging.LoggerExtensions:Log (Microsoft.Extensions.Logging.ILogger,Microsoft.Extensions.Logging.LogLevel,Microsoft.Extensions.Logging.EventId,System.Exception,string,object[])
Microsoft.Extensions.Logging.LoggerExtensions:Log (Microsoft.Extensions.Logging.ILogger,Microsoft.Extensions.Logging.LogLevel,string,object[])
Microsoft.Extensions.Logging.LoggerExtensions:LogWarning (Microsoft.Extensions.Logging.ILogger,string,object[])
com.IvanMurzak.McpPlugin.ConnectionManager/<EnsureConnection>d__3:MoveNext ()
System.Runtime.CompilerServices.AsyncTaskMethodBuilder`1<bool>:Start<com.IvanMurzak.McpPlugin.ConnectionManager/<EnsureConnection>d__3> (com.IvanMurzak.McpPlugin.ConnectionManager/<EnsureConnection>d__3&)
com.IvanMurzak.McpPlugin.ConnectionManager:EnsureConnection (System.Threading.CancellationToken)
com.IvanMurzak.McpPlugin.ConnectionManager/<InvokeAsync>d__58`2<com.IvanMurzak.McpPlugin.Common.Model.RequestToolsUpdated, com.IvanMurzak.McpPlugin.Common.Model.ResponseData>:MoveNext ()
System.Runtime.CompilerServices.AsyncTaskMethodBuilder`1<com.IvanMurzak.McpPlugin.Common.Model.ResponseData>:Start<com.IvanMurzak.McpPlugin.ConnectionManager/<InvokeAsync>d__58`2<com.IvanMurzak.McpPlugin.Common.Model.RequestToolsUpdated, com.IvanMurzak.McpPlugin.Common.Model.ResponseData>> (com.IvanMurzak.McpPlugin.ConnectionManager/<InvokeAsync>d__58`2<com.IvanMurzak.McpPlugin.Common.Model.RequestToolsUpdated, com.IvanMurzak.McpPlugin.Common.Model.ResponseData>&)
com.IvanMurzak.McpPlugin.ConnectionManager:InvokeAsync<com.IvanMurzak.McpPlugin.Common.Model.RequestToolsUpdated, com.IvanMurzak.McpPlugin.Common.Model.ResponseData> (string,com.IvanMurzak.McpPlugin.Common.Model.RequestToolsUpdated,System.Threading.CancellationToken)
com.IvanMurzak.McpPlugin.McpManagerClientHub:NotifyAboutUpdatedTools (com.IvanMurzak.McpPlugin.Common.Model.RequestToolsUpdated,System.Threading.CancellationToken)
com.IvanMurzak.McpPlugin.McpManagerClientHub:NotifyAboutUpdatedTools (com.IvanMurzak.McpPlugin.Common.Model.RequestToolsUpdated)
com.IvanMurzak.McpPlugin.McpPlugin/<<-ctor>b__29_4>d:MoveNext ()
System.Runtime.CompilerServices.AsyncVoidMethodBuilder:Start<com.IvanMurzak.McpPlugin.McpPlugin/<<-ctor>b__29_4>d> (com.IvanMurzak.McpPlugin.McpPlugin/<<-ctor>b__29_4>d&)
com.IvanMurzak.McpPlugin.McpPlugin:<.ctor>b__29_4 (R3.Unit)
R3.AnonymousObserver`1<R3.Unit>:OnNextCore (R3.Unit)
R3.Observer`1<R3.Unit>:OnNext (R3.Unit)
R3.ThrottleFirst`1/_ThrottleFirst<R3.Unit>:OnNextCore (R3.Unit)
R3.Observer`1<R3.Unit>:OnNext (R3.Unit)
R3.Subject`1<R3.Unit>:OnNext (R3.Unit)
com.IvanMurzak.McpPlugin.McpToolManager:SetToolEnabled (string,bool)
com.IvanMurzak.Unity.MCP.UnityMcpPlugin:ApplyConfigToMcpPlugin (com.IvanMurzak.McpPlugin.IMcpPlugin) (at ./Library/PackageCache/com.ivanmurzak.unity.mcp@0.87.0/Runtime/UnityMcpPlugin.Build.cs:211)
com.IvanMurzak.Unity.MCP.UnityMcpPluginEditor:BuildMcpPluginIfNeeded () (at ./Library/PackageCache/com.ivanmurzak.unity.mcp@0.87.0/Editor/Scripts/UnityMcpPluginEditor.Build.cs:74)
com.IvanMurzak.Unity.MCP.Editor.Startup:.cctor () (at ./Library/PackageCache/com.ivanmurzak.unity.mcp@0.87.0/Editor/Scripts/Startup.cs:29)
System.Runtime.CompilerServices.RuntimeHelpers:RunClassConstructor (System.RuntimeTypeHandle)
UnityEditor.EditorAssemblies:ProcessInitializeOnLoadAttributes (System.Type[]) (at /Users/bokken/build/output/unity/unity/Editor/Mono/EditorAssemblies.cs:119)

(Filename: ./Library/PackageCache/com.ivanmurzak.unity.mcp@0.87.0/Runtime/UnityMcpPlugin.Build.cs Line: 211)

<color=#ffaa00>warn:</color> [18:50:33:2220] <color=#B4FF32>[AI]</color> <color=#48C9B0><b>McpManagerClientHub</b></color> ConnectionManager[42690cc1-8e2c-4fab-bf9a-4c280a282116] EnsureConnection Connection not available and auto-reconnect disabled for endpoint: /hub/mcp-server
UnityEngine.StackTraceUtility:ExtractStackTrace () (at /Users/bokken/build/output/unity/unity/Runtime/Export/Scripting/StackTrace.cs:37)
UnityEngine.DebugLogHandler:LogFormat (UnityEngine.LogType,UnityEngine.Object,string,object[])
UnityEngine.Logger:Log (UnityEngine.LogType,object)
UnityEngine.Debug:LogWarning (object)
com.IvanMurzak.Unity.MCP.Utils.UnityLogger:Log<Microsoft.Extensions.Logging.FormattedLogValues> (Microsoft.Extensions.Logging.LogLevel,Microsoft.Extensions.Logging.EventId,Microsoft.Extensions.Logging.FormattedLogValues,System.Exception,System.Func`3<Microsoft.Extensions.Logging.FormattedLogValues, System.Exception, string>) (at ./Library/PackageCache/com.ivanmurzak.unity.mcp@0.87.0/Runtime/Logger/UnityLogger.cs:125)
Microsoft.Extensions.Logging.Logger:<Log>g__LoggerLog|14_0<Microsoft.Extensions.Logging.FormattedLogValues> (Microsoft.Extensions.Logging.LogLevel,Microsoft.Extensions.Logging.EventId,Microsoft.Extensions.Logging.ILogger,System.Exception,System.Func`3<Microsoft.Extensions.Logging.FormattedLogValues, System.Exception, string>,System.Collections.Generic.List`1<System.Exception>&,Microsoft.Extensions.Logging.FormattedLogValues&)
Microsoft.Extensions.Logging.Logger:Log<Microsoft.Extensions.Logging.FormattedLogValues> (Microsoft.Extensions.Logging.LogLevel,Microsoft.Extensions.Logging.EventId,Microsoft.Extensions.Logging.FormattedLogValues,System.Exception,System.Func`3<Microsoft.Extensions.Logging.FormattedLogValues, System.Exception, string>)
Microsoft.Extensions.Logging.Logger`1<com.IvanMurzak.McpPlugin.McpManagerClientHub>:Microsoft.Extensions.Logging.ILogger.Log<Microsoft.Extensions.Logging.FormattedLogValues> (Microsoft.Extensions.Logging.LogLevel,Microsoft.Extensions.Logging.EventId,Microsoft.Extensions.Logging.FormattedLogValues,System.Exception,System.Func`3<Microsoft.Extensions.Logging.FormattedLogValues, System.Exception, string>)
Microsoft.Extensions.Logging.LoggerExtensions:Log (Microsoft.Extensions.Logging.ILogger,Microsoft.Extensions.Logging.LogLevel,Microsoft.Extensions.Logging.EventId,System.Exception,string,object[])
Microsoft.Extensions.Logging.LoggerExtensions:Log (Microsoft.Extensions.Logging.ILogger,Microsoft.Extensions.Logging.LogLevel,string,object[])
Microsoft.Extensions.Logging.LoggerExtensions:LogWarning (Microsoft.Extensions.Logging.ILogger,string,object[])
com.IvanMurzak.McpPlugin.ConnectionManager/<EnsureConnection>d__3:MoveNext ()
System.Runtime.CompilerServices.AsyncTaskMethodBuilder`1<bool>:Start<com.IvanMurzak.McpPlugin.ConnectionManager/<EnsureConnection>d__3> (com.IvanMurzak.McpPlugin.ConnectionManager/<EnsureConnection>d__3&)
com.IvanMurzak.McpPlugin.ConnectionManager:EnsureConnection (System.Threading.CancellationToken)
com.IvanMurzak.McpPlugin.ConnectionManager/<InvokeAsync>d__58`2<com.IvanMurzak.McpPlugin.Common.Model.RequestPromptsUpdated, com.IvanMurzak.McpPlugin.Common.Model.ResponseData>:MoveNext ()
System.Runtime.CompilerServices.AsyncTaskMethodBuilder`1<com.IvanMurzak.McpPlugin.Common.Model.ResponseData>:Start<com.IvanMurzak.McpPlugin.ConnectionManager/<InvokeAsync>d__58`2<com.IvanMurzak.McpPlugin.Common.Model.RequestPromptsUpdated, com.IvanMurzak.McpPlugin.Common.Model.ResponseData>> (com.IvanMurzak.McpPlugin.ConnectionManager/<InvokeAsync>d__58`2<com.IvanMurzak.McpPlugin.Common.Model.RequestPromptsUpdated, com.IvanMurzak.McpPlugin.Common.Model.ResponseData>&)
com.IvanMurzak.McpPlugin.ConnectionManager:InvokeAsync<com.IvanMurzak.McpPlugin.Common.Model.RequestPromptsUpdated, com.IvanMurzak.McpPlugin.Common.Model.ResponseData> (string,com.IvanMurzak.McpPlugin.Common.Model.RequestPromptsUpdated,System.Threading.CancellationToken)
com.IvanMurzak.McpPlugin.McpManagerClientHub:NotifyAboutUpdatedPrompts (com.IvanMurzak.McpPlugin.Common.Model.RequestPromptsUpdated,System.Threading.CancellationToken)
com.IvanMurzak.McpPlugin.McpManagerClientHub:NotifyAboutUpdatedPrompts (com.IvanMurzak.McpPlugin.Common.Model.RequestPromptsUpdated)
com.IvanMurzak.McpPlugin.McpPlugin/<<-ctor>b__29_5>d:MoveNext ()
System.Runtime.CompilerServices.AsyncVoidMethodBuilder:Start<com.IvanMurzak.McpPlugin.McpPlugin/<<-ctor>b__29_5>d> (com.IvanMurzak.McpPlugin.McpPlugin/<<-ctor>b__29_5>d&)
com.IvanMurzak.McpPlugin.McpPlugin:<.ctor>b__29_5 (R3.Unit)
R3.AnonymousObserver`1<R3.Unit>:OnNextCore (R3.Unit)
R3.Observer`1<R3.Unit>:OnNext (R3.Unit)
R3.ThrottleFirst`1/_ThrottleFirst<R3.Unit>:OnNextCore (R3.Unit)
R3.Observer`1<R3.Unit>:OnNext (R3.Unit)
R3.Subject`1<R3.Unit>:OnNext (R3.Unit)
com.IvanMurzak.McpPlugin.McpPromptManager:SetPromptEnabled (string,bool)
com.IvanMurzak.Unity.MCP.UnityMcpPlugin:ApplyConfigToMcpPlugin (com.IvanMurzak.McpPlugin.IMcpPlugin) (at ./Library/PackageCache/com.ivanmurzak.unity.mcp@0.87.0/Runtime/UnityMcpPlugin.Build.cs:226)
com.IvanMurzak.Unity.MCP.UnityMcpPluginEditor:BuildMcpPluginIfNeeded () (at ./Library/PackageCache/com.ivanmurzak.unity.mcp@0.87.0/Editor/Scripts/UnityMcpPluginEditor.Build.cs:74)
com.IvanMurzak.Unity.MCP.Editor.Startup:.cctor () (at ./Library/PackageCache/com.ivanmurzak.unity.mcp@0.87.0/Editor/Scripts/Startup.cs:29)
System.Runtime.CompilerServices.RuntimeHelpers:RunClassConstructor (System.RuntimeTypeHandle)
UnityEditor.EditorAssemblies:ProcessInitializeOnLoadAttributes (System.Type[]) (at /Users/bokken/build/output/unity/unity/Editor/Mono/EditorAssemblies.cs:119)

(Filename: ./Library/PackageCache/com.ivanmurzak.unity.mcp@0.87.0/Runtime/UnityMcpPlugin.Build.cs Line: 226)

<color=#ffaa00>warn:</color> [18:50:33:2233] <color=#B4FF32>[AI]</color> <color=#48C9B0><b>McpManagerClientHub</b></color> ConnectionManager[42690cc1-8e2c-4fab-bf9a-4c280a282116] EnsureConnection Connection not available and auto-reconnect disabled for endpoint: /hub/mcp-server
UnityEngine.StackTraceUtility:ExtractStackTrace () (at /Users/bokken/build/output/unity/unity/Runtime/Export/Scripting/StackTrace.cs:37)
UnityEngine.DebugLogHandler:LogFormat (UnityEngine.LogType,UnityEngine.Object,string,object[])
UnityEngine.Logger:Log (UnityEngine.LogType,object)
UnityEngine.Debug:LogWarning (object)
com.IvanMurzak.Unity.MCP.Utils.UnityLogger:Log<Microsoft.Extensions.Logging.FormattedLogValues> (Microsoft.Extensions.Logging.LogLevel,Microsoft.Extensions.Logging.EventId,Microsoft.Extensions.Logging.FormattedLogValues,System.Exception,System.Func`3<Microsoft.Extensions.Logging.FormattedLogValues, System.Exception, string>) (at ./Library/PackageCache/com.ivanmurzak.unity.mcp@0.87.0/Runtime/Logger/UnityLogger.cs:125)
Microsoft.Extensions.Logging.Logger:<Log>g__LoggerLog|14_0<Microsoft.Extensions.Logging.FormattedLogValues> (Microsoft.Extensions.Logging.LogLevel,Microsoft.Extensions.Logging.EventId,Microsoft.Extensions.Logging.ILogger,System.Exception,System.Func`3<Microsoft.Extensions.Logging.FormattedLogValues, System.Exception, string>,System.Collections.Generic.List`1<System.Exception>&,Microsoft.Extensions.Logging.FormattedLogValues&)
Microsoft.Extensions.Logging.Logger:Log<Microsoft.Extensions.Logging.FormattedLogValues> (Microsoft.Extensions.Logging.LogLevel,Microsoft.Extensions.Logging.EventId,Microsoft.Extensions.Logging.FormattedLogValues,System.Exception,System.Func`3<Microsoft.Extensions.Logging.FormattedLogValues, System.Exception, string>)
Microsoft.Extensions.Logging.Logger`1<com.IvanMurzak.McpPlugin.McpManagerClientHub>:Microsoft.Extensions.Logging.ILogger.Log<Microsoft.Extensions.Logging.FormattedLogValues> (Microsoft.Extensions.Logging.LogLevel,Microsoft.Extensions.Logging.EventId,Microsoft.Extensions.Logging.FormattedLogValues,System.Exception,System.Func`3<Microsoft.Extensions.Logging.FormattedLogValues, System.Exception, string>)
Microsoft.Extensions.Logging.LoggerExtensions:Log (Microsoft.Extensions.Logging.ILogger,Microsoft.Extensions.Logging.LogLevel,Microsoft.Extensions.Logging.EventId,System.Exception,string,object[])
Microsoft.Extensions.Logging.LoggerExtensions:Log (Microsoft.Extensions.Logging.ILogger,Microsoft.Extensions.Logging.LogLevel,string,object[])
Microsoft.Extensions.Logging.LoggerExtensions:LogWarning (Microsoft.Extensions.Logging.ILogger,string,object[])
com.IvanMurzak.McpPlugin.ConnectionManager/<EnsureConnection>d__3:MoveNext ()
System.Runtime.CompilerServices.AsyncTaskMethodBuilder`1<bool>:Start<com.IvanMurzak.McpPlugin.ConnectionManager/<EnsureConnection>d__3> (com.IvanMurzak.McpPlugin.ConnectionManager/<EnsureConnection>d__3&)
com.IvanMurzak.McpPlugin.ConnectionManager:EnsureConnection (System.Threading.CancellationToken)
com.IvanMurzak.McpPlugin.ConnectionManager/<InvokeAsync>d__58`2<com.IvanMurzak.McpPlugin.Common.Model.RequestResourcesUpdated, com.IvanMurzak.McpPlugin.Common.Model.ResponseData>:MoveNext ()
System.Runtime.CompilerServices.AsyncTaskMethodBuilder`1<com.IvanMurzak.McpPlugin.Common.Model.ResponseData>:Start<com.IvanMurzak.McpPlugin.ConnectionManager/<InvokeAsync>d__58`2<com.IvanMurzak.McpPlugin.Common.Model.RequestResourcesUpdated, com.IvanMurzak.McpPlugin.Common.Model.ResponseData>> (com.IvanMurzak.McpPlugin.ConnectionManager/<InvokeAsync>d__58`2<com.IvanMurzak.McpPlugin.Common.Model.RequestResourcesUpdated, com.IvanMurzak.McpPlugin.Common.Model.ResponseData>&)
com.IvanMurzak.McpPlugin.ConnectionManager:InvokeAsync<com.IvanMurzak.McpPlugin.Common.Model.RequestResourcesUpdated, com.IvanMurzak.McpPlugin.Common.Model.ResponseData> (string,com.IvanMurzak.McpPlugin.Common.Model.RequestResourcesUpdated,System.Threading.CancellationToken)
com.IvanMurzak.McpPlugin.McpManagerClientHub:NotifyAboutUpdatedResources (com.IvanMurzak.McpPlugin.Common.Model.RequestResourcesUpdated,System.Threading.CancellationToken)
com.IvanMurzak.McpPlugin.McpManagerClientHub:NotifyAboutUpdatedResources (com.IvanMurzak.McpPlugin.Common.Model.RequestResourcesUpdated)
com.IvanMurzak.McpPlugin.McpPlugin/<<-ctor>b__29_6>d:MoveNext ()
System.Runtime.CompilerServices.AsyncVoidMethodBuilder:Start<com.IvanMurzak.McpPlugin.McpPlugin/<<-ctor>b__29_6>d> (com.IvanMurzak.McpPlugin.McpPlugin/<<-ctor>b__29_6>d&)
com.IvanMurzak.McpPlugin.McpPlugin:<.ctor>b__29_6 (R3.Unit)
R3.AnonymousObserver`1<R3.Unit>:OnNextCore (R3.Unit)
R3.Observer`1<R3.Unit>:OnNext (R3.Unit)
R3.ThrottleFirst`1/_ThrottleFirst<R3.Unit>:OnNextCore (R3.Unit)
R3.Observer`1<R3.Unit>:OnNext (R3.Unit)
R3.Subject`1<R3.Unit>:OnNext (R3.Unit)
com.IvanMurzak.McpPlugin.McpResourceManager:SetResourceEnabled (string,bool)
com.IvanMurzak.Unity.MCP.UnityMcpPlugin:ApplyConfigToMcpPlugin (com.IvanMurzak.McpPlugin.IMcpPlugin) (at ./Library/PackageCache/com.ivanmurzak.unity.mcp@0.87.0/Runtime/UnityMcpPlugin.Build.cs:240)
com.IvanMurzak.Unity.MCP.UnityMcpPluginEditor:BuildMcpPluginIfNeeded () (at ./Library/PackageCache/com.ivanmurzak.unity.mcp@0.87.0/Editor/Scripts/UnityMcpPluginEditor.Build.cs:74)
com.IvanMurzak.Unity.MCP.Editor.Startup:.cctor () (at ./Library/PackageCache/com.ivanmurzak.unity.mcp@0.87.0/Editor/Scripts/Startup.cs:29)
System.Runtime.CompilerServices.RuntimeHelpers:RunClassConstructor (System.RuntimeTypeHandle)
UnityEditor.EditorAssemblies:ProcessInitializeOnLoadAttributes (System.Type[]) (at /Users/bokken/build/output/unity/unity/Editor/Mono/EditorAssemblies.cs:119)

(Filename: ./Library/PackageCache/com.ivanmurzak.unity.mcp@0.87.0/Runtime/UnityMcpPlugin.Build.cs Line: 240)

Mono: successfully reloaded assembly
- Finished resetting the current domain, in  4.664 seconds
Domain Reload Profiling: 5397ms
	BeginReloadAssembly (74ms)
		ExecutionOrderSort (0ms)
		DisableScriptedObjects (3ms)
		BackupInstance (0ms)
		ReleaseScriptingObjects (0ms)
		CreateAndSetChildDomain (16ms)
	RebuildCommonClasses (20ms)
	RebuildNativeTypeToScriptingClass (8ms)
	initialDomainReloadingComplete (19ms)
	LoadAllAssembliesAndSetupDomain (611ms)
		LoadAssemblies (351ms)
		RebuildTransferFunctionScriptingTraits (0ms)
		AnalyzeDomain (295ms)
			TypeCache.Refresh (260ms)
				TypeCache.ScanAssembly (240ms)
			ScanForSourceGeneratedMonoScriptInfo (24ms)
			ResolveRequiredComponents (9ms)
	FinalizeReload (4665ms)
		ReleaseScriptCaches (0ms)
		RebuildScriptCaches (0ms)
		SetupLoadedEditorAssemblies (4215ms)
			LogAssemblyErrors (0ms)
			InitializePlatformSupportModulesInManaged (3ms)
			SetLoadedEditorAssemblies (5ms)
			RefreshPlugins (0ms)
			BeforeProcessingInitializeOnLoad (112ms)
			ProcessInitializeOnLoadAttributes (4044ms)
			ProcessInitializeOnLoadMethodAttributes (50ms)
			AfterProcessingInitializeOnLoad (1ms)
			EditorAssembliesLoaded (1ms)
		ExecutionOrderSort2 (0ms)
		AwakeInstancesAfterBackupRestoration (2ms)
Asset Pipeline Refresh (id=a806ae1fada37470abfc5b03f4c02a38): Total: 10.252 seconds - Initiated by InitialRefreshV2(ForceSynchronousImport)
	Summary:
		Imports: total=0 (actual=0, local cache=0, cache server=0)
		Asset DB Process Time: managed=0 ms, native=3348 ms
		Asset DB Callback time: managed=18 ms, native=0 ms
		Scripting: domain reloads=1, domain reload time=5550 ms, compile time=1241 ms, other=92 ms
		Project Asset Count: scripts=10979, non-scripts=2961
		Asset File Changes: new=0, changed=0, moved=0, deleted=0
		Scan Filter Count: 1
	InvokeBeforeRefreshCallbacks: 0.188ms
	ApplyChangesToAssetFolders: 0.040ms
	Scan: 930.921ms
	OnSourceAssetsModified: 0.001ms
	GetAllGuidsForCategorization: 0.820ms
	CategorizeAssets: 259.261ms
	ImportOutOfDateAssets: 4749.127ms (3477.179ms without children)
		CompileScripts: 1241.234ms
		ReloadNativeAssets: 0.017ms
		UnloadImportedAssets: 25.698ms
		EnsureUptoDateAssetsAreRegisteredWithGuidPM: 3.597ms
		InitializingProgressBar: 0.000ms
		PostProcessAllAssetNotificationsAddChangedAssets: 0.000ms
		OnDemandSchedulerStart: 1.401ms
	PostProcessAllAssets: 18.891ms
	GatherAllCurrentPrimaryArtifactRevisions: 0.000ms
	UnloadStreamsBegin: 1.230ms
	PersistCurrentRevisions: 0.402ms
	UnloadStreamsEnd: 0.033ms
	GenerateScriptTypeHashes: 2.094ms
	Untracked: 4291.474ms
Application.AssetDatabase Initial Refresh End
Shader Hidden/ProbeVolume/VoxelizeScene is not supported: GPU does not support conservative rasterization
Scanning for USB devices : 0.417ms
Initializing Unity extensions:
[MODES] ModeService[none].Initialize
[MODES] ModeService[none].LoadModes
[MODES] Loading mode Default (0) for mode-current-id-castle-war
[PhysX] Initialized MultithreadedTaskDispatcher with 12 workers.
ProgressiveSceneManager::Cancel()
-- Listing OpenCL platforms(s) --
 * OpenCL platform 0
	PROFILE = FULL_PROFILE
	VERSION = OpenCL 1.2 (Jan 16 2026 07:20:58)
	NAME = Apple
	VENDOR = Apple
-- Listing OpenCL device(s) --
 * OpenCL platform 0, device 0 
	DEVICE_TYPE = 4
	DEVICE_NAME = Apple M2 Pro
	DEVICE_VENDOR = Apple
	DEVICE_VERSION = OpenCL 1.2 
	DRIVER_VERSION = 1.2 1.0
	DEVICE_MAX_COMPUTE_UNITS = 19
	DEVICE_MAX_CLOCK_FREQUENCY = 1000
	CL_DEVICE_MAX_CONSTANT_BUFFER_SIZE = 1073741824
	CL_DEVICE_HOST_UNIFIED_MEMORY = true
	CL_DEVICE_MAX_MEM_ALLOC_SIZE = 2383708160
	DEVICE_GLOBAL_MEM_SIZE = 12713115648
-- GPU Progressive lightmapper will use OpenCL device 'Apple M2 Pro' from 'Apple'--
   use -OpenCL-PlatformAndDeviceIndices <platformIdx> <deviceIdx> as command line arguments if you want to select a specific adapter for OpenCL.
Unloading 11 Unused Serialized files (Serialized files now loaded: 0)
Unloading 246 unused Assets / (0.5 MB). Loaded Objects now: 9545.
Memory consumption went from 232.2 MB to 231.7 MB.
Total: 90.171541 ms (FindLiveObjects: 0.297500 ms CreateObjectMapping: 0.168625 ms MarkObjects: 88.347416 ms  DeleteObjects: 1.357291 ms)

[Project] Loading completed in 14.403 seconds
	Project init time: 				12.867 seconds
		Template init time: 		0.000 seconds
		Package Manager init time: 		0.580 seconds
		Asset Database init time: 		0.500 seconds
		Global illumination init time: 	0.001 seconds
		Assemblies load time: 			0.414 seconds
		Unity extensions init time: 	0.011 seconds
		Asset Database refresh time: 	0.000 seconds
	Scene opening time: 			0.481 seconds
##utp:{"type":"ProjectInfo","version":2,"phase":"Immediate","time":1786269035658,"processId":90780,"projectLoad":14.403371334000001,"projectInit":12.867168792,"templateInit":0.0,"packageManagerInit":0.580361834,"assetDatabaseInit":0.499607292,"globalIlluminationInit":0.000682791,"assembliesLoad":0.414013792,"unityExtensionsInit":0.010628041,"assetDatabaseRefresh":0.0,"sceneOpening":0.480837292}
##utp:{"type":"EditorInfo","version":2,"phase":"Immediate","time":1786269035658,"processId":90780,"editorVersion":"2022.3.62f2 (7670c08855a9)","branch":"2022.3/respin/2022.3.62f2-4af31df585-v2","buildType":"Release","platform":"OSX"}
Running tests for PlayMode
With test filter: CastleBusters.Tests.RuntimeReliabilityRegressionTests.ExplosiveGimmick_TemporaryPotency_RestoresPermanentBaselineWithoutCompounding, CastleBusters.Tests.RuntimeReliabilityRegressionTests.DeploymentController_TryDeploy_PaidBarrelArmsFuseAndDetonatesWithoutWalkingOrAttacking
Executing tests with settings: test mode = PlayMode
UnityEngine.StackTraceUtility:ExtractStackTrace () (at /Users/bokken/build/output/unity/unity/Runtime/Export/Scripting/StackTrace.cs:37)
UnityEngine.DebugLogHandler:LogFormat (UnityEngine.LogType,UnityEngine.Object,string,object[])
UnityEngine.Logger:Log (UnityEngine.LogType,object)
UnityEngine.Debug:Log (object)
UnityEditor.TestTools.TestRunner.CommandLineTest.Executer:InitializeAndExecuteRun (string[]) (at ./Library/PackageCache/com.unity.test-framework@1.1.33/UnityEditor.TestRunner/CommandLineTest/Executer.cs:47)
UnityEditor.TestTools.TestRunner.CommandLineTest.TestStarter:UpdateWatch () (at ./Library/PackageCache/com.unity.test-framework@1.1.33/UnityEditor.TestRunner/CommandLineTest/TestStarter.cs:50)
UnityEditor.EditorApplication:Internal_CallUpdateFunctions () (at /Users/bokken/build/output/unity/unity/Editor/Mono/EditorApplication.cs:380)

(Filename: ./Library/PackageCache/com.unity.test-framework@1.1.33/UnityEditor.TestRunner/CommandLineTest/Executer.cs Line: 47)

Asset Pipeline Refresh (id=59b57a4134ee24bf8adcb78f44f1f309): Total: 0.059 seconds - Initiated by StopAssetImportingV2(NoUpdateAssetOptions)
[UnityConnectServicesConfig] config is NOT valid, switching to default
Created GICache directory at /Users/jangyoung/Library/Caches/com.unity3d.UnityEditor/GiCache. Took: 0.009s, timestamps: [14.412 - 14.421]
gi::BakeBackendSwitch: switching bake backend from 3 to 2.
GfxDevice renderer is null. Unity cannot update the Ambient Probe and Reflection Probes that the SkyManager generates. Run the Editor without the -nographics argument or generate lighting for your scene.
[PhysX] Initialized MultithreadedTaskDispatcher with 12 workers.
Unloading 43 Unused Serialized files (Serialized files now loaded: 0)
Unloading 106 unused Assets / (57.8 KB). Loaded Objects now: 9560.
Memory consumption went from 240.1 MB to 240.1 MB.
Total: 93.502750 ms (FindLiveObjects: 0.453458 ms CreateObjectMapping: 0.175084 ms MarkObjects: 92.393000 ms  DeleteObjects: 0.480584 ms)

Start importing Assets/InitTestScene639218982368271720.unity using Guid(1dbf3d49296a946b688b47d4f7b7a4a2) Importer(-1,00000000000000000000000000000000) [PhysX] Initialized MultithreadedTaskDispatcher with 12 workers.
 -> (artifact id: 'd4c8d4fe068c0cf6b7feeb0fa9292f32') in 0.008038 seconds
Refreshing native plugins compatible for Editor in 11.62 ms, found 3 plugins.
Preloading 0 native plugins for Editor in 0.00 ms.
Asset Pipeline Refresh (id=668a170b6ac3846d98ad36a72ae9d813): Total: 0.184 seconds - Initiated by StopAssetImportingV2(NoUpdateAssetOptions)
GfxDevice renderer is null. Unity cannot update the Ambient Probe and Reflection Probes that the SkyManager generates. Run the Editor without the -nographics argument or generate lighting for your scene.
Thread 0x16be4f000 may have been prematurely finalized
Reloading assemblies for play mode.
Reloading assemblies after forced synchronous recompile.
Begin MonoManager ReloadAssembly
<color=#ffaa00>warn:</color> [18:50:39:4096] <color=#B4FF32>[AI]</color> <color=#85C1E2><b>BufferedFileLogStorage</b></color> Flush called but already disposed, ignored.
UnityEngine.StackTraceUtility:ExtractStackTrace () (at /Users/bokken/build/output/unity/unity/Runtime/Export/Scripting/StackTrace.cs:37)
UnityEngine.DebugLogHandler:LogFormat (UnityEngine.LogType,UnityEngine.Object,string,object[])
UnityEngine.Logger:Log (UnityEngine.LogType,object)
UnityEngine.Debug:LogWarning (object)
com.IvanMurzak.Unity.MCP.Utils.UnityLogger:Log<Microsoft.Extensions.Logging.FormattedLogValues> (Microsoft.Extensions.Logging.LogLevel,Microsoft.Extensions.Logging.EventId,Microsoft.Extensions.Logging.FormattedLogValues,System.Exception,System.Func`3<Microsoft.Extensions.Logging.FormattedLogValues, System.Exception, string>) (at ./Library/PackageCache/com.ivanmurzak.unity.mcp@0.87.0/Runtime/Logger/UnityLogger.cs:125)
Microsoft.Extensions.Logging.Logger:<Log>g__LoggerLog|14_0<Microsoft.Extensions.Logging.FormattedLogValues> (Microsoft.Extensions.Logging.LogLevel,Microsoft.Extensions.Logging.EventId,Microsoft.Extensions.Logging.ILogger,System.Exception,System.Func`3<Microsoft.Extensions.Logging.FormattedLogValues, System.Exception, string>,System.Collections.Generic.List`1<System.Exception>&,Microsoft.Extensions.Logging.FormattedLogValues&)
Microsoft.Extensions.Logging.Logger:Log<Microsoft.Extensions.Logging.FormattedLogValues> (Microsoft.Extensions.Logging.LogLevel,Microsoft.Extensions.Logging.EventId,Microsoft.Extensions.Logging.FormattedLogValues,System.Exception,System.Func`3<Microsoft.Extensions.Logging.FormattedLogValues, System.Exception, string>)
Microsoft.Extensions.Logging.LoggerExtensions:Log (Microsoft.Extensions.Logging.ILogger,Microsoft.Extensions.Logging.LogLevel,Microsoft.Extensions.Logging.EventId,System.Exception,string,object[])
Microsoft.Extensions.Logging.LoggerExtensions:Log (Microsoft.Extensions.Logging.ILogger,Microsoft.Extensions.Logging.LogLevel,string,object[])
Microsoft.Extensions.Logging.LoggerExtensions:LogWarning (Microsoft.Extensions.Logging.ILogger,string,object[])
com.IvanMurzak.Unity.MCP.BufferedFileLogStorage:Flush () (at ./Library/PackageCache/com.ivanmurzak.unity.mcp@0.87.0/Runtime/Unity/Logs/BufferedFileLogStorage.cs:52)
com.IvanMurzak.Unity.MCP.FileLogStorage:Dispose () (at ./Library/PackageCache/com.ivanmurzak.unity.mcp@0.87.0/Runtime/Unity/Logs/FileLogStorage.cs:438)
com.IvanMurzak.Unity.MCP.UnityLogCollector:Dispose () (at ./Library/PackageCache/com.ivanmurzak.unity.mcp@0.87.0/Runtime/Unity/Logs/UnityLogCollector.cs:121)
com.IvanMurzak.Unity.MCP.UnityMcpPlugin:DisposeLogCollector () (at ./Library/PackageCache/com.ivanmurzak.unity.mcp@0.87.0/Runtime/UnityMcpPlugin.cs:112)
com.IvanMurzak.Unity.MCP.Editor.Startup:TryDisconnectAndCleanup (string,bool) (at ./Library/PackageCache/com.ivanmurzak.unity.mcp@0.87.0/Editor/Scripts/Startup.Editor.cs:89)
com.IvanMurzak.Unity.MCP.Editor.Startup:OnBeforeAssemblyReload () (at ./Library/PackageCache/com.ivanmurzak.unity.mcp@0.87.0/Editor/Scripts/Startup.Editor.cs:35)
UnityEditor.AssemblyReloadEvents:OnBeforeAssemblyReload () (at /Users/bokken/build/output/unity/unity/Editor/Mono/AssemblyReloadEvents.cs:27)

(Filename: ./Library/PackageCache/com.ivanmurzak.unity.mcp@0.87.0/Runtime/Unity/Logs/BufferedFileLogStorage.cs Line: 52)

Symbol file LoadedFromMemory is not a mono symbol file
- Loaded All Assemblies, in  1.092 seconds
Refreshing native plugins compatible for Editor in 21.94 ms, found 3 plugins.
Native extension for OSXStandalone target not found
Native extension for WebGL target not found
Assembly reference Packages/com.unity.cinemachine/Editor/Samples/ExposeHDRPInternals/HDRP-Editor-ref.asmref has no target assembly definition
<color=#ffaa00>warn:</color> [18:50:42:0995] <color=#B4FF32>[AI]</color> <color=#48C9B0><b>McpManagerClientHub</b></color> ConnectionManager[4d361eb3-9029-4081-ac9d-1530647a2309] EnsureConnection Connection not available and auto-reconnect disabled for endpoint: /hub/mcp-server
UnityEngine.StackTraceUtility:ExtractStackTrace () (at /Users/bokken/build/output/unity/unity/Runtime/Export/Scripting/StackTrace.cs:37)
UnityEngine.DebugLogHandler:LogFormat (UnityEngine.LogType,UnityEngine.Object,string,object[])
UnityEngine.Logger:Log (UnityEngine.LogType,object)
UnityEngine.Debug:LogWarning (object)
com.IvanMurzak.Unity.MCP.Utils.UnityLogger:Log<Microsoft.Extensions.Logging.FormattedLogValues> (Microsoft.Extensions.Logging.LogLevel,Microsoft.Extensions.Logging.EventId,Microsoft.Extensions.Logging.FormattedLogValues,System.Exception,System.Func`3<Microsoft.Extensions.Logging.FormattedLogValues, System.Exception, string>) (at ./Library/PackageCache/com.ivanmurzak.unity.mcp@0.87.0/Runtime/Logger/UnityLogger.cs:125)
Microsoft.Extensions.Logging.Logger:<Log>g__LoggerLog|14_0<Microsoft.Extensions.Logging.FormattedLogValues> (Microsoft.Extensions.Logging.LogLevel,Microsoft.Extensions.Logging.EventId,Microsoft.Extensions.Logging.ILogger,System.Exception,System.Func`3<Microsoft.Extensions.Logging.FormattedLogValues, System.Exception, string>,System.Collections.Generic.List`1<System.Exception>&,Microsoft.Extensions.Logging.FormattedLogValues&)
Microsoft.Extensions.Logging.Logger:Log<Microsoft.Extensions.Logging.FormattedLogValues> (Microsoft.Extensions.Logging.LogLevel,Microsoft.Extensions.Logging.EventId,Microsoft.Extensions.Logging.FormattedLogValues,System.Exception,System.Func`3<Microsoft.Extensions.Logging.FormattedLogValues, System.Exception, string>)
Microsoft.Extensions.Logging.Logger`1<com.IvanMurzak.McpPlugin.McpManagerClientHub>:Microsoft.Extensions.Logging.ILogger.Log<Microsoft.Extensions.Logging.FormattedLogValues> (Microsoft.Extensions.Logging.LogLevel,Microsoft.Extensions.Logging.EventId,Microsoft.Extensions.Logging.FormattedLogValues,System.Exception,System.Func`3<Microsoft.Extensions.Logging.FormattedLogValues, System.Exception, string>)
Microsoft.Extensions.Logging.LoggerExtensions:Log (Microsoft.Extensions.Logging.ILogger,Microsoft.Extensions.Logging.LogLevel,Microsoft.Extensions.Logging.EventId,System.Exception,string,object[])
Microsoft.Extensions.Logging.LoggerExtensions:Log (Microsoft.Extensions.Logging.ILogger,Microsoft.Extensions.Logging.LogLevel,string,object[])
Microsoft.Extensions.Logging.LoggerExtensions:LogWarning (Microsoft.Extensions.Logging.ILogger,string,object[])
com.IvanMurzak.McpPlugin.ConnectionManager/<EnsureConnection>d__3:MoveNext ()
System.Runtime.CompilerServices.AsyncTaskMethodBuilder`1<bool>:Start<com.IvanMurzak.McpPlugin.ConnectionManager/<EnsureConnection>d__3> (com.IvanMurzak.McpPlugin.ConnectionManager/<EnsureConnection>d__3&)
com.IvanMurzak.McpPlugin.ConnectionManager:EnsureConnection (System.Threading.CancellationToken)
com.IvanMurzak.McpPlugin.ConnectionManager/<InvokeAsync>d__58`2<com.IvanMurzak.McpPlugin.Common.Model.RequestToolsUpdated, com.IvanMurzak.McpPlugin.Common.Model.ResponseData>:MoveNext ()
System.Runtime.CompilerServices.AsyncTaskMethodBuilder`1<com.IvanMurzak.McpPlugin.Common.Model.ResponseData>:Start<com.IvanMurzak.McpPlugin.ConnectionManager/<InvokeAsync>d__58`2<com.IvanMurzak.McpPlugin.Common.Model.RequestToolsUpdated, com.IvanMurzak.McpPlugin.Common.Model.ResponseData>> (com.IvanMurzak.McpPlugin.ConnectionManager/<InvokeAsync>d__58`2<com.IvanMurzak.McpPlugin.Common.Model.RequestToolsUpdated, com.IvanMurzak.McpPlugin.Common.Model.ResponseData>&)
com.IvanMurzak.McpPlugin.ConnectionManager:InvokeAsync<com.IvanMurzak.McpPlugin.Common.Model.RequestToolsUpdated, com.IvanMurzak.McpPlugin.Common.Model.ResponseData> (string,com.IvanMurzak.McpPlugin.Common.Model.RequestToolsUpdated,System.Threading.CancellationToken)
com.IvanMurzak.McpPlugin.McpManagerClientHub:NotifyAboutUpdatedTools (com.IvanMurzak.McpPlugin.Common.Model.RequestToolsUpdated,System.Threading.CancellationToken)
com.IvanMurzak.McpPlugin.McpManagerClientHub:NotifyAboutUpdatedTools (com.IvanMurzak.McpPlugin.Common.Model.RequestToolsUpdated)
com.IvanMurzak.McpPlugin.McpPlugin/<<-ctor>b__29_4>d:MoveNext ()
System.Runtime.CompilerServices.AsyncVoidMethodBuilder:Start<com.IvanMurzak.McpPlugin.McpPlugin/<<-ctor>b__29_4>d> (com.IvanMurzak.McpPlugin.McpPlugin/<<-ctor>b__29_4>d&)
com.IvanMurzak.McpPlugin.McpPlugin:<.ctor>b__29_4 (R3.Unit)
R3.AnonymousObserver`1<R3.Unit>:OnNextCore (R3.Unit)
R3.Observer`1<R3.Unit>:OnNext (R3.Unit)
R3.ThrottleFirst`1/_ThrottleFirst<R3.Unit>:OnNextCore (R3.Unit)
R3.Observer`1<R3.Unit>:OnNext (R3.Unit)
R3.Subject`1<R3.Unit>:OnNext (R3.Unit)
com.IvanMurzak.McpPlugin.McpToolManager:SetToolEnabled (string,bool)
com.IvanMurzak.Unity.MCP.UnityMcpPlugin:ApplyConfigToMcpPlugin (com.IvanMurzak.McpPlugin.IMcpPlugin) (at ./Library/PackageCache/com.ivanmurzak.unity.mcp@0.87.0/Runtime/UnityMcpPlugin.Build.cs:211)
com.IvanMurzak.Unity.MCP.UnityMcpPluginEditor:BuildMcpPluginIfNeeded () (at ./Library/PackageCache/com.ivanmurzak.unity.mcp@0.87.0/Editor/Scripts/UnityMcpPluginEditor.Build.cs:74)
com.IvanMurzak.Unity.MCP.Editor.Startup:.cctor () (at ./Library/PackageCache/com.ivanmurzak.unity.mcp@0.87.0/Editor/Scripts/Startup.cs:29)
System.Runtime.CompilerServices.RuntimeHelpers:RunClassConstructor (System.RuntimeTypeHandle)
UnityEditor.EditorAssemblies:ProcessInitializeOnLoadAttributes (System.Type[]) (at /Users/bokken/build/output/unity/unity/Editor/Mono/EditorAssemblies.cs:119)

(Filename: ./Library/PackageCache/com.ivanmurzak.unity.mcp@0.87.0/Runtime/UnityMcpPlugin.Build.cs Line: 211)

<color=#ffaa00>warn:</color> [18:50:42:1075] <color=#B4FF32>[AI]</color> <color=#48C9B0><b>McpManagerClientHub</b></color> ConnectionManager[4d361eb3-9029-4081-ac9d-1530647a2309] EnsureConnection Connection not available and auto-reconnect disabled for endpoint: /hub/mcp-server
UnityEngine.StackTraceUtility:ExtractStackTrace () (at /Users/bokken/build/output/unity/unity/Runtime/Export/Scripting/StackTrace.cs:37)
UnityEngine.DebugLogHandler:LogFormat (UnityEngine.LogType,UnityEngine.Object,string,object[])
UnityEngine.Logger:Log (UnityEngine.LogType,object)
UnityEngine.Debug:LogWarning (object)
com.IvanMurzak.Unity.MCP.Utils.UnityLogger:Log<Microsoft.Extensions.Logging.FormattedLogValues> (Microsoft.Extensions.Logging.LogLevel,Microsoft.Extensions.Logging.EventId,Microsoft.Extensions.Logging.FormattedLogValues,System.Exception,System.Func`3<Microsoft.Extensions.Logging.FormattedLogValues, System.Exception, string>) (at ./Library/PackageCache/com.ivanmurzak.unity.mcp@0.87.0/Runtime/Logger/UnityLogger.cs:125)
Microsoft.Extensions.Logging.Logger:<Log>g__LoggerLog|14_0<Microsoft.Extensions.Logging.FormattedLogValues> (Microsoft.Extensions.Logging.LogLevel,Microsoft.Extensions.Logging.EventId,Microsoft.Extensions.Logging.ILogger,System.Exception,System.Func`3<Microsoft.Extensions.Logging.FormattedLogValues, System.Exception, string>,System.Collections.Generic.List`1<System.Exception>&,Microsoft.Extensions.Logging.FormattedLogValues&)
Microsoft.Extensions.Logging.Logger:Log<Microsoft.Extensions.Logging.FormattedLogValues> (Microsoft.Extensions.Logging.LogLevel,Microsoft.Extensions.Logging.EventId,Microsoft.Extensions.Logging.FormattedLogValues,System.Exception,System.Func`3<Microsoft.Extensions.Logging.FormattedLogValues, System.Exception, string>)
Microsoft.Extensions.Logging.Logger`1<com.IvanMurzak.McpPlugin.McpManagerClientHub>:Microsoft.Extensions.Logging.ILogger.Log<Microsoft.Extensions.Logging.FormattedLogValues> (Microsoft.Extensions.Logging.LogLevel,Microsoft.Extensions.Logging.EventId,Microsoft.Extensions.Logging.FormattedLogValues,System.Exception,System.Func`3<Microsoft.Extensions.Logging.FormattedLogValues, System.Exception, string>)
Microsoft.Extensions.Logging.LoggerExtensions:Log (Microsoft.Extensions.Logging.ILogger,Microsoft.Extensions.Logging.LogLevel,Microsoft.Extensions.Logging.EventId,System.Exception,string,object[])
Microsoft.Extensions.Logging.LoggerExtensions:Log (Microsoft.Extensions.Logging.ILogger,Microsoft.Extensions.Logging.LogLevel,string,object[])
Microsoft.Extensions.Logging.LoggerExtensions:LogWarning (Microsoft.Extensions.Logging.ILogger,string,object[])
com.IvanMurzak.McpPlugin.ConnectionManager/<EnsureConnection>d__3:MoveNext ()
System.Runtime.CompilerServices.AsyncTaskMethodBuilder`1<bool>:Start<com.IvanMurzak.McpPlugin.ConnectionManager/<EnsureConnection>d__3> (com.IvanMurzak.McpPlugin.ConnectionManager/<EnsureConnection>d__3&)
com.IvanMurzak.McpPlugin.ConnectionManager:EnsureConnection (System.Threading.CancellationToken)
com.IvanMurzak.McpPlugin.ConnectionManager/<InvokeAsync>d__58`2<com.IvanMurzak.McpPlugin.Common.Model.RequestPromptsUpdated, com.IvanMurzak.McpPlugin.Common.Model.ResponseData>:MoveNext ()
System.Runtime.CompilerServices.AsyncTaskMethodBuilder`1<com.IvanMurzak.McpPlugin.Common.Model.ResponseData>:Start<com.IvanMurzak.McpPlugin.ConnectionManager/<InvokeAsync>d__58`2<com.IvanMurzak.McpPlugin.Common.Model.RequestPromptsUpdated, com.IvanMurzak.McpPlugin.Common.Model.ResponseData>> (com.IvanMurzak.McpPlugin.ConnectionManager/<InvokeAsync>d__58`2<com.IvanMurzak.McpPlugin.Common.Model.RequestPromptsUpdated, com.IvanMurzak.McpPlugin.Common.Model.ResponseData>&)
com.IvanMurzak.McpPlugin.ConnectionManager:InvokeAsync<com.IvanMurzak.McpPlugin.Common.Model.RequestPromptsUpdated, com.IvanMurzak.McpPlugin.Common.Model.ResponseData> (string,com.IvanMurzak.McpPlugin.Common.Model.RequestPromptsUpdated,System.Threading.CancellationToken)
com.IvanMurzak.McpPlugin.McpManagerClientHub:NotifyAboutUpdatedPrompts (com.IvanMurzak.McpPlugin.Common.Model.RequestPromptsUpdated,System.Threading.CancellationToken)
com.IvanMurzak.McpPlugin.McpManagerClientHub:NotifyAboutUpdatedPrompts (com.IvanMurzak.McpPlugin.Common.Model.RequestPromptsUpdated)
com.IvanMurzak.McpPlugin.McpPlugin/<<-ctor>b__29_5>d:MoveNext ()
System.Runtime.CompilerServices.AsyncVoidMethodBuilder:Start<com.IvanMurzak.McpPlugin.McpPlugin/<<-ctor>b__29_5>d> (com.IvanMurzak.McpPlugin.McpPlugin/<<-ctor>b__29_5>d&)
com.IvanMurzak.McpPlugin.McpPlugin:<.ctor>b__29_5 (R3.Unit)
R3.AnonymousObserver`1<R3.Unit>:OnNextCore (R3.Unit)
R3.Observer`1<R3.Unit>:OnNext (R3.Unit)
R3.ThrottleFirst`1/_ThrottleFirst<R3.Unit>:OnNextCore (R3.Unit)
R3.Observer`1<R3.Unit>:OnNext (R3.Unit)
R3.Subject`1<R3.Unit>:OnNext (R3.Unit)
com.IvanMurzak.McpPlugin.McpPromptManager:SetPromptEnabled (string,bool)
com.IvanMurzak.Unity.MCP.UnityMcpPlugin:ApplyConfigToMcpPlugin (com.IvanMurzak.McpPlugin.IMcpPlugin) (at ./Library/PackageCache/com.ivanmurzak.unity.mcp@0.87.0/Runtime/UnityMcpPlugin.Build.cs:226)
com.IvanMurzak.Unity.MCP.UnityMcpPluginEditor:BuildMcpPluginIfNeeded () (at ./Library/PackageCache/com.ivanmurzak.unity.mcp@0.87.0/Editor/Scripts/UnityMcpPluginEditor.Build.cs:74)
com.IvanMurzak.Unity.MCP.Editor.Startup:.cctor () (at ./Library/PackageCache/com.ivanmurzak.unity.mcp@0.87.0/Editor/Scripts/Startup.cs:29)
System.Runtime.CompilerServices.RuntimeHelpers:RunClassConstructor (System.RuntimeTypeHandle)
UnityEditor.EditorAssemblies:ProcessInitializeOnLoadAttributes (System.Type[]) (at /Users/bokken/build/output/unity/unity/Editor/Mono/EditorAssemblies.cs:119)

(Filename: ./Library/PackageCache/com.ivanmurzak.unity.mcp@0.87.0/Runtime/UnityMcpPlugin.Build.cs Line: 226)

<color=#ffaa00>warn:</color> [18:50:42:1086] <color=#B4FF32>[AI]</color> <color=#48C9B0><b>McpManagerClientHub</b></color> ConnectionManager[4d361eb3-9029-4081-ac9d-1530647a2309] EnsureConnection Connection not available and auto-reconnect disabled for endpoint: /hub/mcp-server
UnityEngine.StackTraceUtility:ExtractStackTrace () (at /Users/bokken/build/output/unity/unity/Runtime/Export/Scripting/StackTrace.cs:37)
UnityEngine.DebugLogHandler:LogFormat (UnityEngine.LogType,UnityEngine.Object,string,object[])
UnityEngine.Logger:Log (UnityEngine.LogType,object)
UnityEngine.Debug:LogWarning (object)
com.IvanMurzak.Unity.MCP.Utils.UnityLogger:Log<Microsoft.Extensions.Logging.FormattedLogValues> (Microsoft.Extensions.Logging.LogLevel,Microsoft.Extensions.Logging.EventId,Microsoft.Extensions.Logging.FormattedLogValues,System.Exception,System.Func`3<Microsoft.Extensions.Logging.FormattedLogValues, System.Exception, string>) (at ./Library/PackageCache/com.ivanmurzak.unity.mcp@0.87.0/Runtime/Logger/UnityLogger.cs:125)
Microsoft.Extensions.Logging.Logger:<Log>g__LoggerLog|14_0<Microsoft.Extensions.Logging.FormattedLogValues> (Microsoft.Extensions.Logging.LogLevel,Microsoft.Extensions.Logging.EventId,Microsoft.Extensions.Logging.ILogger,System.Exception,System.Func`3<Microsoft.Extensions.Logging.FormattedLogValues, System.Exception, string>,System.Collections.Generic.List`1<System.Exception>&,Microsoft.Extensions.Logging.FormattedLogValues&)
Microsoft.Extensions.Logging.Logger:Log<Microsoft.Extensions.Logging.FormattedLogValues> (Microsoft.Extensions.Logging.LogLevel,Microsoft.Extensions.Logging.EventId,Microsoft.Extensions.Logging.FormattedLogValues,System.Exception,System.Func`3<Microsoft.Extensions.Logging.FormattedLogValues, System.Exception, string>)
Microsoft.Extensions.Logging.Logger`1<com.IvanMurzak.McpPlugin.McpManagerClientHub>:Microsoft.Extensions.Logging.ILogger.Log<Microsoft.Extensions.Logging.FormattedLogValues> (Microsoft.Extensions.Logging.LogLevel,Microsoft.Extensions.Logging.EventId,Microsoft.Extensions.Logging.FormattedLogValues,System.Exception,System.Func`3<Microsoft.Extensions.Logging.FormattedLogValues, System.Exception, string>)
Microsoft.Extensions.Logging.LoggerExtensions:Log (Microsoft.Extensions.Logging.ILogger,Microsoft.Extensions.Logging.LogLevel,Microsoft.Extensions.Logging.EventId,System.Exception,string,object[])
Microsoft.Extensions.Logging.LoggerExtensions:Log (Microsoft.Extensions.Logging.ILogger,Microsoft.Extensions.Logging.LogLevel,string,object[])
Microsoft.Extensions.Logging.LoggerExtensions:LogWarning (Microsoft.Extensions.Logging.ILogger,string,object[])
com.IvanMurzak.McpPlugin.ConnectionManager/<EnsureConnection>d__3:MoveNext ()
System.Runtime.CompilerServices.AsyncTaskMethodBuilder`1<bool>:Start<com.IvanMurzak.McpPlugin.ConnectionManager/<EnsureConnection>d__3> (com.IvanMurzak.McpPlugin.ConnectionManager/<EnsureConnection>d__3&)
com.IvanMurzak.McpPlugin.ConnectionManager:EnsureConnection (System.Threading.CancellationToken)
com.IvanMurzak.McpPlugin.ConnectionManager/<InvokeAsync>d__58`2<com.IvanMurzak.McpPlugin.Common.Model.RequestResourcesUpdated, com.IvanMurzak.McpPlugin.Common.Model.ResponseData>:MoveNext ()
System.Runtime.CompilerServices.AsyncTaskMethodBuilder`1<com.IvanMurzak.McpPlugin.Common.Model.ResponseData>:Start<com.IvanMurzak.McpPlugin.ConnectionManager/<InvokeAsync>d__58`2<com.IvanMurzak.McpPlugin.Common.Model.RequestResourcesUpdated, com.IvanMurzak.McpPlugin.Common.Model.ResponseData>> (com.IvanMurzak.McpPlugin.ConnectionManager/<InvokeAsync>d__58`2<com.IvanMurzak.McpPlugin.Common.Model.RequestResourcesUpdated, com.IvanMurzak.McpPlugin.Common.Model.ResponseData>&)
com.IvanMurzak.McpPlugin.ConnectionManager:InvokeAsync<com.IvanMurzak.McpPlugin.Common.Model.RequestResourcesUpdated, com.IvanMurzak.McpPlugin.Common.Model.ResponseData> (string,com.IvanMurzak.McpPlugin.Common.Model.RequestResourcesUpdated,System.Threading.CancellationToken)
com.IvanMurzak.McpPlugin.McpManagerClientHub:NotifyAboutUpdatedResources (com.IvanMurzak.McpPlugin.Common.Model.RequestResourcesUpdated,System.Threading.CancellationToken)
com.IvanMurzak.McpPlugin.McpManagerClientHub:NotifyAboutUpdatedResources (com.IvanMurzak.McpPlugin.Common.Model.RequestResourcesUpdated)
com.IvanMurzak.McpPlugin.McpPlugin/<<-ctor>b__29_6>d:MoveNext ()
System.Runtime.CompilerServices.AsyncVoidMethodBuilder:Start<com.IvanMurzak.McpPlugin.McpPlugin/<<-ctor>b__29_6>d> (com.IvanMurzak.McpPlugin.McpPlugin/<<-ctor>b__29_6>d&)
com.IvanMurzak.McpPlugin.McpPlugin:<.ctor>b__29_6 (R3.Unit)
R3.AnonymousObserver`1<R3.Unit>:OnNextCore (R3.Unit)
R3.Observer`1<R3.Unit>:OnNext (R3.Unit)
R3.ThrottleFirst`1/_ThrottleFirst<R3.Unit>:OnNextCore (R3.Unit)
R3.Observer`1<R3.Unit>:OnNext (R3.Unit)
R3.Subject`1<R3.Unit>:OnNext (R3.Unit)
com.IvanMurzak.McpPlugin.McpResourceManager:SetResourceEnabled (string,bool)
com.IvanMurzak.Unity.MCP.UnityMcpPlugin:ApplyConfigToMcpPlugin (com.IvanMurzak.McpPlugin.IMcpPlugin) (at ./Library/PackageCache/com.ivanmurzak.unity.mcp@0.87.0/Runtime/UnityMcpPlugin.Build.cs:240)
com.IvanMurzak.Unity.MCP.UnityMcpPluginEditor:BuildMcpPluginIfNeeded () (at ./Library/PackageCache/com.ivanmurzak.unity.mcp@0.87.0/Editor/Scripts/UnityMcpPluginEditor.Build.cs:74)
com.IvanMurzak.Unity.MCP.Editor.Startup:.cctor () (at ./Library/PackageCache/com.ivanmurzak.unity.mcp@0.87.0/Editor/Scripts/Startup.cs:29)
System.Runtime.CompilerServices.RuntimeHelpers:RunClassConstructor (System.RuntimeTypeHandle)
UnityEditor.EditorAssemblies:ProcessInitializeOnLoadAttributes (System.Type[]) (at /Users/bokken/build/output/unity/unity/Editor/Mono/EditorAssemblies.cs:119)

(Filename: ./Library/PackageCache/com.ivanmurzak.unity.mcp@0.87.0/Runtime/UnityMcpPlugin.Build.cs Line: 240)

Mono: successfully reloaded assembly
- Finished resetting the current domain, in  1.513 seconds
Domain Reload Profiling: 2670ms
	BeginReloadAssembly (843ms)
		ExecutionOrderSort (0ms)
		DisableScriptedObjects (7ms)
		BackupInstance (0ms)
		ReleaseScriptingObjects (1ms)
		CreateAndSetChildDomain (614ms)
	RebuildCommonClasses (23ms)
	RebuildNativeTypeToScriptingClass (9ms)
	initialDomainReloadingComplete (31ms)
	LoadAllAssembliesAndSetupDomain (251ms)
		LoadAssemblies (316ms)
		RebuildTransferFunctionScriptingTraits (0ms)
		AnalyzeDomain (44ms)
			TypeCache.Refresh (24ms)
				TypeCache.ScanAssembly (0ms)
			ScanForSourceGeneratedMonoScriptInfo (0ms)
			ResolveRequiredComponents (14ms)
	FinalizeReload (1513ms)
		ReleaseScriptCaches (0ms)
		RebuildScriptCaches (0ms)
		SetupLoadedEditorAssemblies (1273ms)
			LogAssemblyErrors (0ms)
			InitializePlatformSupportModulesInManaged (4ms)
			SetLoadedEditorAssemblies (9ms)
			RefreshPlugins (0ms)
			BeforeProcessingInitializeOnLoad (116ms)
			ProcessInitializeOnLoadAttributes (1098ms)
			ProcessInitializeOnLoadMethodAttributes (45ms)
			AfterProcessingInitializeOnLoad (1ms)
			EditorAssembliesLoaded (1ms)
		ExecutionOrderSort2 (0ms)
		AwakeInstancesAfterBackupRestoration (11ms)
Asset Pipeline Refresh (id=f1c9ebe74609d4a338669a26a90eaa96): Total: 3.289 seconds - Initiated by StopAssetImportingV2(ForceSynchronousImport | ForceDomainReload)
	Summary:
		Imports: total=0 (actual=0, local cache=0, cache server=0)
		Asset DB Process Time: managed=0 ms, native=540 ms
		Asset DB Callback time: managed=13 ms, native=0 ms
		Scripting: domain reloads=1, domain reload time=2732 ms, compile time=2 ms, other=0 ms
		Project Asset Count: scripts=10979, non-scripts=2962
		Asset File Changes: new=0, changed=0, moved=0, deleted=0
		Scan Filter Count: 0
	InvokeBeforeRefreshCallbacks: 0.570ms
	ApplyChangesToAssetFolders: 0.055ms
	Scan: 0.001ms
	OnSourceAssetsModified: 0.001ms
	GetAllGuidsForCategorization: 1.069ms
	CategorizeAssets: 250.514ms
	ImportOutOfDateAssets: 1572.523ms (1563.611ms without children)
		CompileScripts: 1.586ms
		CollectScriptTypesHashes: 0.580ms
		ReloadNativeAssets: 0.369ms
		UnloadImportedAssets: 0.861ms
		EnsureUptoDateAssetsAreRegisteredWithGuidPM: 3.209ms
		InitializingProgressBar: 0.000ms
		PostProcessAllAssetNotificationsAddChangedAssets: 0.000ms
		OnDemandSchedulerStart: 2.307ms
	PostProcessAllAssets: 13.733ms
	GatherAllCurrentPrimaryArtifactRevisions: 1.349ms
	UnloadStreamsBegin: 0.498ms
	PersistCurrentRevisions: 0.335ms
	UnloadStreamsEnd: 0.028ms
	GenerateScriptTypeHashes: 2.979ms
	Untracked: 1448.141ms
[PhysX] Initialized MultithreadedTaskDispatcher with 12 workers.
Loaded scene 'Temp/__Backupscenes/0.backup'
	Deserialize:            0.983 ms
	Integration:            522.229 ms
	Integration of assets:  0.001 ms
	Thread Wait Time:       0.008 ms
	Total Operation Time:   523.221 ms
[MODES] ModeService[none].Initialize
[MODES] ModeService[none].LoadModes
[MODES] Loading mode Default (0) for mode-current-id-castle-war
Asset Pipeline Refresh (id=5b547aaf043f148d2989b20add31a740): Total: 0.015 seconds - Initiated by StopAssetImportingV2(NoUpdateAssetOptions)
Unloading 61 Unused Serialized files (Serialized files now loaded: 0)
[PhysX] Initialized MultithreadedTaskDispatcher with 12 workers.
UnloadTime: 0.331958 ms
Loaded scene 'Assets/Scenes/SampleScene.unity'
	Deserialize:            59.418 ms
	Integration:            967.988 ms
	Integration of assets:  7.936 ms
	Thread Wait Time:       0.008 ms
	Total Operation Time:   1035.350 ms
Unloading 353 unused Assets / (12.6 MB). Loaded Objects now: 10355.
Memory consumption went from 506.6 MB to 494.1 MB.
Total: 123.977666 ms (FindLiveObjects: 1.031459 ms CreateObjectMapping: 0.279334 ms MarkObjects: 118.459875 ms  DeleteObjects: 4.205542 ms)

The character with Unicode value \u25B6 was not found in the [LiberationSans SDF] font asset or any potential fallbacks. It was replaced by Unicode character \u25A1 in text object [AlarmLine].
UnityEngine.StackTraceUtility:ExtractStackTrace () (at /Users/bokken/build/output/unity/unity/Runtime/Export/Scripting/StackTrace.cs:37)
UnityEngine.DebugLogHandler:LogFormat (UnityEngine.LogType,UnityEngine.Object,string,object[])
UnityEngine.Logger:Log (UnityEngine.LogType,object,UnityEngine.Object)
UnityEngine.Debug:LogWarning (object,UnityEngine.Object)
TMPro.TextMeshProUGUI:SetArraySizes (TMPro.TMP_Text/UnicodeChar[]) (at ./Library/PackageCache/com.unity.textmeshpro@3.0.7/Scripts/Runtime/TMPro_UGUI_Private.cs:1274)
TMPro.TMP_Text:ParseInputText () (at ./Library/PackageCache/com.unity.textmeshpro@3.0.7/Scripts/Runtime/TMP_Text.cs:1902)
TMPro.TextMeshProUGUI:OnPreRenderCanvas () (at ./Library/PackageCache/com.unity.textmeshpro@3.0.7/Scripts/Runtime/TMPro_UGUI_Private.cs:1644)
TMPro.TextMeshProUGUI:Rebuild (UnityEngine.UI.CanvasUpdate) (at ./Library/PackageCache/com.unity.textmeshpro@3.0.7/Scripts/Runtime/TextMeshProUGUI.cs:216)
UnityEngine.UI.CanvasUpdateRegistry:PerformUpdate () (at ./Library/PackageCache/com.unity.ugui@1.0.0/Runtime/UI/Core/CanvasUpdateRegistry.cs:215)
UnityEngine.Canvas:SendWillRenderCanvases () (at /Users/bokken/build/output/unity/unity/Modules/UI/ScriptBindings/UICanvas.bindings.cs:104)

(Filename: ./Library/PackageCache/com.unity.textmeshpro@3.0.7/Scripts/Runtime/TMPro_UGUI_Private.cs Line: 1274)

The character with Unicode value \u25B6 was not found in the [LiberationSans SDF] font asset or any potential fallbacks. It was replaced by Unicode character \u25A1 in text object [AlarmLine].
UnityEngine.StackTraceUtility:ExtractStackTrace () (at /Users/bokken/build/output/unity/unity/Runtime/Export/Scripting/StackTrace.cs:37)
UnityEngine.DebugLogHandler:LogFormat (UnityEngine.LogType,UnityEngine.Object,string,object[])
UnityEngine.Logger:Log (UnityEngine.LogType,object,UnityEngine.Object)
UnityEngine.Debug:LogWarning (object,UnityEngine.Object)
TMPro.TextMeshProUGUI:SetArraySizes (TMPro.TMP_Text/UnicodeChar[]) (at ./Library/PackageCache/com.unity.textmeshpro@3.0.7/Scripts/Runtime/TMPro_UGUI_Private.cs:1274)
TMPro.TMP_Text:ParseInputText () (at ./Library/PackageCache/com.unity.textmeshpro@3.0.7/Scripts/Runtime/TMP_Text.cs:1902)
TMPro.TextMeshProUGUI:OnPreRenderCanvas () (at ./Library/PackageCache/com.unity.textmeshpro@3.0.7/Scripts/Runtime/TMPro_UGUI_Private.cs:1644)
TMPro.TextMeshProUGUI:Rebuild (UnityEngine.UI.CanvasUpdate) (at ./Library/PackageCache/com.unity.textmeshpro@3.0.7/Scripts/Runtime/TextMeshProUGUI.cs:216)
UnityEngine.UI.CanvasUpdateRegistry:PerformUpdate () (at ./Library/PackageCache/com.unity.ugui@1.0.0/Runtime/UI/Core/CanvasUpdateRegistry.cs:215)
UnityEngine.Canvas:SendWillRenderCanvases () (at /Users/bokken/build/output/unity/unity/Modules/UI/ScriptBindings/UICanvas.bindings.cs:104)

(Filename: ./Library/PackageCache/com.unity.textmeshpro@3.0.7/Scripts/Runtime/TMPro_UGUI_Private.cs Line: 1274)

Unloading 133 Unused Serialized files (Serialized files now loaded: 0)
[PhysX] Initialized MultithreadedTaskDispatcher with 12 workers.
UnloadTime: 12.747042 ms
Loaded scene 'Assets/Scenes/SampleScene.unity'
	Deserialize:            3.372 ms
	Integration:            978.995 ms
	Integration of assets:  0.003 ms
	Thread Wait Time:       0.008 ms
	Total Operation Time:   982.379 ms
Unloading 260 unused Assets / (6.4 MB). Loaded Objects now: 10690.
Memory consumption went from 0.57 GB to 0.57 GB.
Total: 121.174375 ms (FindLiveObjects: 7.539250 ms CreateObjectMapping: 0.174167 ms MarkObjects: 112.191083 ms  DeleteObjects: 1.269291 ms)

Unloading 18 Unused Serialized files (Serialized files now loaded: 0)
[PhysX] Initialized MultithreadedTaskDispatcher with 12 workers.
UnloadTime: 3.414875 ms
Loaded scene 'Assets/Scenes/SampleScene.unity'
	Deserialize:            2.909 ms
	Integration:            695.089 ms
	Integration of assets:  0.002 ms
	Thread Wait Time:       0.010 ms
	Total Operation Time:   698.010 ms
Unloading 429 unused Assets / (247.4 KB). Loaded Objects now: 10714.
Memory consumption went from 0.61 GB to 0.61 GB.
Total: 90.990750 ms (FindLiveObjects: 0.591792 ms CreateObjectMapping: 0.170458 ms MarkObjects: 89.727750 ms  DeleteObjects: 0.500125 ms)

Refreshing native plugins compatible for Editor in 17.03 ms, found 3 plugins.
Preloading 0 native plugins for Editor in 0.00 ms.
Asset Pipeline Refresh (id=12eead6d395c54745918f7bb50eb7483): Total: 0.156 seconds - Initiated by StopAssetImportingV2(NoUpdateAssetOptions)
Saving results to: ./_workspace/current/qa/evidence/focused-gameplay-parity-playmode.xml
<color=#ff6b6b>fail:</color> [18:50:52:8760] <color=#B4FF32>[AI]</color> <color=#58D68D><b>TestResultCollector</b></color> Test run finished, but the pending MCP request id was missing. The test results cannot be delivered to the client.
UnityEngine.StackTraceUtility:ExtractStackTrace () (at /Users/bokken/build/output/unity/unity/Runtime/Export/Scripting/StackTrace.cs:37)
UnityEngine.DebugLogHandler:LogFormat (UnityEngine.LogType,UnityEngine.Object,string,object[])
UnityEngine.Logger:Log (UnityEngine.LogType,object)
UnityEngine.Debug:LogError (object)
com.IvanMurzak.Unity.MCP.Utils.UnityLogger:Log<Microsoft.Extensions.Logging.FormattedLogValues> (Microsoft.Extensions.Logging.LogLevel,Microsoft.Extensions.Logging.EventId,Microsoft.Extensions.Logging.FormattedLogValues,System.Exception,System.Func`3<Microsoft.Extensions.Logging.FormattedLogValues, System.Exception, string>) (at ./Library/PackageCache/com.ivanmurzak.unity.mcp@0.87.0/Runtime/Logger/UnityLogger.cs:119)
Microsoft.Extensions.Logging.Logger:<Log>g__LoggerLog|14_0<Microsoft.Extensions.Logging.FormattedLogValues> (Microsoft.Extensions.Logging.LogLevel,Microsoft.Extensions.Logging.EventId,Microsoft.Extensions.Logging.ILogger,System.Exception,System.Func`3<Microsoft.Extensions.Logging.FormattedLogValues, System.Exception, string>,System.Collections.Generic.List`1<System.Exception>&,Microsoft.Extensions.Logging.FormattedLogValues&)
Microsoft.Extensions.Logging.Logger:Log<Microsoft.Extensions.Logging.FormattedLogValues> (Microsoft.Extensions.Logging.LogLevel,Microsoft.Extensions.Logging.EventId,Microsoft.Extensions.Logging.FormattedLogValues,System.Exception,System.Func`3<Microsoft.Extensions.Logging.FormattedLogValues, System.Exception, string>)
Microsoft.Extensions.Logging.LoggerExtensions:Log (Microsoft.Extensions.Logging.ILogger,Microsoft.Extensions.Logging.LogLevel,Microsoft.Extensions.Logging.EventId,System.Exception,string,object[])
Microsoft.Extensions.Logging.LoggerExtensions:Log (Microsoft.Extensions.Logging.ILogger,Microsoft.Extensions.Logging.LogLevel,string,object[])
Microsoft.Extensions.Logging.LoggerExtensions:LogError (Microsoft.Extensions.Logging.ILogger,string,object[])
com.IvanMurzak.Unity.MCP.UnityMcpPlugin:LogError (string,System.Type,object[]) (at ./Library/PackageCache/com.ivanmurzak.unity.mcp@0.87.0/Runtime/UnityMcpPlugin.Log.cs:48)
com.IvanMurzak.Unity.MCP.Editor.API.TestRunner.TestResultCollector:RunFinished (UnityEditor.TestTools.TestRunner.Api.ITestResultAdaptor) (at ./Library/PackageCache/com.ivanmurzak.unity.mcp@0.87.0/Editor/Scripts/API/Tool/Tests/TestResultCollector.cs:154)
UnityEditor.TestTools.TestRunner.Api.CallbacksDelegator/<>c__DisplayClass8_0:<RunFinished>b__0 (UnityEditor.TestTools.TestRunner.Api.ICallbacks) (at ./Library/PackageCache/com.unity.test-framework@1.1.33/UnityEditor.TestRunner/Api/CallbacksDelegator.cs:52)
UnityEditor.TestTools.TestRunner.Api.CallbacksDelegator:TryInvokeAllCallbacks (System.Action`1<UnityEditor.TestTools.TestRunner.Api.ICallbacks>) (at ./Library/PackageCache/com.unity.test-framework@1.1.33/UnityEditor.TestRunner/Api/CallbacksDelegator.cs:122)
UnityEditor.TestTools.TestRunner.Api.CallbacksDelegator:RunFinished (NUnit.Framework.Interfaces.ITestResult) (at ./Library/PackageCache/com.unity.test-framework@1.1.33/UnityEditor.TestRunner/Api/CallbacksDelegator.cs:52)
UnityEditor.TestTools.TestRunner.Api.CallbacksDelegatorListener:RunFinished (NUnit.Framework.Interfaces.ITestResult) (at ./Library/PackageCache/com.unity.test-framework@1.1.33/UnityEditor.TestRunner/Api/CallbacksDelegatorListener.cs:15)
UnityEngine.Events.InvokableCall`1<NUnit.Framework.Interfaces.ITestResult>:Invoke (NUnit.Framework.Interfaces.ITestResult) (at /Users/bokken/build/output/unity/unity/Runtime/Export/UnityEvent/UnityEvent.cs:219)
UnityEngine.Events.UnityEvent`1<NUnit.Framework.Interfaces.ITestResult>:Invoke (NUnit.Framework.Interfaces.ITestResult) (at /Users/bokken/build/output/unity/unity/artifacts/generated/UnityEvent/UnityEvent_1.cs:57)
UnityEngine.TestTools.TestRunner.PlaymodeTestsController/<TestRunnerCoroutine>d__15:MoveNext () (at ./Library/PackageCache/com.unity.test-framework@1.1.33/UnityEngine.TestRunner/TestRunner/PlaymodeTestsController.cs:76)
UnityEngine.SetupCoroutine:InvokeMoveNext (System.Collections.IEnumerator,intptr) (at /Users/bokken/build/output/unity/unity/Runtime/Export/Scripting/Coroutines.cs:17)

(Filename: ./Library/PackageCache/com.ivanmurzak.unity.mcp@0.87.0/Runtime/UnityMcpPlugin.Log.cs Line: 48)

Thread 0x175157000 may have been prematurely finalized
[PhysX] Initialized MultithreadedTaskDispatcher with 12 workers.
Input System module state changed to: ShutdownInProgress.
Input System polling thread exited.
Input System module state changed to: Shutdown.
[Licensing::IpcConnector] LicenseClient-jangyoung-notifications channel disconnected successfully.
[Licensing::IpcConnector] LicenseClient-jangyoung channel disconnected successfully.
Thread 0x16cd13000 may have been prematurely finalized
[40m[32minfo[39m[22m[49m: Microsoft.Hosting.Lifetime[0]
      Application is shutting down...
Cleanup mono
[40m[32minfo[39m[22m[49m: Unity.ILPP.Runner.PostProcessingAssemblyLoadContext[0]
      ALC ILPP context 1 is unloading
<color=#ffaa00>warn:</color> [18:50:53:4492] <color=#B4FF32>[AI]</color> <color=#85C1E2><b>BufferedFileLogStorage</b></color> Flush called but already disposed, ignored.
debugger-agent: Unable to listen on 55
[Performance] Application.InitializeProject                                                                                                        :        1 samples, Peak.  12.9 s (1.0x), Avg.  12.9 s, Total. 12.87 s (39.8%)
[Performance] Application.PackageManager.StartServer                                                                                               :        1 samples, Peak.  1.73 ms (1.0x), Avg.  1.73 ms, Total. 1.732 ms (0.0%)
[Performance] Application.AcquireProjectLock                                                                                                       :        1 samples, Peak.  8.45 ms (1.0x), Avg.  8.45 ms, Total. 8.447 ms (0.0%)
[Performance] Application.InitializeEngineNoGraphics                                                                                               :        1 samples, Peak.  30.4 ms (1.0x), Avg.  30.4 ms, Total. 30.36 ms (0.1%)
[Performance] Application.PackageManager.Initialize                                                                                                :        1 samples, Peak.   580 ms (1.0x), Avg.   580 ms, Total. 580.4 ms (1.8%)
[Performance] Connecting to Package Manager                                                                                                        :       59 samples, Peak.  67.6 us (29.0x), Avg.  2.33 us, Total. 137.6 us (0.0%)
[Performance] Application.EngineGraphics.Initialize                                                                                                :        1 samples, Peak.   104 ms (1.0x), Avg.   104 ms, Total. 104.0 ms (0.3%)
[Performance] Application.GI.Initialize                                                                                                            :        1 samples, Peak.   683 us (1.0x), Avg.   683 us, Total. 683.2 us (0.0%)
[Performance] Application.LoadAllDefaultResourcesFromEditor                                                                                        :        1 samples, Peak.  1.12 ms (1.0x), Avg.  1.12 ms, Total. 1.117 ms (0.0%)
[Performance] Application.LoadMonoAssemblies                                                                                                       :        1 samples, Peak.   414 ms (1.0x), Avg.   414 ms, Total. 414.0 ms (1.3%)
[Performance] RestoreManagedReferences                                                                                                             :        3 samples, Peak.  76.3 ms (1.6x), Avg.  48.0 ms, Total. 143.9 ms (0.4%)
[Performance] InitializeOnLoad DrivenRectTransformUndo                                                                                             :        3 samples, Peak.   898 us (1.7x), Avg.   542 us, Total. 1.627 ms (0.0%)
[Performance] InitializeOnLoad SceneSearch                                                                                                         :        3 samples, Peak.   146 us (1.4x), Avg.   104 us, Total. 310.9 us (0.0%)
[Performance] InitializeOnLoad CloudBuild                                                                                                          :        3 samples, Peak.  4.08 us (1.3x), Avg.  3.19 us, Total. 9.583 us (0.0%)
[Performance] InitializeOnLoad NativeFormatImporterUtility                                                                                         :        3 samples, Peak.  1.59 ms (1.2x), Avg.  1.37 ms, Total. 4.114 ms (0.0%)
[Performance] InitializeOnLoad SearchService                                                                                                       :        3 samples, Peak.  95.0 us (1.2x), Avg.  81.8 us, Total. 245.5 us (0.0%)
[Performance] InitializeOnLoad SettingsService                                                                                                     :        3 samples, Peak.  11.0 us (1.4x), Avg.  7.65 us, Total. 22.96 us (0.0%)
[Performance] InitializeOnLoad WindowLayout                                                                                                        :        3 samples, Peak.   598 us (1.3x), Avg.   470 us, Total. 1.410 ms (0.0%)
[Performance] InitializeOnLoad AssetStoreContext                                                                                                   :        3 samples, Peak.  14.5 ms (1.5x), Avg.  9.81 ms, Total. 29.44 ms (0.1%)
[Performance] InitializeOnLoad PoolManager                                                                                                         :        3 samples, Peak.   336 us (1.4x), Avg.   244 us, Total. 733.4 us (0.0%)
[Performance] InitializeOnLoad MixerEffectDefinitionReloader                                                                                       :        3 samples, Peak.  1.58 ms (1.3x), Avg.  1.18 ms, Total. 3.548 ms (0.0%)
[Performance] InitializeOnLoad ProjectSearch                                                                                                       :        3 samples, Peak.   149 us (2.0x), Avg.  74.1 us, Total. 222.2 us (0.0%)
[Performance] InitializeOnLoad UISystemProfilerRenderService                                                                                       :        3 samples, Peak.  7.79 us (1.3x), Avg.  6.17 us, Total. 18.50 us (0.0%)
[Performance] InitializeOnLoad EditMode                                                                                                            :        3 samples, Peak.   310 us (1.3x), Avg.   245 us, Total. 735.8 us (0.0%)
[Performance] InitializeOnLoad UnityConnect                                                                                                        :        3 samples, Peak.  32.7 us (1.0x), Avg.  31.3 us, Total. 94.00 us (0.0%)
[Performance] InitializeOnLoad ManagedDebugger                                                                                                     :        3 samples, Peak.   313 us (2.1x), Avg.   152 us, Total. 456.6 us (0.0%)
[Performance] InitializeOnLoad ShortcutIntegration                                                                                                 :        3 samples, Peak.  45.7 us (1.2x), Avg.  38.9 us, Total. 116.7 us (0.0%)
[Performance] InitializeOnLoad AddComponentWindow                                                                                                  :        3 samples, Peak.  77.5 us (1.1x), Avg.  71.1 us, Total. 213.2 us (0.0%)
[Performance] InitializeOnLoad ManagedDebuggerWindow                                                                                               :        3 samples, Peak.  85.9 us (1.2x), Avg.  72.3 us, Total. 217.0 us (0.0%)
[Performance] InitializeOnLoad CacheServerWindow                                                                                                   :        3 samples, Peak.  5.96 us (1.2x), Avg.  4.97 us, Total. 14.92 us (0.0%)
[Performance] InitializeOnLoad PlayModeDownload                                                                                                    :        3 samples, Peak.  3.03 ms (2.7x), Avg.  1.13 ms, Total. 3.385 ms (0.0%)
[Performance] InitializeOnLoad MenuItems                                                                                                           :        3 samples, Peak.  54.2 us (1.1x), Avg.  49.0 us, Total. 147.0 us (0.0%)
[Performance] InitializeOnLoad PrefabInstanceChangedListener                                                                                       :        3 samples, Peak.   106 us (1.3x), Avg.  83.1 us, Total. 249.3 us (0.0%)
[Performance] InitializeOnLoad ObjectSelectorSearch                                                                                                :        3 samples, Peak.  26.8 us (1.2x), Avg.  22.9 us, Total. 68.75 us (0.0%)
[Performance] InitializeOnLoad EditorMonitor                                                                                                       :        3 samples, Peak.   501 us (1.3x), Avg.   388 us, Total. 1.163 ms (0.0%)
[Performance] InitializeOnLoad RetainedMode                                                                                                        :        3 samples, Peak.  1.41 ms (1.1x), Avg.  1.31 ms, Total. 3.920 ms (0.0%)
[Performance] InitializeOnLoad EditorShaderLoader                                                                                                  :        3 samples, Peak.   383 us (1.1x), Avg.   361 us, Total. 1.082 ms (0.0%)
[Performance] InitializeOnLoad EditorDelegateRegistration                                                                                          :        3 samples, Peak.   388 us (1.2x), Avg.   333 us, Total. 1.000 ms (0.0%)
[Performance] InitializeOnLoad UIDocumentHierarchyWatcher                                                                                          :        3 samples, Peak.  99.1 us (1.7x), Avg.  58.8 us, Total. 176.4 us (0.0%)
[Performance] InitializeOnLoad LiveReloadTrackerCreator                                                                                            :        3 samples, Peak.   203 us (1.3x), Avg.   157 us, Total. 470.4 us (0.0%)
[Performance] InitializeOnLoad UxmlObjectEditorFactories                                                                                           :        3 samples, Peak.   496 us (1.2x), Avg.   411 us, Total. 1.233 ms (0.0%)
[Performance] InitializeOnLoad UXMLEditorFactories                                                                                                 :        3 samples, Peak.  39.7 ms (1.1x), Avg.  37.0 ms, Total. 111.1 ms (0.3%)
[Performance] InitializeOnLoad PurchasingService                                                                                                   :        3 samples, Peak.  6.78 ms (1.3x), Avg.  5.28 ms, Total. 15.85 ms (0.0%)
[Performance] InitializeOnLoad CloudBuildPoller                                                                                                    :        3 samples, Peak.   106 us (1.2x), Avg.  87.5 us, Total. 262.4 us (0.0%)
[Performance] InitializeOnLoad EditorGameServicesAnalytics                                                                                         :        3 samples, Peak.   721 us (1.5x), Avg.   497 us, Total. 1.490 ms (0.0%)
[Performance] InitializeOnLoad AnalyticsService                                                                                                    :        3 samples, Peak.   149 us (1.2x), Avg.   122 us, Total. 366.7 us (0.0%)
[Performance] InitializeOnLoad BuildService                                                                                                        :        3 samples, Peak.   103 us (1.1x), Avg.  96.6 us, Total. 289.8 us (0.0%)
[Performance] InitializeOnLoad AdsService                                                                                                          :        3 samples, Peak.   329 us (1.2x), Avg.   282 us, Total. 847.5 us (0.0%)
[Performance] InitializeOnLoad UDPService                                                                                                          :        3 samples, Peak.   134 us (1.2x), Avg.   113 us, Total. 337.8 us (0.0%)
[Performance] InitializeOnLoad CrashService                                                                                                        :        3 samples, Peak.   120 us (1.2x), Avg.   103 us, Total. 308.2 us (0.0%)
[Performance] InitializeOnLoad ServicesRepository                                                                                                  :        3 samples, Peak.   417 ns (1.3x), Avg.   333 ns, Total. 1.000 us (0.0%)
[Performance] InitializeOnLoad SearchWindow                                                                                                        :        3 samples, Peak.   127 us (1.3x), Avg.  96.8 us, Total. 290.5 us (0.0%)
[Performance] InitializeOnLoad CustomIndexers                                                                                                      :        3 samples, Peak.  11.7 ms (1.1x), Avg.  11.1 ms, Total. 33.31 ms (0.1%)
[Performance] InitializeOnLoad SearchMonitor                                                                                                       :        3 samples, Peak.   590 us (1.1x), Avg.   515 us, Total. 1.546 ms (0.0%)
[Performance] InitializeOnLoad ParameterControllerEditor                                                                                           :        3 samples, Peak.  16.5 us (1.2x), Avg.  14.3 us, Total. 42.79 us (0.0%)
[Performance] InitializeOnLoad LayerSettingsWindow                                                                                                 :        3 samples, Peak.  18.8 us (1.5x), Avg.  12.6 us, Total. 37.71 us (0.0%)
[Performance] InitializeOnLoad PackageManagerHookGUIDConverter.RegisterPackagesEventHandler                                                        :        3 samples, Peak.   420 us (2.5x), Avg.   170 us, Total. 509.1 us (0.0%)
[Performance] InitializeOnLoad EditorDragAndDrop.RegisterEditorClient                                                                              :        3 samples, Peak.   225 us (1.3x), Avg.   180 us, Total. 538.6 us (0.0%)
[Performance] InitializeOnLoad EditorEventCallbacks.InitializeFontAssetResourceChangeCallBacks                                                     :        3 samples, Peak.   675 us (1.1x), Avg.   624 us, Total. 1.872 ms (0.0%)
[Performance] InitializeOnLoad SceneTemplateService.Init                                                                                           :        3 samples, Peak.  1.28 ms (1.4x), Avg.   890 us, Total. 2.669 ms (0.0%)
[Performance] InitializeOnLoad DiagnosticSwitchesConsoleMessage.Init                                                                               :        3 samples, Peak.  3.91 ms (1.9x), Avg.  2.05 ms, Total. 6.160 ms (0.0%)
[Performance] InitializeOnLoad PackageManagerWindow.EditorInitializedInSafeMode                                                                    :        3 samples, Peak.  16.3 ms (3.0x), Avg.  5.51 ms, Total. 16.53 ms (0.1%)
[Performance] InitializeOnLoad ToolShortcutContext.Init                                                                                            :        3 samples, Peak.   103 us (1.2x), Avg.  87.5 us, Total. 262.4 us (0.0%)
[Performance] InitializeOnLoad MemoryProfilerCompilationGuard.InjectCompileGuard                                                                   :        3 samples, Peak.  73.5 us (1.3x), Avg.  58.2 us, Total. 174.5 us (0.0%)
[Performance] InitializeOnLoad AssetPostprocessingInternal.RefreshCustomDependencies                                                               :        3 samples, Peak.  2.50 ms (1.3x), Avg.  1.89 ms, Total. 5.683 ms (0.0%)
[Performance] InitializeOnLoad SysrootManager.Initialize                                                                                           :        3 samples, Peak.  10.4 us (1.2x), Avg.  8.71 us, Total. 26.13 us (0.0%)
[Performance] InitializeOnLoad ScopedRegistryAddedPopup.SubscribeToRegistriesAdded                                                                 :        3 samples, Peak.  6.03 ms (1.5x), Avg.  3.94 ms, Total. 11.82 ms (0.0%)
[Performance] InitializeOnLoad SceneVisibilityManager.Initialize                                                                                   :        3 samples, Peak.  4.15 ms (2.3x), Avg.  1.82 ms, Total. 5.447 ms (0.0%)
[Performance] InitializeOnLoad EditorWindow.Initialize                                                                                             :        3 samples, Peak.   184 us (1.1x), Avg.   161 us, Total. 484.0 us (0.0%)
[Performance] AssemblyReloadEvents.afterAssemblyReload: UnityEditor.SceneTemplate.SceneTemplateService.AfterAssemblyReload                         :        3 samples, Peak.   730 us (1.5x), Avg.   492 us, Total. 1.476 ms (0.0%)
[Performance] ProcessService.EditorAfterLoadAllAssemblies                                                                                          :        3 samples, Peak.   362 us (1.5x), Avg.   245 us, Total. 736.3 us (0.0%)
[Performance] Application.ReadLicenseInfo                                                                                                          :        1 samples, Peak.  11.8 ms (1.0x), Avg.  11.8 ms, Total. 11.76 ms (0.0%)
[Performance] Application.InitialRefresh                                                                                                           :        1 samples, Peak.  10.3 s (1.0x), Avg.  10.3 s, Total. 10.26 s (31.7%)
[Performance] Compiling Scripts                                                                                                                    :        1 samples, Peak.  1.24 s (1.0x), Avg.  1.24 s, Total. 1.240 s (3.8%)
[Performance] AssemblyReloadEvents.beforeAssemblyReload: UnityEditor.SceneTemplate.SceneTemplateService.BeforeAssemblyReload                       :        2 samples, Peak.   341 us (1.1x), Avg.   315 us, Total. 629.9 us (0.0%)
[Performance] InitializeOnLoad SpriteApplyValidator                                                                                                :        2 samples, Peak.   122 us (1.1x), Avg.   109 us, Total. 218.7 us (0.0%)
[Performance] InitializeOnLoad ReadmeEditor                                                                                                        :        2 samples, Peak.  62.1 us (1.2x), Avg.  53.3 us, Total. 106.5 us (0.0%)
[Performance] InitializeOnLoad PlayModeCapture                                                                                                     :        2 samples, Peak.  77.7 us (1.1x), Avg.  73.8 us, Total. 147.7 us (0.0%)
[Performance] InitializeOnLoad BurstLoader                                                                                                         :        2 samples, Peak.  2.54 s (2.0x), Avg.  1.27 s, Total. 2.546 s (7.9%)
[Performance] InitializeOnLoad TouchSimulation                                                                                                     :        2 samples, Peak.   221 us (1.4x), Avg.   160 us, Total. 319.8 us (0.0%)
[Performance] InitializeOnLoad EnableUITKEditor                                                                                                    :        2 samples, Peak.  36.0 us (1.2x), Avg.  28.9 us, Total. 57.87 us (0.0%)
[Performance] InitializeOnLoad InputSystem                                                                                                         :        2 samples, Peak.  59.2 ms (1.2x), Avg.  48.4 ms, Total. 96.89 ms (0.3%)
[Performance] InitializeOnLoad InputSystemUIInputModuleEditor                                                                                      :        2 samples, Peak.   237 us (1.4x), Avg.   174 us, Total. 347.4 us (0.0%)
[Performance] InitializeOnLoad MainThreadDispatcher                                                                                                :        2 samples, Peak.   349 us (1.2x), Avg.   298 us, Total. 596.0 us (0.0%)
[Performance] InitializeOnLoad BackgroundWatcher                                                                                                   :        2 samples, Peak.  97.2 us (1.0x), Avg.  96.6 us, Total. 193.2 us (0.0%)
[Performance] InitializeOnLoad UnityTestProtocolStarter                                                                                            :        2 samples, Peak.   241 us (1.2x), Avg.   195 us, Total. 390.8 us (0.0%)
[Performance] InitializeOnLoad TestStarter                                                                                                         :        2 samples, Peak.  16.9 ms (1.8x), Avg.  9.21 ms, Total. 18.42 ms (0.1%)
[Performance] InitializeOnLoad RerunCallbackInitializer                                                                                            :        2 samples, Peak.  3.27 ms (1.4x), Avg.  2.32 ms, Total. 4.642 ms (0.0%)
[Performance] InitializeOnLoad NuGetDependencyResolver                                                                                             :        2 samples, Peak.  1.33 ms (1.2x), Avg.  1.09 ms, Total. 2.185 ms (0.0%)
[Performance] InitializeOnLoad MainWindowInitializer                                                                                               :        2 samples, Peak.   522 us (1.0x), Avg.   503 us, Total. 1.005 ms (0.0%)
[Performance] InitializeOnLoad Tool_Tests                                                                                                          :        2 samples, Peak.  88.7 ms (1.0x), Avg.  87.7 ms, Total. 175.3 ms (0.5%)
[Performance] InitializeOnLoad Tool_Script                                                                                                         :        2 samples, Peak.  5.37 us (1.2x), Avg.  4.65 us, Total. 9.292 us (0.0%)
[Performance] InitializeOnLoad ScriptUtils                                                                                                         :        2 samples, Peak.   370 us (1.2x), Avg.   307 us, Total. 614.1 us (0.0%)
[Performance] InitializeOnLoad ServerBinaryUpdateWatcher                                                                                           :        2 samples, Peak.   194 us (1.0x), Avg.   187 us, Total. 374.3 us (0.0%)
[Performance] InitializeOnLoad Startup                                                                                                             :        2 samples, Peak.  1.01 s (1.2x), Avg.   831 ms, Total. 1.662 s (5.1%)
[Performance] InitializeOnLoad McpServerManager                                                                                                    :        2 samples, Peak.  4.19 ms (1.1x), Avg.  3.67 ms, Total. 7.346 ms (0.0%)
[Performance] InitializeOnLoad ProbeGIBaking                                                                                                       :        2 samples, Peak.  2.11 ms (1.0x), Avg.  2.08 ms, Total. 4.153 ms (0.0%)
[Performance] InitializeOnLoad FilterWindow                                                                                                        :        2 samples, Peak.  45.6 us (1.1x), Avg.  42.4 us, Total. 84.83 us (0.0%)
[Performance] InitializeOnLoad RealtimeProbeSubdivisionDebug                                                                                       :        2 samples, Peak.   351 us (1.1x), Avg.   331 us, Total. 662.0 us (0.0%)
[Performance] InitializeOnLoad SplineExtrudeUtility                                                                                                :        2 samples, Peak.   243 us (1.1x), Avg.   231 us, Total. 461.5 us (0.0%)
[Performance] InitializeOnLoad SplineDataReorderableListUtility                                                                                    :        2 samples, Peak.   169 us (1.0x), Avg.   168 us, Total. 335.9 us (0.0%)
[Performance] InitializeOnLoad PackageEntryPoint                                                                                                   :        2 samples, Peak.   142 ms (1.1x), Avg.   131 ms, Total. 261.9 ms (0.8%)
[Performance] InitializeOnLoad PurchasingServiceAnalyticsSender                                                                                    :        2 samples, Peak.   958 us (1.1x), Avg.   870 us, Total. 1.739 ms (0.0%)
[Performance] InitializeOnLoad UnityPurchasingEditor                                                                                               :        2 samples, Peak.   632 us (1.1x), Avg.   600 us, Total. 1.201 ms (0.0%)
[Performance] InitializeOnLoad PurchasingImporter                                                                                                  :        2 samples, Peak.   323 us (1.2x), Avg.   278 us, Total. 555.3 us (0.0%)
[Performance] InitializeOnLoad VSCodeScriptEditor                                                                                                  :        2 samples, Peak.  6.82 ms (1.2x), Avg.  5.84 ms, Total. 11.68 ms (0.0%)
[Performance] InitializeOnLoad ShadowCasterGroup2DManager                                                                                          :        2 samples, Peak.  62.8 us (1.1x), Avg.  58.9 us, Total. 117.9 us (0.0%)
[Performance] InitializeOnLoad NodeClassCache                                                                                                      :        2 samples, Peak.  6.83 us (1.3x), Avg.  5.29 us, Total. 10.58 us (0.0%)
[Performance] InitializeOnLoad ShaderGraphMaterialsUpdater                                                                                         :        4 samples, Peak.   291 us (1.8x), Avg.   160 us, Total. 639.8 us (0.0%)
[Performance] InitializeOnLoad Renderer2DAnalytics                                                                                                 :        2 samples, Peak.  83.8 us (1.0x), Avg.  83.3 us, Total. 166.7 us (0.0%)
[Performance] InitializeOnLoad EditorToolManager                                                                                                   :        2 samples, Peak.  1.33 ms (1.2x), Avg.  1.15 ms, Total. 2.293 ms (0.0%)
[Performance] InitializeOnLoad VisualStudioEditor                                                                                                  :        2 samples, Peak.  2.49 ms (1.0x), Avg.  2.43 ms, Total. 4.866 ms (0.0%)
[Performance] InitializeOnLoad TestRunnerApiListener                                                                                               :        2 samples, Peak.   305 us (1.1x), Avg.   289 us, Total. 577.8 us (0.0%)
[Performance] InitializeOnLoad VisualStudioIntegration                                                                                             :        2 samples, Peak.   422 us (1.0x), Avg.   407 us, Total. 813.9 us (0.0%)
[Performance] InitializeOnLoad PrefabLayoutRebuilder                                                                                               :        2 samples, Peak.   251 us (1.1x), Avg.   221 us, Total. 441.8 us (0.0%)
[Performance] InitializeOnLoad OnDomainReload                                                                                                      :        2 samples, Peak.   379 us (1.1x), Avg.   334 us, Total. 668.0 us (0.0%)
[Performance] InitializeOnLoad DeltaTimeScaleProcessor                                                                                             :        2 samples, Peak.   496 us (1.1x), Avg.   442 us, Total. 884.2 us (0.0%)
[Performance] InitializeOnLoad AverageFrameRateTracker                                                                                             :        2 samples, Peak.   159 us (1.1x), Avg.   149 us, Total. 298.4 us (0.0%)
[Performance] InitializeOnLoad EditorInitialize                                                                                                    :        8 samples, Peak.  1.56 ms (2.3x), Avg.   685 us, Total. 5.477 ms (0.0%)
[Performance] InitializeOnLoad CanvasesAndTheirOwners                                                                                              :        2 samples, Peak.   101 us (1.0x), Avg.   100 us, Total. 200.7 us (0.0%)
[Performance] InitializeOnLoad VSUsageUtility                                                                                                      :        2 samples, Peak.  8.90 ms (1.8x), Avg.  4.90 ms, Total. 9.792 ms (0.0%)
[Performance] InitializeOnLoad VersionValidator                                                                                                    :        2 samples, Peak.  1.35 ms (1.0x), Avg.  1.31 ms, Total. 2.613 ms (0.0%)
[Performance] InitializeOnLoad LogPreferences                                                                                                      :        2 samples, Peak.   154 us (1.0x), Avg.   152 us, Total. 304.1 us (0.0%)
[Performance] InitializeOnLoad DestroyListener                                                                                                     :        2 samples, Peak.   282 us (1.1x), Avg.   250 us, Total. 500.6 us (0.0%)
[Performance] InitializeOnLoad ProGridsInterface                                                                                                   :        2 samples, Peak.  2.13 ms (1.1x), Avg.  1.97 ms, Total. 3.939 ms (0.0%)
[Performance] InitializeOnLoad EntityVisibility                                                                                                    :        2 samples, Peak.   297 us (1.1x), Avg.   277 us, Total. 553.5 us (0.0%)
[Performance] InitializeOnLoad VertexManipulationToolSettings                                                                                      :        2 samples, Peak.  46.1 us (1.1x), Avg.  43.3 us, Total. 86.54 us (0.0%)
[Performance] InitializeOnLoad UndoUtility                                                                                                         :        2 samples, Peak.   102 us (1.3x), Avg.  81.1 us, Total. 162.2 us (0.0%)
[Performance] InitializeOnLoad HierarchyListener                                                                                                   :        2 samples, Peak.   159 us (1.1x), Avg.   145 us, Total. 290.5 us (0.0%)
[Performance] InitializeOnLoad Lightmapping                                                                                                        :        2 samples, Peak.   451 us (1.1x), Avg.   422 us, Total. 844.5 us (0.0%)
[Performance] InitializeOnLoad SceneDragAndDropListener                                                                                            :        2 samples, Peak.   240 us (1.0x), Avg.   238 us, Total. 475.7 us (0.0%)
[Performance] InitializeOnLoad MeshSelection                                                                                                       :        2 samples, Peak.  2.41 ms (1.1x), Avg.  2.30 ms, Total. 4.593 ms (0.0%)
[Performance] InitializeOnLoad UnityInternalsInjector                                                                                              :        2 samples, Peak.  1.07 ms (1.0x), Avg.  1.03 ms, Total. 2.057 ms (0.0%)
[Performance] InitializeOnLoad UVCSToolbarBoostrap                                                                                                 :        2 samples, Peak.  62.6 ms (1.0x), Avg.  59.7 ms, Total. 119.4 ms (0.4%)
[Performance] InitializeOnLoad SampleDependencyImporter                                                                                            :        4 samples, Peak.   905 us (1.7x), Avg.   522 us, Total. 2.089 ms (0.0%)
[Performance] InitializeOnLoad InspectorUtility                                                                                                    :        2 samples, Peak.   382 us (1.3x), Avg.   303 us, Total. 605.6 us (0.0%)
[Performance] InitializeOnLoad CinemachineEditorAnalytics                                                                                          :        2 samples, Peak.  46.3 us (1.0x), Avg.  44.3 us, Total. 88.50 us (0.0%)
[Performance] InitializeOnLoad AutoSmoothHookup                                                                                                    :        2 samples, Peak.  98.4 us (1.1x), Avg.  85.7 us, Total. 171.4 us (0.0%)
[Performance] InitializeOnLoad CreatePipelineWithUndo                                                                                              :        2 samples, Peak.   117 us (1.0x), Avg.   115 us, Total. 230.0 us (0.0%)
[Performance] InitializeOnLoad AutoDollyMenuItems                                                                                                  :        2 samples, Peak.   618 us (1.1x), Avg.   581 us, Total. 1.161 ms (0.0%)
[Performance] InitializeOnLoad SplineGizmoCache                                                                                                    :        2 samples, Peak.  1.10 ms (1.0x), Avg.  1.08 ms, Total. 2.151 ms (0.0%)
[Performance] InitializeOnLoad ModifierMenuItems                                                                                                   :        2 samples, Peak.   358 us (1.0x), Avg.   341 us, Total. 681.9 us (0.0%)
[Performance] InitializeOnLoad CreateRigWithUndo                                                                                                   :        2 samples, Peak.  99.2 us (1.0x), Avg.  98.8 us, Total. 197.5 us (0.0%)
[Performance] InitializeOnLoad CinemachineDeoccluderPrefs                                                                                          :        2 samples, Peak.  1.37 ms (1.1x), Avg.  1.25 ms, Total. 2.494 ms (0.0%)
[Performance] InitializeOnLoad PipelineStageMenu                                                                                                   :        2 samples, Peak.  1.41 ms (1.1x), Avg.  1.26 ms, Total. 2.511 ms (0.0%)
[Performance] InitializeOnLoad CinemachineSplineDollyPrefs                                                                                         :        2 samples, Peak.   393 us (1.2x), Avg.   338 us, Total. 675.9 us (0.0%)
[Performance] InitializeOnLoad SaveDuringPlay                                                                                                      :        2 samples, Peak.  74.2 us (1.3x), Avg.  58.5 us, Total. 117.0 us (0.0%)
[Performance] InitializeOnLoad DefaultControlInitializer                                                                                           :        2 samples, Peak.   110 us (1.2x), Avg.  94.8 us, Total. 189.5 us (0.0%)
[Performance] InitializeOnLoad SyncCacheEnabledSetting                                                                                             :        2 samples, Peak.   333 us (1.2x), Avg.   287 us, Total. 574.0 us (0.0%)
[Performance] InitializeOnLoad CinemachineComposerPrefs                                                                                            :        2 samples, Peak.   245 us (1.1x), Avg.   233 us, Total. 465.3 us (0.0%)
[Performance] InitializeOnLoad RiderScriptEditor                                                                                                   :        2 samples, Peak.  4.98 ms (1.1x), Avg.  4.69 ms, Total. 9.376 ms (0.0%)
[Performance] InitializeOnLoad CallbackInitializer                                                                                                 :        2 samples, Peak.  1.50 ms (1.9x), Avg.   787 us, Total. 1.573 ms (0.0%)
[Performance] InitializeOnLoad NavigationWindow                                                                                                    :        2 samples, Peak.   437 us (1.0x), Avg.   435 us, Total. 869.1 us (0.0%)
[Performance] InitializeOnLoad SceneViewGridManager.Initialize                                                                                     :        2 samples, Peak.  3.65 ms (1.4x), Avg.  2.64 ms, Total. 5.287 ms (0.0%)
[Performance] InitializeOnLoad TilemapPrefabStageHelper.Initialize                                                                                 :        2 samples, Peak.  1.53 ms (1.6x), Avg.   980 us, Total. 1.960 ms (0.0%)
[Performance] InitializeOnLoad SceneViewOpenTilePaletteHelper.Initialize                                                                           :        2 samples, Peak.  1.20 ms (1.7x), Avg.   718 us, Total. 1.435 ms (0.0%)
[Performance] InitializeOnLoad TileDragAndDropManager.Initialize                                                                                   :        2 samples, Peak.   839 us (1.9x), Avg.   452 us, Total. 903.3 us (0.0%)
[Performance] InitializeOnLoad ThreadHelper.Init                                                                                                   :        8 samples, Peak.   300 us (2.4x), Avg.   124 us, Total. 995.7 us (0.0%)
[Performance] InitializeOnLoad EngineStateHelper.Init                                                                                              :        8 samples, Peak.   159 us (1.6x), Avg.  97.2 us, Total. 777.6 us (0.0%)
[Performance] InitializeOnLoad InputSystemPackageControl.SubscribePackageManagerEvent                                                              :        2 samples, Peak.  58.0 us (1.1x), Avg.  53.0 us, Total. 105.9 us (0.0%)
[Performance] InitializeOnLoad InputSystemPluginControl.CheckForExtension                                                                          :        2 samples, Peak.  1.05 ms (1.0x), Avg.  1.01 ms, Total. 2.018 ms (0.0%)
[Performance] InitializeOnLoad MaterialReimporter.RegisterUpgraderReimport                                                                         :        4 samples, Peak.   160 us (1.8x), Avg.  88.0 us, Total. 351.8 us (0.0%)
[Performance] InitializeOnLoad ServiceInstallationListener.RegisterToEvents                                                                        :        2 samples, Peak.   658 us (1.2x), Avg.   562 us, Total. 1.125 ms (0.0%)
[Performance] InitializeOnLoad ActionSchedulerCleaner.RegisterSchedulerCleaner                                                                     :        2 samples, Peak.   224 us (1.3x), Avg.   176 us, Total. 352.2 us (0.0%)
[Performance] InitializeOnLoad EditorGameServiceRegistry.RegisterAllServices                                                                       :        2 samples, Peak.  5.05 ms (1.1x), Avg.  4.68 ms, Total. 9.351 ms (0.0%)
[Performance] InitializeOnLoad MainThreadDispatcher.EditorInitialize                                                                               :        2 samples, Peak.   146 us (1.3x), Avg.   114 us, Total. 227.9 us (0.0%)
[Performance] InitializeOnLoad MainThreadInstaller.Init                                                                                            :        2 samples, Peak.   107 us (1.0x), Avg.   107 us, Total. 213.1 us (0.0%)
[Performance] InitializeOnLoad ProjectConfigurationBuilder.SubscribeToResetComplete                                                                :        2 samples, Peak.   249 us (1.1x), Avg.   232 us, Total. 464.7 us (0.0%)
[Performance] InitializeOnLoad ProBuilderSettings.SaveSettingsOnExit                                                                               :        2 samples, Peak.  32.3 us (1.2x), Avg.  27.7 us, Total. 55.46 us (0.0%)
[Performance] InitializeOnLoad VisualStudioEditor.LegacyVisualStudioCodePackageDisabler                                                            :        2 samples, Peak.  1.18 ms (1.1x), Avg.  1.03 ms, Total. 2.069 ms (0.0%)
[Performance] InitializeOnLoad UnityPurchasingEditor.MigrateBillingMode                                                                            :        2 samples, Peak.   676 us (1.3x), Avg.   512 us, Total. 1.024 ms (0.0%)
[Performance] InitializeOnLoad ProductCatalogEditor.MigrateProductCatalog                                                                          :        2 samples, Peak.   348 us (1.1x), Avg.   311 us, Total. 621.7 us (0.0%)
[Performance] InitializeOnLoad ObfuscationMigration.MigrateObfuscations                                                                            :        2 samples, Peak.   147 us (1.1x), Avg.   139 us, Total. 278.2 us (0.0%)
[Performance] InitializeOnLoad SplineCacheUtility.Initialize                                                                                       :        2 samples, Peak.   451 us (1.1x), Avg.   429 us, Total. 857.2 us (0.0%)
[Performance] InitializeOnLoad TestJobDataHolder.ResumeRunningJobs                                                                                 :        2 samples, Peak.  1.87 ms (1.2x), Avg.  1.63 ms, Total. 3.252 ms (0.0%)
[Performance] InitializeOnLoad AnalyticsReporter.RegisterCallbacks                                                                                 :        2 samples, Peak.   854 us (1.2x), Avg.   727 us, Total. 1.454 ms (0.0%)
[Performance] InitializeOnLoad DebugManagerWindowLifetimeAnalytic.SubscribeToDebugManagerOpenCloseWindows                                          :        2 samples, Peak.   401 us (1.1x), Avg.   367 us, Total. 734.8 us (0.0%)
[Performance] InitializeOnLoad CoreRenderPipelinePreferences.InitPreferenceProviders                                                               :        2 samples, Peak.  16.6 ms (1.1x), Avg.  14.9 ms, Total. 29.80 ms (0.1%)
[Performance] InitializeOnLoad VolumeGizmoDrawer.InitVolumeGizmoCallbacks                                                                          :        2 samples, Peak.   232 us (1.0x), Avg.   224 us, Total. 447.4 us (0.0%)
[Performance] InitializeOnLoad UnityThreadUtils.CaptureUnityThreadInfo                                                                             :        2 samples, Peak.  66.3 us (1.0x), Avg.  64.2 us, Total. 128.3 us (0.0%)
[Performance] DidReloadScriptsAdvancedDropdownWindow.OnScriptReload                                                                                :        4 samples, Peak.   188 us (1.1x), Avg.   177 us, Total. 709.0 us (0.0%)
[Performance] DidReloadScriptsCinemachineVirtualCameraBase.OnScriptReload                                                                          :        2 samples, Peak.  69.9 us (1.1x), Avg.  66.2 us, Total. 132.3 us (0.0%)
[Performance] DidReloadScriptsCinemachineExtension.OnScriptReload                                                                                  :        2 samples, Peak.   204 us (1.0x), Avg.   196 us, Total. 392.3 us (0.0%)
[Performance] DidReloadScriptsTestRunnerWindow.CompilationCallback                                                                                 :        2 samples, Peak.   174 us (1.1x), Avg.   163 us, Total. 325.4 us (0.0%)
[Performance] DidReloadScriptsTestListCache.ScriptReloaded                                                                                         :        2 samples, Peak.  1.39 ms (1.8x), Avg.   755 us, Total. 1.511 ms (0.0%)
[Performance] DidReloadScriptsLookDev.OnEditorReload                                                                                               :        2 samples, Peak.   162 us (1.0x), Avg.   157 us, Total. 314.9 us (0.0%)
[Performance] DidReloadScriptsDebugWindow.OnEditorReload                                                                                           :        2 samples, Peak.  3.90 ms (1.1x), Avg.  3.55 ms, Total. 7.105 ms (0.0%)
[Performance] DidReloadScriptsVolumeComponentEditor.OnEditorReload                                                                                 :        2 samples, Peak.  12.0 ms (1.0x), Avg.  11.8 ms, Total. 23.63 ms (0.1%)
[Performance] AssemblyReloadEvents.afterAssemblyReload: com.IvanMurzak.Unity.MCP.Editor.Startup.OnAfterAssemblyReload                              :        2 samples, Peak.   189 ms (1.7x), Avg.   108 ms, Total. 215.8 ms (0.7%)
[Performance] AssemblyReloadEvents.afterAssemblyReload: UnityEditor.ProBuilder.HierarchyListener.OnAfterAssemblyReload                             :        2 samples, Peak.   832 us (1.7x), Avg.   483 us, Total. 966.9 us (0.0%)
[Performance] CinemachineSettings.OnPostprocessAllAssets                                                                                           :        8 samples, Peak.   288 us (2.3x), Avg.   127 us, Total. 1.017 ms (0.0%)
[Performance] DomainReloadProcessor.OnPostprocessAllAssets                                                                                         :        8 samples, Peak.   161 us (2.0x), Avg.  78.8 us, Total. 630.5 us (0.0%)
[Performance] AssetPostprocessorProxy.OnPostprocessAllAssets                                                                                       :        8 samples, Peak.   130 us (2.0x), Avg.  65.8 us, Total. 526.5 us (0.0%)
[Performance] UniversalRenderPipelineGlobalSettingsPostprocessor.OnPostprocessAllAssets                                                            :        8 samples, Peak.  1.30 ms (3.0x), Avg.   427 us, Total. 3.414 ms (0.0%)
[Performance] InputActionAssetPostprocessor.OnPostprocessAllAssets                                                                                 :        8 samples, Peak.   228 us (1.8x), Avg.   129 us, Total. 1.034 ms (0.0%)
[Performance] InputActionJsonNameModifierAssetProcessor.OnPostprocessAllAssets                                                                     :        8 samples, Peak.  39.1 us (2.0x), Avg.  19.8 us, Total. 158.4 us (0.0%)
[Performance] ProjectSettingsPostprocessor.OnPostprocessAllAssets                                                                                  :        8 samples, Peak.   137 us (2.2x), Avg.  63.2 us, Total. 505.3 us (0.0%)
[Performance] SyncVS.PostprocessSyncProject                                                                                                        :        4 samples, Peak.  7.88 ms (1.5x), Avg.  5.22 ms, Total. 20.90 ms (0.1%)
[Performance] Application.ImportPackagesAndSetTemplateWhenCreatingProject                                                                          :        1 samples, Peak.  13.2 ms (1.0x), Avg.  13.2 ms, Total. 13.21 ms (0.0%)
[Performance] Application.SyncCurrentColorSpace                                                                                                    :        1 samples, Peak.  15.3 ms (1.0x), Avg.  15.3 ms, Total. 15.29 ms (0.0%)
[Performance] Application.OnUsbDevicesChanged                                                                                                      :        1 samples, Peak.   513 us (1.0x), Avg.   513 us, Total. 513.4 us (0.0%)
[Performance] Application.AssetInstanceCacheUpdate                                                                                                 :        1 samples, Peak.   208 ns (1.0x), Avg.   208 ns, Total. 208.0 ns (0.0%)
[Performance] Application.UnityExtensions.Initialize                                                                                               :        1 samples, Peak.  10.6 ms (1.0x), Avg.  10.6 ms, Total. 10.63 ms (0.0%)
[Performance] CodeEditorProjectSync.SyncEditorProject                                                                                              :        1 samples, Peak.   574 ms (1.0x), Avg.   574 ms, Total. 574.4 ms (1.8%)
[Performance] Application.ExecuteStartups                                                                                                          :        1 samples, Peak.  45.2 ms (1.0x), Avg.  45.2 ms, Total. 45.17 ms (0.1%)
[Performance] Menu.RegisterMenuInterface                                                                                                           :       26 samples, Peak.  4.63 us (8.0x), Avg.   578 ns, Total. 15.04 us (0.0%)
[Performance] Gizmo.RebuildRenderers                                                                                                               :        3 samples, Peak.  42.8 ms (1.8x), Avg.  24.1 ms, Total. 72.40 ms (0.2%)
[Performance] Gizmo.AddGizmoRenderers                                                                                                              :      588 samples, Peak.  3.79 ms (144.2x), Avg.  26.3 us, Total. 15.46 ms (0.0%)
[Performance] Application.editorInitializingProject                                                                                                :        1 samples, Peak.  16.0 us (1.0x), Avg.  16.0 us, Total. 15.96 us (0.0%)
[Performance] Application.FinishLoadingProject                                                                                                     :        1 samples, Peak.   481 ms (1.0x), Avg.   481 ms, Total. 480.8 ms (1.5%)
[Performance] Application.InitializeMenu                                                                                                           :        1 samples, Peak.   277 ms (1.0x), Avg.   277 ms, Total. 277.0 ms (0.9%)
[Performance] Menu.RebuildAll                                                                                                                      :        1 samples, Peak.   277 ms (1.0x), Avg.   277 ms, Total. 277.0 ms (0.9%)
[Performance] Menu.BuildRegisteredMenuInterfaces                                                                                                   :        1 samples, Peak.   276 ms (1.0x), Avg.   276 ms, Total. 276.3 ms (0.9%)
[Performance] Menu.FilterMenuItem                                                                                                                  :     1030 samples, Peak.   121 ms (1022.8x), Avg.   118 us, Total. 121.5 ms (0.4%)
[Performance] UpdateAllMenus                                                                                                                       :        1 samples, Peak.   609 us (1.0x), Avg.   609 us, Total. 608.6 us (0.0%)
[Performance] EditorSceneManager.sceneClosing: UnityEditor.SceneVisibilityManager.EditorSceneManagerOnSceneClosing                                 :        3 samples, Peak.   193 us (1.6x), Avg.   118 us, Total. 354.9 us (0.0%)
[Performance] GUIView.RepaintAll.PlayerLoopController                                                                                              :     3973 samples, Peak.  16.0 us (115.8x), Avg.   138 ns, Total. 549.1 us (0.0%)
[Performance] EditorSceneManager.newSceneCreated: UnityEditor.SceneTemplate.SceneTemplateService.OnNewSceneCreated                                 :        2 samples, Peak.   186 us (2.0x), Avg.  94.9 us, Total. 189.7 us (0.0%)
[Performance] EditorSceneManager.newSceneCreated: UnityEditor.SceneVisibilityManager.EditorSceneManagerOnNewSceneCreated                           :        2 samples, Peak.   311 us (1.9x), Avg.   162 us, Total. 324.5 us (0.0%)
[Performance] EditorSceneManager.newSceneCreated: UnityEditor.SceneManagement.StageNavigationManager.OnNewSceneCreated                             :        2 samples, Peak.  83.1 us (2.0x), Avg.  42.3 us, Total. 84.67 us (0.0%)
[Performance] Application.InvokeFinishedLoadingProject                                                                                             :        1 samples, Peak.  20.9 ms (1.0x), Avg.  20.9 ms, Total. 20.87 ms (0.1%)
[Performance] ProcessService.OnProjectLoaded                                                                                                       :        1 samples, Peak.  52.2 us (1.0x), Avg.  52.2 us, Total. 52.25 us (0.0%)
[Performance] VersionControl.Task.Wait                                                                                                             :        1 samples, Peak.  6.25 us (1.0x), Avg.  6.25 us, Total. 6.250 us (0.0%)
[Performance] Application.InvokeProjectWasLoaded                                                                                                   :        1 samples, Peak.  76.2 us (1.0x), Avg.  76.2 us, Total. 76.17 us (0.0%)
[Performance] Application.Tick                                                                                                                     :     3972 samples, Peak.  4.07 s (949.3x), Avg.  4.28 ms, Total. 17.01 s (52.7%)
[Performance] CheckLicensingClient                                                                                                                 :        3 samples, Peak.  5.67 us (1.4x), Avg.  4.15 us, Total. 12.46 us (0.0%)
[Performance] CheckLicensingClientNotification                                                                                                     :        3 samples, Peak.  3.83 us (1.2x), Avg.  3.33 us, Total. 10.00 us (0.0%)
[Performance] LicenseActivated.Tick                                                                                                                :        1 samples, Peak.  6.25 us (1.0x), Avg.  6.25 us, Total. 6.250 us (0.0%)
[Performance] Application.TickVersionControl                                                                                                       :     3973 samples, Peak.  5.42 us (27.0x), Avg.   201 ns, Total. 796.8 us (0.0%)
[Performance] MonoCompiler.Tick                                                                                                                    :       28 samples, Peak.  14.1 us (2.3x), Avg.  6.23 us, Total. 174.4 us (0.0%)
[Performance] UnityConnect.Tick                                                                                                                    :        4 samples, Peak.  5.57 ms (3.9x), Avg.  1.44 ms, Total. 5.761 ms (0.0%)
[Performance] UnityVersionControl.Tick                                                                                                             :        4 samples, Peak.   458 ns (2.9x), Avg.   156 ns, Total. 625.0 ns (0.0%)
[Performance] CurlRequest.Tick                                                                                                                     :       49 samples, Peak.  6.79 ms (48.4x), Avg.   140 us, Total. 6.875 ms (0.0%)
[Performance] HubClient.Tick                                                                                                                       :       49 samples, Peak.  9.25 us (14.8x), Avg.   626 ns, Total. 30.67 us (0.0%)
[Performance] AssetDatabase.Tick                                                                                                                   :       49 samples, Peak.  37.6 us (41.3x), Avg.   911 ns, Total. 44.62 us (0.0%)
[Performance] SceneBackgroundTask.Tick                                                                                                             :       35 samples, Peak.   500 ns (2.6x), Avg.   192 ns, Total. 6.714 us (0.0%)
[Performance] Scheduler.Tick                                                                                                                       :      385 samples, Peak.  2.26 ms (152.7x), Avg.  14.8 us, Total. 5.698 ms (0.0%)
[Performance] RepaintAllProfilerWindows                                                                                                            :       16 samples, Peak.   498 us (10.7x), Avg.  46.5 us, Total. 744.1 us (0.0%)
[Performance] PlayerUpdates.Tick                                                                                                                   :       89 samples, Peak.  27.5 us (5.3x), Avg.  5.17 us, Total. 460.3 us (0.0%)
[Performance] Application.TickGlobalCallbacks                                                                                                      :     3973 samples, Peak.  41.3 ms (1231.2x), Avg.  33.5 us, Total. 133.1 ms (0.4%)
[Performance] CoreBusinessMetrics.Tick                                                                                                             :        1 samples, Peak.  35.9 us (1.0x), Avg.  35.9 us, Total. 35.92 us (0.0%)
[Performance] EditorAnalytics.Tick                                                                                                                 :       24 samples, Peak.  8.38 us (9.3x), Avg.   901 ns, Total. 21.63 us (0.0%)
[Performance] GI.Tick                                                                                                                              :        4 samples, Peak.   632 us (2.5x), Avg.   248 us, Total. 992.3 us (0.0%)
[Performance] Video.Update                                                                                                                         :     3973 samples, Peak.  5.71 us (48.7x), Avg.   117 ns, Total. 465.4 us (0.0%)
[Performance] UnitySynchronization.ExecuteTasks                                                                                                    :        4 samples, Peak.  5.08 us (1.4x), Avg.  3.65 us, Total. 14.58 us (0.0%)
[Performance] Application.TickPreloadManager                                                                                                       :        5 samples, Peak.  33.9 us (3.3x), Avg.  10.2 us, Total. 51.00 us (0.0%)
[Performance] Application.TickProgress                                                                                                             :     3973 samples, Peak.  4.13 ms (3447.1x), Avg.  1.20 us, Total. 4.761 ms (0.0%)
[Performance] Application.TickSceneTracker                                                                                                         :     3973 samples, Peak.  1.64 s (1827.2x), Avg.   896 us, Total. 3.561 s (11.0%)
[Performance] EditorApplication.update                                                                                                             :     3973 samples, Peak.  1.64 s (1837.3x), Avg.   891 us, Total. 3.542 s (11.0%)
[Performance] EditorApplication.update: UnityEditor.TestTools.TestRunner.CommandLineTest.TestStarter.UpdateWatch                                   :        1 samples, Peak.  15.3 ms (1.0x), Avg.  15.3 ms, Total. 15.32 ms (0.0%)
[Performance] EditorApplication.update: com.IvanMurzak.Unity.MCP.Editor.DependencyResolver.NuGetDependencyResolver.ResolveOnce                     :        2 samples, Peak.   886 ms (1.5x), Avg.   588 ms, Total. 1.176 s (3.6%)
[Performance] EditorApplication.update: com.IvanMurzak.Unity.MCP.Editor.Utils.ScriptUtils.ProcessPendingNotificationsOnce                          :        2 samples, Peak.  1.17 ms (1.2x), Avg.  1.02 ms, Total. 2.033 ms (0.0%)
[Performance] EditorApplication.update: com.IvanMurzak.Unity.MCP.Editor.Utils.PackageUtils.ProcessPendingNotificationsOnce                         :        2 samples, Peak.  1.02 ms (1.4x), Avg.   704 us, Total. 1.409 ms (0.0%)
[Performance] EditorApplication.update: com.IvanMurzak.Unity.MCP.Editor.McpServerManager.CheckExistingProcess                                      :        2 samples, Peak.  1.35 ms (1.1x), Avg.  1.24 ms, Total. 2.489 ms (0.0%)
[Performance] EditorApplication.update: com.IvanMurzak.Unity.MCP.Editor.McpServerManager.StartServerIfNeeded                                       :        2 samples, Peak.   836 us (1.1x), Avg.   779 us, Total. 1.558 ms (0.0%)
[Performance] EditorApplication.update: UnityEngine.Rendering.ProbeSubdivisionContext+RealtimeProbeSubdivisionDebug.UpdateRealtimeSubdivisionDebug :     3973 samples, Peak.  5.30 ms (1967.2x), Avg.  2.70 us, Total. 10.71 ms (0.0%)
[Performance] EditorApplication.update: Unity.PlasticSCM.Editor.Hub.ProcessHubCommand.RunOnceWhenAccessTokenIsInitialized                          :     3973 samples, Peak.  1.11 ms (1481.6x), Avg.   752 ns, Total. 2.989 ms (0.0%)
[Performance] EditorApplication.update: callback in Unity.PlasticSCM.Editor.Execute                                                                :        2 samples, Peak.   821 us (1.1x), Avg.   773 us, Total. 1.547 ms (0.0%)
[Performance] EditorApplication.update: UnityEditor.Timeline.SampleDependencyImporter+PackageChecker.WaitForRequestToComplete                      :        2 samples, Peak.  3.97 ms (1.1x), Avg.  3.56 ms, Total. 7.118 ms (0.0%)
[Performance] EditorApplication.update: Unity.Cinemachine.Editor.SampleDependencyImporter+PackageChecker.WaitForRequestToComplete                  :        2 samples, Peak.  3.49 ms (1.3x), Avg.  2.65 ms, Total. 5.309 ms (0.0%)
[Performance] EditorApplication.update: callback in UnityEditor.Rendering.Universal.MaterialReimporter                                             :     3973 samples, Peak.  1.07 ms (1098.5x), Avg.   975 ns, Total. 3.875 ms (0.0%)
[Performance] EditorApplication.update: UnityEditor.PackageManager.UI.Internal.ApplicationProxy.OnUpdate                                           :     3973 samples, Peak.  1.22 ms (841.7x), Avg.  1.45 us, Total. 5.764 ms (0.0%)
[Performance] EditorApplication.update: UnityEditor.SceneManagement.StageNavigationManager.Update                                                  :     3973 samples, Peak.   358 us (863.6x), Avg.   415 ns, Total. 1.648 ms (0.0%)
[Performance] Package.AsyncRequest                                                                                                                 :        2 samples, Peak.   673 us (1.0x), Avg.   659 us, Total. 1.318 ms (0.0%)
[Performance] ConsoleLog.Tick                                                                                                                      :       27 samples, Peak.   236 us (11.9x), Avg.  19.9 us, Total. 537.6 us (0.0%)
[Performance] HierarchyWindow.Tick                                                                                                                 :       35 samples, Peak.  6.29 ms (17.6x), Avg.   356 us, Total. 12.48 ms (0.0%)
[Performance] EditorApplication.hierarchyChanged: Unity.UIElements.Editor.UIDocumentHierarchyWatcher.OnHierarchyChanged                            :       16 samples, Peak.   249 us (10.3x), Avg.  24.3 us, Total. 388.8 us (0.0%)
[Performance] EditorApplication.hierarchyChanged: UnityEditor.Tilemaps.SceneViewGridManager.UpdateCache                                            :       16 samples, Peak.  5.40 ms (14.6x), Avg.   369 us, Total. 5.905 ms (0.0%)
[Performance] EditorApplication.hierarchyChanged: UnityEditor.Tilemaps.SceneViewOpenTilePaletteHelper.SelectionChanged                             :       16 samples, Peak.  30.7 us (6.7x), Avg.  4.61 us, Total. 73.79 us (0.0%)
[Performance] Inspector.Tick                                                                                                                       :       35 samples, Peak.   159 ms (17.7x), Avg.  9.01 ms, Total. 315.3 ms (1.0%)
[Performance] EditorApplication.delayCall: UnityEditor.ShortcutManagement.ShortcutIntegration.EnsureShortcutsAreInitialized                        :        2 samples, Peak.  35.1 ms (1.2x), Avg.  30.4 ms, Total. 60.80 ms (0.2%)
[Performance] EditorApplication.delayCall: SpriteApplyValidator.MaybeRun                                                                           :        2 samples, Peak.   249 us (1.1x), Avg.   236 us, Total. 471.6 us (0.0%)
[Performance] EditorApplication.delayCall: ReadmeEditor.SelectReadmeAutomatically                                                                  :        2 samples, Peak.  23.2 ms (2.0x), Avg.  11.6 ms, Total. 23.30 ms (0.1%)
[Performance] EditorApplication.delayCall: callback in UnityEngine.InputSystem.EnhancedTouch.TouchSimulation                                       :        2 samples, Peak.   829 us (1.9x), Avg.   448 us, Total. 895.1 us (0.0%)
[Performance] EditorApplication.delayCall: UnityEngine.InputSystem.InputSystem.SetUpRemotingInternal                                               :        2 samples, Peak.  6.64 ms (1.9x), Avg.  3.50 ms, Total. 7.006 ms (0.0%)
[Performance] EditorApplication.delayCall: UnityEngine.InputSystem.InputSystem.ShowRestartWarning                                                  :        2 samples, Peak.  5.21 ms (2.0x), Avg.  2.65 ms, Total. 5.301 ms (0.0%)
[Performance] EditorApplication.delayCall: com.IvanMurzak.Unity.MCP.Editor.Utils.UpdateChecker.CheckForUpdatesOnStartup                            :        2 samples, Peak.  7.18 ms (1.1x), Avg.  6.40 ms, Total. 12.80 ms (0.0%)
[Performance] EditorApplication.delayCall: callback in UnityEditor.Purchasing.UnityPurchasingEditor                                                :        2 samples, Peak.  1.79 ms (1.7x), Avg.  1.04 ms, Total. 2.078 ms (0.0%)
[Performance] EditorApplication.delayCall: UnityEditor.ProBuilder.VersionValidator.ValidateVersion                                                 :        2 samples, Peak.  3.87 ms (1.1x), Avg.  3.65 ms, Total. 7.298 ms (0.0%)
[Performance] EditorApplication.delayCall: callback in UnityEditor.ProBuilder.LogPreferences                                                       :        2 samples, Peak.  1.81 ms (1.0x), Avg.  1.79 ms, Total. 3.587 ms (0.0%)
[Performance] EditorApplication.delayCall: callback in UnityEditor.AI.NavMeshEditorHelpers                                                         :        2 samples, Peak.  46.1 us (1.2x), Avg.  39.9 us, Total. 79.79 us (0.0%)
[Performance] EditorApplication.delayCall: callback in UnityEditor.EditorTools.ToolShortcutContext                                                 :        2 samples, Peak.   847 us (1.3x), Avg.   629 us, Total. 1.259 ms (0.0%)
[Performance] EditorApplication.delayCall: callback in UnityEditor.SceneVisibilityManager                                                          :        2 samples, Peak.  75.7 us (1.1x), Avg.  72.0 us, Total. 144.0 us (0.0%)
[Performance] EditorApplication.delayCall: callback in UnityEditor.EditorWindow                                                                    :        2 samples, Peak.  25.4 us (1.0x), Avg.  25.1 us, Total. 50.29 us (0.0%)
[Performance] EditorApplication.delayCall: callback in UnityEditor.ProBuilder.HierarchyListener                                                    :        2 samples, Peak.   117 ms (1.2x), Avg.  94.7 ms, Total. 189.4 ms (0.6%)
[Performance] EditorApplication.delayCall: UnityEditor.EditorTools.EditorToolContext.Activate                                                      :        2 samples, Peak.  37.0 us (1.8x), Avg.  20.8 us, Total. 41.58 us (0.0%)
[Performance] Tooltip.Tick                                                                                                                         :       87 samples, Peak.   415 us (68.2x), Avg.  6.09 us, Total. 529.7 us (0.0%)
[Performance] Application.RequestRepaintForPanels                                                                                                  :     3973 samples, Peak.   327 us (317.7x), Avg.  1.03 us, Total. 4.091 ms (0.0%)
[Performance] Application.UpdateScene                                                                                                              :     3972 samples, Peak.  1.84 s (843.5x), Avg.  2.18 ms, Total. 8.659 s (26.8%)
[Performance] Inspector.InitOrRebuild                                                                                                              :        3 samples, Peak.  6.95 ms (2.3x), Avg.  3.05 ms, Total. 9.164 ms (0.0%)
[Performance] Selection.selectionChanged: UnityEditor.PackageManager.UI.Internal.SelectionProxy.OnSelectionChanged                                 :        2 samples, Peak.   305 us (1.7x), Avg.   180 us, Total. 360.3 us (0.0%)
[Performance] Selection.selectionChanged: UnityEditorInternal.EditMode.OnSelectionChange                                                           :        2 samples, Peak.   131 us (2.0x), Avg.  66.2 us, Total. 132.3 us (0.0%)
[Performance] Selection.selectionChanged: UnityEditor.Splines.SplineDataReorderableListUtility.ClearReorderableLists                               :        2 samples, Peak.  78.9 us (2.0x), Avg.  39.8 us, Total. 79.58 us (0.0%)
[Performance] Selection.selectionChanged: UnityEditor.ProBuilder.MeshSelection.OnObjectSelectionChanged                                            :        2 samples, Peak.  4.79 us (1.1x), Avg.  4.35 us, Total. 8.708 us (0.0%)
[Performance] Selection.selectionChanged: Unity.Cinemachine.Editor.InspectorUtility.<.cctor>g__OnUserDidSomething|8_0                              :        2 samples, Peak.  56.0 us (2.0x), Avg.  28.3 us, Total. 56.50 us (0.0%)
[Performance] Selection.selectionChanged: UnityEditor.Tilemaps.SceneViewGridManager.UpdateCache                                                    :        2 samples, Peak.  4.96 us (1.3x), Avg.  3.79 us, Total. 7.583 us (0.0%)
[Performance] Selection.selectionChanged: UnityEditor.Tilemaps.SceneViewOpenTilePaletteHelper.SelectionChanged                                     :        2 samples, Peak.  7.79 us (1.8x), Avg.  4.29 us, Total. 8.584 us (0.0%)
[Performance] Application.UpdateTextureStreaming                                                                                                   :        5 samples, Peak.   500 ns (2.2x), Avg.   225 ns, Total. 1.127 us (0.0%)
[Performance] Application.UpdateVideoTextures                                                                                                      :        5 samples, Peak.   375 ns (2.7x), Avg.   141 ns, Total. 707.0 ns (0.0%)
[Performance] PackageImporter.Tick                                                                                                                 :       26 samples, Peak.  2.38 us (9.4x), Avg.   252 ns, Total. 6.543 us (0.0%)
[Performance] InspectorBackground.Tick                                                                                                             :       33 samples, Peak.  1.62 us (9.1x), Avg.   178 ns, Total. 5.872 us (0.0%)
[Performance] BurstDebug.Tick                                                                                                                      :       14 samples, Peak.  2.33 us (2.6x), Avg.   899 ns, Total. 12.58 us (0.0%)
[Performance] Application.ChangeLayoutIfNeeded                                                                                                     :     3972 samples, Peak.   541 ns (15.3x), Avg.  35.3 ns, Total. 140.2 us (0.0%)
[Performance] AsyncReadManager.ForceCloseFiles                                                                                                     :        9 samples, Peak.   147 us (3.6x), Avg.  40.4 us, Total. 363.9 us (0.0%)
[Performance] EditorApplication.update: UnityEditor.TestTools.TestRunner.TestRun.TestJobRunner.ExecuteStep                                         :        6 samples, Peak.  1.64 s (6.0x), Avg.   273 ms, Total. 1.640 s (5.1%)
[Performance] GUIView.RepaintAll.RepaintScene                                                                                                      :        2 samples, Peak.   459 ns (1.2x), Avg.   396 ns, Total. 793.0 ns (0.0%)
[Performance] PaletteAssetModificationProcessor.OnWillSaveAssets                                                                                   :        3 samples, Peak.  3.98 ms (2.9x), Avg.  1.40 ms, Total. 4.188 ms (0.0%)
[Performance] StateMacroSavedEvent.OnWillSaveAssets                                                                                                :        3 samples, Peak.   241 us (1.6x), Avg.   152 us, Total. 456.0 us (0.0%)
[Performance] FlowMacroSavedEvent.OnWillSaveAssets                                                                                                 :        3 samples, Peak.   213 us (1.8x), Avg.   121 us, Total. 363.7 us (0.0%)
[Performance] UnityCloudProjectLinkMonitor.OnWillSaveAssets                                                                                        :        3 samples, Peak.  1.28 ms (2.2x), Avg.   575 us, Total. 1.724 ms (0.0%)
[Performance] UVCSAssetModificationProcessor.OnWillSaveAssets                                                                                      :        3 samples, Peak.   231 us (1.8x), Avg.   127 us, Total. 380.1 us (0.0%)
[Performance] BuilderAssetModificationProcessor.OnWillSaveAssets                                                                                   :        3 samples, Peak.   642 us (2.6x), Avg.   247 us, Total. 741.9 us (0.0%)
[Performance] TerrainModificationProcessor.OnWillSaveAssets                                                                                        :        3 samples, Peak.   922 us (1.5x), Avg.   615 us, Total. 1.846 ms (0.0%)
[Performance] AssetDatabase.ImportAssets                                                                                                           :        6 samples, Peak.   666 ns (1.9x), Avg.   354 ns, Total. 2.122 us (0.0%)
[Performance] EditorSceneManager.sceneSaving: UnityEditor.SceneTemplate.SceneTemplateService.OnSceneSaving                                         :        1 samples, Peak.   239 us (1.0x), Avg.   239 us, Total. 239.2 us (0.0%)
[Performance] EditorSceneManager.sceneSaving: UnityEditor.SceneVisibilityManager.EditorSceneManagerOnSceneSaving                                   :        1 samples, Peak.  98.0 us (1.0x), Avg.  98.0 us, Total. 97.96 us (0.0%)
[Performance] PaletteAssetModificationProcessor.OnWillCreateAsset                                                                                  :        2 samples, Peak.  64.9 us (1.9x), Avg.  34.6 us, Total. 69.17 us (0.0%)
[Performance] MaterialModificationProcessor.OnWillCreateAsset                                                                                      :        4 samples, Peak.   308 us (2.7x), Avg.   115 us, Total. 459.7 us (0.0%)
[Performance] BuilderAssetModificationProcessor.OnWillCreateAsset                                                                                  :        2 samples, Peak.   148 us (1.8x), Avg.  83.3 us, Total. 166.6 us (0.0%)
[Performance] AssetDatabase.ImportAsset                                                                                                            :        1 samples, Peak.   184 ms (1.0x), Avg.   184 ms, Total. 184.2 ms (0.6%)
[Performance] ShaderImporter.SourceAssetModified                                                                                                   :        2 samples, Peak.  5.42 us (1.8x), Avg.  2.94 us, Total. 5.874 us (0.0%)
[Performance] ShaderIncludeImporter.SourceAssetModified                                                                                            :        2 samples, Peak.  1.88 us (1.4x), Avg.  1.38 us, Total. 2.750 us (0.0%)
[Performance] PresetManagerPostProcessor.OnPreprocessAsset                                                                                         :        1 samples, Peak.   639 us (1.0x), Avg.   639 us, Total. 639.0 us (0.0%)
[Performance] CancelSplashScreenOnAssetChange.OnPreprocessAsset                                                                                    :        1 samples, Peak.   576 us (1.0x), Avg.   576 us, Total. 576.2 us (0.0%)
[Performance] ShaderGraphAssetPostProcessor.OnPreprocessAsset                                                                                      :        1 samples, Peak.   564 us (1.0x), Avg.   564 us, Total. 563.7 us (0.0%)
[Performance] TMPro_TexturePostProcessor.OnPostprocessAllAssets                                                                                    :        4 samples, Peak.   542 us (1.1x), Avg.   483 us, Total. 1.933 ms (0.0%)
[Performance] SamplePostprocessor.OnPostprocessAllAssets                                                                                           :        8 samples, Peak.   198 us (1.1x), Avg.   175 us, Total. 1.400 ms (0.0%)
[Performance] UVCSAssetPostprocessor.OnPostprocessAllAssets                                                                                        :        4 samples, Peak.   437 us (1.1x), Avg.   395 us, Total. 1.580 ms (0.0%)
[Performance] BuilderAssetPostprocessor.OnPostprocessAllAssets                                                                                     :        4 samples, Peak.  4.06 ms (1.8x), Avg.  2.24 ms, Total. 8.974 ms (0.0%)
[Performance] ArtifactBrowserPostProcessor.OnPostprocessAllAssets                                                                                  :        4 samples, Peak.   687 us (1.2x), Avg.   593 us, Total. 2.373 ms (0.0%)
[Performance] AssetEvents.OnPostprocessAllAssets                                                                                                   :        8 samples, Peak.   501 us (2.6x), Avg.   191 us, Total. 1.531 ms (0.0%)
[Performance] AudioMixerPostprocessor.OnPostprocessAllAssets                                                                                       :        4 samples, Peak.   776 us (1.2x), Avg.   661 us, Total. 2.644 ms (0.0%)
[Performance] StyleCatalogPostProcessor.OnPostprocessAllAssets                                                                                     :        4 samples, Peak.  26.1 ms (1.1x), Avg.  23.0 ms, Total. 91.95 ms (0.3%)
[Performance] BuildCatalog                                                                                                                         :        2 samples, Peak.  24.7 ms (1.1x), Avg.  21.9 ms, Total. 43.74 ms (0.1%)
[Performance] ModelImporterPostProcessor.OnPostprocessAllAssets                                                                                    :        4 samples, Peak.  1.41 ms (1.4x), Avg.  1.03 ms, Total. 4.139 ms (0.0%)
[Performance] MaterialPostprocessor.OnPostprocessAllAssets                                                                                         :        8 samples, Peak.   551 us (1.2x), Avg.   455 us, Total. 3.639 ms (0.0%)
[Performance] RetainedModeAssetPostprocessor.OnPostprocessAllAssets                                                                                :        4 samples, Peak.  2.94 ms (1.2x), Avg.  2.41 ms, Total. 9.640 ms (0.0%)
[Performance] AssetChangedListener.OnPostprocessAllAssets                                                                                          :        4 samples, Peak.  1.63 ms (1.1x), Avg.  1.48 ms, Total. 5.918 ms (0.0%)
[Performance] PostProcessor.OnPostprocessAllAssets                                                                                                 :        4 samples, Peak.   316 us (1.0x), Avg.   308 us, Total. 1.232 ms (0.0%)
[Performance] ShaderGraphAssetPostProcessor.OnPostprocessAllAssets                                                                                 :        4 samples, Peak.  2.23 ms (1.2x), Avg.  1.87 ms, Total. 7.476 ms (0.0%)
[Performance] SpeedTreePostProcessor.OnPostprocessAllAssets                                                                                        :        4 samples, Peak.   265 us (1.3x), Avg.   203 us, Total. 810.0 us (0.0%)
[Performance] TextAssetPostProcessor.OnPostprocessAllAssets                                                                                        :        4 samples, Peak.   587 us (1.3x), Avg.   463 us, Total. 1.852 ms (0.0%)
[Performance] AssetProcessor.OnPostprocessAllAssets                                                                                                :       12 samples, Peak.  1.03 ms (2.5x), Avg.   407 us, Total. 4.886 ms (0.0%)
[Performance] EditorApplication.projectChanged: UnityEditor.Audio.MixerEffectDefinitionReloader.OnProjectChanged                                   :        2 samples, Peak.   424 us (1.1x), Avg.   385 us, Total. 769.5 us (0.0%)
[Performance] EditorApplication.projectChanged: UnityEngine.InputSystem.LowLevel.NativeInputRuntime.OnProjectChanged                               :        2 samples, Peak.   611 us (1.4x), Avg.   422 us, Total. 844.8 us (0.0%)
[Performance] EditorSceneManager.sceneSaved: UnityEditor.SceneTemplate.SceneTemplateService.OnSceneSaved                                           :        1 samples, Peak.  70.1 ms (1.0x), Avg.  70.1 ms, Total. 70.06 ms (0.2%)
[Performance] EditorSceneManager.sceneSaved: UnityEditor.SceneVisibilityManager.EditorSceneManagerOnSceneSaved                                     :        1 samples, Peak.  77.9 us (1.0x), Avg.  77.9 us, Total. 77.88 us (0.0%)
[Performance] EditorApplication.hierarchyChanged: UnityEditor.Tilemaps.GridPaintingState.HierarchyChanged                                          :       15 samples, Peak.   134 us (7.0x), Avg.  19.1 us, Total. 285.8 us (0.0%)
[Performance] ObjectChangeEvents.changesPublished: UnityEditor.PrefabInstanceChangedListener.OnObjectChanged                                       :        1 samples, Peak.   582 us (1.0x), Avg.   582 us, Total. 581.9 us (0.0%)
[Performance] ObjectChangeEvents.changesPublished: UnityEditor.Splines.SplineExtrudeUtility.ObjectEventChangesPublished                            :        1 samples, Peak.   171 us (1.0x), Avg.   171 us, Total. 170.7 us (0.0%)
[Performance] ObjectChangeEvents.changesPublished: UnityEditor.ProBuilder.HierarchyListener.ObjectEventChangesPublished                            :        1 samples, Peak.   979 us (1.0x), Avg.   979 us, Total. 979.3 us (0.0%)
[Performance] ObjectChangeEvents.changesPublished: Unity.Cinemachine.Editor.InspectorUtility.<.cctor>g__OnUserDidSomethingStream|8_1               :        1 samples, Peak.  65.0 us (1.0x), Avg.  65.0 us, Total. 65.04 us (0.0%)
[Performance] EditorApplication.update: UnityEditor.TestTools.TestRunner.PlaymodeLauncher.UpdateCallback                                           :        2 samples, Peak.   649 ms (2.0x), Avg.   328 ms, Total. 656.0 ms (2.0%)
[Performance] EditorApplication.playModeStateChanged                                                                                               :        2 samples, Peak.   186 ms (1.9x), Avg.  95.9 ms, Total. 191.8 ms (0.6%)
[Performance] EditorApplication.playModeStateChanged: UnityEditor.ObjectPool.PoolManager.OnEditorStateChange                                       :        3 samples, Peak.   605 us (2.6x), Avg.   232 us, Total. 695.5 us (0.0%)
[Performance] EditorApplication.playModeStateChanged: UnityEditor.PackageManager.UI.Internal.PlayModeDownload.PlayModeStateChanged                 :        3 samples, Peak.  1.02 ms (2.7x), Avg.   372 us, Total. 1.115 ms (0.0%)
[Performance] EditorApplication.playModeStateChanged: Unity.Burst.Editor.BurstLoader.EditorApplicationOnPlayModeStateChanged                       :        3 samples, Peak.   175 us (1.7x), Avg.   102 us, Total. 306.5 us (0.0%)
[Performance] EditorApplication.playModeStateChanged: UnityEngine.InputSystem.LowLevel.NativeInputRuntime.OnPlayModeStateChanged                   :        3 samples, Peak.   930 us (2.1x), Avg.   433 us, Total. 1.300 ms (0.0%)
[Performance] EditorApplication.playModeStateChanged: UnityEditor.TestTools.TestRunner.PlaymodeLauncher+BackgroundWatcher.OnPlayModeStateChanged   :        3 samples, Peak.   183 ms (3.0x), Avg.  61.3 ms, Total. 183.8 ms (0.6%)
[Performance] EditorApplication.playModeStateChanged: com.IvanMurzak.Unity.MCP.Editor.Startup.OnPlayModeStateChanged                               :        3 samples, Peak.   453 us (1.2x), Avg.   375 us, Total. 1.125 ms (0.0%)
[Performance] EditorApplication.playModeStateChanged: UnityEngine.Rendering.Universal.ShadowCasterGroup2DManager.OnPlayModeStateChanged            :        3 samples, Peak.  88.4 us (1.9x), Avg.  46.3 us, Total. 138.8 us (0.0%)
[Performance] EditorApplication.playModeStateChanged: callback in UnityEditor.ProBuilder.EntityVisibility                                          :        3 samples, Peak.   121 us (1.5x), Avg.  81.4 us, Total. 244.3 us (0.0%)
[Performance] EditorApplication.playModeStateChanged: Unity.Cinemachine.Editor.CinemachineEditorAnalytics.SendAnalyticsOnPlayEnter                 :        3 samples, Peak.   139 us (1.6x), Avg.  88.7 us, Total. 266.0 us (0.0%)
[Performance] EditorApplication.playModeStateChanged: Unity.Cinemachine.Editor.SaveDuringPlay.OnPlayStateChanged                                   :        3 samples, Peak.  92.5 us (1.7x), Avg.  54.1 us, Total. 162.2 us (0.0%)
[Performance] EditorApplication.playModeStateChanged: UnityEngine.Purchasing.WebshopService.Scheduler.EngineStateHelper.ModeChanged                :        5 samples, Peak.  43.9 us (3.1x), Avg.  14.0 us, Total. 70.13 us (0.0%)
[Performance] EditorApplication.playModeStateChanged: UnityEngine.Purchasing.LiveContentAdapterService.Scheduler.EngineStateHelper.ModeChanged     :        5 samples, Peak.  56.4 us (3.4x), Avg.  16.5 us, Total. 82.29 us (0.0%)
[Performance] EditorApplication.playModeStateChanged: Unity.Services.Core.Editor.ActionSchedulerCleaner.OnPlayModeStateChanged                     :        3 samples, Peak.   859 us (2.1x), Avg.   411 us, Total. 1.232 ms (0.0%)
[Performance] EditorApplication.playModeStateChanged: UnityEngine.Purchasing.PaymentProviderService.Scheduler.EngineStateHelper.ModeChanged        :        5 samples, Peak.  63.8 us (3.7x), Avg.  17.3 us, Total. 86.37 us (0.0%)
[Performance] EditorApplication.playModeStateChanged: Unity.Services.Core.Environments.Client.Scheduler.EngineStateHelper.ModeChanged              :        5 samples, Peak.  58.4 us (3.7x), Avg.  16.0 us, Total. 79.79 us (0.0%)
[Performance] EditorApplication.playModeStateChanged: UnityEditor.SceneManagement.EditorSceneManager.PlayModeStateChangedCallback                  :        3 samples, Peak.  24.5 us (1.5x), Avg.  16.0 us, Total. 47.92 us (0.0%)
[Performance] EditorApplication.playModeStateChanged: UnityEditor.PackageManager.UI.Internal.ApplicationProxy.PlayModeStateChanged                 :        3 samples, Peak.   129 us (1.6x), Avg.  80.1 us, Total. 240.3 us (0.0%)
[Performance] EditorApplication.playModeStateChanged: UnityEditor.SceneVisibilityManager.EditorApplicationPlayModeStateChanged                     :        3 samples, Peak.  26.0 us (1.5x), Avg.  16.9 us, Total. 50.83 us (0.0%)
[Performance] EditorApplication.playModeStateChanged: UnityEditor.TestTools.TestRunner.TestRunnerWindow.OnPlayModeStateChanged                     :        3 samples, Peak.  92.2 us (1.7x), Avg.  52.8 us, Total. 158.3 us (0.0%)
[Performance] EditorApplication.playModeStateChanged: UnityEditor.Tilemaps.GridPaintingState.PlayModeStateChanged                                  :        3 samples, Peak.  69.5 us (1.8x), Avg.  38.6 us, Total. 115.7 us (0.0%)
[Performance] Application.EnterPlayMode                                                                                                            :        1 samples, Peak.  4.04 s (1.0x), Avg.  4.04 s, Total. 4.044 s (12.5%)
[Performance] Application.Reload                                                                                                                   :        1 samples, Peak.  3.29 s (1.0x), Avg.  3.29 s, Total. 3.289 s (10.2%)
[Performance] AssemblyReloadEvents.beforeAssemblyReload: com.IvanMurzak.Unity.MCP.Editor.Startup.OnBeforeAssemblyReload                            :        1 samples, Peak.  23.0 ms (1.0x), Avg.  23.0 ms, Total. 22.95 ms (0.1%)
[Performance] AssemblyReloadEvents.beforeAssemblyReload: UnityEditor.SettingsManagement.FileSettingsRepository.Save                                :        1 samples, Peak.  1.64 ms (1.0x), Avg.  1.64 ms, Total. 1.641 ms (0.0%)
[Performance] AssemblyReloadEvents.beforeAssemblyReload: UnityEditor.ProBuilder.SceneDragAndDropListener.OnBeforeAssemblyReload                    :        1 samples, Peak.   203 us (1.0x), Avg.   203 us, Total. 202.9 us (0.0%)
[Performance] AssemblyReloadEvents.beforeAssemblyReload: UnityEditor.Rendering.Analytics.DebugManagerWindowLifetimeAnalytic.OnBeforeAssemblyReload :        1 samples, Peak.   431 us (1.0x), Avg.   431 us, Total. 430.9 us (0.0%)
[Performance] AssemblyReloadEvents.beforeAssemblyReload: UnityEditor.EditorTools.EditorToolManager.BeforeAssemblyReload                            :        1 samples, Peak.   137 us (1.0x), Avg.   137 us, Total. 137.5 us (0.0%)
[Performance] TimelineAnalyticsProcess.OnProcessScene                                                                                              :        4 samples, Peak.  1.24 ms (3.8x), Avg.   326 us, Total. 1.304 ms (0.0%)
[Performance] UnityBuildPostprocessor.OnProcessScene                                                                                               :        4 samples, Peak.   175 us (3.5x), Avg.  50.7 us, Total. 202.8 us (0.0%)
[Performance] AttributeCallbackWrapper.OnProcessScene                                                                                              :        8 samples, Peak.  61.5 ms (4.6x), Avg.  13.5 ms, Total. 107.8 ms (0.3%)
[Performance] EditorApplication.playModeStateChanged: UnityEngine.InputSystem.Editor.InputExitPlayModeAnalytic.OnPlayModeStateChange               :        2 samples, Peak.   994 us (1.9x), Avg.   525 us, Total. 1.051 ms (0.0%)
[Performance] EditorApplication.delayCall: UnityEditor.EditorTools.EditorTool.Activate                                                             :        1 samples, Peak.  90.1 us (1.0x), Avg.  90.1 us, Total. 90.12 us (0.0%)
[Performance] SceneDataContainer.TransformHierarchyChangedSetParentCallback                                                                        :     3837 samples, Peak.  10.4 us (42.1x), Avg.   246 ns, Total. 945.8 us (0.0%)
[Performance] SceneVisibilityState.IsFlagSetInParents                                                                                              :     7938 samples, Peak.  4.71 us (35.6x), Avg.   132 ns, Total. 1.050 ms (0.0%)
[Performance] AssetDatabase.DeleteAssets                                                                                                           :        1 samples, Peak.   166 ms (1.0x), Avg.   166 ms, Total. 165.9 ms (0.5%)
[Performance] InputActionAssetModificationProcessor.OnWillDeleteAsset                                                                              :        1 samples, Peak.   564 us (1.0x), Avg.   564 us, Total. 564.0 us (0.0%)
[Performance] BuilderAssetModificationProcessor.OnWillDeleteAsset                                                                                  :        1 samples, Peak.  1.25 ms (1.0x), Avg.  1.25 ms, Total. 1.249 ms (0.0%)
[Performance] TMP_FontAssetPostProcessor.OnWillDeleteAsset                                                                                         :        1 samples, Peak.   571 us (1.0x), Avg.   571 us, Total. 571.0 us (0.0%)
[Performance] CancelSplashScreenOnAssetDelete.OnWillDeleteAsset                                                                                    :        1 samples, Peak.   451 us (1.0x), Avg.   451 us, Total. 451.1 us (0.0%)
[Performance] EditorApplication.playModeStateChanged: UnityEditor.TestTools.TestRunner.TestRunnerCallback.OnPlayModeStateChanged                   :        1 samples, Peak.   201 us (1.0x), Avg.   201 us, Total. 201.0 us (0.0%)
[Performance] Application.Shutdown.SaveDefaultWindowPreferences                                                                                    :        1 samples, Peak.   103 us (1.0x), Avg.   103 us, Total. 102.6 us (0.0%)
[Performance] Application.Shutdown.SaveSceneManagerSetup                                                                                           :        1 samples, Peak.   440 us (1.0x), Avg.   440 us, Total. 440.5 us (0.0%)
[Performance] Application.Shutdown.CleanupAllContainerWindows                                                                                      :        1 samples, Peak.  1.33 us (1.0x), Avg.  1.33 us, Total. 1.334 us (0.0%)
[Performance] EditorApplication.quitting: Unity.Burst.Editor.BurstLoader.OnEditorApplicationQuitting                                               :        1 samples, Peak.  63.0 us (1.0x), Avg.  63.0 us, Total. 63.00 us (0.0%)
[Performance] EditorApplication.quitting: com.IvanMurzak.Unity.MCP.Editor.McpServerManager.OnEditorQuitting                                        :        1 samples, Peak.   256 us (1.0x), Avg.   256 us, Total. 255.6 us (0.0%)
[Performance] EditorApplication.quitting: UnityEditor.SettingsManagement.FileSettingsRepository.Save                                               :        1 samples, Peak.  1.08 ms (1.0x), Avg.  1.08 ms, Total. 1.080 ms (0.0%)
[Performance] EditorApplication.quitting: UnityEditor.Tilemaps.SceneViewGridManager.EditorQuitting                                                 :        1 samples, Peak.  92.7 us (1.0x), Avg.  92.7 us, Total. 92.67 us (0.0%)
[Performance] EditorApplication.quitting: UnityEditor.ProBuilder.ProBuilderSettings.Save                                                           :        1 samples, Peak.   340 us (1.0x), Avg.   340 us, Total. 339.5 us (0.0%)
[Performance] EditorApplication.quitting: callback in UnityEditor.TextCore.Text.EditorEventCallbacks                                               :        1 samples, Peak.  30.9 ms (1.0x), Avg.  30.9 ms, Total. 30.87 ms (0.1%)
[Performance] Application.Shutdown.PauseProfilerSession                                                                                            :        1 samples, Peak.  24.7 us (1.0x), Avg.  24.7 us, Total. 24.67 us (0.0%)
[Performance] Application.Shutdown.PauseAssetImportWorkers                                                                                         :        1 samples, Peak.   152 us (1.0x), Avg.   152 us, Total. 151.5 us (0.0%)
[Performance] Application.Shutdown.SaveAssets                                                                                                      :        1 samples, Peak.  7.03 ms (1.0x), Avg.  7.03 ms, Total. 7.026 ms (0.0%)
[Performance] Application.Shutdown.CleanupRenderPipeline                                                                                           :        1 samples, Peak.  10.5 us (1.0x), Avg.  10.5 us, Total. 10.50 us (0.0%)
[Performance] Application.Shutdown.StopPreloadManager                                                                                              :        1 samples, Peak.  11.3 ms (1.0x), Avg.  11.3 ms, Total. 11.32 ms (0.0%)
[Performance] Application.Shutdown.DestroyWorld                                                                                                    :        1 samples, Peak.  9.68 ms (1.0x), Avg.  9.68 ms, Total. 9.678 ms (0.0%)
[Performance] Application.Shutdown.CleanupAfterLoad                                                                                                :        1 samples, Peak.   230 ms (1.0x), Avg.   230 ms, Total. 230.4 ms (0.7%)
[Performance] Application.Shutdown.Progress                                                                                                        :        1 samples, Peak.  3.17 us (1.0x), Avg.  3.17 us, Total. 3.167 us (0.0%)
[Performance] Application.Shutdown.GICleanupManagers                                                                                               :        1 samples, Peak.  2.41 ms (1.0x), Avg.  2.41 ms, Total. 2.414 ms (0.0%)
[Performance] Application.Shutdown.MenuCleanupClass                                                                                                :        1 samples, Peak.   215 us (1.0x), Avg.   215 us, Total. 215.0 us (0.0%)
[Performance] Application.Shutdown.ADBSaveStateBeforeShutdown                                                                                      :        1 samples, Peak.  6.75 us (1.0x), Avg.  6.75 us, Total. 6.750 us (0.0%)
[Performance] Application.Shutdown.RemoteShutdown                                                                                                  :        1 samples, Peak.   667 ns (1.0x), Avg.   667 ns, Total. 667.0 ns (0.0%)
[Performance] Application.Shutdown.CleanupVCProvider                                                                                               :        1 samples, Peak.   247 us (1.0x), Avg.   247 us, Total. 247.2 us (0.0%)
[Performance] Application.Shutdown.InputShutdown                                                                                                   :        1 samples, Peak.  72.6 us (1.0x), Avg.  72.6 us, Total. 72.58 us (0.0%)
[Performance] Application.Shutdown.GizmoManagerDestroy                                                                                             :        1 samples, Peak.   385 us (1.0x), Avg.   385 us, Total. 385.3 us (0.0%)
[Performance] Application.Shutdown.ProfilerSession                                                                                                 :        1 samples, Peak.   397 us (1.0x), Avg.   397 us, Total. 397.2 us (0.0%)
[Performance] Application.Shutdown.ReleaseGfxWindowOnAllGUIViews                                                                                   :        1 samples, Peak.   292 ns (1.0x), Avg.   292 ns, Total. 292.0 ns (0.0%)
[Performance] Application.Shutdown.CleanupEngine                                                                                                   :        1 samples, Peak.  99.8 ms (1.0x), Avg.  99.8 ms, Total. 99.78 ms (0.3%)
[Performance] Application.Shutdown.CleanupAssetDatabase                                                                                            :        1 samples, Peak.  12.9 ms (1.0x), Avg.  12.9 ms, Total. 12.94 ms (0.0%)
[Performance] Application.Shutdown.ScriptCompilationCleanUp                                                                                        :        1 samples, Peak.  27.8 us (1.0x), Avg.  27.8 us, Total. 27.79 us (0.0%)
[Performance] Application.Shutdown.DestroyJobSystem                                                                                                :        1 samples, Peak.   339 us (1.0x), Avg.   339 us, Total. 339.2 us (0.0%)
[Performance] Application.Shutdown.CleanupPersistentManager                                                                                        :        1 samples, Peak.  2.02 ms (1.0x), Avg.  2.02 ms, Total. 2.024 ms (0.0%)
[Performance] Application.Shutdown.CleanupAsyncReadManager                                                                                         :        1 samples, Peak.   545 us (1.0x), Avg.   545 us, Total. 544.6 us (0.0%)
[Performance] Application.Shutdown.CleanupMono                                                                                                     :        1 samples, Peak.   252 ms (1.0x), Avg.   252 ms, Total. 251.6 ms (0.8%)
[Performance] Application.Shutdown.CleanupStdConverters                                                                                            :        1 samples, Peak.  11.5 us (1.0x), Avg.  11.5 us, Total. 11.54 us (0.0%)
[Performance] Application.Shutdown.UnloadAllPlatformSupportModuleNativeDlls                                                                        :        1 samples, Peak.   542 ns (1.0x), Avg.   542 ns, Total. 542.0 ns (0.0%)
[Performance] Application.Shutdown.UnloadAllPlatformSupportNativeLibraries                                                                         :        1 samples, Peak.   125 ns (1.0x), Avg.   125 ns, Total. 125.0 ns (0.0%)
[Performance] Application.Shutdown.CleanupAutoDocumentation                                                                                        :        1 samples, Peak.   119 us (1.0x), Avg.   119 us, Total. 119.2 us (0.0%)
[Performance] Application.Shutdown.ShaderNameManagerDestroy                                                                                        :        1 samples, Peak.  23.4 us (1.0x), Avg.  23.4 us, Total. 23.37 us (0.0%)
[Performance] Application.Shutdown.CleanupCacheServer                                                                                              :        1 samples, Peak.   292 ns (1.0x), Avg.   292 ns, Total. 292.0 ns (0.0%)
[Performance] Application.Shutdown.Virtualization_Shutdown                                                                                         :        1 samples, Peak.   334 ns (1.0x), Avg.   334 ns, Total. 334.0 ns (0.0%)
[Performance] Application.Shutdown.DevConnections                                                                                                  :        1 samples, Peak.  58.4 us (1.0x), Avg.  58.4 us, Total. 58.37 us (0.0%)
[Package Manager] Server::Kill -- Server was shutdown
Checking for leaked weakptr:
  Found no leaked weakptrs.
Memory Statistics:
[ALLOC_TEMP_TLS] TLS Allocator
  StackAllocators : 
    [ALLOC_TEMP_CurlRequest]
      Initial Block Size 64.0 KB
      Current Block Size 64.0 KB
      Peak Allocated Bytes 0 B
      Overflow Count 0
    [ALLOC_TEMP_MAIN]
      Peak usage frame count: [0-1.0 KB]: 8 frames, [4.0 KB-8.0 KB]: 2256 frames, [8.0 KB-16.0 KB]: 1421 frames, [16.0 KB-32.0 KB]: 3 frames, [32.0 KB-64.0 KB]: 274 frames, [64.0 KB-128.0 KB]: 2 frames, [4.0 MB-8.0 MB]: 1 frames, [8.0 MB-16.0 MB]: 1 frames, [16.0 MB-32.0 MB]: 4 frames
      Initial Block Size 16.0 MB
      Current Block Size 33.9 MB
      Peak Allocated Bytes 20.2 MB
      Overflow Count 0
    [ALLOC_TEMP_Background Job.Worker 8]
      Initial Block Size 32.0 KB
      Current Block Size 32.0 KB
      Peak Allocated Bytes 0 B
      Overflow Count 0
    [ALLOC_TEMP_Job.Worker 4]
      Initial Block Size 256.0 KB
      Current Block Size 256.0 KB
      Peak Allocated Bytes 33.0 KB
      Overflow Count 1
    [ALLOC_TEMP_BakingJobs.Worker 5]
      Initial Block Size 256.0 KB
      Current Block Size 256.0 KB
      Peak Allocated Bytes 0 B
      Overflow Count 0
    [ALLOC_TEMP_BakingJobs.Worker 10]
      Initial Block Size 256.0 KB
      Current Block Size 256.0 KB
      Peak Allocated Bytes 0 B
      Overflow Count 0
    [ALLOC_TEMP_Background Job.Worker 3]
      Initial Block Size 32.0 KB
      Current Block Size 32.0 KB
      Peak Allocated Bytes 0 B
      Overflow Count 0
    [ALLOC_TEMP_BatchDeleteObjects]
      Initial Block Size 64.0 KB
      Current Block Size 64.0 KB
      Peak Allocated Bytes 0 B
      Overflow Count 0
    [ALLOC_TEMP_Background Job.Worker 11]
      Initial Block Size 32.0 KB
      Current Block Size 32.0 KB
      Peak Allocated Bytes 0 B
      Overflow Count 0
    [ALLOC_TEMP_REST Message Handler]
      Initial Block Size 64.0 KB
      Current Block Size 64.0 KB
      Peak Allocated Bytes 0 B
      Overflow Count 0
    [ALLOC_TEMP_CoreBusinessMetricsCache]
      Initial Block Size 64.0 KB
      Current Block Size 64.0 KB
      Peak Allocated Bytes 7.9 KB
      Overflow Count 0
    [ALLOC_TEMP_AssetDatabase.IOService]
      Initial Block Size 64.0 KB
      Current Block Size 64.0 KB
      Peak Allocated Bytes 0 B
      Overflow Count 0
    [ALLOC_TEMP_Background Job.Worker 2]
      Initial Block Size 32.0 KB
      Current Block Size 32.0 KB
      Peak Allocated Bytes 66 B
      Overflow Count 0
    [ALLOC_TEMP_Job.Worker 10]
      Initial Block Size 256.0 KB
      Current Block Size 256.0 KB
      Peak Allocated Bytes 5.5 KB
      Overflow Count 1
    [ALLOC_TEMP_Loading.PreloadManager] x 2
      Initial Block Size 32.0 MB
      Current Block Size 32.0 MB
      Peak Allocated Bytes 3.3 MB
      Overflow Count 0
    [ALLOC_TEMP_Profiler.Dispatcher]
      Initial Block Size 64.0 KB
      Current Block Size 64.0 KB
      Peak Allocated Bytes 0 B
      Overflow Count 0
    [ALLOC_TEMP_Job.Worker 3]
      Initial Block Size 256.0 KB
      Current Block Size 256.0 KB
      Peak Allocated Bytes 33.0 KB
      Overflow Count 1
    [ALLOC_TEMP_BakingJobs.Worker 7]
      Initial Block Size 256.0 KB
      Current Block Size 256.0 KB
      Peak Allocated Bytes 0 B
      Overflow Count 0
    [ALLOC_TEMP_Background Job.Worker 5]
      Initial Block Size 32.0 KB
      Current Block Size 32.0 KB
      Peak Allocated Bytes 0 B
      Overflow Count 0
    [ALLOC_TEMP_CurlRequest]
      Initial Block Size 64.0 KB
      Current Block Size 64.0 KB
      Peak Allocated Bytes 29 B
      Overflow Count 0
    [ALLOC_TEMP_Background Job.Worker 13]
      Initial Block Size 32.0 KB
      Current Block Size 32.0 KB
      Peak Allocated Bytes 0 B
      Overflow Count 0
    [ALLOC_TEMP_Job.Worker 2]
      Initial Block Size 256.0 KB
      Current Block Size 256.0 KB
      Peak Allocated Bytes 33.0 KB
      Overflow Count 1
    [ALLOC_TEMP_BakingJobs.Worker 6]
      Initial Block Size 256.0 KB
      Current Block Size 256.0 KB
      Peak Allocated Bytes 0 B
      Overflow Count 0
    [ALLOC_TEMP_Background Job.Worker 9]
      Initial Block Size 32.0 KB
      Current Block Size 32.0 KB
      Peak Allocated Bytes 0 B
      Overflow Count 0
    [ALLOC_TEMP_Job.Worker 0]
      Initial Block Size 256.0 KB
      Current Block Size 256.0 KB
      Peak Allocated Bytes 5.4 KB
      Overflow Count 0
    [ALLOC_TEMP_Job.Worker 5]
      Initial Block Size 256.0 KB
      Current Block Size 256.0 KB
      Peak Allocated Bytes 14.7 KB
      Overflow Count 1
    [ALLOC_TEMP_ReadCacheIndex] x 2
      Initial Block Size 64.0 KB
      Current Block Size 64.0 KB
      Peak Allocated Bytes 1.0 KB
      Overflow Count 0
    [ALLOC_TEMP_EnlightenWorker] x 3
      Initial Block Size 64.0 KB
      Current Block Size 64.0 KB
      Peak Allocated Bytes 0 B
      Overflow Count 0
    [ALLOC_TEMP_BakingJobs.Worker 8]
      Initial Block Size 256.0 KB
      Current Block Size 256.0 KB
      Peak Allocated Bytes 0 B
      Overflow Count 0
    [ALLOC_TEMP_Job.Worker 9]
      Initial Block Size 256.0 KB
      Current Block Size 256.0 KB
      Peak Allocated Bytes 5.5 KB
      Overflow Count 1
    [ALLOC_TEMP_Job.Worker 6]
      Initial Block Size 256.0 KB
      Current Block Size 256.0 KB
      Peak Allocated Bytes 29.8 KB
      Overflow Count 1
    [ALLOC_TEMP_BakingJobs.Worker 1]
      Initial Block Size 256.0 KB
      Current Block Size 256.0 KB
      Peak Allocated Bytes 301 B
      Overflow Count 0
    [ALLOC_TEMP_Loading.AsyncRead]
      Initial Block Size 64.0 KB
      Current Block Size 64.0 KB
      Peak Allocated Bytes 128 B
      Overflow Count 0
    [ALLOC_TEMP_Background Job.Worker 10]
      Initial Block Size 32.0 KB
      Current Block Size 32.0 KB
      Peak Allocated Bytes 0 B
      Overflow Count 0
    [ALLOC_TEMP_Background Job.Worker 6]
      Initial Block Size 32.0 KB
      Current Block Size 32.0 KB
      Peak Allocated Bytes 0 B
      Overflow Count 0
    [ALLOC_TEMP_BakingJobs.Worker 9]
      Initial Block Size 256.0 KB
      Current Block Size 256.0 KB
      Peak Allocated Bytes 0 B
      Overflow Count 0
    [ALLOC_TEMP_Background Job.Worker 1]
      Initial Block Size 32.0 KB
      Current Block Size 256.0 KB
      Peak Allocated Bytes 139.9 KB
      Overflow Count 353
    [ALLOC_TEMP_BakingJobs.Worker 11]
      Initial Block Size 256.0 KB
      Current Block Size 256.0 KB
      Peak Allocated Bytes 0 B
      Overflow Count 0
    [ALLOC_TEMP_AUDIO_FMOD stream thread]
      Initial Block Size 64.0 KB
      Current Block Size 64.0 KB
      Peak Allocated Bytes 0 B
      Overflow Count 0
    [ALLOC_TEMP_BakingJobs.Worker 2]
      Initial Block Size 256.0 KB
      Current Block Size 256.0 KB
      Peak Allocated Bytes 0 B
      Overflow Count 0
    [ALLOC_TEMP_Background Job.Worker 7]
      Initial Block Size 32.0 KB
      Current Block Size 32.0 KB
      Peak Allocated Bytes 0 B
      Overflow Count 0
    [ALLOC_TEMP_Job.Worker 8]
      Initial Block Size 256.0 KB
      Current Block Size 256.0 KB
      Peak Allocated Bytes 5.5 KB
      Overflow Count 1
    [ALLOC_TEMP_Job.Worker 1]
      Initial Block Size 256.0 KB
      Current Block Size 1.0 MB
      Peak Allocated Bytes 1.0 MB
      Overflow Count 1
    [ALLOC_TEMP_BakingJobs.Worker 0]
      Initial Block Size 256.0 KB
      Current Block Size 256.0 KB
      Peak Allocated Bytes 0 B
      Overflow Count 0
    [ALLOC_TEMP_BakingJobs.Worker 3]
      Initial Block Size 256.0 KB
      Current Block Size 256.0 KB
      Peak Allocated Bytes 0 B
      Overflow Count 0
    [ALLOC_TEMP_EditorTaskManager]
      Initial Block Size 64.0 KB
      Current Block Size 80.0 KB
      Peak Allocated Bytes 64.0 KB
      Overflow Count 0
    [ALLOC_TEMP_Background Job.Worker 15]
      Initial Block Size 32.0 KB
      Current Block Size 32.0 KB
      Peak Allocated Bytes 0 B
      Overflow Count 0
    [ALLOC_TEMP_BakingJobs.Worker 4]
      Initial Block Size 256.0 KB
      Current Block Size 256.0 KB
      Peak Allocated Bytes 0 B
      Overflow Count 0
    [ALLOC_TEMP_Background Job.Worker 12]
      Initial Block Size 32.0 KB
      Current Block Size 32.0 KB
      Peak Allocated Bytes 0 B
      Overflow Count 0
    [ALLOC_TEMP_HTTP REST Server]
      Initial Block Size 64.0 KB
      Current Block Size 64.0 KB
      Peak Allocated Bytes 70 B
      Overflow Count 0
    [ALLOC_TEMP_AssetGarbageCollectorHelper] x 11
      Initial Block Size 64.0 KB
      Current Block Size 64.0 KB
      Peak Allocated Bytes 0 B
      Overflow Count 0
    [ALLOC_TEMP_Background Job.Worker 0]
      Initial Block Size 32.0 KB
      Current Block Size 32.0 KB
      Peak Allocated Bytes 0 B
      Overflow Count 0
    [ALLOC_TEMP_AUDIO_Audio Mixer Thread]
      Initial Block Size 64.0 KB
      Current Block Size 64.0 KB
      Peak Allocated Bytes 0 B
      Overflow Count 0
    [ALLOC_TEMP_Background Job.Worker 4]
      Initial Block Size 32.0 KB
      Current Block Size 32.0 KB
      Peak Allocated Bytes 0 B
      Overflow Count 0
    [ALLOC_TEMP_Background Job.Worker 14]
      Initial Block Size 32.0 KB
      Current Block Size 32.0 KB
      Peak Allocated Bytes 0 B
      Overflow Count 0
    [ALLOC_TEMP_Job.Worker 7]
      Initial Block Size 256.0 KB
      Current Block Size 256.0 KB
      Peak Allocated Bytes 14.7 KB
      Overflow Count 1
[ALLOC_MEMORYPROFILER]
  Peak usage frame count: [0.5 MB-1.0 MB]: 3969 frames, [1.0 MB-2.0 MB]: 1 frames
  Requested Block Size 1.0 MB
  Peak Block count 3
  Peak Allocated memory 1.5 MB
  Peak Large allocation bytes 0 B
[ALLOC_DEFAULT] Dual Thread Allocator
  Peak main deferred allocation count 939
    [ALLOC_BUCKET]
      Large Block size 32.0 MB
      Used Block count 1
      Peak Allocated bytes 14.2 MB
    [ALLOC_DEFAULT_MAIN]
      Peak usage frame count: [128.0 MB-256.0 MB]: 3970 frames
      Requested Block Size 16.0 MB
      Peak Block count 10
      Peak Allocated memory 143.9 MB
      Peak Large allocation bytes 0 B
    [ALLOC_DEFAULT_THREAD]
      Peak usage frame count: [4.0 MB-8.0 MB]: 3969 frames, [64.0 MB-128.0 MB]: 1 frames
      Requested Block Size 16.0 MB
      Peak Block count 2
      Peak Allocated memory 80.2 MB
      Peak Large allocation bytes 80.2 MB
[ALLOC_TEMP_JOB_1_FRAME]
  Initial Block Size 2.0 MB
  Used Block Count 0
  Overflow Count (too large) 0
  Overflow Count (full) 0
[ALLOC_TEMP_JOB_2_FRAMES]
  Initial Block Size 2.0 MB
  Used Block Count 0
  Overflow Count (too large) 0
  Overflow Count (full) 0
[ALLOC_TEMP_JOB_4_FRAMES (JobTemp)]
  Initial Block Size 2.0 MB
  Used Block Count 1
  Overflow Count (too large) 0
  Overflow Count (full) 0
[ALLOC_TEMP_JOB_ASYNC (Background)]
  Initial Block Size 1.0 MB
  Used Block Count 1
  Overflow Count (too large) 5
  Overflow Count (full) 0
[ALLOC_GFX] Dual Thread Allocator
  Peak main deferred allocation count 232
    [ALLOC_BUCKET]
      Large Block size 32.0 MB
      Used Block count 1
      Peak Allocated bytes 14.2 MB
    [ALLOC_GFX_MAIN]
      Peak usage frame count: [8.0 MB-16.0 MB]: 12 frames, [128.0 MB-256.0 MB]: 3956 frames, [256.0 MB-0.50 GB]: 2 frames
      Requested Block Size 16.0 MB
      Peak Block count 17
      Peak Allocated memory 345.4 MB
      Peak Large allocation bytes 101.5 MB
    [ALLOC_GFX_THREAD]
      Peak usage frame count: [0-1.0 KB]: 12 frames, [16.0 MB-32.0 MB]: 3958 frames
      Requested Block Size 16.0 MB
      Peak Block count 2
      Peak Allocated memory 28.7 MB
      Peak Large allocation bytes 0 B
[ALLOC_CACHEOBJECTS] Dual Thread Allocator
  Peak main deferred allocation count 695
    [ALLOC_BUCKET]
      Large Block size 32.0 MB
      Used Block count 1
      Peak Allocated bytes 14.2 MB
    [ALLOC_CACHEOBJECTS_MAIN]
      Peak usage frame count: [16.0 MB-32.0 MB]: 194 frames, [32.0 MB-64.0 MB]: 3774 frames, [64.0 MB-128.0 MB]: 2 frames
      Requested Block Size 4.0 MB
      Peak Block count 39
      Peak Allocated memory 107.5 MB
      Peak Large allocation bytes 46.1 MB
    [ALLOC_CACHEOBJECTS_THREAD]
      Peak usage frame count: [0-1.0 KB]: 3 frames, [4.0 KB-8.0 KB]: 7 frames, [8.0 KB-16.0 KB]: 1 frames, [128.0 KB-256.0 KB]: 1 frames, [256.0 KB-0.5 MB]: 3953 frames, [0.5 MB-1.0 MB]: 4 frames, [2.0 MB-4.0 MB]: 1 frames
      Requested Block Size 4.0 MB
      Peak Block count 1
      Peak Allocated memory 2.7 MB
      Peak Large allocation bytes 0 B
[ALLOC_TYPETREE] Dual Thread Allocator
  Peak main deferred allocation count 1740
    [ALLOC_BUCKET]
      Large Block size 32.0 MB
      Used Block count 1
      Peak Allocated bytes 14.2 MB
    [ALLOC_TYPETREE_MAIN]
      Peak usage frame count: [0.5 MB-1.0 MB]: 192 frames, [2.0 MB-4.0 MB]: 3777 frames, [32.0 MB-64.0 MB]: 1 frames
      Requested Block Size 2.0 MB
      Peak Block count 23
      Peak Allocated memory 41.9 MB
      Peak Large allocation bytes 0 B
    [ALLOC_TYPETREE_THREAD]
      Peak usage frame count: [0-1.0 KB]: 3 frames, [32.0 KB-64.0 KB]: 9 frames, [256.0 KB-0.5 MB]: 3957 frames, [1.0 MB-2.0 MB]: 1 frames
      Requested Block Size 2.0 MB
      Peak Block count 1
      Peak Allocated memory 1.2 MB
      Peak Large allocation bytes 0 B
[ALLOC_PROFILER]
  Peak usage frame count: [256.0 KB-0.5 MB]: 11 frames, [0.5 MB-1.0 MB]: 3959 frames
  Requested Block Size 16.0 MB
  Peak Block count 1
  Peak Allocated memory 0.5 MB
  Peak Large allocation bytes 0 B
    [ALLOC_PROFILER_BUCKET]
      Large Block size 32.0 MB
      Used Block count 1
      Peak Allocated bytes 10.5 KB
[ALLOC_PROFILER_EDITOR]
  Peak usage frame count: [0-1.0 KB]: 3970 frames
  Requested Block Size 1.0 MB
  Peak Block count 0
  Peak Allocated memory 0 B
  Peak Large allocation bytes 0 B
    [ALLOC_PROFILER_BUCKET]
      Large Block size 32.0 MB
      Used Block count 1
      Peak Allocated bytes 10.5 KB
##utp:{"type":"MemoryLeaks","version":2,"phase":"Immediate","time":1786269053618,"processId":90780,"allocatedMemory":36421980,"memoryLabels":[{"Default":19935},{"Permanent":15536},{"Thread":1083460},{"Manager":32764},{"VertexData":12},{"Geometry":280},{"Texture":480},{"Shader":68410},{"Material":24},{"GfxDevice":37880},{"Animation":312},{"Audio":3904},{"FontEngine":288},{"Physics":513},{"Physics2D":7947520},{"Serialization":676},{"Input":9248},{"JobScheduler":40280},{"Mono":40},{"ScriptingNativeRuntime":192016},{"BaseObject":1627212},{"Resource":952},{"Renderer":2312},{"Transform":24},{"File":9475},{"WebCam":40},{"Culling":40},{"Terrain":1025},{"Wind":24},{"String":17489},{"DynamicArray":124605},{"HashMap":136631},{"Utility":2660942},{"Curl":1056},{"PoolAlloc":1496},{"AI":72},{"TypeTree":5061},{"ScriptManager":640},{"RuntimeInitializeOnLoadManager":80},{"SpriteAtlas":128},{"GI":3496},{"Director":7880},{"WebRequest":816},{"VR":45705},{"SceneManager":576},{"Video":1096},{"LazyScriptCache":40},{"NativeArray":12},{"Camera":25},{"Secure":10425},{"SerializationCache":1576},{"APIUpdating":11856},{"Subsystems":392},{"VirtualTexturing":57512},{"StaticSafetyDebugInfo":327680},{"EditorGui":56},{"EditorUtility":12943},{"VersionControl":4},{"Undo":720},{"AssetDatabase":21845137},{"RestService":1310},{"EditorGi":376},{"ProgressiveLightmapper":2728},{"License":3584},{"UnityConnect":25520},{"Collab":641},{"Upm":1872},{"DrivenProperties":96},{"LocalIPC":222},{"ProfilerEditor":10975},{"CoreBusinessMetrics":3747},{"AssetReference":40},{"IPCStream":40}]}
