Unity Editor version:    2022.3.62f2 (7670c08855a9)
Branch:                  2022.3/respin/2022.3.62f2-4af31df585-v2
Build type:              Release
Batch mode:              YES
macOS version:           Version 26.3.1 (Build 25D2128)
Darwin version:          25.3.0
Architecture:            arm64
Running under Rosetta:   NO
Available memory:        16384 MB
[Licensing::Module] Trying to connect to existing licensing client channel...
[Licensing::IpcConnector] Successfully connected to: "LicenseClient-jangyoung" at "2026-08-09T09:39:13.606906Z"
[Licensing::Client] Code 10 while verifying Licensing Client signature (process Id: 46180, path: "/Applications/Unity/Hub/Editor/6000.5.6f1/Unity.app/Contents/Helpers/UnityLicensingClient.app/Contents/MacOS/Unity.Licensing.Client")
[Licensing::Module] LicensingClient has failed validation; ignoring
[Licensing::Client] Handshaking with LicensingClient:
  Version:                 1.18.1+9fbee8e
  Session Id:              3afe2a56583e486d8205220a81f96621
  Correlation Id:          b687cf14460936fcfe7adcffd2fa98ba
  External correlation Id: 8515216089277644267
  Machine Id:              GDFq97hyJBwslTnyqVIUvhYydXg=
[Licensing::Module] Successfully connected to LicensingClient on channel: "LicenseClient-jangyoung" (connect: 0.00s, validation: 0.01s, handshake: 0.31s)
[Licensing::IpcConnector] Successfully connected to: "LicenseClient-jangyoung-notifications" at "2026-08-09T09:39:13.927888Z"
[Licensing::Module] Error: Access token is unavailable; failed to update
[Licensing::Client] Successfully updated license
[Licensing::Client] Successfully resolved entitlement details
[Licensing::Module] Serial number assigned to: "4513980-UnityPersXXXX"
Pro License: NO
[Licensing::Client] Successfully resolved entitlement details
Launching external process: /Applications/Unity/Hub/Editor/2022.3.62f2/Unity.app/Contents/Resources/PackageManager/Server/UnityPackageManager

COMMAND LINE ARGUMENTS:
/Applications/Unity/Hub/Editor/2022.3.62f2/Unity.app/Contents/MacOS/Unity
-batchmode
-nographics
-projectPath
/Users/jangyoung/orca/Abyssal-Surge
-runTests
-testPlatform
PlayMode
-testFilter
CastleBusters.Tests.RuntimeReliabilityRegressionTests.DeploymentController_TryDeploy_PaidBarrelArmsFuseAndDetonatesWithoutWalkingOrAttacking
-testResults
/Users/jangyoung/orca/Abyssal-Surge/TestResults/BarrelDeployRegression.xml
-logFile
/Users/jangyoung/orca/Abyssal-Surge/Logs/BarrelDeployRegression-run7.log
Successfully changed project path to: /Users/jangyoung/orca/Abyssal-Surge
/Users/jangyoung/orca/Abyssal-Surge
[UnityMemory] Configuration Parameters - Can be set up in boot.config
    "memorysetup-bucket-allocator-granularity=16"
    "memorysetup-bucket-allocator-bucket-count=8"
    "memorysetup-bucket-allocator-block-size=33554432"
    "memorysetup-bucket-allocator-block-count=8"
    "memorysetup-main-allocator-block-size=16777216"
    "memorysetup-thread-allocator-block-size=16777216"
    "memorysetup-gfx-main-allocator-block-size=16777216"
    "memorysetup-gfx-thread-allocator-block-size=16777216"
    "memorysetup-cache-allocator-block-size=4194304"
    "memorysetup-typetree-allocator-block-size=2097152"
    "memorysetup-profiler-bucket-allocator-granularity=16"
    "memorysetup-profiler-bucket-allocator-bucket-count=8"
    "memorysetup-profiler-bucket-allocator-block-size=33554432"
    "memorysetup-profiler-bucket-allocator-block-count=8"
    "memorysetup-profiler-allocator-block-size=16777216"
    "memorysetup-profiler-editor-allocator-block-size=1048576"
    "memorysetup-temp-allocator-size-main=16777216"
    "memorysetup-job-temp-allocator-block-size=2097152"
    "memorysetup-job-temp-allocator-block-size-background=1048576"
    "memorysetup-job-temp-allocator-reduction-small-platforms=262144"
    "memorysetup-allocator-temp-initial-block-size-main=262144"
    "memorysetup-allocator-temp-initial-block-size-worker=262144"
    "memorysetup-temp-allocator-size-background-worker=32768"
    "memorysetup-temp-allocator-size-job-worker=262144"
    "memorysetup-temp-allocator-size-preload-manager=33554432"
    "memorysetup-temp-allocator-size-nav-mesh-worker=65536"
    "memorysetup-temp-allocator-size-audio-worker=65536"
    "memorysetup-temp-allocator-size-cloud-worker=32768"
    "memorysetup-temp-allocator-size-gi-baking-worker=262144"
    "memorysetup-temp-allocator-size-gfx=262144"
Player connection [8291234048]  Target information:

Player connection [8291234048]  * "[IP] 192.168.219.124 [Port] 55504 [Flags] 2 [Guid] 300961894 [EditorId] 300961894 [Version] 1048832 [Id] OSXEditor(0,MacBook-Pro-2.local) [Debug] 1 [PackageName] OSXEditor [ProjectName] Editor" 

Player connection [8291234048] Host joined multi-casting on [225.0.0.222:54997]...
Player connection [8291234048] Host joined alternative multi-casting on [225.0.0.222:34997]...
Input System module state changed to: Initialized.
[PhysX] Initialized MultithreadedTaskDispatcher with 12 workers.
[Package Manager] UpmClient::Connect -- Connected to IPC stream "Upm-54584" after 0.6 seconds.
[Package Manager] Restoring resolved packages state from cache
[Licensing::Client] Successfully resolved entitlement details
[Package Manager] Registered 73 packages:
  Packages from [https://package.openupm.com]:
    com.ivanmurzak.unity.mcp@0.87.0 (location: /Users/jangyoung/orca/Abyssal-Surge/Library/PackageCache/com.ivanmurzak.unity.mcp@0.87.0)
    com.ivanmurzak.unity.mcp.animation@1.2.25 (location: /Users/jangyoung/orca/Abyssal-Surge/Library/PackageCache/com.ivanmurzak.unity.mcp.animation@1.2.25)
    com.ivanmurzak.unity.mcp.cinemachine@1.0.11 (location: /Users/jangyoung/orca/Abyssal-Surge/Library/PackageCache/com.ivanmurzak.unity.mcp.cinemachine@1.0.11)
    com.ivanmurzak.unity.mcp.inputsystem@1.0.11 (location: /Users/jangyoung/orca/Abyssal-Surge/Library/PackageCache/com.ivanmurzak.unity.mcp.inputsystem@1.0.11)
    com.ivanmurzak.unity.mcp.navigation@1.0.11 (location: /Users/jangyoung/orca/Abyssal-Surge/Library/PackageCache/com.ivanmurzak.unity.mcp.navigation@1.0.11)
    com.ivanmurzak.unity.mcp.particlesystem@1.2.25 (location: /Users/jangyoung/orca/Abyssal-Surge/Library/PackageCache/com.ivanmurzak.unity.mcp.particlesystem@1.2.25)
    com.ivanmurzak.unity.mcp.probuilder@1.2.25 (location: /Users/jangyoung/orca/Abyssal-Surge/Library/PackageCache/com.ivanmurzak.unity.mcp.probuilder@1.2.25)
    com.ivanmurzak.unity.mcp.splines@1.0.10 (location: /Users/jangyoung/orca/Abyssal-Surge/Library/PackageCache/com.ivanmurzak.unity.mcp.splines@1.0.10)
    com.ivanmurzak.unity.mcp.terrain@1.0.11 (location: /Users/jangyoung/orca/Abyssal-Surge/Library/PackageCache/com.ivanmurzak.unity.mcp.terrain@1.0.11)
    com.ivanmurzak.unity.mcp.tilemap@1.0.10 (location: /Users/jangyoung/orca/Abyssal-Surge/Library/PackageCache/com.ivanmurzak.unity.mcp.tilemap@1.0.10)
    com.ivanmurzak.unity.mcp.timeline@1.0.11 (location: /Users/jangyoung/orca/Abyssal-Surge/Library/PackageCache/com.ivanmurzak.unity.mcp.timeline@1.0.11)
    extensions.unity.playerprefsex@2.1.5 (location: /Users/jangyoung/orca/Abyssal-Surge/Library/PackageCache/extensions.unity.playerprefsex@2.1.5)
  Packages from [https://packages.unity.com]:
    com.unity.2d.pixel-perfect@5.1.1 (location: /Users/jangyoung/orca/Abyssal-Surge/Library/PackageCache/com.unity.2d.pixel-perfect@5.1.1)
    com.unity.2d.tilemap.extras@3.1.3 (location: /Users/jangyoung/orca/Abyssal-Surge/Library/PackageCache/com.unity.2d.tilemap.extras@3.1.3)
    com.unity.collab-proxy@2.12.4 (location: /Users/jangyoung/orca/Abyssal-Surge/Library/PackageCache/com.unity.collab-proxy@2.12.4)
    com.unity.ide.rider@3.0.36 (location: /Users/jangyoung/orca/Abyssal-Surge/Library/PackageCache/com.unity.ide.rider@3.0.36)
    com.unity.ide.visualstudio@2.0.22 (location: /Users/jangyoung/orca/Abyssal-Surge/Library/PackageCache/com.unity.ide.visualstudio@2.0.22)
    com.unity.ide.vscode@1.2.5 (location: /Users/jangyoung/orca/Abyssal-Surge/Library/PackageCache/com.unity.ide.vscode@1.2.5)
    com.unity.purchasing@5.4.1 (location: /Users/jangyoung/orca/Abyssal-Surge/Library/PackageCache/com.unity.purchasing@5.4.1)
    com.unity.test-framework@1.1.33 (location: /Users/jangyoung/orca/Abyssal-Surge/Library/PackageCache/com.unity.test-framework@1.1.33)
    com.unity.textmeshpro@3.0.7 (location: /Users/jangyoung/orca/Abyssal-Surge/Library/PackageCache/com.unity.textmeshpro@3.0.7)
    com.unity.visualscripting@1.9.4 (location: /Users/jangyoung/orca/Abyssal-Surge/Library/PackageCache/com.unity.visualscripting@1.9.4)
    com.unity.ext.nunit@1.0.6 (location: /Users/jangyoung/orca/Abyssal-Surge/Library/PackageCache/com.unity.ext.nunit@1.0.6)
    com.unity.mathematics@1.2.6 (location: /Users/jangyoung/orca/Abyssal-Surge/Library/PackageCache/com.unity.mathematics@1.2.6)
    com.unity.burst@1.8.21 (location: /Users/jangyoung/orca/Abyssal-Surge/Library/PackageCache/com.unity.burst@1.8.21)
    com.unity.services.core@1.18.0 (location: /Users/jangyoung/orca/Abyssal-Surge/Library/PackageCache/com.unity.services.core@1.18.0)
    com.unity.timeline@1.8.12 (location: /Users/jangyoung/orca/Abyssal-Surge/Library/PackageCache/com.unity.timeline@1.8.12)
    com.unity.splines@2.8.4 (location: /Users/jangyoung/orca/Abyssal-Surge/Library/PackageCache/com.unity.splines@2.8.4)
    com.unity.probuilder@5.2.4 (location: /Users/jangyoung/orca/Abyssal-Surge/Library/PackageCache/com.unity.probuilder@5.2.4)
    com.unity.ai.navigation@1.1.7 (location: /Users/jangyoung/orca/Abyssal-Surge/Library/PackageCache/com.unity.ai.navigation@1.1.7)
    com.unity.inputsystem@1.14.0 (location: /Users/jangyoung/orca/Abyssal-Surge/Library/PackageCache/com.unity.inputsystem@1.14.0)
    com.unity.cinemachine@3.1.6 (location: /Users/jangyoung/orca/Abyssal-Surge/Library/PackageCache/com.unity.cinemachine@3.1.6)
    com.unity.searcher@4.9.2 (location: /Users/jangyoung/orca/Abyssal-Surge/Library/PackageCache/com.unity.searcher@4.9.2)
    com.unity.nuget.newtonsoft-json@3.2.2 (location: /Users/jangyoung/orca/Abyssal-Surge/Library/PackageCache/com.unity.nuget.newtonsoft-json@3.2.2)
    com.unity.settings-manager@2.1.0 (location: /Users/jangyoung/orca/Abyssal-Surge/Library/PackageCache/com.unity.settings-manager@2.1.0)
  Built-in packages:
    com.unity.render-pipelines.universal@14.0.12 (location: /Users/jangyoung/orca/Abyssal-Surge/Library/PackageCache/com.unity.render-pipelines.universal@14.0.12)
    com.unity.ugui@1.0.0 (location: /Users/jangyoung/orca/Abyssal-Surge/Library/PackageCache/com.unity.ugui@1.0.0)
    com.unity.modules.ai@1.0.0 (location: /Users/jangyoung/orca/Abyssal-Surge/Library/PackageCache/com.unity.modules.ai@1.0.0)
    com.unity.modules.androidjni@1.0.0 (location: /Users/jangyoung/orca/Abyssal-Surge/Library/PackageCache/com.unity.modules.androidjni@1.0.0)
    com.unity.modules.animation@1.0.0 (location: /Users/jangyoung/orca/Abyssal-Surge/Library/PackageCache/com.unity.modules.animation@1.0.0)
    com.unity.modules.assetbundle@1.0.0 (location: /Users/jangyoung/orca/Abyssal-Surge/Library/PackageCache/com.unity.modules.assetbundle@1.0.0)
    com.unity.modules.audio@1.0.0 (location: /Users/jangyoung/orca/Abyssal-Surge/Library/PackageCache/com.unity.modules.audio@1.0.0)
    com.unity.modules.cloth@1.0.0 (location: /Users/jangyoung/orca/Abyssal-Surge/Library/PackageCache/com.unity.modules.cloth@1.0.0)
    com.unity.modules.director@1.0.0 (location: /Users/jangyoung/orca/Abyssal-Surge/Library/PackageCache/com.unity.modules.director@1.0.0)
    com.unity.modules.imageconversion@1.0.0 (location: /Users/jangyoung/orca/Abyssal-Surge/Library/PackageCache/com.unity.modules.imageconversion@1.0.0)
    com.unity.modules.imgui@1.0.0 (location: /Users/jangyoung/orca/Abyssal-Surge/Library/PackageCache/com.unity.modules.imgui@1.0.0)
    com.unity.modules.jsonserialize@1.0.0 (location: /Users/jangyoung/orca/Abyssal-Surge/Library/PackageCache/com.unity.modules.jsonserialize@1.0.0)
    com.unity.modules.particlesystem@1.0.0 (location: /Users/jangyoung/orca/Abyssal-Surge/Library/PackageCache/com.unity.modules.particlesystem@1.0.0)
    com.unity.modules.physics@1.0.0 (location: /Users/jangyoung/orca/Abyssal-Surge/Library/PackageCache/com.unity.modules.physics@1.0.0)
    com.unity.modules.physics2d@1.0.0 (location: /Users/jangyoung/orca/Abyssal-Surge/Library/PackageCache/com.unity.modules.physics2d@1.0.0)
    com.unity.modules.screencapture@1.0.0 (location: /Users/jangyoung/orca/Abyssal-Surge/Library/PackageCache/com.unity.modules.screencapture@1.0.0)
    com.unity.modules.terrain@1.0.0 (location: /Users/jangyoung/orca/Abyssal-Surge/Library/PackageCache/com.unity.modules.terrain@1.0.0)
    com.unity.modules.terrainphysics@1.0.0 (location: /Users/jangyoung/orca/Abyssal-Surge/Library/PackageCache/com.unity.modules.terrainphysics@1.0.0)
    com.unity.modules.tilemap@1.0.0 (location: /Users/jangyoung/orca/Abyssal-Surge/Library/PackageCache/com.unity.modules.tilemap@1.0.0)
    com.unity.modules.ui@1.0.0 (location: /Users/jangyoung/orca/Abyssal-Surge/Library/PackageCache/com.unity.modules.ui@1.0.0)
    com.unity.modules.uielements@1.0.0 (location: /Users/jangyoung/orca/Abyssal-Surge/Library/PackageCache/com.unity.modules.uielements@1.0.0)
    com.unity.modules.umbra@1.0.0 (location: /Users/jangyoung/orca/Abyssal-Surge/Library/PackageCache/com.unity.modules.umbra@1.0.0)
    com.unity.modules.unityanalytics@1.0.0 (location: /Users/jangyoung/orca/Abyssal-Surge/Library/PackageCache/com.unity.modules.unityanalytics@1.0.0)
    com.unity.modules.unitywebrequest@1.0.0 (location: /Users/jangyoung/orca/Abyssal-Surge/Library/PackageCache/com.unity.modules.unitywebrequest@1.0.0)
    com.unity.modules.unitywebrequestassetbundle@1.0.0 (location: /Users/jangyoung/orca/Abyssal-Surge/Library/PackageCache/com.unity.modules.unitywebrequestassetbundle@1.0.0)
    com.unity.modules.unitywebrequestaudio@1.0.0 (location: /Users/jangyoung/orca/Abyssal-Surge/Library/PackageCache/com.unity.modules.unitywebrequestaudio@1.0.0)
    com.unity.modules.unitywebrequesttexture@1.0.0 (location: /Users/jangyoung/orca/Abyssal-Surge/Library/PackageCache/com.unity.modules.unitywebrequesttexture@1.0.0)
    com.unity.modules.unitywebrequestwww@1.0.0 (location: /Users/jangyoung/orca/Abyssal-Surge/Library/PackageCache/com.unity.modules.unitywebrequestwww@1.0.0)
    com.unity.modules.vehicles@1.0.0 (location: /Users/jangyoung/orca/Abyssal-Surge/Library/PackageCache/com.unity.modules.vehicles@1.0.0)
    com.unity.modules.video@1.0.0 (location: /Users/jangyoung/orca/Abyssal-Surge/Library/PackageCache/com.unity.modules.video@1.0.0)
    com.unity.modules.vr@1.0.0 (location: /Users/jangyoung/orca/Abyssal-Surge/Library/PackageCache/com.unity.modules.vr@1.0.0)
    com.unity.modules.wind@1.0.0 (location: /Users/jangyoung/orca/Abyssal-Surge/Library/PackageCache/com.unity.modules.wind@1.0.0)
    com.unity.modules.xr@1.0.0 (location: /Users/jangyoung/orca/Abyssal-Surge/Library/PackageCache/com.unity.modules.xr@1.0.0)
    com.unity.modules.subsystems@1.0.0 (location: /Users/jangyoung/orca/Abyssal-Surge/Library/PackageCache/com.unity.modules.subsystems@1.0.0)
    com.unity.render-pipelines.core@14.0.12 (location: /Users/jangyoung/orca/Abyssal-Surge/Library/PackageCache/com.unity.render-pipelines.core@14.0.12)
    com.unity.shadergraph@14.0.12 (location: /Users/jangyoung/orca/Abyssal-Surge/Library/PackageCache/com.unity.shadergraph@14.0.12)
    com.unity.render-pipelines.universal-config@14.0.10 (location: /Users/jangyoung/orca/Abyssal-Surge/Library/PackageCache/com.unity.render-pipelines.universal-config@14.0.10)
    com.unity.2d.tilemap@1.0.0 (location: /Users/jangyoung/orca/Abyssal-Surge/Library/PackageCache/com.unity.2d.tilemap@1.0.0)
[Subsystems] No new subsystems found in resolved package list.
Package Manager log level set to [2]
[Package Manager] Done registering packages in 0.17 seconds
Refreshing native plugins compatible for Editor in 58.71 ms, found 3 plugins.
Preloading 0 native plugins for Editor in 0.00 ms.
Initialize engine version: 2022.3.62f2 (7670c08855a9)
[Subsystems] Discovering subsystems at path /Applications/Unity/Hub/Editor/2022.3.62f2/Unity.app/Contents/Resources/UnitySubsystems
[Subsystems] Discovering subsystems at path /Users/jangyoung/orca/Abyssal-Surge/Assets
Forcing GfxDevice: Null
GfxDevice: creating device client; threaded=0; jobified=0
NullGfxDevice:
    Version:  NULL 1.0 [1.0]
    Renderer: Null Device
    Vendor:   Unity Technologies
Shader Hidden/ProbeVolume/VoxelizeScene is not supported: GPU does not support conservative rasterization
[Licensing::Client] Successfully resolved entitlement details
Initialize mono
Mono path[0] = '/Applications/Unity/Hub/Editor/2022.3.62f2/Unity.app/Contents/Managed'
Mono path[1] = '/Applications/Unity/Hub/Editor/2022.3.62f2/Unity.app/Contents/MonoBleedingEdge/lib/mono/unityjit-macos'
Mono config path = '/Applications/Unity/Hub/Editor/2022.3.62f2/Unity.app/Contents/MonoBleedingEdge/etc'
Using monoOptions --debugger-agent=transport=dt_socket,embedding=1,server=y,suspend=n,address=127.0.0.1:56584
Using cacheserver namespaces - metadata:defaultmetadata, artifacts:defaultartifacts
Using cacheserver namespaces - metadata:defaultmetadata, artifacts:defaultartifacts
ImportWorker Server TCP listen port: 0
Begin MonoManager ReloadAssembly
Registering precompiled unity dll's ...
Register platform support module: /Applications/Unity/Hub/Editor/2022.3.62f2/PlaybackEngines/WebGLSupport/UnityEditor.WebGL.Extensions.dll
Register platform support module: /Applications/Unity/Hub/Editor/2022.3.62f2/Unity.app/Contents/PlaybackEngines/MacStandaloneSupport/UnityEditor.OSXStandalone.Extensions.dll
Registered in 0.002147 seconds.
- Loaded All Assemblies, in  0.278 seconds
Native extension for OSXStandalone target not found
Native extension for WebGL target not found
Mono: successfully reloaded assembly
- Finished resetting the current domain, in  0.164 seconds
Domain Reload Profiling: 442ms
	BeginReloadAssembly (104ms)
		ExecutionOrderSort (0ms)
		DisableScriptedObjects (0ms)
		BackupInstance (0ms)
		ReleaseScriptingObjects (0ms)
		CreateAndSetChildDomain (1ms)
	RebuildCommonClasses (27ms)
	RebuildNativeTypeToScriptingClass (7ms)
	initialDomainReloadingComplete (34ms)
	LoadAllAssembliesAndSetupDomain (106ms)
		LoadAssemblies (105ms)
		RebuildTransferFunctionScriptingTraits (0ms)
		AnalyzeDomain (102ms)
			TypeCache.Refresh (101ms)
				TypeCache.ScanAssembly (88ms)
			ScanForSourceGeneratedMonoScriptInfo (0ms)
			ResolveRequiredComponents (1ms)
	FinalizeReload (164ms)
		ReleaseScriptCaches (0ms)
		RebuildScriptCaches (0ms)
		SetupLoadedEditorAssemblies (134ms)
			LogAssemblyErrors (0ms)
			InitializePlatformSupportModulesInManaged (8ms)
			SetLoadedEditorAssemblies (4ms)
			RefreshPlugins (0ms)
			BeforeProcessingInitializeOnLoad (2ms)
			ProcessInitializeOnLoadAttributes (92ms)
			ProcessInitializeOnLoadMethodAttributes (27ms)
			AfterProcessingInitializeOnLoad (0ms)
			EditorAssembliesLoaded (0ms)
		ExecutionOrderSort2 (0ms)
		AwakeInstancesAfterBackupRestoration (0ms)
[Licensing::Client] Successfully resolved entitlement details
Application.AssetDatabase Initial Refresh Start
Assembly reference Packages/com.unity.cinemachine/Editor/Samples/ExposeHDRPInternals/HDRP-Editor-ref.asmref has no target assembly definition
Assembly reference Packages/com.unity.cinemachine/Editor/Samples/ExposeHDRPInternals/HDRP-Editor-ref.asmref has no target assembly definition
[ScriptCompilation] Requested script compilation because: Assetdatabase observed changes in script compilation related files
[40m[32minfo[39m[22m[49m: Microsoft.Hosting.Lifetime[14]
      Now listening on: http://unix:/tmp/ilpp.sock-37085d6b862dd5a1fa1750a0d3c18b89
[40m[32minfo[39m[22m[49m: Microsoft.Hosting.Lifetime[0]
      Application started. Press Ctrl+C to shut down.
[40m[32minfo[39m[22m[49m: Microsoft.Hosting.Lifetime[0]
      Hosting environment: Production
[40m[32minfo[39m[22m[49m: Microsoft.Hosting.Lifetime[0]
      Content root path: /Users/jangyoung/orca/Abyssal-Surge/
[40m[32minfo[39m[22m[49m: Microsoft.AspNetCore.Hosting.Diagnostics[1]
      Request starting HTTP/2 POST http://ilpp/UnityILPP.PostProcessing/Ping application/grpc -
[40m[32minfo[39m[22m[49m: Microsoft.AspNetCore.Routing.EndpointMiddleware[0]
      Executing endpoint 'gRPC - /UnityILPP.PostProcessing/Ping'
[40m[32minfo[39m[22m[49m: Microsoft.AspNetCore.Routing.EndpointMiddleware[1]
      Executed endpoint 'gRPC - /UnityILPP.PostProcessing/Ping'
[40m[32minfo[39m[22m[49m: Microsoft.AspNetCore.Hosting.Diagnostics[2]
      Request finished HTTP/2 POST http://ilpp/UnityILPP.PostProcessing/Ping application/grpc - - 200 - application/grpc 42.1499ms
Starting: /Applications/Unity/Hub/Editor/2022.3.62f2/Unity.app/Contents/bee_backend --ipc --defer-dag-verification --dagfile="Library/Bee/2000b0aEDbg.dag" --continue-on-failure --profile="Library/Bee/backend1.traceevents" ScriptAssemblies
WorkingDir: /Users/jangyoung/orca/Abyssal-Surge
DisplayProgressbar: Compiling Scripts
[40m[32minfo[39m[22m[49m: Microsoft.AspNetCore.Hosting.Diagnostics[1]
      Request starting HTTP/2 POST http://ilpp/UnityILPP.PostProcessing/ConfigurePostProcessors application/grpc -
[40m[32minfo[39m[22m[49m: Microsoft.AspNetCore.Routing.EndpointMiddleware[0]
      Executing endpoint 'gRPC - /UnityILPP.PostProcessing/ConfigurePostProcessors'
[40m[1m[33mwarn[39m[22m[49m: Unity.ILPP.Runner.PostProcessingAssemblyLoadContext[0]
      Assembly system.runtime.interopservices.windowsruntime has duplicate hint path. Ignoring "/Applications/Unity/Hub/Editor/2022.3.62f2/Unity.app/Contents/UnityReferenceAssemblies/unity-4.8-api/Facades/System.Runtime.InteropServices.WindowsRuntime.dll" in favor of "/Applications/Unity/Hub/Editor/2022.3.62f2/Unity.app/Contents/NetStandard/Extensions/2.0.0/System.Runtime.InteropServices.WindowsRuntime.dll"
[40m[1m[33mwarn[39m[22m[49m: Unity.ILPP.Runner.PostProcessingAssemblyLoadContext[0]
      Assembly system.componentmodel.composition has duplicate hint path. Ignoring "/Applications/Unity/Hub/Editor/2022.3.62f2/Unity.app/Contents/UnityReferenceAssemblies/unity-4.8-api/System.ComponentModel.Composition.dll" in favor of "/Applications/Unity/Hub/Editor/2022.3.62f2/Unity.app/Contents/NetStandard/compat/2.1.0/shims/netfx/System.ComponentModel.Composition.dll"
[40m[32minfo[39m[22m[49m: Unity.ILPP.Runner.PostProcessingAssemblyLoadContext[0]
      Resolved Unity.Burst.Cecil, Version=0.11.4.0, Culture=neutral, PublicKeyToken=50cebf1cceb9d05e with Library/PackageCache/com.unity.burst@1.8.21/Unity.Burst.CodeGen/Unity.Burst.Cecil.dll
[40m[32minfo[39m[22m[49m: Microsoft.AspNetCore.Routing.EndpointMiddleware[1]
      Executed endpoint 'gRPC - /UnityILPP.PostProcessing/ConfigurePostProcessors'
[40m[32minfo[39m[22m[49m: Microsoft.AspNetCore.Hosting.Diagnostics[2]
      Request finished HTTP/2 POST http://ilpp/UnityILPP.PostProcessing/ConfigurePostProcessors application/grpc - - 200 - application/grpc 19.0122ms
[40m[32minfo[39m[22m[49m: Microsoft.AspNetCore.Hosting.Diagnostics[1]
      Request starting HTTP/2 POST http://ilpp/UnityILPP.PostProcessing/PostProcessAssembly application/grpc -
[40m[32minfo[39m[22m[49m: Microsoft.AspNetCore.Routing.EndpointMiddleware[0]
      Executing endpoint 'gRPC - /UnityILPP.PostProcessing/PostProcessAssembly'
[40m[32minfo[39m[22m[49m: Unity.ILPP.Runner.PostProcessingPipeline[0]
      Processing assembly Library/Bee/artifacts/2000b0aEDbg.dag/CastleBusters.PlayModeTests.dll, with 104 defines and 211 references
[40m[32minfo[39m[22m[49m: Unity.ILPP.Runner.PostProcessingPipeline[0]
      processors: zzzUnity.Burst.CodeGen.BurstILPostProcessor
[40m[32minfo[39m[22m[49m: Unity.ILPP.Runner.PostProcessingPipeline[0]
      running zzzUnity.Burst.CodeGen.BurstILPostProcessor
[40m[32minfo[39m[22m[49m: Microsoft.AspNetCore.Routing.EndpointMiddleware[1]
      Executed endpoint 'gRPC - /UnityILPP.PostProcessing/PostProcessAssembly'
[40m[32minfo[39m[22m[49m: Microsoft.AspNetCore.Hosting.Diagnostics[2]
      Request finished HTTP/2 POST http://ilpp/UnityILPP.PostProcessing/PostProcessAssembly application/grpc - - 200 - application/grpc 14.6465ms
ExitCode: 0 Duration: 1s843ms
[ 917/1258  0s] ILPP-Configuration Library/ilpp-configuration.nevergeneratedoutput
[1254/1258  1s] Csc Library/Bee/artifacts/2000b0aEDbg.dag/CastleBusters.PlayModeTests.dll (+2 others)
Assets/Tests/PlayMode/CastleBustersAnalysisTests.cs(104,17): warning CS0219: The variable 'playerWins' is assigned but its value is never used
Assets/Tests/PlayMode/CastleBustersAnalysisTests.cs(105,17): warning CS0219: The variable 'aiWins' is assigned but its value is never used
[1255/1258  0s] ILPostProcess Library/Bee/artifacts/2000b0aEDbg.dag/post-processed/CastleBusters.PlayModeTests.dll (+pdb)
Processing assembly Library/Bee/artifacts/2000b0aEDbg.dag/CastleBusters.PlayModeTests.dll, with 104 defines and 211 references
processors: zzzUnity.Burst.CodeGen.BurstILPostProcessor
running zzzUnity.Burst.CodeGen.BurstILPostProcessor
[1256/1258  0s] CopyFiles Library/ScriptAssemblies/CastleBusters.PlayModeTests.dll
[1257/1258  0s] CopyFiles Library/ScriptAssemblies/CastleBusters.PlayModeTests.pdb
*** Tundra build success (1.83 seconds), 5 items updated, 1258 evaluated
Assets/Tests/PlayMode/CastleBustersAnalysisTests.cs(104,17): warning CS0219: The variable 'playerWins' is assigned but its value is never used
Assets/Tests/PlayMode/CastleBustersAnalysisTests.cs(105,17): warning CS0219: The variable 'aiWins' is assigned but its value is never used
AssetDatabase: script compilation time: 2.616254s
Assembly reference Packages/com.unity.cinemachine/Editor/Samples/ExposeHDRPInternals/HDRP-Editor-ref.asmref has no target assembly definition
Total cache size 265057198
Total cache size after purge 265057198
Begin MonoManager ReloadAssembly
Symbol file LoadedFromMemory is not a mono symbol file
- Loaded All Assemblies, in  0.811 seconds
Refreshing native plugins compatible for Editor in 12.78 ms, found 3 plugins.
Preloading 0 native plugins for Editor in 0.00 ms.
Start importing Assets/Tests/PlayMode/RuntimeReliabilityRegressionTests.cs using Guid(102bf0a2196854b74b9a163b62a219db) Importer(-1,00000000000000000000000000000000) [PhysX] Initialized MultithreadedTaskDispatcher with 12 workers.
 -> (artifact id: '39923fd00caa97f1c583d04a4d3ad06b') in 0.009596 seconds
Refreshing native plugins compatible for Editor in 6.96 ms, found 3 plugins.
Native extension for OSXStandalone target not found
Native extension for WebGL target not found
Assembly reference Packages/com.unity.cinemachine/Editor/Samples/ExposeHDRPInternals/HDRP-Editor-ref.asmref has no target assembly definition
<color=#ffaa00>warn:</color> [18:39:27:1462] <color=#B4FF32>[AI]</color> <color=#48C9B0><b>McpManagerClientHub</b></color> ConnectionManager[6612d28b-ad15-4d5c-9c74-7e8c6a741ffd] EnsureConnection Connection not available and auto-reconnect disabled for endpoint: /hub/mcp-server
UnityEngine.StackTraceUtility:ExtractStackTrace () (at /Users/bokken/build/output/unity/unity/Runtime/Export/Scripting/StackTrace.cs:37)
UnityEngine.DebugLogHandler:LogFormat (UnityEngine.LogType,UnityEngine.Object,string,object[])
UnityEngine.Logger:Log (UnityEngine.LogType,object)
UnityEngine.Debug:LogWarning (object)
com.IvanMurzak.Unity.MCP.Utils.UnityLogger:Log<Microsoft.Extensions.Logging.FormattedLogValues> (Microsoft.Extensions.Logging.LogLevel,Microsoft.Extensions.Logging.EventId,Microsoft.Extensions.Logging.FormattedLogValues,System.Exception,System.Func`3<Microsoft.Extensions.Logging.FormattedLogValues, System.Exception, string>) (at ./Library/PackageCache/com.ivanmurzak.unity.mcp@0.87.0/Runtime/Logger/UnityLogger.cs:125)
Microsoft.Extensions.Logging.Logger:<Log>g__LoggerLog|14_0<Microsoft.Extensions.Logging.FormattedLogValues> (Microsoft.Extensions.Logging.LogLevel,Microsoft.Extensions.Logging.EventId,Microsoft.Extensions.Logging.ILogger,System.Exception,System.Func`3<Microsoft.Extensions.Logging.FormattedLogValues, System.Exception, string>,System.Collections.Generic.List`1<System.Exception>&,Microsoft.Extensions.Logging.FormattedLogValues&)
Microsoft.Extensions.Logging.Logger:Log<Microsoft.Extensions.Logging.FormattedLogValues> (Microsoft.Extensions.Logging.LogLevel,Microsoft.Extensions.Logging.EventId,Microsoft.Extensions.Logging.FormattedLogValues,System.Exception,System.Func`3<Microsoft.Extensions.Logging.FormattedLogValues, System.Exception, string>)
Microsoft.Extensions.Logging.Logger`1<com.IvanMurzak.McpPlugin.McpManagerClientHub>:Microsoft.Extensions.Logging.ILogger.Log<Microsoft.Extensions.Logging.FormattedLogValues> (Microsoft.Extensions.Logging.LogLevel,Microsoft.Extensions.Logging.EventId,Microsoft.Extensions.Logging.FormattedLogValues,System.Exception,System.Func`3<Microsoft.Extensions.Logging.FormattedLogValues, System.Exception, string>)
Microsoft.Extensions.Logging.LoggerExtensions:Log (Microsoft.Extensions.Logging.ILogger,Microsoft.Extensions.Logging.LogLevel,Microsoft.Extensions.Logging.EventId,System.Exception,string,object[])
Microsoft.Extensions.Logging.LoggerExtensions:Log (Microsoft.Extensions.Logging.ILogger,Microsoft.Extensions.Logging.LogLevel,string,object[])
Microsoft.Extensions.Logging.LoggerExtensions:LogWarning (Microsoft.Extensions.Logging.ILogger,string,object[])
com.IvanMurzak.McpPlugin.ConnectionManager/<EnsureConnection>d__3:MoveNext ()
System.Runtime.CompilerServices.AsyncTaskMethodBuilder`1<bool>:Start<com.IvanMurzak.McpPlugin.ConnectionManager/<EnsureConnection>d__3> (com.IvanMurzak.McpPlugin.ConnectionManager/<EnsureConnection>d__3&)
com.IvanMurzak.McpPlugin.ConnectionManager:EnsureConnection (System.Threading.CancellationToken)
com.IvanMurzak.McpPlugin.ConnectionManager/<InvokeAsync>d__58`2<com.IvanMurzak.McpPlugin.Common.Model.RequestToolsUpdated, com.IvanMurzak.McpPlugin.Common.Model.ResponseData>:MoveNext ()
System.Runtime.CompilerServices.AsyncTaskMethodBuilder`1<com.IvanMurzak.McpPlugin.Common.Model.ResponseData>:Start<com.IvanMurzak.McpPlugin.ConnectionManager/<InvokeAsync>d__58`2<com.IvanMurzak.McpPlugin.Common.Model.RequestToolsUpdated, com.IvanMurzak.McpPlugin.Common.Model.ResponseData>> (com.IvanMurzak.McpPlugin.ConnectionManager/<InvokeAsync>d__58`2<com.IvanMurzak.McpPlugin.Common.Model.RequestToolsUpdated, com.IvanMurzak.McpPlugin.Common.Model.ResponseData>&)
com.IvanMurzak.McpPlugin.ConnectionManager:InvokeAsync<com.IvanMurzak.McpPlugin.Common.Model.RequestToolsUpdated, com.IvanMurzak.McpPlugin.Common.Model.ResponseData> (string,com.IvanMurzak.McpPlugin.Common.Model.RequestToolsUpdated,System.Threading.CancellationToken)
com.IvanMurzak.McpPlugin.McpManagerClientHub:NotifyAboutUpdatedTools (com.IvanMurzak.McpPlugin.Common.Model.RequestToolsUpdated,System.Threading.CancellationToken)
com.IvanMurzak.McpPlugin.McpManagerClientHub:NotifyAboutUpdatedTools (com.IvanMurzak.McpPlugin.Common.Model.RequestToolsUpdated)
com.IvanMurzak.McpPlugin.McpPlugin/<<-ctor>b__29_4>d:MoveNext ()
System.Runtime.CompilerServices.AsyncVoidMethodBuilder:Start<com.IvanMurzak.McpPlugin.McpPlugin/<<-ctor>b__29_4>d> (com.IvanMurzak.McpPlugin.McpPlugin/<<-ctor>b__29_4>d&)
com.IvanMurzak.McpPlugin.McpPlugin:<.ctor>b__29_4 (R3.Unit)
R3.AnonymousObserver`1<R3.Unit>:OnNextCore (R3.Unit)
R3.Observer`1<R3.Unit>:OnNext (R3.Unit)
R3.ThrottleFirst`1/_ThrottleFirst<R3.Unit>:OnNextCore (R3.Unit)
R3.Observer`1<R3.Unit>:OnNext (R3.Unit)
R3.Subject`1<R3.Unit>:OnNext (R3.Unit)
com.IvanMurzak.McpPlugin.McpToolManager:SetToolEnabled (string,bool)
com.IvanMurzak.Unity.MCP.UnityMcpPlugin:ApplyConfigToMcpPlugin (com.IvanMurzak.McpPlugin.IMcpPlugin) (at ./Library/PackageCache/com.ivanmurzak.unity.mcp@0.87.0/Runtime/UnityMcpPlugin.Build.cs:211)
com.IvanMurzak.Unity.MCP.UnityMcpPluginEditor:BuildMcpPluginIfNeeded () (at ./Library/PackageCache/com.ivanmurzak.unity.mcp@0.87.0/Editor/Scripts/UnityMcpPluginEditor.Build.cs:74)
com.IvanMurzak.Unity.MCP.Editor.Startup:.cctor () (at ./Library/PackageCache/com.ivanmurzak.unity.mcp@0.87.0/Editor/Scripts/Startup.cs:29)
System.Runtime.CompilerServices.RuntimeHelpers:RunClassConstructor (System.RuntimeTypeHandle)
UnityEditor.EditorAssemblies:ProcessInitializeOnLoadAttributes (System.Type[]) (at /Users/bokken/build/output/unity/unity/Editor/Mono/EditorAssemblies.cs:119)

(Filename: ./Library/PackageCache/com.ivanmurzak.unity.mcp@0.87.0/Runtime/UnityMcpPlugin.Build.cs Line: 211)

<color=#ffaa00>warn:</color> [18:39:27:1631] <color=#B4FF32>[AI]</color> <color=#48C9B0><b>McpManagerClientHub</b></color> ConnectionManager[6612d28b-ad15-4d5c-9c74-7e8c6a741ffd] EnsureConnection Connection not available and auto-reconnect disabled for endpoint: /hub/mcp-server
UnityEngine.StackTraceUtility:ExtractStackTrace () (at /Users/bokken/build/output/unity/unity/Runtime/Export/Scripting/StackTrace.cs:37)
UnityEngine.DebugLogHandler:LogFormat (UnityEngine.LogType,UnityEngine.Object,string,object[])
UnityEngine.Logger:Log (UnityEngine.LogType,object)
UnityEngine.Debug:LogWarning (object)
com.IvanMurzak.Unity.MCP.Utils.UnityLogger:Log<Microsoft.Extensions.Logging.FormattedLogValues> (Microsoft.Extensions.Logging.LogLevel,Microsoft.Extensions.Logging.EventId,Microsoft.Extensions.Logging.FormattedLogValues,System.Exception,System.Func`3<Microsoft.Extensions.Logging.FormattedLogValues, System.Exception, string>) (at ./Library/PackageCache/com.ivanmurzak.unity.mcp@0.87.0/Runtime/Logger/UnityLogger.cs:125)
Microsoft.Extensions.Logging.Logger:<Log>g__LoggerLog|14_0<Microsoft.Extensions.Logging.FormattedLogValues> (Microsoft.Extensions.Logging.LogLevel,Microsoft.Extensions.Logging.EventId,Microsoft.Extensions.Logging.ILogger,System.Exception,System.Func`3<Microsoft.Extensions.Logging.FormattedLogValues, System.Exception, string>,System.Collections.Generic.List`1<System.Exception>&,Microsoft.Extensions.Logging.FormattedLogValues&)
Microsoft.Extensions.Logging.Logger:Log<Microsoft.Extensions.Logging.FormattedLogValues> (Microsoft.Extensions.Logging.LogLevel,Microsoft.Extensions.Logging.EventId,Microsoft.Extensions.Logging.FormattedLogValues,System.Exception,System.Func`3<Microsoft.Extensions.Logging.FormattedLogValues, System.Exception, string>)
Microsoft.Extensions.Logging.Logger`1<com.IvanMurzak.McpPlugin.McpManagerClientHub>:Microsoft.Extensions.Logging.ILogger.Log<Microsoft.Extensions.Logging.FormattedLogValues> (Microsoft.Extensions.Logging.LogLevel,Microsoft.Extensions.Logging.EventId,Microsoft.Extensions.Logging.FormattedLogValues,System.Exception,System.Func`3<Microsoft.Extensions.Logging.FormattedLogValues, System.Exception, string>)
Microsoft.Extensions.Logging.LoggerExtensions:Log (Microsoft.Extensions.Logging.ILogger,Microsoft.Extensions.Logging.LogLevel,Microsoft.Extensions.Logging.EventId,System.Exception,string,object[])
Microsoft.Extensions.Logging.LoggerExtensions:Log (Microsoft.Extensions.Logging.ILogger,Microsoft.Extensions.Logging.LogLevel,string,object[])
Microsoft.Extensions.Logging.LoggerExtensions:LogWarning (Microsoft.Extensions.Logging.ILogger,string,object[])
com.IvanMurzak.McpPlugin.ConnectionManager/<EnsureConnection>d__3:MoveNext ()
System.Runtime.CompilerServices.AsyncTaskMethodBuilder`1<bool>:Start<com.IvanMurzak.McpPlugin.ConnectionManager/<EnsureConnection>d__3> (com.IvanMurzak.McpPlugin.ConnectionManager/<EnsureConnection>d__3&)
com.IvanMurzak.McpPlugin.ConnectionManager:EnsureConnection (System.Threading.CancellationToken)
com.IvanMurzak.McpPlugin.ConnectionManager/<InvokeAsync>d__58`2<com.IvanMurzak.McpPlugin.Common.Model.RequestPromptsUpdated, com.IvanMurzak.McpPlugin.Common.Model.ResponseData>:MoveNext ()
System.Runtime.CompilerServices.AsyncTaskMethodBuilder`1<com.IvanMurzak.McpPlugin.Common.Model.ResponseData>:Start<com.IvanMurzak.McpPlugin.ConnectionManager/<InvokeAsync>d__58`2<com.IvanMurzak.McpPlugin.Common.Model.RequestPromptsUpdated, com.IvanMurzak.McpPlugin.Common.Model.ResponseData>> (com.IvanMurzak.McpPlugin.ConnectionManager/<InvokeAsync>d__58`2<com.IvanMurzak.McpPlugin.Common.Model.RequestPromptsUpdated, com.IvanMurzak.McpPlugin.Common.Model.ResponseData>&)
com.IvanMurzak.McpPlugin.ConnectionManager:InvokeAsync<com.IvanMurzak.McpPlugin.Common.Model.RequestPromptsUpdated, com.IvanMurzak.McpPlugin.Common.Model.ResponseData> (string,com.IvanMurzak.McpPlugin.Common.Model.RequestPromptsUpdated,System.Threading.CancellationToken)
com.IvanMurzak.McpPlugin.McpManagerClientHub:NotifyAboutUpdatedPrompts (com.IvanMurzak.McpPlugin.Common.Model.RequestPromptsUpdated,System.Threading.CancellationToken)
com.IvanMurzak.McpPlugin.McpManagerClientHub:NotifyAboutUpdatedPrompts (com.IvanMurzak.McpPlugin.Common.Model.RequestPromptsUpdated)
com.IvanMurzak.McpPlugin.McpPlugin/<<-ctor>b__29_5>d:MoveNext ()
System.Runtime.CompilerServices.AsyncVoidMethodBuilder:Start<com.IvanMurzak.McpPlugin.McpPlugin/<<-ctor>b__29_5>d> (com.IvanMurzak.McpPlugin.McpPlugin/<<-ctor>b__29_5>d&)
com.IvanMurzak.McpPlugin.McpPlugin:<.ctor>b__29_5 (R3.Unit)
R3.AnonymousObserver`1<R3.Unit>:OnNextCore (R3.Unit)
R3.Observer`1<R3.Unit>:OnNext (R3.Unit)
R3.ThrottleFirst`1/_ThrottleFirst<R3.Unit>:OnNextCore (R3.Unit)
R3.Observer`1<R3.Unit>:OnNext (R3.Unit)
R3.Subject`1<R3.Unit>:OnNext (R3.Unit)
com.IvanMurzak.McpPlugin.McpPromptManager:SetPromptEnabled (string,bool)
com.IvanMurzak.Unity.MCP.UnityMcpPlugin:ApplyConfigToMcpPlugin (com.IvanMurzak.McpPlugin.IMcpPlugin) (at ./Library/PackageCache/com.ivanmurzak.unity.mcp@0.87.0/Runtime/UnityMcpPlugin.Build.cs:226)
com.IvanMurzak.Unity.MCP.UnityMcpPluginEditor:BuildMcpPluginIfNeeded () (at ./Library/PackageCache/com.ivanmurzak.unity.mcp@0.87.0/Editor/Scripts/UnityMcpPluginEditor.Build.cs:74)
com.IvanMurzak.Unity.MCP.Editor.Startup:.cctor () (at ./Library/PackageCache/com.ivanmurzak.unity.mcp@0.87.0/Editor/Scripts/Startup.cs:29)
System.Runtime.CompilerServices.RuntimeHelpers:RunClassConstructor (System.RuntimeTypeHandle)
UnityEditor.EditorAssemblies:ProcessInitializeOnLoadAttributes (System.Type[]) (at /Users/bokken/build/output/unity/unity/Editor/Mono/EditorAssemblies.cs:119)

(Filename: ./Library/PackageCache/com.ivanmurzak.unity.mcp@0.87.0/Runtime/UnityMcpPlugin.Build.cs Line: 226)

<color=#ffaa00>warn:</color> [18:39:27:1645] <color=#B4FF32>[AI]</color> <color=#48C9B0><b>McpManagerClientHub</b></color> ConnectionManager[6612d28b-ad15-4d5c-9c74-7e8c6a741ffd] EnsureConnection Connection not available and auto-reconnect disabled for endpoint: /hub/mcp-server
UnityEngine.StackTraceUtility:ExtractStackTrace () (at /Users/bokken/build/output/unity/unity/Runtime/Export/Scripting/StackTrace.cs:37)
UnityEngine.DebugLogHandler:LogFormat (UnityEngine.LogType,UnityEngine.Object,string,object[])
UnityEngine.Logger:Log (UnityEngine.LogType,object)
UnityEngine.Debug:LogWarning (object)
com.IvanMurzak.Unity.MCP.Utils.UnityLogger:Log<Microsoft.Extensions.Logging.FormattedLogValues> (Microsoft.Extensions.Logging.LogLevel,Microsoft.Extensions.Logging.EventId,Microsoft.Extensions.Logging.FormattedLogValues,System.Exception,System.Func`3<Microsoft.Extensions.Logging.FormattedLogValues, System.Exception, string>) (at ./Library/PackageCache/com.ivanmurzak.unity.mcp@0.87.0/Runtime/Logger/UnityLogger.cs:125)
Microsoft.Extensions.Logging.Logger:<Log>g__LoggerLog|14_0<Microsoft.Extensions.Logging.FormattedLogValues> (Microsoft.Extensions.Logging.LogLevel,Microsoft.Extensions.Logging.EventId,Microsoft.Extensions.Logging.ILogger,System.Exception,System.Func`3<Microsoft.Extensions.Logging.FormattedLogValues, System.Exception, string>,System.Collections.Generic.List`1<System.Exception>&,Microsoft.Extensions.Logging.FormattedLogValues&)
Microsoft.Extensions.Logging.Logger:Log<Microsoft.Extensions.Logging.FormattedLogValues> (Microsoft.Extensions.Logging.LogLevel,Microsoft.Extensions.Logging.EventId,Microsoft.Extensions.Logging.FormattedLogValues,System.Exception,System.Func`3<Microsoft.Extensions.Logging.FormattedLogValues, System.Exception, string>)
Microsoft.Extensions.Logging.Logger`1<com.IvanMurzak.McpPlugin.McpManagerClientHub>:Microsoft.Extensions.Logging.ILogger.Log<Microsoft.Extensions.Logging.FormattedLogValues> (Microsoft.Extensions.Logging.LogLevel,Microsoft.Extensions.Logging.EventId,Microsoft.Extensions.Logging.FormattedLogValues,System.Exception,System.Func`3<Microsoft.Extensions.Logging.FormattedLogValues, System.Exception, string>)
Microsoft.Extensions.Logging.LoggerExtensions:Log (Microsoft.Extensions.Logging.ILogger,Microsoft.Extensions.Logging.LogLevel,Microsoft.Extensions.Logging.EventId,System.Exception,string,object[])
Microsoft.Extensions.Logging.LoggerExtensions:Log (Microsoft.Extensions.Logging.ILogger,Microsoft.Extensions.Logging.LogLevel,string,object[])
Microsoft.Extensions.Logging.LoggerExtensions:LogWarning (Microsoft.Extensions.Logging.ILogger,string,object[])
com.IvanMurzak.McpPlugin.ConnectionManager/<EnsureConnection>d__3:MoveNext ()
System.Runtime.CompilerServices.AsyncTaskMethodBuilder`1<bool>:Start<com.IvanMurzak.McpPlugin.ConnectionManager/<EnsureConnection>d__3> (com.IvanMurzak.McpPlugin.ConnectionManager/<EnsureConnection>d__3&)
com.IvanMurzak.McpPlugin.ConnectionManager:EnsureConnection (System.Threading.CancellationToken)
com.IvanMurzak.McpPlugin.ConnectionManager/<InvokeAsync>d__58`2<com.IvanMurzak.McpPlugin.Common.Model.RequestResourcesUpdated, com.IvanMurzak.McpPlugin.Common.Model.ResponseData>:MoveNext ()
System.Runtime.CompilerServices.AsyncTaskMethodBuilder`1<com.IvanMurzak.McpPlugin.Common.Model.ResponseData>:Start<com.IvanMurzak.McpPlugin.ConnectionManager/<InvokeAsync>d__58`2<com.IvanMurzak.McpPlugin.Common.Model.RequestResourcesUpdated, com.IvanMurzak.McpPlugin.Common.Model.ResponseData>> (com.IvanMurzak.McpPlugin.ConnectionManager/<InvokeAsync>d__58`2<com.IvanMurzak.McpPlugin.Common.Model.RequestResourcesUpdated, com.IvanMurzak.McpPlugin.Common.Model.ResponseData>&)
com.IvanMurzak.McpPlugin.ConnectionManager:InvokeAsync<com.IvanMurzak.McpPlugin.Common.Model.RequestResourcesUpdated, com.IvanMurzak.McpPlugin.Common.Model.ResponseData> (string,com.IvanMurzak.McpPlugin.Common.Model.RequestResourcesUpdated,System.Threading.CancellationToken)
com.IvanMurzak.McpPlugin.McpManagerClientHub:NotifyAboutUpdatedResources (com.IvanMurzak.McpPlugin.Common.Model.RequestResourcesUpdated,System.Threading.CancellationToken)
com.IvanMurzak.McpPlugin.McpManagerClientHub:NotifyAboutUpdatedResources (com.IvanMurzak.McpPlugin.Common.Model.RequestResourcesUpdated)
com.IvanMurzak.McpPlugin.McpPlugin/<<-ctor>b__29_6>d:MoveNext ()
System.Runtime.CompilerServices.AsyncVoidMethodBuilder:Start<com.IvanMurzak.McpPlugin.McpPlugin/<<-ctor>b__29_6>d> (com.IvanMurzak.McpPlugin.McpPlugin/<<-ctor>b__29_6>d&)
com.IvanMurzak.McpPlugin.McpPlugin:<.ctor>b__29_6 (R3.Unit)
R3.AnonymousObserver`1<R3.Unit>:OnNextCore (R3.Unit)
R3.Observer`1<R3.Unit>:OnNext (R3.Unit)
R3.ThrottleFirst`1/_ThrottleFirst<R3.Unit>:OnNextCore (R3.Unit)
R3.Observer`1<R3.Unit>:OnNext (R3.Unit)
R3.Subject`1<R3.Unit>:OnNext (R3.Unit)
com.IvanMurzak.McpPlugin.McpResourceManager:SetResourceEnabled (string,bool)
com.IvanMurzak.Unity.MCP.UnityMcpPlugin:ApplyConfigToMcpPlugin (com.IvanMurzak.McpPlugin.IMcpPlugin) (at ./Library/PackageCache/com.ivanmurzak.unity.mcp@0.87.0/Runtime/UnityMcpPlugin.Build.cs:240)
com.IvanMurzak.Unity.MCP.UnityMcpPluginEditor:BuildMcpPluginIfNeeded () (at ./Library/PackageCache/com.ivanmurzak.unity.mcp@0.87.0/Editor/Scripts/UnityMcpPluginEditor.Build.cs:74)
com.IvanMurzak.Unity.MCP.Editor.Startup:.cctor () (at ./Library/PackageCache/com.ivanmurzak.unity.mcp@0.87.0/Editor/Scripts/Startup.cs:29)
System.Runtime.CompilerServices.RuntimeHelpers:RunClassConstructor (System.RuntimeTypeHandle)
UnityEditor.EditorAssemblies:ProcessInitializeOnLoadAttributes (System.Type[]) (at /Users/bokken/build/output/unity/unity/Editor/Mono/EditorAssemblies.cs:119)

(Filename: ./Library/PackageCache/com.ivanmurzak.unity.mcp@0.87.0/Runtime/UnityMcpPlugin.Build.cs Line: 240)

Mono: successfully reloaded assembly
- Finished resetting the current domain, in  4.568 seconds
Domain Reload Profiling: 5378ms
	BeginReloadAssembly (94ms)
		ExecutionOrderSort (0ms)
		DisableScriptedObjects (3ms)
		BackupInstance (0ms)
		ReleaseScriptingObjects (0ms)
		CreateAndSetChildDomain (23ms)
	RebuildCommonClasses (20ms)
	RebuildNativeTypeToScriptingClass (7ms)
	initialDomainReloadingComplete (18ms)
	LoadAllAssembliesAndSetupDomain (670ms)
		LoadAssemblies (406ms)
		RebuildTransferFunctionScriptingTraits (0ms)
		AnalyzeDomain (305ms)
			TypeCache.Refresh (261ms)
				TypeCache.ScanAssembly (239ms)
			ScanForSourceGeneratedMonoScriptInfo (31ms)
			ResolveRequiredComponents (10ms)
	FinalizeReload (4568ms)
		ReleaseScriptCaches (0ms)
		RebuildScriptCaches (0ms)
		SetupLoadedEditorAssemblies (4256ms)
			LogAssemblyErrors (0ms)
			InitializePlatformSupportModulesInManaged (3ms)
			SetLoadedEditorAssemblies (6ms)
			RefreshPlugins (0ms)
			BeforeProcessingInitializeOnLoad (112ms)
			ProcessInitializeOnLoadAttributes (4075ms)
			ProcessInitializeOnLoadMethodAttributes (59ms)
			AfterProcessingInitializeOnLoad (1ms)
			EditorAssembliesLoaded (1ms)
		ExecutionOrderSort2 (0ms)
		AwakeInstancesAfterBackupRestoration (2ms)
Refreshing native plugins compatible for Editor in 6.54 ms, found 3 plugins.
Preloading 0 native plugins for Editor in 0.00 ms.
Asset Pipeline Refresh (id=a042fb8dfceab44ff94f88357e3b89b6): Total: 11.696 seconds - Initiated by InitialRefreshV2(ForceSynchronousImport)
	Summary:
		Imports: total=1 (actual=1, local cache=0, cache server=0)
		Asset DB Process Time: managed=2 ms, native=3382 ms
		Asset DB Callback time: managed=62 ms, native=12 ms
		Scripting: domain reloads=1, domain reload time=5524 ms, compile time=2617 ms, other=95 ms
		Project Asset Count: scripts=10978, non-scripts=2961
		Asset File Changes: new=0, changed=1, moved=0, deleted=0
		Scan Filter Count: 1
	InvokeBeforeRefreshCallbacks: 0.170ms
	ApplyChangesToAssetFolders: 0.045ms
	Scan: 865.939ms
	OnSourceAssetsModified: 1.771ms
	GetAllGuidsForCategorization: 0.983ms
	CategorizeAssets: 271.896ms
	ImportOutOfDateAssets: 4663.652ms (2000.076ms without children)
		ImportManagerImport: 13.644ms (3.176ms without children)
			ImportInProcess: 10.449ms
			UpdateCategorizedAssets: 0.019ms
		CompileScripts: 2617.333ms
		ReloadNativeAssets: 0.018ms
		UnloadImportedAssets: 27.071ms
		ReloadImportedAssets: 0.198ms
		EnsureUptoDateAssetsAreRegisteredWithGuidPM: 3.759ms
		InitializingProgressBar: 0.000ms
		PostProcessAllAssetNotificationsAddChangedAssets: 0.000ms
		OnDemandSchedulerStart: 1.551ms
	PostProcessAllAssets: 65.370ms
	Hotreload: 7.903ms
	GatherAllCurrentPrimaryArtifactRevisions: 0.000ms
	UnloadStreamsBegin: 1.242ms
	PersistCurrentRevisions: 0.898ms
	UnloadStreamsEnd: 0.032ms
	GenerateScriptTypeHashes: 2.742ms
	Untracked: 5816.597ms
Application.AssetDatabase Initial Refresh End
Shader Hidden/ProbeVolume/VoxelizeScene is not supported: GPU does not support conservative rasterization
Scanning for USB devices : 0.047ms
Initializing Unity extensions:
[MODES] ModeService[none].Initialize
[MODES] ModeService[none].LoadModes
[MODES] Loading mode Default (0) for mode-current-id-castle-war
[PhysX] Initialized MultithreadedTaskDispatcher with 12 workers.
ProgressiveSceneManager::Cancel()
-- Listing OpenCL platforms(s) --
 * OpenCL platform 0
	PROFILE = FULL_PROFILE
	VERSION = OpenCL 1.2 (Jan 16 2026 07:20:58)
	NAME = Apple
	VENDOR = Apple
-- Listing OpenCL device(s) --
 * OpenCL platform 0, device 0 
	DEVICE_TYPE = 4
	DEVICE_NAME = Apple M2 Pro
	DEVICE_VENDOR = Apple
	DEVICE_VERSION = OpenCL 1.2 
	DRIVER_VERSION = 1.2 1.0
	DEVICE_MAX_COMPUTE_UNITS = 19
	DEVICE_MAX_CLOCK_FREQUENCY = 1000
	CL_DEVICE_MAX_CONSTANT_BUFFER_SIZE = 1073741824
	CL_DEVICE_HOST_UNIFIED_MEMORY = true
	CL_DEVICE_MAX_MEM_ALLOC_SIZE = 2383708160
	DEVICE_GLOBAL_MEM_SIZE = 12713115648
-- GPU Progressive lightmapper will use OpenCL device 'Apple M2 Pro' from 'Apple'--
   use -OpenCL-PlatformAndDeviceIndices <platformIdx> <deviceIdx> as command line arguments if you want to select a specific adapter for OpenCL.
Unloading 11 Unused Serialized files (Serialized files now loaded: 0)
Unloading 246 unused Assets / (0.5 MB). Loaded Objects now: 9547.
Memory consumption went from 230.9 MB to 230.4 MB.
Total: 98.349084 ms (FindLiveObjects: 1.082333 ms CreateObjectMapping: 0.308833 ms MarkObjects: 96.110792 ms  DeleteObjects: 0.846500 ms)

[Project] Loading completed in 16.071 seconds
	Project init time: 				14.513 seconds
		Template init time: 		0.000 seconds
		Package Manager init time: 		0.590 seconds
		Asset Database init time: 		0.551 seconds
		Global illumination init time: 	0.003 seconds
		Assemblies load time: 			0.449 seconds
		Unity extensions init time: 	0.011 seconds
		Asset Database refresh time: 	0.000 seconds
	Scene opening time: 			0.584 seconds
##utp:{"type":"ProjectInfo","version":2,"phase":"Immediate","time":1786268369638,"processId":54584,"projectLoad":16.071186833000004,"projectInit":14.512586,"templateInit":0.0,"packageManagerInit":0.590491875,"assetDatabaseInit":0.550940333,"globalIlluminationInit":0.002666625,"assembliesLoad":0.449005375,"unityExtensionsInit":0.010798,"assetDatabaseRefresh":0.0,"sceneOpening":0.583736542}
##utp:{"type":"EditorInfo","version":2,"phase":"Immediate","time":1786268369638,"processId":54584,"editorVersion":"2022.3.62f2 (7670c08855a9)","branch":"2022.3/respin/2022.3.62f2-4af31df585-v2","buildType":"Release","platform":"OSX"}
Running tests for PlayMode
With test filter: CastleBusters.Tests.RuntimeReliabilityRegressionTests.DeploymentController_TryDeploy_PaidBarrelArmsFuseAndDetonatesWithoutWalkingOrAttacking
Executing tests with settings: test mode = PlayMode
UnityEngine.StackTraceUtility:ExtractStackTrace () (at /Users/bokken/build/output/unity/unity/Runtime/Export/Scripting/StackTrace.cs:37)
UnityEngine.DebugLogHandler:LogFormat (UnityEngine.LogType,UnityEngine.Object,string,object[])
UnityEngine.Logger:Log (UnityEngine.LogType,object)
UnityEngine.Debug:Log (object)
UnityEditor.TestTools.TestRunner.CommandLineTest.Executer:InitializeAndExecuteRun (string[]) (at ./Library/PackageCache/com.unity.test-framework@1.1.33/UnityEditor.TestRunner/CommandLineTest/Executer.cs:47)
UnityEditor.TestTools.TestRunner.CommandLineTest.TestStarter:UpdateWatch () (at ./Library/PackageCache/com.unity.test-framework@1.1.33/UnityEditor.TestRunner/CommandLineTest/TestStarter.cs:50)
UnityEditor.EditorApplication:Internal_CallUpdateFunctions () (at /Users/bokken/build/output/unity/unity/Editor/Mono/EditorApplication.cs:380)

(Filename: ./Library/PackageCache/com.unity.test-framework@1.1.33/UnityEditor.TestRunner/CommandLineTest/Executer.cs Line: 47)

Asset Pipeline Refresh (id=302d110a923f94f5c9c8013c7bec6523): Total: 0.071 seconds - Initiated by StopAssetImportingV2(NoUpdateAssetOptions)
[UnityConnectServicesConfig] config is NOT valid, switching to default
Created GICache directory at /Users/jangyoung/Library/Caches/com.unity3d.UnityEditor/GiCache. Took: 0.003s, timestamps: [16.079 - 16.082]
gi::BakeBackendSwitch: switching bake backend from 3 to 2.
GfxDevice renderer is null. Unity cannot update the Ambient Probe and Reflection Probes that the SkyManager generates. Run the Editor without the -nographics argument or generate lighting for your scene.
[PhysX] Initialized MultithreadedTaskDispatcher with 12 workers.
Unloading 43 Unused Serialized files (Serialized files now loaded: 0)
Unloading 106 unused Assets / (57.7 KB). Loaded Objects now: 9562.
Memory consumption went from 242.1 MB to 242.1 MB.
Total: 95.951708 ms (FindLiveObjects: 0.291875 ms CreateObjectMapping: 0.200584 ms MarkObjects: 95.192875 ms  DeleteObjects: 0.265542 ms)

Start importing Assets/InitTestScene639218975708741430.unity using Guid(9c81b967591b646bb957d38a1c78b1fd) Importer(-1,00000000000000000000000000000000) [PhysX] Initialized MultithreadedTaskDispatcher with 12 workers.
 -> (artifact id: 'ca2330852a1ecc718abd65248f8fd519') in 0.002218 seconds
Refreshing native plugins compatible for Editor in 7.46 ms, found 3 plugins.
Preloading 0 native plugins for Editor in 0.00 ms.
Asset Pipeline Refresh (id=e89dacbc1f0274092b2d44b335db1ab6): Total: 0.081 seconds - Initiated by StopAssetImportingV2(NoUpdateAssetOptions)
GfxDevice renderer is null. Unity cannot update the Ambient Probe and Reflection Probes that the SkyManager generates. Run the Editor without the -nographics argument or generate lighting for your scene.
Thread 0x16c8db000 may have been prematurely finalized
Reloading assemblies for play mode.
Reloading assemblies after forced synchronous recompile.
Begin MonoManager ReloadAssembly
<color=#ffaa00>warn:</color> [18:39:32:6568] <color=#B4FF32>[AI]</color> <color=#85C1E2><b>BufferedFileLogStorage</b></color> Flush called but already disposed, ignored.
UnityEngine.StackTraceUtility:ExtractStackTrace () (at /Users/bokken/build/output/unity/unity/Runtime/Export/Scripting/StackTrace.cs:37)
UnityEngine.DebugLogHandler:LogFormat (UnityEngine.LogType,UnityEngine.Object,string,object[])
UnityEngine.Logger:Log (UnityEngine.LogType,object)
UnityEngine.Debug:LogWarning (object)
com.IvanMurzak.Unity.MCP.Utils.UnityLogger:Log<Microsoft.Extensions.Logging.FormattedLogValues> (Microsoft.Extensions.Logging.LogLevel,Microsoft.Extensions.Logging.EventId,Microsoft.Extensions.Logging.FormattedLogValues,System.Exception,System.Func`3<Microsoft.Extensions.Logging.FormattedLogValues, System.Exception, string>) (at ./Library/PackageCache/com.ivanmurzak.unity.mcp@0.87.0/Runtime/Logger/UnityLogger.cs:125)
Microsoft.Extensions.Logging.Logger:<Log>g__LoggerLog|14_0<Microsoft.Extensions.Logging.FormattedLogValues> (Microsoft.Extensions.Logging.LogLevel,Microsoft.Extensions.Logging.EventId,Microsoft.Extensions.Logging.ILogger,System.Exception,System.Func`3<Microsoft.Extensions.Logging.FormattedLogValues, System.Exception, string>,System.Collections.Generic.List`1<System.Exception>&,Microsoft.Extensions.Logging.FormattedLogValues&)
Microsoft.Extensions.Logging.Logger:Log<Microsoft.Extensions.Logging.FormattedLogValues> (Microsoft.Extensions.Logging.LogLevel,Microsoft.Extensions.Logging.EventId,Microsoft.Extensions.Logging.FormattedLogValues,System.Exception,System.Func`3<Microsoft.Extensions.Logging.FormattedLogValues, System.Exception, string>)
Microsoft.Extensions.Logging.LoggerExtensions:Log (Microsoft.Extensions.Logging.ILogger,Microsoft.Extensions.Logging.LogLevel,Microsoft.Extensions.Logging.EventId,System.Exception,string,object[])
Microsoft.Extensions.Logging.LoggerExtensions:Log (Microsoft.Extensions.Logging.ILogger,Microsoft.Extensions.Logging.LogLevel,string,object[])
Microsoft.Extensions.Logging.LoggerExtensions:LogWarning (Microsoft.Extensions.Logging.ILogger,string,object[])
com.IvanMurzak.Unity.MCP.BufferedFileLogStorage:Flush () (at ./Library/PackageCache/com.ivanmurzak.unity.mcp@0.87.0/Runtime/Unity/Logs/BufferedFileLogStorage.cs:52)
com.IvanMurzak.Unity.MCP.FileLogStorage:Dispose () (at ./Library/PackageCache/com.ivanmurzak.unity.mcp@0.87.0/Runtime/Unity/Logs/FileLogStorage.cs:438)
com.IvanMurzak.Unity.MCP.UnityLogCollector:Dispose () (at ./Library/PackageCache/com.ivanmurzak.unity.mcp@0.87.0/Runtime/Unity/Logs/UnityLogCollector.cs:121)
com.IvanMurzak.Unity.MCP.UnityMcpPlugin:DisposeLogCollector () (at ./Library/PackageCache/com.ivanmurzak.unity.mcp@0.87.0/Runtime/UnityMcpPlugin.cs:112)
com.IvanMurzak.Unity.MCP.Editor.Startup:TryDisconnectAndCleanup (string,bool) (at ./Library/PackageCache/com.ivanmurzak.unity.mcp@0.87.0/Editor/Scripts/Startup.Editor.cs:89)
com.IvanMurzak.Unity.MCP.Editor.Startup:OnBeforeAssemblyReload () (at ./Library/PackageCache/com.ivanmurzak.unity.mcp@0.87.0/Editor/Scripts/Startup.Editor.cs:35)
UnityEditor.AssemblyReloadEvents:OnBeforeAssemblyReload () (at /Users/bokken/build/output/unity/unity/Editor/Mono/AssemblyReloadEvents.cs:27)

(Filename: ./Library/PackageCache/com.ivanmurzak.unity.mcp@0.87.0/Runtime/Unity/Logs/BufferedFileLogStorage.cs Line: 52)

Symbol file LoadedFromMemory is not a mono symbol file
- Loaded All Assemblies, in  0.866 seconds
Refreshing native plugins compatible for Editor in 10.30 ms, found 3 plugins.
Native extension for OSXStandalone target not found
Native extension for WebGL target not found
Assembly reference Packages/com.unity.cinemachine/Editor/Samples/ExposeHDRPInternals/HDRP-Editor-ref.asmref has no target assembly definition
<color=#ffaa00>warn:</color> [18:39:35:2958] <color=#B4FF32>[AI]</color> <color=#48C9B0><b>McpManagerClientHub</b></color> ConnectionManager[9b1538b5-4817-4889-893d-68f3da5c99a4] EnsureConnection Connection not available and auto-reconnect disabled for endpoint: /hub/mcp-server
UnityEngine.StackTraceUtility:ExtractStackTrace () (at /Users/bokken/build/output/unity/unity/Runtime/Export/Scripting/StackTrace.cs:37)
UnityEngine.DebugLogHandler:LogFormat (UnityEngine.LogType,UnityEngine.Object,string,object[])
UnityEngine.Logger:Log (UnityEngine.LogType,object)
UnityEngine.Debug:LogWarning (object)
com.IvanMurzak.Unity.MCP.Utils.UnityLogger:Log<Microsoft.Extensions.Logging.FormattedLogValues> (Microsoft.Extensions.Logging.LogLevel,Microsoft.Extensions.Logging.EventId,Microsoft.Extensions.Logging.FormattedLogValues,System.Exception,System.Func`3<Microsoft.Extensions.Logging.FormattedLogValues, System.Exception, string>) (at ./Library/PackageCache/com.ivanmurzak.unity.mcp@0.87.0/Runtime/Logger/UnityLogger.cs:125)
Microsoft.Extensions.Logging.Logger:<Log>g__LoggerLog|14_0<Microsoft.Extensions.Logging.FormattedLogValues> (Microsoft.Extensions.Logging.LogLevel,Microsoft.Extensions.Logging.EventId,Microsoft.Extensions.Logging.ILogger,System.Exception,System.Func`3<Microsoft.Extensions.Logging.FormattedLogValues, System.Exception, string>,System.Collections.Generic.List`1<System.Exception>&,Microsoft.Extensions.Logging.FormattedLogValues&)
Microsoft.Extensions.Logging.Logger:Log<Microsoft.Extensions.Logging.FormattedLogValues> (Microsoft.Extensions.Logging.LogLevel,Microsoft.Extensions.Logging.EventId,Microsoft.Extensions.Logging.FormattedLogValues,System.Exception,System.Func`3<Microsoft.Extensions.Logging.FormattedLogValues, System.Exception, string>)
Microsoft.Extensions.Logging.Logger`1<com.IvanMurzak.McpPlugin.McpManagerClientHub>:Microsoft.Extensions.Logging.ILogger.Log<Microsoft.Extensions.Logging.FormattedLogValues> (Microsoft.Extensions.Logging.LogLevel,Microsoft.Extensions.Logging.EventId,Microsoft.Extensions.Logging.FormattedLogValues,System.Exception,System.Func`3<Microsoft.Extensions.Logging.FormattedLogValues, System.Exception, string>)
Microsoft.Extensions.Logging.LoggerExtensions:Log (Microsoft.Extensions.Logging.ILogger,Microsoft.Extensions.Logging.LogLevel,Microsoft.Extensions.Logging.EventId,System.Exception,string,object[])
Microsoft.Extensions.Logging.LoggerExtensions:Log (Microsoft.Extensions.Logging.ILogger,Microsoft.Extensions.Logging.LogLevel,string,object[])
Microsoft.Extensions.Logging.LoggerExtensions:LogWarning (Microsoft.Extensions.Logging.ILogger,string,object[])
com.IvanMurzak.McpPlugin.ConnectionManager/<EnsureConnection>d__3:MoveNext ()
System.Runtime.CompilerServices.AsyncTaskMethodBuilder`1<bool>:Start<com.IvanMurzak.McpPlugin.ConnectionManager/<EnsureConnection>d__3> (com.IvanMurzak.McpPlugin.ConnectionManager/<EnsureConnection>d__3&)
com.IvanMurzak.McpPlugin.ConnectionManager:EnsureConnection (System.Threading.CancellationToken)
com.IvanMurzak.McpPlugin.ConnectionManager/<InvokeAsync>d__58`2<com.IvanMurzak.McpPlugin.Common.Model.RequestToolsUpdated, com.IvanMurzak.McpPlugin.Common.Model.ResponseData>:MoveNext ()
System.Runtime.CompilerServices.AsyncTaskMethodBuilder`1<com.IvanMurzak.McpPlugin.Common.Model.ResponseData>:Start<com.IvanMurzak.McpPlugin.ConnectionManager/<InvokeAsync>d__58`2<com.IvanMurzak.McpPlugin.Common.Model.RequestToolsUpdated, com.IvanMurzak.McpPlugin.Common.Model.ResponseData>> (com.IvanMurzak.McpPlugin.ConnectionManager/<InvokeAsync>d__58`2<com.IvanMurzak.McpPlugin.Common.Model.RequestToolsUpdated, com.IvanMurzak.McpPlugin.Common.Model.ResponseData>&)
com.IvanMurzak.McpPlugin.ConnectionManager:InvokeAsync<com.IvanMurzak.McpPlugin.Common.Model.RequestToolsUpdated, com.IvanMurzak.McpPlugin.Common.Model.ResponseData> (string,com.IvanMurzak.McpPlugin.Common.Model.RequestToolsUpdated,System.Threading.CancellationToken)
com.IvanMurzak.McpPlugin.McpManagerClientHub:NotifyAboutUpdatedTools (com.IvanMurzak.McpPlugin.Common.Model.RequestToolsUpdated,System.Threading.CancellationToken)
com.IvanMurzak.McpPlugin.McpManagerClientHub:NotifyAboutUpdatedTools (com.IvanMurzak.McpPlugin.Common.Model.RequestToolsUpdated)
com.IvanMurzak.McpPlugin.McpPlugin/<<-ctor>b__29_4>d:MoveNext ()
System.Runtime.CompilerServices.AsyncVoidMethodBuilder:Start<com.IvanMurzak.McpPlugin.McpPlugin/<<-ctor>b__29_4>d> (com.IvanMurzak.McpPlugin.McpPlugin/<<-ctor>b__29_4>d&)
com.IvanMurzak.McpPlugin.McpPlugin:<.ctor>b__29_4 (R3.Unit)
R3.AnonymousObserver`1<R3.Unit>:OnNextCore (R3.Unit)
R3.Observer`1<R3.Unit>:OnNext (R3.Unit)
R3.ThrottleFirst`1/_ThrottleFirst<R3.Unit>:OnNextCore (R3.Unit)
R3.Observer`1<R3.Unit>:OnNext (R3.Unit)
R3.Subject`1<R3.Unit>:OnNext (R3.Unit)
com.IvanMurzak.McpPlugin.McpToolManager:SetToolEnabled (string,bool)
com.IvanMurzak.Unity.MCP.UnityMcpPlugin:ApplyConfigToMcpPlugin (com.IvanMurzak.McpPlugin.IMcpPlugin) (at ./Library/PackageCache/com.ivanmurzak.unity.mcp@0.87.0/Runtime/UnityMcpPlugin.Build.cs:211)
com.IvanMurzak.Unity.MCP.UnityMcpPluginEditor:BuildMcpPluginIfNeeded () (at ./Library/PackageCache/com.ivanmurzak.unity.mcp@0.87.0/Editor/Scripts/UnityMcpPluginEditor.Build.cs:74)
com.IvanMurzak.Unity.MCP.Editor.Startup:.cctor () (at ./Library/PackageCache/com.ivanmurzak.unity.mcp@0.87.0/Editor/Scripts/Startup.cs:29)
System.Runtime.CompilerServices.RuntimeHelpers:RunClassConstructor (System.RuntimeTypeHandle)
UnityEditor.EditorAssemblies:ProcessInitializeOnLoadAttributes (System.Type[]) (at /Users/bokken/build/output/unity/unity/Editor/Mono/EditorAssemblies.cs:119)

(Filename: ./Library/PackageCache/com.ivanmurzak.unity.mcp@0.87.0/Runtime/UnityMcpPlugin.Build.cs Line: 211)

<color=#ffaa00>warn:</color> [18:39:35:3032] <color=#B4FF32>[AI]</color> <color=#48C9B0><b>McpManagerClientHub</b></color> ConnectionManager[9b1538b5-4817-4889-893d-68f3da5c99a4] EnsureConnection Connection not available and auto-reconnect disabled for endpoint: /hub/mcp-server
UnityEngine.StackTraceUtility:ExtractStackTrace () (at /Users/bokken/build/output/unity/unity/Runtime/Export/Scripting/StackTrace.cs:37)
UnityEngine.DebugLogHandler:LogFormat (UnityEngine.LogType,UnityEngine.Object,string,object[])
UnityEngine.Logger:Log (UnityEngine.LogType,object)
UnityEngine.Debug:LogWarning (object)
com.IvanMurzak.Unity.MCP.Utils.UnityLogger:Log<Microsoft.Extensions.Logging.FormattedLogValues> (Microsoft.Extensions.Logging.LogLevel,Microsoft.Extensions.Logging.EventId,Microsoft.Extensions.Logging.FormattedLogValues,System.Exception,System.Func`3<Microsoft.Extensions.Logging.FormattedLogValues, System.Exception, string>) (at ./Library/PackageCache/com.ivanmurzak.unity.mcp@0.87.0/Runtime/Logger/UnityLogger.cs:125)
Microsoft.Extensions.Logging.Logger:<Log>g__LoggerLog|14_0<Microsoft.Extensions.Logging.FormattedLogValues> (Microsoft.Extensions.Logging.LogLevel,Microsoft.Extensions.Logging.EventId,Microsoft.Extensions.Logging.ILogger,System.Exception,System.Func`3<Microsoft.Extensions.Logging.FormattedLogValues, System.Exception, string>,System.Collections.Generic.List`1<System.Exception>&,Microsoft.Extensions.Logging.FormattedLogValues&)
Microsoft.Extensions.Logging.Logger:Log<Microsoft.Extensions.Logging.FormattedLogValues> (Microsoft.Extensions.Logging.LogLevel,Microsoft.Extensions.Logging.EventId,Microsoft.Extensions.Logging.FormattedLogValues,System.Exception,System.Func`3<Microsoft.Extensions.Logging.FormattedLogValues, System.Exception, string>)
Microsoft.Extensions.Logging.Logger`1<com.IvanMurzak.McpPlugin.McpManagerClientHub>:Microsoft.Extensions.Logging.ILogger.Log<Microsoft.Extensions.Logging.FormattedLogValues> (Microsoft.Extensions.Logging.LogLevel,Microsoft.Extensions.Logging.EventId,Microsoft.Extensions.Logging.FormattedLogValues,System.Exception,System.Func`3<Microsoft.Extensions.Logging.FormattedLogValues, System.Exception, string>)
Microsoft.Extensions.Logging.LoggerExtensions:Log (Microsoft.Extensions.Logging.ILogger,Microsoft.Extensions.Logging.LogLevel,Microsoft.Extensions.Logging.EventId,System.Exception,string,object[])
Microsoft.Extensions.Logging.LoggerExtensions:Log (Microsoft.Extensions.Logging.ILogger,Microsoft.Extensions.Logging.LogLevel,string,object[])
Microsoft.Extensions.Logging.LoggerExtensions:LogWarning (Microsoft.Extensions.Logging.ILogger,string,object[])
com.IvanMurzak.McpPlugin.ConnectionManager/<EnsureConnection>d__3:MoveNext ()
System.Runtime.CompilerServices.AsyncTaskMethodBuilder`1<bool>:Start<com.IvanMurzak.McpPlugin.ConnectionManager/<EnsureConnection>d__3> (com.IvanMurzak.McpPlugin.ConnectionManager/<EnsureConnection>d__3&)
com.IvanMurzak.McpPlugin.ConnectionManager:EnsureConnection (System.Threading.CancellationToken)
com.IvanMurzak.McpPlugin.ConnectionManager/<InvokeAsync>d__58`2<com.IvanMurzak.McpPlugin.Common.Model.RequestPromptsUpdated, com.IvanMurzak.McpPlugin.Common.Model.ResponseData>:MoveNext ()
System.Runtime.CompilerServices.AsyncTaskMethodBuilder`1<com.IvanMurzak.McpPlugin.Common.Model.ResponseData>:Start<com.IvanMurzak.McpPlugin.ConnectionManager/<InvokeAsync>d__58`2<com.IvanMurzak.McpPlugin.Common.Model.RequestPromptsUpdated, com.IvanMurzak.McpPlugin.Common.Model.ResponseData>> (com.IvanMurzak.McpPlugin.ConnectionManager/<InvokeAsync>d__58`2<com.IvanMurzak.McpPlugin.Common.Model.RequestPromptsUpdated, com.IvanMurzak.McpPlugin.Common.Model.ResponseData>&)
com.IvanMurzak.McpPlugin.ConnectionManager:InvokeAsync<com.IvanMurzak.McpPlugin.Common.Model.RequestPromptsUpdated, com.IvanMurzak.McpPlugin.Common.Model.ResponseData> (string,com.IvanMurzak.McpPlugin.Common.Model.RequestPromptsUpdated,System.Threading.CancellationToken)
com.IvanMurzak.McpPlugin.McpManagerClientHub:NotifyAboutUpdatedPrompts (com.IvanMurzak.McpPlugin.Common.Model.RequestPromptsUpdated,System.Threading.CancellationToken)
com.IvanMurzak.McpPlugin.McpManagerClientHub:NotifyAboutUpdatedPrompts (com.IvanMurzak.McpPlugin.Common.Model.RequestPromptsUpdated)
com.IvanMurzak.McpPlugin.McpPlugin/<<-ctor>b__29_5>d:MoveNext ()
System.Runtime.CompilerServices.AsyncVoidMethodBuilder:Start<com.IvanMurzak.McpPlugin.McpPlugin/<<-ctor>b__29_5>d> (com.IvanMurzak.McpPlugin.McpPlugin/<<-ctor>b__29_5>d&)
com.IvanMurzak.McpPlugin.McpPlugin:<.ctor>b__29_5 (R3.Unit)
R3.AnonymousObserver`1<R3.Unit>:OnNextCore (R3.Unit)
R3.Observer`1<R3.Unit>:OnNext (R3.Unit)
R3.ThrottleFirst`1/_ThrottleFirst<R3.Unit>:OnNextCore (R3.Unit)
R3.Observer`1<R3.Unit>:OnNext (R3.Unit)
R3.Subject`1<R3.Unit>:OnNext (R3.Unit)
com.IvanMurzak.McpPlugin.McpPromptManager:SetPromptEnabled (string,bool)
com.IvanMurzak.Unity.MCP.UnityMcpPlugin:ApplyConfigToMcpPlugin (com.IvanMurzak.McpPlugin.IMcpPlugin) (at ./Library/PackageCache/com.ivanmurzak.unity.mcp@0.87.0/Runtime/UnityMcpPlugin.Build.cs:226)
com.IvanMurzak.Unity.MCP.UnityMcpPluginEditor:BuildMcpPluginIfNeeded () (at ./Library/PackageCache/com.ivanmurzak.unity.mcp@0.87.0/Editor/Scripts/UnityMcpPluginEditor.Build.cs:74)
com.IvanMurzak.Unity.MCP.Editor.Startup:.cctor () (at ./Library/PackageCache/com.ivanmurzak.unity.mcp@0.87.0/Editor/Scripts/Startup.cs:29)
System.Runtime.CompilerServices.RuntimeHelpers:RunClassConstructor (System.RuntimeTypeHandle)
UnityEditor.EditorAssemblies:ProcessInitializeOnLoadAttributes (System.Type[]) (at /Users/bokken/build/output/unity/unity/Editor/Mono/EditorAssemblies.cs:119)

(Filename: ./Library/PackageCache/com.ivanmurzak.unity.mcp@0.87.0/Runtime/UnityMcpPlugin.Build.cs Line: 226)

<color=#ffaa00>warn:</color> [18:39:35:3046] <color=#B4FF32>[AI]</color> <color=#48C9B0><b>McpManagerClientHub</b></color> ConnectionManager[9b1538b5-4817-4889-893d-68f3da5c99a4] EnsureConnection Connection not available and auto-reconnect disabled for endpoint: /hub/mcp-server
UnityEngine.StackTraceUtility:ExtractStackTrace () (at /Users/bokken/build/output/unity/unity/Runtime/Export/Scripting/StackTrace.cs:37)
UnityEngine.DebugLogHandler:LogFormat (UnityEngine.LogType,UnityEngine.Object,string,object[])
UnityEngine.Logger:Log (UnityEngine.LogType,object)
UnityEngine.Debug:LogWarning (object)
com.IvanMurzak.Unity.MCP.Utils.UnityLogger:Log<Microsoft.Extensions.Logging.FormattedLogValues> (Microsoft.Extensions.Logging.LogLevel,Microsoft.Extensions.Logging.EventId,Microsoft.Extensions.Logging.FormattedLogValues,System.Exception,System.Func`3<Microsoft.Extensions.Logging.FormattedLogValues, System.Exception, string>) (at ./Library/PackageCache/com.ivanmurzak.unity.mcp@0.87.0/Runtime/Logger/UnityLogger.cs:125)
Microsoft.Extensions.Logging.Logger:<Log>g__LoggerLog|14_0<Microsoft.Extensions.Logging.FormattedLogValues> (Microsoft.Extensions.Logging.LogLevel,Microsoft.Extensions.Logging.EventId,Microsoft.Extensions.Logging.ILogger,System.Exception,System.Func`3<Microsoft.Extensions.Logging.FormattedLogValues, System.Exception, string>,System.Collections.Generic.List`1<System.Exception>&,Microsoft.Extensions.Logging.FormattedLogValues&)
Microsoft.Extensions.Logging.Logger:Log<Microsoft.Extensions.Logging.FormattedLogValues> (Microsoft.Extensions.Logging.LogLevel,Microsoft.Extensions.Logging.EventId,Microsoft.Extensions.Logging.FormattedLogValues,System.Exception,System.Func`3<Microsoft.Extensions.Logging.FormattedLogValues, System.Exception, string>)
Microsoft.Extensions.Logging.Logger`1<com.IvanMurzak.McpPlugin.McpManagerClientHub>:Microsoft.Extensions.Logging.ILogger.Log<Microsoft.Extensions.Logging.FormattedLogValues> (Microsoft.Extensions.Logging.LogLevel,Microsoft.Extensions.Logging.EventId,Microsoft.Extensions.Logging.FormattedLogValues,System.Exception,System.Func`3<Microsoft.Extensions.Logging.FormattedLogValues, System.Exception, string>)
Microsoft.Extensions.Logging.LoggerExtensions:Log (Microsoft.Extensions.Logging.ILogger,Microsoft.Extensions.Logging.LogLevel,Microsoft.Extensions.Logging.EventId,System.Exception,string,object[])
Microsoft.Extensions.Logging.LoggerExtensions:Log (Microsoft.Extensions.Logging.ILogger,Microsoft.Extensions.Logging.LogLevel,string,object[])
Microsoft.Extensions.Logging.LoggerExtensions:LogWarning (Microsoft.Extensions.Logging.ILogger,string,object[])
com.IvanMurzak.McpPlugin.ConnectionManager/<EnsureConnection>d__3:MoveNext ()
System.Runtime.CompilerServices.AsyncTaskMethodBuilder`1<bool>:Start<com.IvanMurzak.McpPlugin.ConnectionManager/<EnsureConnection>d__3> (com.IvanMurzak.McpPlugin.ConnectionManager/<EnsureConnection>d__3&)
com.IvanMurzak.McpPlugin.ConnectionManager:EnsureConnection (System.Threading.CancellationToken)
com.IvanMurzak.McpPlugin.ConnectionManager/<InvokeAsync>d__58`2<com.IvanMurzak.McpPlugin.Common.Model.RequestResourcesUpdated, com.IvanMurzak.McpPlugin.Common.Model.ResponseData>:MoveNext ()
System.Runtime.CompilerServices.AsyncTaskMethodBuilder`1<com.IvanMurzak.McpPlugin.Common.Model.ResponseData>:Start<com.IvanMurzak.McpPlugin.ConnectionManager/<InvokeAsync>d__58`2<com.IvanMurzak.McpPlugin.Common.Model.RequestResourcesUpdated, com.IvanMurzak.McpPlugin.Common.Model.ResponseData>> (com.IvanMurzak.McpPlugin.ConnectionManager/<InvokeAsync>d__58`2<com.IvanMurzak.McpPlugin.Common.Model.RequestResourcesUpdated, com.IvanMurzak.McpPlugin.Common.Model.ResponseData>&)
com.IvanMurzak.McpPlugin.ConnectionManager:InvokeAsync<com.IvanMurzak.McpPlugin.Common.Model.RequestResourcesUpdated, com.IvanMurzak.McpPlugin.Common.Model.ResponseData> (string,com.IvanMurzak.McpPlugin.Common.Model.RequestResourcesUpdated,System.Threading.CancellationToken)
com.IvanMurzak.McpPlugin.McpManagerClientHub:NotifyAboutUpdatedResources (com.IvanMurzak.McpPlugin.Common.Model.RequestResourcesUpdated,System.Threading.CancellationToken)
com.IvanMurzak.McpPlugin.McpManagerClientHub:NotifyAboutUpdatedResources (com.IvanMurzak.McpPlugin.Common.Model.RequestResourcesUpdated)
com.IvanMurzak.McpPlugin.McpPlugin/<<-ctor>b__29_6>d:MoveNext ()
System.Runtime.CompilerServices.AsyncVoidMethodBuilder:Start<com.IvanMurzak.McpPlugin.McpPlugin/<<-ctor>b__29_6>d> (com.IvanMurzak.McpPlugin.McpPlugin/<<-ctor>b__29_6>d&)
com.IvanMurzak.McpPlugin.McpPlugin:<.ctor>b__29_6 (R3.Unit)
R3.AnonymousObserver`1<R3.Unit>:OnNextCore (R3.Unit)
R3.Observer`1<R3.Unit>:OnNext (R3.Unit)
R3.ThrottleFirst`1/_ThrottleFirst<R3.Unit>:OnNextCore (R3.Unit)
R3.Observer`1<R3.Unit>:OnNext (R3.Unit)
R3.Subject`1<R3.Unit>:OnNext (R3.Unit)
com.IvanMurzak.McpPlugin.McpResourceManager:SetResourceEnabled (string,bool)
com.IvanMurzak.Unity.MCP.UnityMcpPlugin:ApplyConfigToMcpPlugin (com.IvanMurzak.McpPlugin.IMcpPlugin) (at ./Library/PackageCache/com.ivanmurzak.unity.mcp@0.87.0/Runtime/UnityMcpPlugin.Build.cs:240)
com.IvanMurzak.Unity.MCP.UnityMcpPluginEditor:BuildMcpPluginIfNeeded () (at ./Library/PackageCache/com.ivanmurzak.unity.mcp@0.87.0/Editor/Scripts/UnityMcpPluginEditor.Build.cs:74)
com.IvanMurzak.Unity.MCP.Editor.Startup:.cctor () (at ./Library/PackageCache/com.ivanmurzak.unity.mcp@0.87.0/Editor/Scripts/Startup.cs:29)
System.Runtime.CompilerServices.RuntimeHelpers:RunClassConstructor (System.RuntimeTypeHandle)
UnityEditor.EditorAssemblies:ProcessInitializeOnLoadAttributes (System.Type[]) (at /Users/bokken/build/output/unity/unity/Editor/Mono/EditorAssemblies.cs:119)

(Filename: ./Library/PackageCache/com.ivanmurzak.unity.mcp@0.87.0/Runtime/UnityMcpPlugin.Build.cs Line: 240)

Mono: successfully reloaded assembly
- Finished resetting the current domain, in  1.741 seconds
Domain Reload Profiling: 2626ms
	BeginReloadAssembly (686ms)
		ExecutionOrderSort (0ms)
		DisableScriptedObjects (5ms)
		BackupInstance (0ms)
		ReleaseScriptingObjects (0ms)
		CreateAndSetChildDomain (585ms)
	RebuildCommonClasses (21ms)
	RebuildNativeTypeToScriptingClass (8ms)
	initialDomainReloadingComplete (24ms)
	LoadAllAssembliesAndSetupDomain (147ms)
		LoadAssemblies (147ms)
		RebuildTransferFunctionScriptingTraits (0ms)
		AnalyzeDomain (35ms)
			TypeCache.Refresh (18ms)
				TypeCache.ScanAssembly (0ms)
			ScanForSourceGeneratedMonoScriptInfo (0ms)
			ResolveRequiredComponents (13ms)
	FinalizeReload (1741ms)
		ReleaseScriptCaches (0ms)
		RebuildScriptCaches (0ms)
		SetupLoadedEditorAssemblies (1405ms)
			LogAssemblyErrors (0ms)
			InitializePlatformSupportModulesInManaged (4ms)
			SetLoadedEditorAssemblies (8ms)
			RefreshPlugins (0ms)
			BeforeProcessingInitializeOnLoad (129ms)
			ProcessInitializeOnLoadAttributes (1189ms)
			ProcessInitializeOnLoadMethodAttributes (74ms)
			AfterProcessingInitializeOnLoad (1ms)
			EditorAssembliesLoaded (1ms)
		ExecutionOrderSort2 (1ms)
		AwakeInstancesAfterBackupRestoration (14ms)
Asset Pipeline Refresh (id=69b6422f145e34942a220b6bdbf32a3f): Total: 3.308 seconds - Initiated by StopAssetImportingV2(ForceSynchronousImport | ForceDomainReload)
	Summary:
		Imports: total=0 (actual=0, local cache=0, cache server=0)
		Asset DB Process Time: managed=0 ms, native=605 ms
		Asset DB Callback time: managed=17 ms, native=0 ms
		Scripting: domain reloads=1, domain reload time=2683 ms, compile time=2 ms, other=0 ms
		Project Asset Count: scripts=10978, non-scripts=2962
		Asset File Changes: new=0, changed=0, moved=0, deleted=0
		Scan Filter Count: 0
	InvokeBeforeRefreshCallbacks: 0.474ms
	ApplyChangesToAssetFolders: 0.089ms
	Scan: 0.002ms
	OnSourceAssetsModified: 0.002ms
	GetAllGuidsForCategorization: 1.646ms
	CategorizeAssets: 273.121ms
	ImportOutOfDateAssets: 1808.503ms (1796.696ms without children)
		CompileScripts: 1.577ms
		CollectScriptTypesHashes: 0.377ms
		ReloadNativeAssets: 0.321ms
		UnloadImportedAssets: 1.138ms
		EnsureUptoDateAssetsAreRegisteredWithGuidPM: 3.493ms
		InitializingProgressBar: 0.000ms
		PostProcessAllAssetNotificationsAddChangedAssets: 0.000ms
		OnDemandSchedulerStart: 4.899ms
	PostProcessAllAssets: 17.140ms
	GatherAllCurrentPrimaryArtifactRevisions: 0.685ms
	UnloadStreamsBegin: 0.612ms
	PersistCurrentRevisions: 0.362ms
	UnloadStreamsEnd: 0.039ms
	GenerateScriptTypeHashes: 4.324ms
	Untracked: 1205.655ms
[PhysX] Initialized MultithreadedTaskDispatcher with 12 workers.
Loaded scene 'Temp/__Backupscenes/0.backup'
	Deserialize:            1.032 ms
	Integration:            609.856 ms
	Integration of assets:  0.001 ms
	Thread Wait Time:       0.011 ms
	Total Operation Time:   610.900 ms
[MODES] ModeService[none].Initialize
[MODES] ModeService[none].LoadModes
[MODES] Loading mode Default (0) for mode-current-id-castle-war
Asset Pipeline Refresh (id=21819b20a814940059b8948f38f36149): Total: 0.012 seconds - Initiated by StopAssetImportingV2(NoUpdateAssetOptions)
Unloading 61 Unused Serialized files (Serialized files now loaded: 0)
[PhysX] Initialized MultithreadedTaskDispatcher with 12 workers.
UnloadTime: 0.387917 ms
Loaded scene 'Assets/Scenes/SampleScene.unity'
	Deserialize:            85.957 ms
	Integration:            1389.496 ms
	Integration of assets:  9.313 ms
	Thread Wait Time:       -0.032 ms
	Total Operation Time:   1484.734 ms
Unloading 353 unused Assets / (12.6 MB). Loaded Objects now: 10354.
Memory consumption went from 508.3 MB to 495.7 MB.
Total: 146.880458 ms (FindLiveObjects: 25.317042 ms CreateObjectMapping: 0.351458 ms MarkObjects: 118.164500 ms  DeleteObjects: 3.046459 ms)

The character with Unicode value \u25B6 was not found in the [LiberationSans SDF] font asset or any potential fallbacks. It was replaced by Unicode character \u25A1 in text object [AlarmLine].
UnityEngine.StackTraceUtility:ExtractStackTrace () (at /Users/bokken/build/output/unity/unity/Runtime/Export/Scripting/StackTrace.cs:37)
UnityEngine.DebugLogHandler:LogFormat (UnityEngine.LogType,UnityEngine.Object,string,object[])
UnityEngine.Logger:Log (UnityEngine.LogType,object,UnityEngine.Object)
UnityEngine.Debug:LogWarning (object,UnityEngine.Object)
TMPro.TextMeshProUGUI:SetArraySizes (TMPro.TMP_Text/UnicodeChar[]) (at ./Library/PackageCache/com.unity.textmeshpro@3.0.7/Scripts/Runtime/TMPro_UGUI_Private.cs:1274)
TMPro.TMP_Text:ParseInputText () (at ./Library/PackageCache/com.unity.textmeshpro@3.0.7/Scripts/Runtime/TMP_Text.cs:1902)
TMPro.TextMeshProUGUI:OnPreRenderCanvas () (at ./Library/PackageCache/com.unity.textmeshpro@3.0.7/Scripts/Runtime/TMPro_UGUI_Private.cs:1644)
TMPro.TextMeshProUGUI:Rebuild (UnityEngine.UI.CanvasUpdate) (at ./Library/PackageCache/com.unity.textmeshpro@3.0.7/Scripts/Runtime/TextMeshProUGUI.cs:216)
UnityEngine.UI.CanvasUpdateRegistry:PerformUpdate () (at ./Library/PackageCache/com.unity.ugui@1.0.0/Runtime/UI/Core/CanvasUpdateRegistry.cs:215)
UnityEngine.Canvas:SendWillRenderCanvases () (at /Users/bokken/build/output/unity/unity/Modules/UI/ScriptBindings/UICanvas.bindings.cs:104)

(Filename: ./Library/PackageCache/com.unity.textmeshpro@3.0.7/Scripts/Runtime/TMPro_UGUI_Private.cs Line: 1274)

Unloading 132 Unused Serialized files (Serialized files now loaded: 0)
[PhysX] Initialized MultithreadedTaskDispatcher with 12 workers.
UnloadTime: 11.007750 ms
Loaded scene 'Assets/Scenes/SampleScene.unity'
	Deserialize:            3.595 ms
	Integration:            1102.166 ms
	Integration of assets:  0.002 ms
	Thread Wait Time:       0.010 ms
	Total Operation Time:   1105.773 ms
Unloading 260 unused Assets / (165.1 KB). Loaded Objects now: 10684.
Memory consumption went from 0.57 GB to 0.57 GB.
Total: 174.924083 ms (FindLiveObjects: 59.767209 ms CreateObjectMapping: 0.367541 ms MarkObjects: 113.865084 ms  DeleteObjects: 0.923458 ms)

Refreshing native plugins compatible for Editor in 15.81 ms, found 3 plugins.
Preloading 0 native plugins for Editor in 0.00 ms.
Asset Pipeline Refresh (id=75e60deb0b66543eb973eb071229d8b0): Total: 0.151 seconds - Initiated by StopAssetImportingV2(NoUpdateAssetOptions)
Saving results to: /Users/jangyoung/orca/Abyssal-Surge/TestResults/BarrelDeployRegression.xml
<color=#ff6b6b>fail:</color> [18:39:45:5385] <color=#B4FF32>[AI]</color> <color=#58D68D><b>TestResultCollector</b></color> Test run finished, but the pending MCP request id was missing. The test results cannot be delivered to the client.
UnityEngine.StackTraceUtility:ExtractStackTrace () (at /Users/bokken/build/output/unity/unity/Runtime/Export/Scripting/StackTrace.cs:37)
UnityEngine.DebugLogHandler:LogFormat (UnityEngine.LogType,UnityEngine.Object,string,object[])
UnityEngine.Logger:Log (UnityEngine.LogType,object)
UnityEngine.Debug:LogError (object)
com.IvanMurzak.Unity.MCP.Utils.UnityLogger:Log<Microsoft.Extensions.Logging.FormattedLogValues> (Microsoft.Extensions.Logging.LogLevel,Microsoft.Extensions.Logging.EventId,Microsoft.Extensions.Logging.FormattedLogValues,System.Exception,System.Func`3<Microsoft.Extensions.Logging.FormattedLogValues, System.Exception, string>) (at ./Library/PackageCache/com.ivanmurzak.unity.mcp@0.87.0/Runtime/Logger/UnityLogger.cs:119)
Microsoft.Extensions.Logging.Logger:<Log>g__LoggerLog|14_0<Microsoft.Extensions.Logging.FormattedLogValues> (Microsoft.Extensions.Logging.LogLevel,Microsoft.Extensions.Logging.EventId,Microsoft.Extensions.Logging.ILogger,System.Exception,System.Func`3<Microsoft.Extensions.Logging.FormattedLogValues, System.Exception, string>,System.Collections.Generic.List`1<System.Exception>&,Microsoft.Extensions.Logging.FormattedLogValues&)
Microsoft.Extensions.Logging.Logger:Log<Microsoft.Extensions.Logging.FormattedLogValues> (Microsoft.Extensions.Logging.LogLevel,Microsoft.Extensions.Logging.EventId,Microsoft.Extensions.Logging.FormattedLogValues,System.Exception,System.Func`3<Microsoft.Extensions.Logging.FormattedLogValues, System.Exception, string>)
Microsoft.Extensions.Logging.LoggerExtensions:Log (Microsoft.Extensions.Logging.ILogger,Microsoft.Extensions.Logging.LogLevel,Microsoft.Extensions.Logging.EventId,System.Exception,string,object[])
Microsoft.Extensions.Logging.LoggerExtensions:Log (Microsoft.Extensions.Logging.ILogger,Microsoft.Extensions.Logging.LogLevel,string,object[])
Microsoft.Extensions.Logging.LoggerExtensions:LogError (Microsoft.Extensions.Logging.ILogger,string,object[])
com.IvanMurzak.Unity.MCP.UnityMcpPlugin:LogError (string,System.Type,object[]) (at ./Library/PackageCache/com.ivanmurzak.unity.mcp@0.87.0/Runtime/UnityMcpPlugin.Log.cs:48)
com.IvanMurzak.Unity.MCP.Editor.API.TestRunner.TestResultCollector:RunFinished (UnityEditor.TestTools.TestRunner.Api.ITestResultAdaptor) (at ./Library/PackageCache/com.ivanmurzak.unity.mcp@0.87.0/Editor/Scripts/API/Tool/Tests/TestResultCollector.cs:154)
UnityEditor.TestTools.TestRunner.Api.CallbacksDelegator/<>c__DisplayClass8_0:<RunFinished>b__0 (UnityEditor.TestTools.TestRunner.Api.ICallbacks) (at ./Library/PackageCache/com.unity.test-framework@1.1.33/UnityEditor.TestRunner/Api/CallbacksDelegator.cs:52)
UnityEditor.TestTools.TestRunner.Api.CallbacksDelegator:TryInvokeAllCallbacks (System.Action`1<UnityEditor.TestTools.TestRunner.Api.ICallbacks>) (at ./Library/PackageCache/com.unity.test-framework@1.1.33/UnityEditor.TestRunner/Api/CallbacksDelegator.cs:122)
UnityEditor.TestTools.TestRunner.Api.CallbacksDelegator:RunFinished (NUnit.Framework.Interfaces.ITestResult) (at ./Library/PackageCache/com.unity.test-framework@1.1.33/UnityEditor.TestRunner/Api/CallbacksDelegator.cs:52)
UnityEditor.TestTools.TestRunner.Api.CallbacksDelegatorListener:RunFinished (NUnit.Framework.Interfaces.ITestResult) (at ./Library/PackageCache/com.unity.test-framework@1.1.33/UnityEditor.TestRunner/Api/CallbacksDelegatorListener.cs:15)
UnityEngine.Events.InvokableCall`1<NUnit.Framework.Interfaces.ITestResult>:Invoke (NUnit.Framework.Interfaces.ITestResult) (at /Users/bokken/build/output/unity/unity/Runtime/Export/UnityEvent/UnityEvent.cs:219)
UnityEngine.Events.UnityEvent`1<NUnit.Framework.Interfaces.ITestResult>:Invoke (NUnit.Framework.Interfaces.ITestResult) (at /Users/bokken/build/output/unity/unity/artifacts/generated/UnityEvent/UnityEvent_1.cs:57)
UnityEngine.TestTools.TestRunner.PlaymodeTestsController/<TestRunnerCoroutine>d__15:MoveNext () (at ./Library/PackageCache/com.unity.test-framework@1.1.33/UnityEngine.TestRunner/TestRunner/PlaymodeTestsController.cs:76)
UnityEngine.SetupCoroutine:InvokeMoveNext (System.Collections.IEnumerator,intptr) (at /Users/bokken/build/output/unity/unity/Runtime/Export/Scripting/Coroutines.cs:17)

(Filename: ./Library/PackageCache/com.ivanmurzak.unity.mcp@0.87.0/Runtime/UnityMcpPlugin.Log.cs Line: 48)

Thread 0x175217000 may have been prematurely finalized
[PhysX] Initialized MultithreadedTaskDispatcher with 12 workers.
Input System module state changed to: ShutdownInProgress.
Input System polling thread exited.
Input System module state changed to: Shutdown.
[Licensing::IpcConnector] LicenseClient-jangyoung-notifications channel disconnected successfully.
[Licensing::IpcConnector] LicenseClient-jangyoung channel disconnected successfully.
Thread 0x16cbe7000 may have been prematurely finalized
[40m[32minfo[39m[22m[49m: Microsoft.Hosting.Lifetime[0]
      Application is shutting down...
Cleanup mono
[40m[32minfo[39m[22m[49m: Unity.ILPP.Runner.PostProcessingAssemblyLoadContext[0]
      ALC ILPP context 1 is unloading
<color=#ffaa00>warn:</color> [18:39:46:5018] <color=#B4FF32>[AI]</color> <color=#85C1E2><b>BufferedFileLogStorage</b></color> Flush called but already disposed, ignored.
debugger-agent: Unable to listen on 55
[Performance] Application.InitializeProject                                                                                                        :        1 samples, Peak.  14.5 s (1.0x), Avg.  14.5 s, Total. 14.51 s (43.9%)
[Performance] Application.PackageManager.StartServer                                                                                               :        1 samples, Peak.  1.96 ms (1.0x), Avg.  1.96 ms, Total. 1.961 ms (0.0%)
[Performance] Application.AcquireProjectLock                                                                                                       :        1 samples, Peak.  8.31 ms (1.0x), Avg.  8.31 ms, Total. 8.313 ms (0.0%)
[Performance] Application.InitializeEngineNoGraphics                                                                                               :        1 samples, Peak.  56.1 ms (1.0x), Avg.  56.1 ms, Total. 56.09 ms (0.2%)
[Performance] Application.PackageManager.Initialize                                                                                                :        1 samples, Peak.   590 ms (1.0x), Avg.   590 ms, Total. 590.5 ms (1.8%)
[Performance] Connecting to Package Manager                                                                                                        :       60 samples, Peak.  62.2 us (27.7x), Avg.  2.24 us, Total. 134.4 us (0.0%)
[Performance] Application.EngineGraphics.Initialize                                                                                                :        1 samples, Peak.   111 ms (1.0x), Avg.   111 ms, Total. 111.2 ms (0.3%)
[Performance] Application.GI.Initialize                                                                                                            :        1 samples, Peak.  2.67 ms (1.0x), Avg.  2.67 ms, Total. 2.667 ms (0.0%)
[Performance] Application.LoadAllDefaultResourcesFromEditor                                                                                        :        1 samples, Peak.  1.51 ms (1.0x), Avg.  1.51 ms, Total. 1.509 ms (0.0%)
[Performance] Application.LoadMonoAssemblies                                                                                                       :        1 samples, Peak.   449 ms (1.0x), Avg.   449 ms, Total. 449.0 ms (1.4%)
[Performance] RestoreManagedReferences                                                                                                             :        3 samples, Peak.  85.8 ms (1.8x), Avg.  48.3 ms, Total. 144.8 ms (0.4%)
[Performance] InitializeOnLoad DrivenRectTransformUndo                                                                                             :        3 samples, Peak.  1.43 ms (2.0x), Avg.   715 us, Total. 2.144 ms (0.0%)
[Performance] InitializeOnLoad SceneSearch                                                                                                         :        3 samples, Peak.   170 us (1.5x), Avg.   112 us, Total. 334.5 us (0.0%)
[Performance] InitializeOnLoad CloudBuild                                                                                                          :        3 samples, Peak.  9.46 us (1.9x), Avg.  4.94 us, Total. 14.83 us (0.0%)
[Performance] InitializeOnLoad NativeFormatImporterUtility                                                                                         :        3 samples, Peak.  1.87 ms (1.2x), Avg.  1.55 ms, Total. 4.642 ms (0.0%)
[Performance] InitializeOnLoad SearchService                                                                                                       :        3 samples, Peak.   108 us (1.2x), Avg.  86.4 us, Total. 259.1 us (0.0%)
[Performance] InitializeOnLoad SettingsService                                                                                                     :        3 samples, Peak.  10.6 us (1.3x), Avg.  8.21 us, Total. 24.63 us (0.0%)
[Performance] InitializeOnLoad WindowLayout                                                                                                        :        3 samples, Peak.   505 us (1.1x), Avg.   455 us, Total. 1.365 ms (0.0%)
[Performance] InitializeOnLoad AssetStoreContext                                                                                                   :        3 samples, Peak.  15.5 ms (1.5x), Avg.  10.6 ms, Total. 31.78 ms (0.1%)
[Performance] InitializeOnLoad PoolManager                                                                                                         :        3 samples, Peak.   386 us (1.4x), Avg.   266 us, Total. 799.2 us (0.0%)
[Performance] InitializeOnLoad MixerEffectDefinitionReloader                                                                                       :        3 samples, Peak.  1.76 ms (1.3x), Avg.  1.38 ms, Total. 4.137 ms (0.0%)
[Performance] InitializeOnLoad ProjectSearch                                                                                                       :        3 samples, Peak.  94.0 us (1.6x), Avg.  57.3 us, Total. 171.9 us (0.0%)
[Performance] InitializeOnLoad UISystemProfilerRenderService                                                                                       :        3 samples, Peak.  7.79 us (1.3x), Avg.  6.22 us, Total. 18.67 us (0.0%)
[Performance] InitializeOnLoad EditMode                                                                                                            :        3 samples, Peak.   244 us (1.0x), Avg.   234 us, Total. 702.5 us (0.0%)
[Performance] InitializeOnLoad UnityConnect                                                                                                        :        3 samples, Peak.  36.9 us (1.1x), Avg.  33.3 us, Total. 100.0 us (0.0%)
[Performance] InitializeOnLoad ManagedDebugger                                                                                                     :        3 samples, Peak.   579 us (2.3x), Avg.   249 us, Total. 747.0 us (0.0%)
[Performance] InitializeOnLoad ShortcutIntegration                                                                                                 :        3 samples, Peak.  52.8 us (1.2x), Avg.  44.1 us, Total. 132.3 us (0.0%)
[Performance] InitializeOnLoad AddComponentWindow                                                                                                  :        3 samples, Peak.  81.5 us (1.1x), Avg.  77.0 us, Total. 231.1 us (0.0%)
[Performance] InitializeOnLoad ManagedDebuggerWindow                                                                                               :        3 samples, Peak.   151 us (1.5x), Avg.   103 us, Total. 309.2 us (0.0%)
[Performance] InitializeOnLoad CacheServerWindow                                                                                                   :        3 samples, Peak.  8.46 us (1.3x), Avg.  6.31 us, Total. 18.92 us (0.0%)
[Performance] InitializeOnLoad PlayModeDownload                                                                                                    :        3 samples, Peak.  3.55 ms (2.7x), Avg.  1.32 ms, Total. 3.951 ms (0.0%)
[Performance] InitializeOnLoad MenuItems                                                                                                           :        3 samples, Peak.  88.4 us (1.2x), Avg.  72.7 us, Total. 218.0 us (0.0%)
[Performance] InitializeOnLoad PrefabInstanceChangedListener                                                                                       :        3 samples, Peak.   119 us (1.1x), Avg.   106 us, Total. 317.1 us (0.0%)
[Performance] InitializeOnLoad ObjectSelectorSearch                                                                                                :        3 samples, Peak.  30.8 us (1.1x), Avg.  28.0 us, Total. 83.96 us (0.0%)
[Performance] InitializeOnLoad EditorMonitor                                                                                                       :        3 samples, Peak.   519 us (1.2x), Avg.   450 us, Total. 1.350 ms (0.0%)
[Performance] InitializeOnLoad RetainedMode                                                                                                        :        3 samples, Peak.  1.66 ms (1.1x), Avg.  1.45 ms, Total. 4.345 ms (0.0%)
[Performance] InitializeOnLoad EditorShaderLoader                                                                                                  :        3 samples, Peak.   711 us (1.5x), Avg.   476 us, Total. 1.427 ms (0.0%)
[Performance] InitializeOnLoad EditorDelegateRegistration                                                                                          :        3 samples, Peak.   403 us (1.1x), Avg.   366 us, Total. 1.097 ms (0.0%)
[Performance] InitializeOnLoad UIDocumentHierarchyWatcher                                                                                          :        3 samples, Peak.  41.6 us (1.0x), Avg.  39.8 us, Total. 119.3 us (0.0%)
[Performance] InitializeOnLoad LiveReloadTrackerCreator                                                                                            :        3 samples, Peak.   139 us (1.1x), Avg.   124 us, Total. 370.7 us (0.0%)
[Performance] InitializeOnLoad UxmlObjectEditorFactories                                                                                           :        3 samples, Peak.   379 us (1.2x), Avg.   330 us, Total. 988.7 us (0.0%)
[Performance] InitializeOnLoad UXMLEditorFactories                                                                                                 :        3 samples, Peak.  42.0 ms (1.1x), Avg.  38.7 ms, Total. 116.2 ms (0.4%)
[Performance] InitializeOnLoad PurchasingService                                                                                                   :        3 samples, Peak.  7.12 ms (1.3x), Avg.  5.64 ms, Total. 16.92 ms (0.1%)
[Performance] InitializeOnLoad CloudBuildPoller                                                                                                    :        3 samples, Peak.  94.7 us (1.1x), Avg.  87.8 us, Total. 263.4 us (0.0%)
[Performance] InitializeOnLoad EditorGameServicesAnalytics                                                                                         :        3 samples, Peak.  1.07 ms (1.8x), Avg.   589 us, Total. 1.766 ms (0.0%)
[Performance] InitializeOnLoad AnalyticsService                                                                                                    :        3 samples, Peak.   136 us (1.1x), Avg.   128 us, Total. 384.9 us (0.0%)
[Performance] InitializeOnLoad BuildService                                                                                                        :        3 samples, Peak.   107 us (1.1x), Avg.   102 us, Total. 305.4 us (0.0%)
[Performance] InitializeOnLoad AdsService                                                                                                          :        3 samples, Peak.   478 us (1.4x), Avg.   331 us, Total. 992.7 us (0.0%)
[Performance] InitializeOnLoad UDPService                                                                                                          :        3 samples, Peak.  94.9 us (1.0x), Avg.  93.2 us, Total. 279.5 us (0.0%)
[Performance] InitializeOnLoad CrashService                                                                                                        :        3 samples, Peak.   104 us (1.1x), Avg.  95.2 us, Total. 285.7 us (0.0%)
[Performance] InitializeOnLoad ServicesRepository                                                                                                  :        3 samples, Peak.   417 ns (1.4x), Avg.   306 ns, Total. 917.0 ns (0.0%)
[Performance] InitializeOnLoad SearchWindow                                                                                                        :        3 samples, Peak.   120 us (1.2x), Avg.  99.3 us, Total. 297.8 us (0.0%)
[Performance] InitializeOnLoad CustomIndexers                                                                                                      :        3 samples, Peak.  12.5 ms (1.1x), Avg.  11.3 ms, Total. 33.94 ms (0.1%)
[Performance] InitializeOnLoad SearchMonitor                                                                                                       :        3 samples, Peak.   833 us (1.4x), Avg.   612 us, Total. 1.836 ms (0.0%)
[Performance] InitializeOnLoad ParameterControllerEditor                                                                                           :        3 samples, Peak.  26.7 us (1.3x), Avg.  21.3 us, Total. 63.83 us (0.0%)
[Performance] InitializeOnLoad LayerSettingsWindow                                                                                                 :        3 samples, Peak.  27.7 us (1.7x), Avg.  16.8 us, Total. 50.29 us (0.0%)
[Performance] InitializeOnLoad PackageManagerHookGUIDConverter.RegisterPackagesEventHandler                                                        :        3 samples, Peak.   405 us (1.6x), Avg.   261 us, Total. 783.6 us (0.0%)
[Performance] InitializeOnLoad EditorDragAndDrop.RegisterEditorClient                                                                              :        3 samples, Peak.   461 us (1.5x), Avg.   315 us, Total. 945.8 us (0.0%)
[Performance] InitializeOnLoad EditorEventCallbacks.InitializeFontAssetResourceChangeCallBacks                                                     :        3 samples, Peak.  1.15 ms (1.3x), Avg.   865 us, Total. 2.594 ms (0.0%)
[Performance] InitializeOnLoad SceneTemplateService.Init                                                                                           :        3 samples, Peak.  1.46 ms (1.4x), Avg.  1.07 ms, Total. 3.216 ms (0.0%)
[Performance] InitializeOnLoad DiagnosticSwitchesConsoleMessage.Init                                                                               :        3 samples, Peak.  10.0 ms (2.5x), Avg.  4.01 ms, Total. 12.02 ms (0.0%)
[Performance] InitializeOnLoad PackageManagerWindow.EditorInitializedInSafeMode                                                                    :        3 samples, Peak.  16.5 ms (2.9x), Avg.  5.60 ms, Total. 16.81 ms (0.1%)
[Performance] InitializeOnLoad ToolShortcutContext.Init                                                                                            :        3 samples, Peak.   115 us (1.1x), Avg.   103 us, Total. 307.6 us (0.0%)
[Performance] InitializeOnLoad MemoryProfilerCompilationGuard.InjectCompileGuard                                                                   :        3 samples, Peak.  83.4 us (1.5x), Avg.  55.9 us, Total. 167.7 us (0.0%)
[Performance] InitializeOnLoad AssetPostprocessingInternal.RefreshCustomDependencies                                                               :        3 samples, Peak.  2.67 ms (1.2x), Avg.  2.17 ms, Total. 6.502 ms (0.0%)
[Performance] InitializeOnLoad SysrootManager.Initialize                                                                                           :        3 samples, Peak.  15.2 us (1.4x), Avg.  11.1 us, Total. 33.42 us (0.0%)
[Performance] InitializeOnLoad ScopedRegistryAddedPopup.SubscribeToRegistriesAdded                                                                 :        3 samples, Peak.  5.94 ms (1.5x), Avg.  3.86 ms, Total. 11.58 ms (0.0%)
[Performance] InitializeOnLoad SceneVisibilityManager.Initialize                                                                                   :        3 samples, Peak.  3.35 ms (2.2x), Avg.  1.51 ms, Total. 4.526 ms (0.0%)
[Performance] InitializeOnLoad EditorWindow.Initialize                                                                                             :        3 samples, Peak.   254 us (1.2x), Avg.   209 us, Total. 626.4 us (0.0%)
[Performance] AssemblyReloadEvents.afterAssemblyReload: UnityEditor.SceneTemplate.SceneTemplateService.AfterAssemblyReload                         :        3 samples, Peak.   682 us (1.5x), Avg.   449 us, Total. 1.348 ms (0.0%)
[Performance] ProcessService.EditorAfterLoadAllAssemblies                                                                                          :        3 samples, Peak.   441 us (1.3x), Avg.   334 us, Total. 1.001 ms (0.0%)
[Performance] Application.ReadLicenseInfo                                                                                                          :        1 samples, Peak.  11.1 ms (1.0x), Avg.  11.1 ms, Total. 11.13 ms (0.0%)
[Performance] Application.InitialRefresh                                                                                                           :        1 samples, Peak.  11.7 s (1.0x), Avg.  11.7 s, Total. 11.70 s (35.4%)
[Performance] ShaderImporter.SourceAssetModified                                                                                                   :        4 samples, Peak.   875 ns (1.2x), Avg.   729 ns, Total. 2.917 us (0.0%)
[Performance] ShaderIncludeImporter.SourceAssetModified                                                                                            :        4 samples, Peak.  1.67 us (1.6x), Avg.  1.01 us, Total. 4.041 us (0.0%)
[Performance] Compiling Scripts                                                                                                                    :        1 samples, Peak.  2.62 s (1.0x), Avg.  2.62 s, Total. 2.616 s (7.9%)
[Performance] AssemblyReloadEvents.beforeAssemblyReload: UnityEditor.SceneTemplate.SceneTemplateService.BeforeAssemblyReload                       :        2 samples, Peak.   516 us (1.5x), Avg.   348 us, Total. 695.8 us (0.0%)
[Performance] PresetManagerPostProcessor.OnPreprocessAsset                                                                                         :        2 samples, Peak.   719 us (2.0x), Avg.   366 us, Total. 732.0 us (0.0%)
[Performance] CancelSplashScreenOnAssetChange.OnPreprocessAsset                                                                                    :        2 samples, Peak.   564 us (2.0x), Avg.   287 us, Total. 573.5 us (0.0%)
[Performance] ShaderGraphAssetPostProcessor.OnPreprocessAsset                                                                                      :        2 samples, Peak.   150 us (2.0x), Avg.  76.6 us, Total. 153.2 us (0.0%)
[Performance] InitializeOnLoad SpriteApplyValidator                                                                                                :        2 samples, Peak.  98.3 us (1.1x), Avg.  91.3 us, Total. 182.6 us (0.0%)
[Performance] InitializeOnLoad ReadmeEditor                                                                                                        :        2 samples, Peak.  63.0 us (1.1x), Avg.  55.3 us, Total. 110.6 us (0.0%)
[Performance] InitializeOnLoad PlayModeCapture                                                                                                     :        2 samples, Peak.  73.5 us (1.0x), Avg.  73.1 us, Total. 146.3 us (0.0%)
[Performance] InitializeOnLoad BurstLoader                                                                                                         :        2 samples, Peak.  2.50 s (2.0x), Avg.  1.26 s, Total. 2.511 s (7.6%)
[Performance] InitializeOnLoad TouchSimulation                                                                                                     :        2 samples, Peak.  1.28 ms (1.8x), Avg.   695 us, Total. 1.391 ms (0.0%)
[Performance] InitializeOnLoad EnableUITKEditor                                                                                                    :        2 samples, Peak.   100 us (1.6x), Avg.  61.5 us, Total. 123.0 us (0.0%)
[Performance] InitializeOnLoad InputSystem                                                                                                         :        2 samples, Peak.  84.0 ms (1.4x), Avg.  62.2 ms, Total. 124.4 ms (0.4%)
[Performance] InitializeOnLoad InputSystemUIInputModuleEditor                                                                                      :        2 samples, Peak.   154 us (1.2x), Avg.   129 us, Total. 257.8 us (0.0%)
[Performance] InitializeOnLoad MainThreadDispatcher                                                                                                :        2 samples, Peak.   537 us (1.4x), Avg.   391 us, Total. 782.0 us (0.0%)
[Performance] InitializeOnLoad BackgroundWatcher                                                                                                   :        2 samples, Peak.   218 us (1.5x), Avg.   147 us, Total. 293.3 us (0.0%)
[Performance] InitializeOnLoad UnityTestProtocolStarter                                                                                            :        2 samples, Peak.  6.52 ms (1.9x), Avg.  3.35 ms, Total. 6.702 ms (0.0%)
[Performance] InitializeOnLoad TestStarter                                                                                                         :        2 samples, Peak.  15.7 ms (1.6x), Avg.  9.62 ms, Total. 19.23 ms (0.1%)
[Performance] InitializeOnLoad RerunCallbackInitializer                                                                                            :        2 samples, Peak.  2.23 ms (1.4x), Avg.  1.62 ms, Total. 3.248 ms (0.0%)
[Performance] InitializeOnLoad NuGetDependencyResolver                                                                                             :        2 samples, Peak.   683 us (1.0x), Avg.   658 us, Total. 1.316 ms (0.0%)
[Performance] InitializeOnLoad MainWindowInitializer                                                                                               :        2 samples, Peak.   691 us (1.2x), Avg.   573 us, Total. 1.146 ms (0.0%)
[Performance] InitializeOnLoad Tool_Tests                                                                                                          :        2 samples, Peak.  97.3 ms (1.0x), Avg.  95.3 ms, Total. 190.6 ms (0.6%)
[Performance] InitializeOnLoad Tool_Script                                                                                                         :        2 samples, Peak.  7.50 us (1.1x), Avg.  6.60 us, Total. 13.21 us (0.0%)
[Performance] InitializeOnLoad ScriptUtils                                                                                                         :        2 samples, Peak.   379 us (1.0x), Avg.   362 us, Total. 723.0 us (0.0%)
[Performance] InitializeOnLoad ServerBinaryUpdateWatcher                                                                                           :        2 samples, Peak.   222 us (1.1x), Avg.   205 us, Total. 409.9 us (0.0%)
[Performance] InitializeOnLoad Startup                                                                                                             :        2 samples, Peak.  1.02 s (1.2x), Avg.   872 ms, Total. 1.744 s (5.3%)
[Performance] InitializeOnLoad McpServerManager                                                                                                    :        2 samples, Peak.  4.03 ms (1.1x), Avg.  3.54 ms, Total. 7.085 ms (0.0%)
[Performance] InitializeOnLoad ProbeGIBaking                                                                                                       :        2 samples, Peak.  4.41 ms (1.3x), Avg.  3.41 ms, Total. 6.814 ms (0.0%)
[Performance] InitializeOnLoad FilterWindow                                                                                                        :        2 samples, Peak.  40.6 us (1.1x), Avg.  38.6 us, Total. 77.25 us (0.0%)
[Performance] InitializeOnLoad RealtimeProbeSubdivisionDebug                                                                                       :        2 samples, Peak.   336 us (1.1x), Avg.   314 us, Total. 627.5 us (0.0%)
[Performance] InitializeOnLoad SplineExtrudeUtility                                                                                                :        2 samples, Peak.   286 us (1.1x), Avg.   268 us, Total. 536.9 us (0.0%)
[Performance] InitializeOnLoad SplineDataReorderableListUtility                                                                                    :        2 samples, Peak.   201 us (1.1x), Avg.   185 us, Total. 369.2 us (0.0%)
[Performance] InitializeOnLoad PackageEntryPoint                                                                                                   :        2 samples, Peak.   139 ms (1.1x), Avg.   131 ms, Total. 261.3 ms (0.8%)
[Performance] InitializeOnLoad PurchasingServiceAnalyticsSender                                                                                    :        2 samples, Peak.   806 us (1.1x), Avg.   757 us, Total. 1.514 ms (0.0%)
[Performance] InitializeOnLoad UnityPurchasingEditor                                                                                               :        2 samples, Peak.   573 us (1.1x), Avg.   542 us, Total. 1.084 ms (0.0%)
[Performance] InitializeOnLoad PurchasingImporter                                                                                                  :        2 samples, Peak.   453 us (1.3x), Avg.   348 us, Total. 695.1 us (0.0%)
[Performance] InitializeOnLoad VSCodeScriptEditor                                                                                                  :        2 samples, Peak.  8.91 ms (1.3x), Avg.  6.84 ms, Total. 13.68 ms (0.0%)
[Performance] InitializeOnLoad ShadowCasterGroup2DManager                                                                                          :        2 samples, Peak.   101 us (1.0x), Avg.   100 us, Total. 200.1 us (0.0%)
[Performance] InitializeOnLoad NodeClassCache                                                                                                      :        2 samples, Peak.  19.6 us (1.4x), Avg.  13.9 us, Total. 27.71 us (0.0%)
[Performance] InitializeOnLoad ShaderGraphMaterialsUpdater                                                                                         :        4 samples, Peak.   372 us (1.8x), Avg.   205 us, Total. 820.2 us (0.0%)
[Performance] InitializeOnLoad Renderer2DAnalytics                                                                                                 :        2 samples, Peak.   129 us (1.1x), Avg.   120 us, Total. 239.7 us (0.0%)
[Performance] InitializeOnLoad EditorToolManager                                                                                                   :        2 samples, Peak.  1.98 ms (1.1x), Avg.  1.80 ms, Total. 3.606 ms (0.0%)
[Performance] InitializeOnLoad VisualStudioEditor                                                                                                  :        2 samples, Peak.  2.23 ms (1.1x), Avg.  2.04 ms, Total. 4.078 ms (0.0%)
[Performance] InitializeOnLoad TestRunnerApiListener                                                                                               :        2 samples, Peak.   281 us (1.2x), Avg.   242 us, Total. 484.5 us (0.0%)
[Performance] InitializeOnLoad VisualStudioIntegration                                                                                             :        2 samples, Peak.   471 us (1.0x), Avg.   469 us, Total. 937.5 us (0.0%)
[Performance] InitializeOnLoad PrefabLayoutRebuilder                                                                                               :        2 samples, Peak.   384 us (1.2x), Avg.   318 us, Total. 636.8 us (0.0%)
[Performance] InitializeOnLoad OnDomainReload                                                                                                      :        2 samples, Peak.   477 us (1.2x), Avg.   388 us, Total. 776.3 us (0.0%)
[Performance] InitializeOnLoad DeltaTimeScaleProcessor                                                                                             :        2 samples, Peak.   367 us (1.1x), Avg.   325 us, Total. 650.6 us (0.0%)
[Performance] InitializeOnLoad AverageFrameRateTracker                                                                                             :        2 samples, Peak.   145 us (1.0x), Avg.   139 us, Total. 278.3 us (0.0%)
[Performance] InitializeOnLoad EditorInitialize                                                                                                    :        8 samples, Peak.  1.40 ms (2.0x), Avg.   692 us, Total. 5.532 ms (0.0%)
[Performance] InitializeOnLoad CanvasesAndTheirOwners                                                                                              :        2 samples, Peak.  84.3 us (1.0x), Avg.  82.2 us, Total. 164.3 us (0.0%)
[Performance] InitializeOnLoad VSUsageUtility                                                                                                      :        2 samples, Peak.  9.41 ms (1.8x), Avg.  5.19 ms, Total. 10.38 ms (0.0%)
[Performance] InitializeOnLoad VersionValidator                                                                                                    :        2 samples, Peak.  1.30 ms (1.1x), Avg.  1.14 ms, Total. 2.273 ms (0.0%)
[Performance] InitializeOnLoad LogPreferences                                                                                                      :        2 samples, Peak.   154 us (1.0x), Avg.   147 us, Total. 293.7 us (0.0%)
[Performance] InitializeOnLoad DestroyListener                                                                                                     :        2 samples, Peak.   214 us (1.0x), Avg.   210 us, Total. 420.4 us (0.0%)
[Performance] InitializeOnLoad ProGridsInterface                                                                                                   :        2 samples, Peak.  2.57 ms (1.2x), Avg.  2.16 ms, Total. 4.327 ms (0.0%)
[Performance] InitializeOnLoad EntityVisibility                                                                                                    :        2 samples, Peak.   343 us (1.2x), Avg.   279 us, Total. 558.8 us (0.0%)
[Performance] InitializeOnLoad VertexManipulationToolSettings                                                                                      :        2 samples, Peak.  50.0 us (1.2x), Avg.  43.3 us, Total. 86.50 us (0.0%)
[Performance] InitializeOnLoad UndoUtility                                                                                                         :        2 samples, Peak.  76.5 us (1.2x), Avg.  64.1 us, Total. 128.2 us (0.0%)
[Performance] InitializeOnLoad HierarchyListener                                                                                                   :        2 samples, Peak.   195 us (1.2x), Avg.   157 us, Total. 314.8 us (0.0%)
[Performance] InitializeOnLoad Lightmapping                                                                                                        :        2 samples, Peak.   459 us (1.1x), Avg.   400 us, Total. 800.3 us (0.0%)
[Performance] InitializeOnLoad SceneDragAndDropListener                                                                                            :        2 samples, Peak.  1.19 ms (1.6x), Avg.   763 us, Total. 1.526 ms (0.0%)
[Performance] InitializeOnLoad MeshSelection                                                                                                       :        2 samples, Peak.  2.51 ms (1.0x), Avg.  2.40 ms, Total. 4.801 ms (0.0%)
[Performance] InitializeOnLoad UnityInternalsInjector                                                                                              :        2 samples, Peak.  1.19 ms (1.1x), Avg.  1.13 ms, Total. 2.269 ms (0.0%)
[Performance] InitializeOnLoad UVCSToolbarBoostrap                                                                                                 :        2 samples, Peak.  71.4 ms (1.1x), Avg.  64.0 ms, Total. 128.0 ms (0.4%)
[Performance] InitializeOnLoad SampleDependencyImporter                                                                                            :        4 samples, Peak.  1.14 ms (1.7x), Avg.   660 us, Total. 2.640 ms (0.0%)
[Performance] InitializeOnLoad InspectorUtility                                                                                                    :        2 samples, Peak.   770 us (1.3x), Avg.   582 us, Total. 1.165 ms (0.0%)
[Performance] InitializeOnLoad CinemachineEditorAnalytics                                                                                          :        2 samples, Peak.  65.6 us (1.1x), Avg.  57.3 us, Total. 114.5 us (0.0%)
[Performance] InitializeOnLoad AutoSmoothHookup                                                                                                    :        2 samples, Peak.  81.8 us (1.1x), Avg.  77.1 us, Total. 154.2 us (0.0%)
[Performance] InitializeOnLoad CreatePipelineWithUndo                                                                                              :        2 samples, Peak.   193 us (1.3x), Avg.   150 us, Total. 300.4 us (0.0%)
[Performance] InitializeOnLoad AutoDollyMenuItems                                                                                                  :        2 samples, Peak.  1.41 ms (1.1x), Avg.  1.30 ms, Total. 2.597 ms (0.0%)
[Performance] InitializeOnLoad SplineGizmoCache                                                                                                    :        2 samples, Peak.  1.67 ms (1.2x), Avg.  1.43 ms, Total. 2.864 ms (0.0%)
[Performance] InitializeOnLoad ModifierMenuItems                                                                                                   :        2 samples, Peak.  1.33 ms (1.4x), Avg.   920 us, Total. 1.840 ms (0.0%)
[Performance] InitializeOnLoad CreateRigWithUndo                                                                                                   :        2 samples, Peak.   112 us (1.0x), Avg.   111 us, Total. 221.0 us (0.0%)
[Performance] InitializeOnLoad CinemachineDeoccluderPrefs                                                                                          :        2 samples, Peak.  1.36 ms (1.1x), Avg.  1.29 ms, Total. 2.577 ms (0.0%)
[Performance] InitializeOnLoad PipelineStageMenu                                                                                                   :        2 samples, Peak.  1.43 ms (1.1x), Avg.  1.36 ms, Total. 2.713 ms (0.0%)
[Performance] InitializeOnLoad CinemachineSplineDollyPrefs                                                                                         :        2 samples, Peak.   342 us (1.0x), Avg.   331 us, Total. 661.1 us (0.0%)
[Performance] InitializeOnLoad SaveDuringPlay                                                                                                      :        2 samples, Peak.   747 us (1.9x), Avg.   395 us, Total. 790.4 us (0.0%)
[Performance] InitializeOnLoad DefaultControlInitializer                                                                                           :        2 samples, Peak.   107 us (1.1x), Avg.  97.9 us, Total. 195.7 us (0.0%)
[Performance] InitializeOnLoad SyncCacheEnabledSetting                                                                                             :        2 samples, Peak.   238 us (1.1x), Avg.   207 us, Total. 415.0 us (0.0%)
[Performance] InitializeOnLoad CinemachineComposerPrefs                                                                                            :        2 samples, Peak.   222 us (1.0x), Avg.   213 us, Total. 426.5 us (0.0%)
[Performance] InitializeOnLoad RiderScriptEditor                                                                                                   :        2 samples, Peak.  5.02 ms (1.0x), Avg.  4.96 ms, Total. 9.927 ms (0.0%)
[Performance] InitializeOnLoad CallbackInitializer                                                                                                 :        2 samples, Peak.  1.41 ms (1.9x), Avg.   735 us, Total. 1.470 ms (0.0%)
[Performance] InitializeOnLoad NavigationWindow                                                                                                    :        2 samples, Peak.   617 us (1.2x), Avg.   515 us, Total. 1.030 ms (0.0%)
[Performance] InitializeOnLoad SceneViewGridManager.Initialize                                                                                     :        2 samples, Peak.  7.90 ms (1.6x), Avg.  4.92 ms, Total. 9.837 ms (0.0%)
[Performance] InitializeOnLoad TilemapPrefabStageHelper.Initialize                                                                                 :        2 samples, Peak.  1.66 ms (1.6x), Avg.  1.07 ms, Total. 2.139 ms (0.0%)
[Performance] InitializeOnLoad SceneViewOpenTilePaletteHelper.Initialize                                                                           :        2 samples, Peak.  1.22 ms (1.7x), Avg.   718 us, Total. 1.435 ms (0.0%)
[Performance] InitializeOnLoad TileDragAndDropManager.Initialize                                                                                   :        2 samples, Peak.   882 us (1.8x), Avg.   486 us, Total. 972.8 us (0.0%)
[Performance] InitializeOnLoad ThreadHelper.Init                                                                                                   :        8 samples, Peak.   385 us (2.8x), Avg.   135 us, Total. 1.081 ms (0.0%)
[Performance] InitializeOnLoad EngineStateHelper.Init                                                                                              :        8 samples, Peak.   628 us (4.1x), Avg.   153 us, Total. 1.223 ms (0.0%)
[Performance] InitializeOnLoad InputSystemPackageControl.SubscribePackageManagerEvent                                                              :        2 samples, Peak.  66.0 us (1.0x), Avg.  64.0 us, Total. 127.9 us (0.0%)
[Performance] InitializeOnLoad InputSystemPluginControl.CheckForExtension                                                                          :        2 samples, Peak.  1.04 ms (1.0x), Avg.  1.00 ms, Total. 2.001 ms (0.0%)
[Performance] InitializeOnLoad MaterialReimporter.RegisterUpgraderReimport                                                                         :        4 samples, Peak.   154 us (1.7x), Avg.  88.8 us, Total. 355.3 us (0.0%)
[Performance] InitializeOnLoad ServiceInstallationListener.RegisterToEvents                                                                        :        2 samples, Peak.   556 us (1.1x), Avg.   526 us, Total. 1.052 ms (0.0%)
[Performance] InitializeOnLoad ActionSchedulerCleaner.RegisterSchedulerCleaner                                                                     :        2 samples, Peak.   166 us (1.1x), Avg.   153 us, Total. 306.7 us (0.0%)
[Performance] InitializeOnLoad EditorGameServiceRegistry.RegisterAllServices                                                                       :        2 samples, Peak.  4.93 ms (1.1x), Avg.  4.69 ms, Total. 9.377 ms (0.0%)
[Performance] InitializeOnLoad MainThreadDispatcher.EditorInitialize                                                                               :        2 samples, Peak.   173 us (1.3x), Avg.   131 us, Total. 262.6 us (0.0%)
[Performance] InitializeOnLoad MainThreadInstaller.Init                                                                                            :        2 samples, Peak.   108 us (1.1x), Avg.   101 us, Total. 202.7 us (0.0%)
[Performance] InitializeOnLoad ProjectConfigurationBuilder.SubscribeToResetComplete                                                                :        2 samples, Peak.   274 us (1.0x), Avg.   268 us, Total. 535.1 us (0.0%)
[Performance] InitializeOnLoad ProBuilderSettings.SaveSettingsOnExit                                                                               :        2 samples, Peak.  32.5 us (1.1x), Avg.  30.0 us, Total. 59.96 us (0.0%)
[Performance] InitializeOnLoad VisualStudioEditor.LegacyVisualStudioCodePackageDisabler                                                            :        2 samples, Peak.  1.02 ms (1.0x), Avg.   999 us, Total. 1.997 ms (0.0%)
[Performance] InitializeOnLoad UnityPurchasingEditor.MigrateBillingMode                                                                            :        2 samples, Peak.   548 us (1.3x), Avg.   437 us, Total. 874.7 us (0.0%)
[Performance] InitializeOnLoad ProductCatalogEditor.MigrateProductCatalog                                                                          :        2 samples, Peak.   310 us (1.0x), Avg.   308 us, Total. 615.9 us (0.0%)
[Performance] InitializeOnLoad ObfuscationMigration.MigrateObfuscations                                                                            :        2 samples, Peak.   138 us (1.0x), Avg.   135 us, Total. 270.2 us (0.0%)
[Performance] InitializeOnLoad SplineCacheUtility.Initialize                                                                                       :        2 samples, Peak.   358 us (1.0x), Avg.   357 us, Total. 713.3 us (0.0%)
[Performance] InitializeOnLoad TestJobDataHolder.ResumeRunningJobs                                                                                 :        2 samples, Peak.  1.64 ms (1.0x), Avg.  1.57 ms, Total. 3.144 ms (0.0%)
[Performance] InitializeOnLoad AnalyticsReporter.RegisterCallbacks                                                                                 :        2 samples, Peak.  20.1 ms (2.0x), Avg.  10.2 ms, Total. 20.41 ms (0.1%)
[Performance] InitializeOnLoad DebugManagerWindowLifetimeAnalytic.SubscribeToDebugManagerOpenCloseWindows                                          :        2 samples, Peak.  1.51 ms (1.5x), Avg.  1.04 ms, Total. 2.074 ms (0.0%)
[Performance] InitializeOnLoad CoreRenderPipelinePreferences.InitPreferenceProviders                                                               :        2 samples, Peak.  18.0 ms (1.1x), Avg.  16.6 ms, Total. 33.25 ms (0.1%)
[Performance] InitializeOnLoad VolumeGizmoDrawer.InitVolumeGizmoCallbacks                                                                          :        2 samples, Peak.   447 us (1.2x), Avg.   386 us, Total. 772.4 us (0.0%)
[Performance] InitializeOnLoad UnityThreadUtils.CaptureUnityThreadInfo                                                                             :        2 samples, Peak.  98.0 us (1.1x), Avg.  86.8 us, Total. 173.5 us (0.0%)
[Performance] DidReloadScriptsAdvancedDropdownWindow.OnScriptReload                                                                                :        4 samples, Peak.   222 us (1.2x), Avg.   191 us, Total. 763.6 us (0.0%)
[Performance] DidReloadScriptsCinemachineVirtualCameraBase.OnScriptReload                                                                          :        2 samples, Peak.  79.5 us (1.1x), Avg.  71.5 us, Total. 143.0 us (0.0%)
[Performance] DidReloadScriptsCinemachineExtension.OnScriptReload                                                                                  :        2 samples, Peak.   245 us (1.1x), Avg.   225 us, Total. 449.1 us (0.0%)
[Performance] DidReloadScriptsTestRunnerWindow.CompilationCallback                                                                                 :        2 samples, Peak.   231 us (1.2x), Avg.   199 us, Total. 398.4 us (0.0%)
[Performance] DidReloadScriptsTestListCache.ScriptReloaded                                                                                         :        2 samples, Peak.  7.28 ms (2.0x), Avg.  3.70 ms, Total. 7.407 ms (0.0%)
[Performance] DidReloadScriptsLookDev.OnEditorReload                                                                                               :        2 samples, Peak.   214 us (1.1x), Avg.   187 us, Total. 374.3 us (0.0%)
[Performance] DidReloadScriptsDebugWindow.OnEditorReload                                                                                           :        2 samples, Peak.  45.6 ms (1.9x), Avg.  24.7 ms, Total. 49.32 ms (0.1%)
[Performance] DidReloadScriptsVolumeComponentEditor.OnEditorReload                                                                                 :        2 samples, Peak.  27.4 ms (1.4x), Avg.  18.9 ms, Total. 37.84 ms (0.1%)
[Performance] AssemblyReloadEvents.afterAssemblyReload: com.IvanMurzak.Unity.MCP.Editor.Startup.OnAfterAssemblyReload                              :        2 samples, Peak.  77.7 ms (1.5x), Avg.  51.2 ms, Total. 102.5 ms (0.3%)
[Performance] AssemblyReloadEvents.afterAssemblyReload: UnityEditor.ProBuilder.HierarchyListener.OnAfterAssemblyReload                             :        2 samples, Peak.   277 us (1.4x), Avg.   196 us, Total. 391.5 us (0.0%)
[Performance] AssetDatabase.ImportAssets                                                                                                           :        7 samples, Peak.   667 ns (1.6x), Avg.   405 ns, Total. 2.834 us (0.0%)
[Performance] VersionControl.Task.Wait                                                                                                             :        1 samples, Peak.   180 us (1.0x), Avg.   180 us, Total. 180.3 us (0.0%)
[Performance] TMPro_TexturePostProcessor.OnPostprocessAllAssets                                                                                    :        6 samples, Peak.   533 us (1.6x), Avg.   326 us, Total. 1.955 ms (0.0%)
[Performance] CinemachineSettings.OnPostprocessAllAssets                                                                                           :        8 samples, Peak.   304 us (2.3x), Avg.   130 us, Total. 1.043 ms (0.0%)
[Performance] DomainReloadProcessor.OnPostprocessAllAssets                                                                                         :        8 samples, Peak.   153 us (2.1x), Avg.  74.2 us, Total. 593.7 us (0.0%)
[Performance] SamplePostprocessor.OnPostprocessAllAssets                                                                                           :       12 samples, Peak.   236 us (1.9x), Avg.   124 us, Total. 1.489 ms (0.0%)
[Performance] UVCSAssetPostprocessor.OnPostprocessAllAssets                                                                                        :        6 samples, Peak.   506 us (1.9x), Avg.   270 us, Total. 1.619 ms (0.0%)
[Performance] AssetPostprocessorProxy.OnPostprocessAllAssets                                                                                       :        8 samples, Peak.   149 us (2.1x), Avg.  70.5 us, Total. 564.2 us (0.0%)
[Performance] BuilderAssetPostprocessor.OnPostprocessAllAssets                                                                                     :        6 samples, Peak.  1.85 ms (2.3x), Avg.   806 us, Total. 4.835 ms (0.0%)
[Performance] ArtifactBrowserPostProcessor.OnPostprocessAllAssets                                                                                  :        6 samples, Peak.   493 us (1.7x), Avg.   293 us, Total. 1.760 ms (0.0%)
[Performance] AssetEvents.OnPostprocessAllAssets                                                                                                   :       12 samples, Peak.   139 us (2.2x), Avg.  64.5 us, Total. 774.2 us (0.0%)
[Performance] AudioMixerPostprocessor.OnPostprocessAllAssets                                                                                       :        6 samples, Peak.   862 us (2.3x), Avg.   373 us, Total. 2.237 ms (0.0%)
[Performance] StyleCatalogPostProcessor.OnPostprocessAllAssets                                                                                     :        6 samples, Peak.  24.1 ms (1.5x), Avg.  16.1 ms, Total. 96.50 ms (0.3%)
[Performance] BuildCatalog                                                                                                                         :        2 samples, Peak.  23.3 ms (1.0x), Avg.  22.4 ms, Total. 44.88 ms (0.1%)
[Performance] ModelImporterPostProcessor.OnPostprocessAllAssets                                                                                    :        6 samples, Peak.   774 us (1.5x), Avg.   507 us, Total. 3.040 ms (0.0%)
[Performance] MaterialPostprocessor.OnPostprocessAllAssets                                                                                         :       12 samples, Peak.   575 us (1.8x), Avg.   312 us, Total. 3.743 ms (0.0%)
[Performance] UniversalRenderPipelineGlobalSettingsPostprocessor.OnPostprocessAllAssets                                                            :        8 samples, Peak.  1.12 ms (2.9x), Avg.   390 us, Total. 3.116 ms (0.0%)
[Performance] RetainedModeAssetPostprocessor.OnPostprocessAllAssets                                                                                :        6 samples, Peak.  2.82 ms (1.9x), Avg.  1.48 ms, Total. 8.855 ms (0.0%)
[Performance] AssetChangedListener.OnPostprocessAllAssets                                                                                          :        6 samples, Peak.  1.22 ms (1.5x), Avg.   786 us, Total. 4.716 ms (0.0%)
[Performance] PostProcessor.OnPostprocessAllAssets                                                                                                 :        6 samples, Peak.   256 us (1.5x), Avg.   173 us, Total. 1.041 ms (0.0%)
[Performance] ShaderGraphAssetPostProcessor.OnPostprocessAllAssets                                                                                 :        6 samples, Peak.  1.52 ms (1.6x), Avg.   924 us, Total. 5.544 ms (0.0%)
[Performance] SpeedTreePostProcessor.OnPostprocessAllAssets                                                                                        :        6 samples, Peak.   161 us (1.6x), Avg.  99.8 us, Total. 598.6 us (0.0%)
[Performance] TextAssetPostProcessor.OnPostprocessAllAssets                                                                                        :        6 samples, Peak.   667 us (2.0x), Avg.   326 us, Total. 1.955 ms (0.0%)
[Performance] AssetProcessor.OnPostprocessAllAssets                                                                                                :       18 samples, Peak.  5.55 ms (5.8x), Avg.   952 us, Total. 17.13 ms (0.1%)
[Performance] InputActionAssetPostprocessor.OnPostprocessAllAssets                                                                                 :        8 samples, Peak.   466 us (2.8x), Avg.   169 us, Total. 1.352 ms (0.0%)
[Performance] InputActionJsonNameModifierAssetProcessor.OnPostprocessAllAssets                                                                     :        8 samples, Peak.  52.3 us (2.3x), Avg.  23.0 us, Total. 184.3 us (0.0%)
[Performance] ProjectSettingsPostprocessor.OnPostprocessAllAssets                                                                                  :        8 samples, Peak.   200 us (2.7x), Avg.  75.2 us, Total. 601.9 us (0.0%)
[Performance] SyncVS.PostprocessSyncProject                                                                                                        :        4 samples, Peak.  8.59 ms (2.0x), Avg.  4.38 ms, Total. 17.52 ms (0.1%)
[Performance] Application.ImportPackagesAndSetTemplateWhenCreatingProject                                                                          :        1 samples, Peak.  32.9 ms (1.0x), Avg.  32.9 ms, Total. 32.94 ms (0.1%)
[Performance] Application.SyncCurrentColorSpace                                                                                                    :        1 samples, Peak.  24.4 ms (1.0x), Avg.  24.4 ms, Total. 24.36 ms (0.1%)
[Performance] Application.OnUsbDevicesChanged                                                                                                      :        1 samples, Peak.  90.0 us (1.0x), Avg.  90.0 us, Total. 90.00 us (0.0%)
[Performance] Application.AssetInstanceCacheUpdate                                                                                                 :        1 samples, Peak.  84.0 ns (1.0x), Avg.  84.0 ns, Total. 84.00 ns (0.0%)
[Performance] Application.UnityExtensions.Initialize                                                                                               :        1 samples, Peak.  10.8 ms (1.0x), Avg.  10.8 ms, Total. 10.80 ms (0.0%)
[Performance] CodeEditorProjectSync.SyncEditorProject                                                                                              :        1 samples, Peak.   586 ms (1.0x), Avg.   586 ms, Total. 585.8 ms (1.8%)
[Performance] Application.ExecuteStartups                                                                                                          :        1 samples, Peak.  46.2 ms (1.0x), Avg.  46.2 ms, Total. 46.18 ms (0.1%)
[Performance] Menu.RegisterMenuInterface                                                                                                           :       26 samples, Peak.  5.58 us (13.8x), Avg.   404 ns, Total. 10.50 us (0.0%)
[Performance] Gizmo.RebuildRenderers                                                                                                               :        3 samples, Peak.  43.6 ms (1.8x), Avg.  23.9 ms, Total. 71.57 ms (0.2%)
[Performance] Gizmo.AddGizmoRenderers                                                                                                              :      588 samples, Peak.  1.24 ms (63.3x), Avg.  19.5 us, Total. 11.48 ms (0.0%)
[Performance] Application.editorInitializingProject                                                                                                :        1 samples, Peak.   340 us (1.0x), Avg.   340 us, Total. 339.8 us (0.0%)
[Performance] Application.FinishLoadingProject                                                                                                     :        1 samples, Peak.   584 ms (1.0x), Avg.   584 ms, Total. 583.7 ms (1.8%)
[Performance] Application.InitializeMenu                                                                                                           :        1 samples, Peak.   333 ms (1.0x), Avg.   333 ms, Total. 332.9 ms (1.0%)
[Performance] Menu.RebuildAll                                                                                                                      :        1 samples, Peak.   333 ms (1.0x), Avg.   333 ms, Total. 332.8 ms (1.0%)
[Performance] Menu.BuildRegisteredMenuInterfaces                                                                                                   :        1 samples, Peak.   332 ms (1.0x), Avg.   332 ms, Total. 332.1 ms (1.0%)
[Performance] Menu.FilterMenuItem                                                                                                                  :     1030 samples, Peak.   163 ms (1009.3x), Avg.   162 us, Total. 166.5 ms (0.5%)
[Performance] UpdateAllMenus                                                                                                                       :        1 samples, Peak.   687 us (1.0x), Avg.   687 us, Total. 687.4 us (0.0%)
[Performance] EditorSceneManager.sceneClosing: UnityEditor.SceneVisibilityManager.EditorSceneManagerOnSceneClosing                                 :        3 samples, Peak.   218 us (1.6x), Avg.   134 us, Total. 402.4 us (0.0%)
[Performance] GUIView.RepaintAll.PlayerLoopController                                                                                              :     3695 samples, Peak.  6.21 us (45.0x), Avg.   138 ns, Total. 509.7 us (0.0%)
[Performance] EditorSceneManager.newSceneCreated: UnityEditor.SceneTemplate.SceneTemplateService.OnNewSceneCreated                                 :        2 samples, Peak.   173 us (2.0x), Avg.  87.5 us, Total. 174.9 us (0.0%)
[Performance] EditorSceneManager.newSceneCreated: UnityEditor.SceneVisibilityManager.EditorSceneManagerOnNewSceneCreated                           :        2 samples, Peak.   145 us (1.8x), Avg.  79.0 us, Total. 157.9 us (0.0%)
[Performance] EditorSceneManager.newSceneCreated: UnityEditor.SceneManagement.StageNavigationManager.OnNewSceneCreated                             :        2 samples, Peak.  60.3 us (1.9x), Avg.  31.0 us, Total. 61.96 us (0.0%)
[Performance] Application.InvokeFinishedLoadingProject                                                                                             :        1 samples, Peak.  21.0 ms (1.0x), Avg.  21.0 ms, Total. 20.99 ms (0.1%)
[Performance] ProcessService.OnProjectLoaded                                                                                                       :        1 samples, Peak.   281 us (1.0x), Avg.   281 us, Total. 280.6 us (0.0%)
[Performance] Application.InvokeProjectWasLoaded                                                                                                   :        1 samples, Peak.  41.1 us (1.0x), Avg.  41.1 us, Total. 41.08 us (0.0%)
[Performance] Application.Tick                                                                                                                     :     3694 samples, Peak.  3.98 s (938.5x), Avg.  4.25 ms, Total. 15.68 s (47.4%)
[Performance] CheckLicensingClient                                                                                                                 :        3 samples, Peak.  5.46 us (1.3x), Avg.  4.26 us, Total. 12.79 us (0.0%)
[Performance] CheckLicensingClientNotification                                                                                                     :        3 samples, Peak.  4.21 us (1.2x), Avg.  3.53 us, Total. 10.58 us (0.0%)
[Performance] LicenseActivated.Tick                                                                                                                :        1 samples, Peak.  7.58 us (1.0x), Avg.  7.58 us, Total. 7.583 us (0.0%)
[Performance] Application.TickVersionControl                                                                                                       :     3695 samples, Peak.   303 us (999.3x), Avg.   304 ns, Total. 1.122 ms (0.0%)
[Performance] MonoCompiler.Tick                                                                                                                    :       27 samples, Peak.  14.3 us (2.2x), Avg.  6.57 us, Total. 177.5 us (0.0%)
[Performance] UnityConnect.Tick                                                                                                                    :        4 samples, Peak.  5.02 ms (3.9x), Avg.  1.29 ms, Total. 5.160 ms (0.0%)
[Performance] UnityVersionControl.Tick                                                                                                             :        4 samples, Peak.  1.21 us (2.5x), Avg.   479 ns, Total. 1.916 us (0.0%)
[Performance] CurlRequest.Tick                                                                                                                     :       47 samples, Peak.  6.65 ms (46.1x), Avg.   144 us, Total. 6.787 ms (0.0%)
[Performance] HubClient.Tick                                                                                                                       :       47 samples, Peak.  4.83 us (7.5x), Avg.   643 ns, Total. 30.21 us (0.0%)
[Performance] AssetDatabase.Tick                                                                                                                   :       47 samples, Peak.  48.1 us (39.3x), Avg.  1.22 us, Total. 57.54 us (0.0%)
[Performance] SceneBackgroundTask.Tick                                                                                                             :       34 samples, Peak.   750 ns (3.1x), Avg.   240 ns, Total. 8.167 us (0.0%)
[Performance] Scheduler.Tick                                                                                                                       :      371 samples, Peak.  1.93 ms (124.2x), Avg.  15.5 us, Total. 5.761 ms (0.0%)
[Performance] RepaintAllProfilerWindows                                                                                                            :       15 samples, Peak.   284 us (7.4x), Avg.  38.3 us, Total. 574.2 us (0.0%)
[Performance] PlayerUpdates.Tick                                                                                                                   :       86 samples, Peak.  25.0 us (4.2x), Avg.  5.95 us, Total. 511.9 us (0.0%)
[Performance] Application.TickGlobalCallbacks                                                                                                      :     3695 samples, Peak.  39.2 ms (1116.8x), Avg.  35.1 us, Total. 129.8 ms (0.4%)
[Performance] CoreBusinessMetrics.Tick                                                                                                             :        1 samples, Peak.  41.4 us (1.0x), Avg.  41.4 us, Total. 41.42 us (0.0%)
[Performance] EditorAnalytics.Tick                                                                                                                 :       23 samples, Peak.  8.58 us (7.8x), Avg.  1.10 us, Total. 25.29 us (0.0%)
[Performance] GI.Tick                                                                                                                              :        4 samples, Peak.  1.48 ms (2.9x), Avg.   502 us, Total. 2.008 ms (0.0%)
[Performance] Video.Update                                                                                                                         :     3695 samples, Peak.  43.5 us (318.3x), Avg.   137 ns, Total. 504.9 us (0.0%)
[Performance] UnitySynchronization.ExecuteTasks                                                                                                    :        4 samples, Peak.  22.2 us (2.9x), Avg.  7.73 us, Total. 30.92 us (0.0%)
[Performance] Application.TickPreloadManager                                                                                                       :        5 samples, Peak.  12.4 us (1.9x), Avg.  6.40 us, Total. 32.00 us (0.0%)
[Performance] Application.TickProgress                                                                                                             :     3695 samples, Peak.  2.99 ms (3079.8x), Avg.   971 ns, Total. 3.589 ms (0.0%)
[Performance] Application.TickSceneTracker                                                                                                         :     3695 samples, Peak.  1.19 s (1466.7x), Avg.   812 us, Total. 3.001 s (9.1%)
[Performance] EditorApplication.update                                                                                                             :     3695 samples, Peak.  1.19 s (1475.7x), Avg.   807 us, Total. 2.983 s (9.0%)
[Performance] EditorApplication.update: UnityEditor.TestTools.TestRunner.CommandLineTest.TestStarter.UpdateWatch                                   :        1 samples, Peak.  16.3 ms (1.0x), Avg.  16.3 ms, Total. 16.34 ms (0.0%)
[Performance] EditorApplication.update: com.IvanMurzak.Unity.MCP.Editor.DependencyResolver.NuGetDependencyResolver.ResolveOnce                     :        2 samples, Peak.   922 ms (1.5x), Avg.   609 ms, Total. 1.217 s (3.7%)
[Performance] EditorApplication.update: com.IvanMurzak.Unity.MCP.Editor.Utils.ScriptUtils.ProcessPendingNotificationsOnce                          :        2 samples, Peak.   835 us (1.1x), Avg.   747 us, Total. 1.493 ms (0.0%)
[Performance] EditorApplication.update: com.IvanMurzak.Unity.MCP.Editor.Utils.PackageUtils.ProcessPendingNotificationsOnce                         :        2 samples, Peak.   396 us (1.0x), Avg.   384 us, Total. 768.8 us (0.0%)
[Performance] EditorApplication.update: com.IvanMurzak.Unity.MCP.Editor.McpServerManager.CheckExistingProcess                                      :        2 samples, Peak.  1.00 ms (1.1x), Avg.   929 us, Total. 1.857 ms (0.0%)
[Performance] EditorApplication.update: com.IvanMurzak.Unity.MCP.Editor.McpServerManager.StartServerIfNeeded                                       :        2 samples, Peak.   733 us (1.1x), Avg.   675 us, Total. 1.350 ms (0.0%)
[Performance] EditorApplication.update: UnityEngine.Rendering.ProbeSubdivisionContext+RealtimeProbeSubdivisionDebug.UpdateRealtimeSubdivisionDebug :     3695 samples, Peak.  3.59 ms (1628.4x), Avg.  2.21 us, Total. 8.155 ms (0.0%)
[Performance] EditorApplication.update: Unity.PlasticSCM.Editor.Hub.ProcessHubCommand.RunOnceWhenAccessTokenIsInitialized                          :     3695 samples, Peak.   190 us (347.2x), Avg.   548 ns, Total. 2.026 ms (0.0%)
[Performance] EditorApplication.update: callback in Unity.PlasticSCM.Editor.Execute                                                                :        2 samples, Peak.   760 us (1.0x), Avg.   743 us, Total. 1.485 ms (0.0%)
[Performance] EditorApplication.update: UnityEditor.Timeline.SampleDependencyImporter+PackageChecker.WaitForRequestToComplete                      :        2 samples, Peak.  3.48 ms (1.1x), Avg.  3.22 ms, Total. 6.439 ms (0.0%)
[Performance] EditorApplication.update: Unity.Cinemachine.Editor.SampleDependencyImporter+PackageChecker.WaitForRequestToComplete                  :        2 samples, Peak.  2.95 ms (1.0x), Avg.  2.86 ms, Total. 5.720 ms (0.0%)
[Performance] EditorApplication.update: callback in UnityEditor.Rendering.Universal.MaterialReimporter                                             :     3695 samples, Peak.  1.86 ms (1428.8x), Avg.  1.30 us, Total. 4.816 ms (0.0%)
[Performance] EditorApplication.update: UnityEditor.PackageManager.UI.Internal.ApplicationProxy.OnUpdate                                           :     3695 samples, Peak.   762 us (610.2x), Avg.  1.25 us, Total. 4.616 ms (0.0%)
[Performance] EditorApplication.update: UnityEditor.SceneManagement.StageNavigationManager.Update                                                  :     3695 samples, Peak.   424 us (979.0x), Avg.   433 ns, Total. 1.600 ms (0.0%)
[Performance] Package.AsyncRequest                                                                                                                 :        2 samples, Peak.   773 us (1.1x), Avg.   730 us, Total. 1.459 ms (0.0%)
[Performance] ConsoleLog.Tick                                                                                                                      :       27 samples, Peak.   243 us (12.2x), Avg.  19.9 us, Total. 538.3 us (0.0%)
[Performance] HierarchyWindow.Tick                                                                                                                 :       34 samples, Peak.  31.5 ms (25.5x), Avg.  1.24 ms, Total. 42.03 ms (0.1%)
[Performance] EditorApplication.hierarchyChanged: Unity.UIElements.Editor.UIDocumentHierarchyWatcher.OnHierarchyChanged                            :       17 samples, Peak.   280 us (10.1x), Avg.  27.7 us, Total. 471.0 us (0.0%)
[Performance] EditorApplication.hierarchyChanged: UnityEditor.Tilemaps.SceneViewGridManager.UpdateCache                                            :       17 samples, Peak.  30.4 ms (16.6x), Avg.  1.83 ms, Total. 31.09 ms (0.1%)
[Performance] EditorApplication.hierarchyChanged: UnityEditor.Tilemaps.SceneViewOpenTilePaletteHelper.SelectionChanged                             :       17 samples, Peak.  20.2 us (4.6x), Avg.  4.39 us, Total. 74.62 us (0.0%)
[Performance] EditorApplication.hierarchyChanged: UnityEditor.Tilemaps.GridPaintingState.HierarchyChanged                                          :       17 samples, Peak.   198 us (8.4x), Avg.  23.7 us, Total. 402.4 us (0.0%)
[Performance] Inspector.Tick                                                                                                                       :       34 samples, Peak.   169 ms (20.1x), Avg.  8.40 ms, Total. 285.5 ms (0.9%)
[Performance] EditorApplication.delayCall: UnityEditor.ShortcutManagement.ShortcutIntegration.EnsureShortcutsAreInitialized                        :        2 samples, Peak.  35.5 ms (1.1x), Avg.  31.2 ms, Total. 62.31 ms (0.2%)
[Performance] EditorApplication.delayCall: SpriteApplyValidator.MaybeRun                                                                           :        2 samples, Peak.   237 us (1.1x), Avg.   218 us, Total. 435.9 us (0.0%)
[Performance] EditorApplication.delayCall: ReadmeEditor.SelectReadmeAutomatically                                                                  :        2 samples, Peak.  24.0 ms (2.0x), Avg.  12.0 ms, Total. 24.04 ms (0.1%)
[Performance] EditorApplication.delayCall: callback in UnityEngine.InputSystem.EnhancedTouch.TouchSimulation                                       :        2 samples, Peak.   635 us (1.9x), Avg.   343 us, Total. 685.7 us (0.0%)
[Performance] EditorApplication.delayCall: UnityEngine.InputSystem.InputSystem.SetUpRemotingInternal                                               :        2 samples, Peak.  6.76 ms (1.9x), Avg.  3.59 ms, Total. 7.181 ms (0.0%)
[Performance] EditorApplication.delayCall: UnityEngine.InputSystem.InputSystem.ShowRestartWarning                                                  :        2 samples, Peak.  6.85 ms (2.0x), Avg.  3.47 ms, Total. 6.946 ms (0.0%)
[Performance] EditorApplication.delayCall: com.IvanMurzak.Unity.MCP.Editor.Utils.UpdateChecker.CheckForUpdatesOnStartup                            :        2 samples, Peak.  7.36 ms (1.1x), Avg.  6.79 ms, Total. 13.59 ms (0.0%)
[Performance] EditorApplication.delayCall: callback in UnityEditor.Purchasing.UnityPurchasingEditor                                                :        2 samples, Peak.  1.71 ms (1.6x), Avg.  1.06 ms, Total. 2.113 ms (0.0%)
[Performance] EditorApplication.delayCall: UnityEditor.ProBuilder.VersionValidator.ValidateVersion                                                 :        2 samples, Peak.  3.93 ms (1.1x), Avg.  3.63 ms, Total. 7.254 ms (0.0%)
[Performance] EditorApplication.delayCall: callback in UnityEditor.ProBuilder.LogPreferences                                                       :        2 samples, Peak.  1.67 ms (1.0x), Avg.  1.63 ms, Total. 3.251 ms (0.0%)
[Performance] EditorApplication.delayCall: callback in UnityEditor.AI.NavMeshEditorHelpers                                                         :        2 samples, Peak.  59.5 us (1.3x), Avg.  46.4 us, Total. 92.75 us (0.0%)
[Performance] EditorApplication.delayCall: callback in UnityEditor.EditorTools.ToolShortcutContext                                                 :        2 samples, Peak.   903 us (1.5x), Avg.   595 us, Total. 1.191 ms (0.0%)
[Performance] EditorApplication.delayCall: callback in UnityEditor.SceneVisibilityManager                                                          :        2 samples, Peak.   138 us (1.4x), Avg.  99.8 us, Total. 199.5 us (0.0%)
[Performance] EditorApplication.delayCall: callback in UnityEditor.EditorWindow                                                                    :        2 samples, Peak.  41.9 us (1.3x), Avg.  33.5 us, Total. 66.92 us (0.0%)
[Performance] EditorApplication.delayCall: callback in UnityEditor.ProBuilder.HierarchyListener                                                    :        2 samples, Peak.  78.6 ms (1.0x), Avg.  77.6 ms, Total. 155.1 ms (0.5%)
[Performance] EditorApplication.delayCall: UnityEditor.EditorTools.EditorToolContext.Activate                                                      :        2 samples, Peak.  35.9 us (1.9x), Avg.  18.9 us, Total. 37.88 us (0.0%)
[Performance] Tooltip.Tick                                                                                                                         :       84 samples, Peak.   194 us (57.5x), Avg.  3.38 us, Total. 284.1 us (0.0%)
[Performance] Application.RequestRepaintForPanels                                                                                                  :     3695 samples, Peak.   378 us (356.3x), Avg.  1.06 us, Total. 3.923 ms (0.0%)
[Performance] Application.UpdateScene                                                                                                              :     3694 samples, Peak.  2.35 s (1092.6x), Avg.  2.15 ms, Total. 7.948 s (24.0%)
[Performance] Inspector.InitOrRebuild                                                                                                              :        3 samples, Peak.  7.32 ms (2.0x), Avg.  3.58 ms, Total. 10.73 ms (0.0%)
[Performance] Selection.selectionChanged: UnityEditor.PackageManager.UI.Internal.SelectionProxy.OnSelectionChanged                                 :        2 samples, Peak.   335 us (1.6x), Avg.   204 us, Total. 407.7 us (0.0%)
[Performance] Selection.selectionChanged: UnityEditorInternal.EditMode.OnSelectionChange                                                           :        2 samples, Peak.   133 us (2.0x), Avg.  67.5 us, Total. 134.9 us (0.0%)
[Performance] Selection.selectionChanged: UnityEditor.Splines.SplineDataReorderableListUtility.ClearReorderableLists                               :        2 samples, Peak.  74.0 us (2.0x), Avg.  37.3 us, Total. 74.67 us (0.0%)
[Performance] Selection.selectionChanged: UnityEditor.ProBuilder.MeshSelection.OnObjectSelectionChanged                                            :        2 samples, Peak.  6.46 us (1.1x), Avg.  5.69 us, Total. 11.38 us (0.0%)
[Performance] Selection.selectionChanged: Unity.Cinemachine.Editor.InspectorUtility.<.cctor>g__OnUserDidSomething|8_0                              :        2 samples, Peak.  43.6 us (2.0x), Avg.  22.0 us, Total. 43.92 us (0.0%)
[Performance] Selection.selectionChanged: UnityEditor.Tilemaps.SceneViewGridManager.UpdateCache                                                    :        2 samples, Peak.  2.29 us (1.0x), Avg.  2.29 us, Total. 4.582 us (0.0%)
[Performance] Selection.selectionChanged: UnityEditor.Tilemaps.SceneViewOpenTilePaletteHelper.SelectionChanged                                     :        2 samples, Peak.  6.13 us (1.8x), Avg.  3.35 us, Total. 6.708 us (0.0%)
[Performance] Selection.selectionChanged: UnityEditor.Tilemaps.GridPaintingState.OnSelectionChange                                                 :        2 samples, Peak.   123 us (2.0x), Avg.  62.1 us, Total. 124.1 us (0.0%)
[Performance] Application.UpdateTextureStreaming                                                                                                   :        5 samples, Peak.   292 ns (1.6x), Avg.   184 ns, Total. 919.0 ns (0.0%)
[Performance] Application.UpdateVideoTextures                                                                                                      :        5 samples, Peak.   250 ns (2.1x), Avg.   117 ns, Total. 583.0 ns (0.0%)
[Performance] PackageImporter.Tick                                                                                                                 :       25 samples, Peak.  1.75 us (4.1x), Avg.   425 ns, Total. 10.63 us (0.0%)
[Performance] InspectorBackground.Tick                                                                                                             :       32 samples, Peak.  1.42 us (5.7x), Avg.   249 ns, Total. 7.959 us (0.0%)
[Performance] BurstDebug.Tick                                                                                                                      :       13 samples, Peak.  1.38 us (2.0x), Avg.   689 ns, Total. 8.958 us (0.0%)
[Performance] Application.ChangeLayoutIfNeeded                                                                                                     :     3694 samples, Peak.   417 ns (14.0x), Avg.  29.9 ns, Total. 110.3 us (0.0%)
[Performance] AsyncReadManager.ForceCloseFiles                                                                                                     :        8 samples, Peak.  51.7 us (1.8x), Avg.  28.4 us, Total. 227.2 us (0.0%)
[Performance] EditorApplication.update: UnityEditor.TestTools.TestRunner.TestRun.TestJobRunner.ExecuteStep                                         :        6 samples, Peak.  1.19 s (6.0x), Avg.   199 ms, Total. 1.193 s (3.6%)
[Performance] GUIView.RepaintAll.RepaintScene                                                                                                      :        2 samples, Peak.   500 ns (1.1x), Avg.   458 ns, Total. 916.0 ns (0.0%)
[Performance] PaletteAssetModificationProcessor.OnWillSaveAssets                                                                                   :        3 samples, Peak.   247 us (1.8x), Avg.   138 us, Total. 413.6 us (0.0%)
[Performance] StateMacroSavedEvent.OnWillSaveAssets                                                                                                :        3 samples, Peak.   737 us (2.5x), Avg.   293 us, Total. 877.9 us (0.0%)
[Performance] FlowMacroSavedEvent.OnWillSaveAssets                                                                                                 :        3 samples, Peak.  1.15 ms (2.7x), Avg.   423 us, Total. 1.269 ms (0.0%)
[Performance] UnityCloudProjectLinkMonitor.OnWillSaveAssets                                                                                        :        3 samples, Peak.  1.82 ms (1.6x), Avg.  1.11 ms, Total. 3.343 ms (0.0%)
[Performance] UVCSAssetModificationProcessor.OnWillSaveAssets                                                                                      :        3 samples, Peak.  1.61 ms (2.5x), Avg.   633 us, Total. 1.899 ms (0.0%)
[Performance] BuilderAssetModificationProcessor.OnWillSaveAssets                                                                                   :        3 samples, Peak.   687 us (1.9x), Avg.   362 us, Total. 1.085 ms (0.0%)
[Performance] TerrainModificationProcessor.OnWillSaveAssets                                                                                        :        3 samples, Peak.  2.12 ms (2.4x), Avg.   894 us, Total. 2.683 ms (0.0%)
[Performance] EditorSceneManager.sceneSaving: UnityEditor.SceneTemplate.SceneTemplateService.OnSceneSaving                                         :        1 samples, Peak.   221 us (1.0x), Avg.   221 us, Total. 221.5 us (0.0%)
[Performance] EditorSceneManager.sceneSaving: UnityEditor.SceneVisibilityManager.EditorSceneManagerOnSceneSaving                                   :        1 samples, Peak.  96.1 us (1.0x), Avg.  96.1 us, Total. 96.08 us (0.0%)
[Performance] PaletteAssetModificationProcessor.OnWillCreateAsset                                                                                  :        2 samples, Peak.  58.4 us (1.8x), Avg.  32.8 us, Total. 65.54 us (0.0%)
[Performance] MaterialModificationProcessor.OnWillCreateAsset                                                                                      :        4 samples, Peak.   168 us (2.1x), Avg.  81.9 us, Total. 327.4 us (0.0%)
[Performance] BuilderAssetModificationProcessor.OnWillCreateAsset                                                                                  :        2 samples, Peak.   137 us (1.7x), Avg.  78.7 us, Total. 157.4 us (0.0%)
[Performance] AssetDatabase.ImportAsset                                                                                                            :        1 samples, Peak.  80.9 ms (1.0x), Avg.  80.9 ms, Total. 80.93 ms (0.2%)
[Performance] EditorApplication.projectChanged: UnityEditor.Audio.MixerEffectDefinitionReloader.OnProjectChanged                                   :        2 samples, Peak.   605 us (1.2x), Avg.   522 us, Total. 1.045 ms (0.0%)
[Performance] EditorApplication.projectChanged: UnityEngine.InputSystem.LowLevel.NativeInputRuntime.OnProjectChanged                               :        2 samples, Peak.  1.50 ms (1.6x), Avg.   912 us, Total. 1.824 ms (0.0%)
[Performance] EditorSceneManager.sceneSaved: UnityEditor.SceneTemplate.SceneTemplateService.OnSceneSaved                                           :        1 samples, Peak.  55.4 ms (1.0x), Avg.  55.4 ms, Total. 55.44 ms (0.2%)
[Performance] EditorSceneManager.sceneSaved: UnityEditor.SceneVisibilityManager.EditorSceneManagerOnSceneSaved                                     :        1 samples, Peak.   274 us (1.0x), Avg.   274 us, Total. 273.7 us (0.0%)
[Performance] ObjectChangeEvents.changesPublished: UnityEditor.PrefabInstanceChangedListener.OnObjectChanged                                       :        1 samples, Peak.   624 us (1.0x), Avg.   624 us, Total. 623.7 us (0.0%)
[Performance] ObjectChangeEvents.changesPublished: UnityEditor.Splines.SplineExtrudeUtility.ObjectEventChangesPublished                            :        1 samples, Peak.   108 us (1.0x), Avg.   108 us, Total. 108.4 us (0.0%)
[Performance] ObjectChangeEvents.changesPublished: UnityEditor.ProBuilder.HierarchyListener.ObjectEventChangesPublished                            :        1 samples, Peak.   172 us (1.0x), Avg.   172 us, Total. 171.7 us (0.0%)
[Performance] ObjectChangeEvents.changesPublished: Unity.Cinemachine.Editor.InspectorUtility.<.cctor>g__OnUserDidSomethingStream|8_1               :        1 samples, Peak.  32.4 us (1.0x), Avg.  32.4 us, Total. 32.37 us (0.0%)
[Performance] EditorApplication.update: UnityEditor.TestTools.TestRunner.PlaymodeLauncher.UpdateCallback                                           :        2 samples, Peak.   503 ms (2.0x), Avg.   254 ms, Total. 508.1 ms (1.5%)
[Performance] EditorApplication.playModeStateChanged                                                                                               :        2 samples, Peak.   180 ms (1.9x), Avg.  92.1 ms, Total. 184.2 ms (0.6%)
[Performance] EditorApplication.playModeStateChanged: UnityEditor.ObjectPool.PoolManager.OnEditorStateChange                                       :        3 samples, Peak.   138 us (1.5x), Avg.  90.4 us, Total. 271.2 us (0.0%)
[Performance] EditorApplication.playModeStateChanged: UnityEditor.PackageManager.UI.Internal.PlayModeDownload.PlayModeStateChanged                 :        3 samples, Peak.   902 us (2.6x), Avg.   343 us, Total. 1.030 ms (0.0%)
[Performance] EditorApplication.playModeStateChanged: Unity.Burst.Editor.BurstLoader.EditorApplicationOnPlayModeStateChanged                       :        3 samples, Peak.   172 us (1.6x), Avg.   109 us, Total. 327.2 us (0.0%)
[Performance] EditorApplication.playModeStateChanged: UnityEngine.InputSystem.LowLevel.NativeInputRuntime.OnPlayModeStateChanged                   :        3 samples, Peak.   507 us (1.7x), Avg.   291 us, Total. 874.1 us (0.0%)
[Performance] EditorApplication.playModeStateChanged: UnityEditor.TestTools.TestRunner.PlaymodeLauncher+BackgroundWatcher.OnPlayModeStateChanged   :        3 samples, Peak.   176 ms (3.0x), Avg.  58.9 ms, Total. 176.7 ms (0.5%)
[Performance] EditorApplication.playModeStateChanged: com.IvanMurzak.Unity.MCP.Editor.Startup.OnPlayModeStateChanged                               :        3 samples, Peak.   403 us (1.0x), Avg.   399 us, Total. 1.197 ms (0.0%)
[Performance] EditorApplication.playModeStateChanged: UnityEngine.Rendering.Universal.ShadowCasterGroup2DManager.OnPlayModeStateChanged            :        3 samples, Peak.  75.7 us (1.6x), Avg.  47.0 us, Total. 141.0 us (0.0%)
[Performance] EditorApplication.playModeStateChanged: callback in UnityEditor.ProBuilder.EntityVisibility                                          :        3 samples, Peak.   123 us (1.6x), Avg.  75.4 us, Total. 226.2 us (0.0%)
[Performance] EditorApplication.playModeStateChanged: Unity.Cinemachine.Editor.CinemachineEditorAnalytics.SendAnalyticsOnPlayEnter                 :        3 samples, Peak.   190 us (1.9x), Avg.   103 us, Total. 307.9 us (0.0%)
[Performance] EditorApplication.playModeStateChanged: Unity.Cinemachine.Editor.SaveDuringPlay.OnPlayStateChanged                                   :        3 samples, Peak.  89.8 us (1.7x), Avg.  54.2 us, Total. 162.6 us (0.0%)
[Performance] EditorApplication.playModeStateChanged: UnityEngine.Purchasing.WebshopService.Scheduler.EngineStateHelper.ModeChanged                :        5 samples, Peak.  48.0 us (3.2x), Avg.  14.8 us, Total. 74.08 us (0.0%)
[Performance] EditorApplication.playModeStateChanged: UnityEngine.Purchasing.LiveContentAdapterService.Scheduler.EngineStateHelper.ModeChanged     :        5 samples, Peak.  41.6 us (3.3x), Avg.  12.6 us, Total. 62.83 us (0.0%)
[Performance] EditorApplication.playModeStateChanged: Unity.Services.Core.Editor.ActionSchedulerCleaner.OnPlayModeStateChanged                     :        3 samples, Peak.  1.01 ms (2.1x), Avg.   469 us, Total. 1.408 ms (0.0%)
[Performance] EditorApplication.playModeStateChanged: UnityEngine.Purchasing.PaymentProviderService.Scheduler.EngineStateHelper.ModeChanged        :        5 samples, Peak.  64.9 us (3.7x), Avg.  17.3 us, Total. 86.63 us (0.0%)
[Performance] EditorApplication.playModeStateChanged: Unity.Services.Core.Environments.Client.Scheduler.EngineStateHelper.ModeChanged              :        5 samples, Peak.  67.8 us (3.5x), Avg.  19.4 us, Total. 97.08 us (0.0%)
[Performance] EditorApplication.playModeStateChanged: UnityEditor.SceneManagement.EditorSceneManager.PlayModeStateChangedCallback                  :        3 samples, Peak.  59.9 us (2.0x), Avg.  29.9 us, Total. 89.67 us (0.0%)
[Performance] EditorApplication.playModeStateChanged: UnityEditor.PackageManager.UI.Internal.ApplicationProxy.PlayModeStateChanged                 :        3 samples, Peak.   163 us (1.6x), Avg.   102 us, Total. 305.5 us (0.0%)
[Performance] EditorApplication.playModeStateChanged: UnityEditor.SceneVisibilityManager.EditorApplicationPlayModeStateChanged                     :        3 samples, Peak.  32.6 us (1.5x), Avg.  21.1 us, Total. 63.29 us (0.0%)
[Performance] EditorApplication.playModeStateChanged: UnityEditor.TestTools.TestRunner.TestRunnerWindow.OnPlayModeStateChanged                     :        3 samples, Peak.  97.6 us (1.6x), Avg.  60.1 us, Total. 180.3 us (0.0%)
[Performance] EditorApplication.playModeStateChanged: UnityEditor.Tilemaps.GridPaintingState.PlayModeStateChanged                                  :        3 samples, Peak.  90.2 us (1.8x), Avg.  51.3 us, Total. 153.8 us (0.0%)
[Performance] Application.EnterPlayMode                                                                                                            :        1 samples, Peak.  3.96 s (1.0x), Avg.  3.96 s, Total. 3.965 s (12.0%)
[Performance] Application.Reload                                                                                                                   :        1 samples, Peak.  3.31 s (1.0x), Avg.  3.31 s, Total. 3.308 s (10.0%)
[Performance] AssemblyReloadEvents.beforeAssemblyReload: com.IvanMurzak.Unity.MCP.Editor.Startup.OnBeforeAssemblyReload                            :        1 samples, Peak.  19.6 ms (1.0x), Avg.  19.6 ms, Total. 19.65 ms (0.1%)
[Performance] AssemblyReloadEvents.beforeAssemblyReload: UnityEditor.SettingsManagement.FileSettingsRepository.Save                                :        1 samples, Peak.  1.36 ms (1.0x), Avg.  1.36 ms, Total. 1.360 ms (0.0%)
[Performance] AssemblyReloadEvents.beforeAssemblyReload: UnityEditor.ProBuilder.SceneDragAndDropListener.OnBeforeAssemblyReload                    :        1 samples, Peak.   168 us (1.0x), Avg.   168 us, Total. 167.6 us (0.0%)
[Performance] AssemblyReloadEvents.beforeAssemblyReload: UnityEditor.Rendering.Analytics.DebugManagerWindowLifetimeAnalytic.OnBeforeAssemblyReload :        1 samples, Peak.   315 us (1.0x), Avg.   315 us, Total. 315.0 us (0.0%)
[Performance] AssemblyReloadEvents.beforeAssemblyReload: UnityEditor.EditorTools.EditorToolManager.BeforeAssemblyReload                            :        1 samples, Peak.   113 us (1.0x), Avg.   113 us, Total. 113.3 us (0.0%)
[Performance] TimelineAnalyticsProcess.OnProcessScene                                                                                              :        3 samples, Peak.  1.29 ms (2.8x), Avg.   466 us, Total. 1.397 ms (0.0%)
[Performance] UnityBuildPostprocessor.OnProcessScene                                                                                               :        3 samples, Peak.   177 us (2.7x), Avg.  66.2 us, Total. 198.5 us (0.0%)
[Performance] AttributeCallbackWrapper.OnProcessScene                                                                                              :        6 samples, Peak.  66.9 ms (3.9x), Avg.  17.2 ms, Total. 103.3 ms (0.3%)
[Performance] EditorApplication.playModeStateChanged: UnityEngine.InputSystem.Editor.InputExitPlayModeAnalytic.OnPlayModeStateChange               :        2 samples, Peak.  1.47 ms (1.9x), Avg.   766 us, Total. 1.532 ms (0.0%)
[Performance] EditorApplication.delayCall: UnityEditor.EditorTools.EditorTool.Activate                                                             :        1 samples, Peak.  86.0 us (1.0x), Avg.  86.0 us, Total. 86.00 us (0.0%)
[Performance] SceneDataContainer.TransformHierarchyChangedSetParentCallback                                                                        :     2775 samples, Peak.  16.5 us (59.5x), Avg.   277 ns, Total. 767.4 us (0.0%)
[Performance] SceneVisibilityState.IsFlagSetInParents                                                                                              :     6348 samples, Peak.  3.79 us (26.3x), Avg.   144 ns, Total. 914.3 us (0.0%)
[Performance] AssetDatabase.DeleteAssets                                                                                                           :        1 samples, Peak.   161 ms (1.0x), Avg.   161 ms, Total. 160.6 ms (0.5%)
[Performance] InputActionAssetModificationProcessor.OnWillDeleteAsset                                                                              :        1 samples, Peak.   724 us (1.0x), Avg.   724 us, Total. 724.0 us (0.0%)
[Performance] BuilderAssetModificationProcessor.OnWillDeleteAsset                                                                                  :        1 samples, Peak.  1.18 ms (1.0x), Avg.  1.18 ms, Total. 1.176 ms (0.0%)
[Performance] TMP_FontAssetPostProcessor.OnWillDeleteAsset                                                                                         :        1 samples, Peak.  2.16 ms (1.0x), Avg.  2.16 ms, Total. 2.161 ms (0.0%)
[Performance] CancelSplashScreenOnAssetDelete.OnWillDeleteAsset                                                                                    :        1 samples, Peak.   425 us (1.0x), Avg.   425 us, Total. 424.8 us (0.0%)
[Performance] EditorApplication.playModeStateChanged: UnityEditor.TestTools.TestRunner.TestRunnerCallback.OnPlayModeStateChanged                   :        1 samples, Peak.   188 us (1.0x), Avg.   188 us, Total. 188.1 us (0.0%)
[Performance] Application.Shutdown.SaveDefaultWindowPreferences                                                                                    :        1 samples, Peak.   140 us (1.0x), Avg.   140 us, Total. 140.4 us (0.0%)
[Performance] Application.Shutdown.SaveSceneManagerSetup                                                                                           :        1 samples, Peak.   587 us (1.0x), Avg.   587 us, Total. 586.6 us (0.0%)
[Performance] Application.Shutdown.CleanupAllContainerWindows                                                                                      :        1 samples, Peak.  2.42 us (1.0x), Avg.  2.42 us, Total. 2.416 us (0.0%)
[Performance] EditorApplication.quitting: Unity.Burst.Editor.BurstLoader.OnEditorApplicationQuitting                                               :        1 samples, Peak.  49.0 us (1.0x), Avg.  49.0 us, Total. 48.96 us (0.0%)
[Performance] EditorApplication.quitting: com.IvanMurzak.Unity.MCP.Editor.McpServerManager.OnEditorQuitting                                        :        1 samples, Peak.   382 us (1.0x), Avg.   382 us, Total. 381.6 us (0.0%)
[Performance] EditorApplication.quitting: UnityEditor.SettingsManagement.FileSettingsRepository.Save                                               :        1 samples, Peak.  1.44 ms (1.0x), Avg.  1.44 ms, Total. 1.440 ms (0.0%)
[Performance] EditorApplication.quitting: UnityEditor.Tilemaps.SceneViewGridManager.EditorQuitting                                                 :        1 samples, Peak.   118 us (1.0x), Avg.   118 us, Total. 118.2 us (0.0%)
[Performance] EditorApplication.quitting: UnityEditor.ProBuilder.ProBuilderSettings.Save                                                           :        1 samples, Peak.   407 us (1.0x), Avg.   407 us, Total. 407.1 us (0.0%)
[Performance] EditorApplication.quitting: callback in UnityEditor.TextCore.Text.EditorEventCallbacks                                               :        1 samples, Peak.  39.3 ms (1.0x), Avg.  39.3 ms, Total. 39.34 ms (0.1%)
[Performance] Application.Shutdown.PauseProfilerSession                                                                                            :        1 samples, Peak.  21.1 us (1.0x), Avg.  21.1 us, Total. 21.13 us (0.0%)
[Performance] Application.Shutdown.PauseAssetImportWorkers                                                                                         :        1 samples, Peak.   125 us (1.0x), Avg.   125 us, Total. 124.8 us (0.0%)
[Performance] Application.Shutdown.SaveAssets                                                                                                      :        1 samples, Peak.  12.3 ms (1.0x), Avg.  12.3 ms, Total. 12.32 ms (0.0%)
[Performance] Application.Shutdown.CleanupRenderPipeline                                                                                           :        1 samples, Peak.  16.2 us (1.0x), Avg.  16.2 us, Total. 16.21 us (0.0%)
[Performance] Application.Shutdown.StopPreloadManager                                                                                              :        1 samples, Peak.  10.2 ms (1.0x), Avg.  10.2 ms, Total. 10.23 ms (0.0%)
[Performance] Application.Shutdown.DestroyWorld                                                                                                    :        1 samples, Peak.  9.68 ms (1.0x), Avg.  9.68 ms, Total. 9.681 ms (0.0%)
[Performance] Application.Shutdown.CleanupAfterLoad                                                                                                :        1 samples, Peak.   546 ms (1.0x), Avg.   546 ms, Total. 546.5 ms (1.7%)
[Performance] Application.Shutdown.Progress                                                                                                        :        1 samples, Peak.  13.1 us (1.0x), Avg.  13.1 us, Total. 13.08 us (0.0%)
[Performance] Application.Shutdown.GICleanupManagers                                                                                               :        1 samples, Peak.  4.19 ms (1.0x), Avg.  4.19 ms, Total. 4.193 ms (0.0%)
[Performance] Application.Shutdown.MenuCleanupClass                                                                                                :        1 samples, Peak.   492 us (1.0x), Avg.   492 us, Total. 492.3 us (0.0%)
[Performance] Application.Shutdown.ADBSaveStateBeforeShutdown                                                                                      :        1 samples, Peak.   106 us (1.0x), Avg.   106 us, Total. 105.6 us (0.0%)
[Performance] Application.Shutdown.RemoteShutdown                                                                                                  :        1 samples, Peak.   791 ns (1.0x), Avg.   791 ns, Total. 791.0 ns (0.0%)
[Performance] Application.Shutdown.CleanupVCProvider                                                                                               :        1 samples, Peak.   238 us (1.0x), Avg.   238 us, Total. 237.5 us (0.0%)
[Performance] Application.Shutdown.InputShutdown                                                                                                   :        1 samples, Peak.   187 us (1.0x), Avg.   187 us, Total. 187.2 us (0.0%)
[Performance] Application.Shutdown.GizmoManagerDestroy                                                                                             :        1 samples, Peak.   613 us (1.0x), Avg.   613 us, Total. 613.5 us (0.0%)
[Performance] Application.Shutdown.ProfilerSession                                                                                                 :        1 samples, Peak.  2.81 ms (1.0x), Avg.  2.81 ms, Total. 2.811 ms (0.0%)
[Performance] Application.Shutdown.ReleaseGfxWindowOnAllGUIViews                                                                                   :        1 samples, Peak.   459 ns (1.0x), Avg.   459 ns, Total. 459.0 ns (0.0%)
[Performance] Application.Shutdown.CleanupEngine                                                                                                   :        1 samples, Peak.   146 ms (1.0x), Avg.   146 ms, Total. 146.3 ms (0.4%)
[Performance] Application.Shutdown.CleanupAssetDatabase                                                                                            :        1 samples, Peak.  9.76 ms (1.0x), Avg.  9.76 ms, Total. 9.757 ms (0.0%)
[Performance] Application.Shutdown.ScriptCompilationCleanUp                                                                                        :        1 samples, Peak.  72.9 us (1.0x), Avg.  72.9 us, Total. 72.92 us (0.0%)
[Performance] Application.Shutdown.DestroyJobSystem                                                                                                :        1 samples, Peak.   293 us (1.0x), Avg.   293 us, Total. 292.7 us (0.0%)
[Performance] Application.Shutdown.CleanupPersistentManager                                                                                        :        1 samples, Peak.  2.15 ms (1.0x), Avg.  2.15 ms, Total. 2.154 ms (0.0%)
[Performance] Application.Shutdown.CleanupAsyncReadManager                                                                                         :        1 samples, Peak.   518 us (1.0x), Avg.   518 us, Total. 518.2 us (0.0%)
[Performance] Application.Shutdown.CleanupMono                                                                                                     :        1 samples, Peak.   290 ms (1.0x), Avg.   290 ms, Total. 290.0 ms (0.9%)
[Performance] Application.Shutdown.CleanupStdConverters                                                                                            :        1 samples, Peak.   236 us (1.0x), Avg.   236 us, Total. 236.3 us (0.0%)
[Performance] Application.Shutdown.UnloadAllPlatformSupportModuleNativeDlls                                                                        :        1 samples, Peak.   583 ns (1.0x), Avg.   583 ns, Total. 583.0 ns (0.0%)
[Performance] Application.Shutdown.UnloadAllPlatformSupportNativeLibraries                                                                         :        1 samples, Peak.  83.0 ns (1.0x), Avg.  83.0 ns, Total. 83.00 ns (0.0%)
[Performance] Application.Shutdown.CleanupAutoDocumentation                                                                                        :        1 samples, Peak.   130 us (1.0x), Avg.   130 us, Total. 129.7 us (0.0%)
[Performance] Application.Shutdown.ShaderNameManagerDestroy                                                                                        :        1 samples, Peak.   246 us (1.0x), Avg.   246 us, Total. 246.4 us (0.0%)
[Performance] Application.Shutdown.CleanupCacheServer                                                                                              :        1 samples, Peak.   375 ns (1.0x), Avg.   375 ns, Total. 375.0 ns (0.0%)
[Performance] Application.Shutdown.Virtualization_Shutdown                                                                                         :        1 samples, Peak.   333 ns (1.0x), Avg.   333 ns, Total. 333.0 ns (0.0%)
[Performance] Application.Shutdown.DevConnections                                                                                                  :        1 samples, Peak.   260 us (1.0x), Avg.   260 us, Total. 259.9 us (0.0%)
[Package Manager] Server::Kill -- Server was shutdown
Checking for leaked weakptr:
  Found no leaked weakptrs.
Memory Statistics:
[ALLOC_TEMP_TLS] TLS Allocator
  StackAllocators : 
    [ALLOC_TEMP_CurlRequest]
      Initial Block Size 64.0 KB
      Current Block Size 64.0 KB
      Peak Allocated Bytes 0 B
      Overflow Count 0
    [ALLOC_TEMP_MAIN]
      Peak usage frame count: [0-1.0 KB]: 8 frames, [4.0 KB-8.0 KB]: 1983 frames, [8.0 KB-16.0 KB]: 1409 frames, [16.0 KB-32.0 KB]: 8 frames, [32.0 KB-64.0 KB]: 278 frames, [64.0 KB-128.0 KB]: 1 frames, [4.0 MB-8.0 MB]: 1 frames, [8.0 MB-16.0 MB]: 1 frames, [16.0 MB-32.0 MB]: 3 frames
      Initial Block Size 16.0 MB
      Current Block Size 35.8 MB
      Peak Allocated Bytes 20.2 MB
      Overflow Count 0
    [ALLOC_TEMP_Background Job.Worker 8]
      Initial Block Size 32.0 KB
      Current Block Size 32.0 KB
      Peak Allocated Bytes 0 B
      Overflow Count 0
    [ALLOC_TEMP_Job.Worker 4]
      Initial Block Size 256.0 KB
      Current Block Size 256.0 KB
      Peak Allocated Bytes 33.0 KB
      Overflow Count 1
    [ALLOC_TEMP_BakingJobs.Worker 5]
      Initial Block Size 256.0 KB
      Current Block Size 256.0 KB
      Peak Allocated Bytes 0 B
      Overflow Count 0
    [ALLOC_TEMP_BakingJobs.Worker 10]
      Initial Block Size 256.0 KB
      Current Block Size 256.0 KB
      Peak Allocated Bytes 0 B
      Overflow Count 0
    [ALLOC_TEMP_Background Job.Worker 3]
      Initial Block Size 32.0 KB
      Current Block Size 32.0 KB
      Peak Allocated Bytes 0 B
      Overflow Count 0
    [ALLOC_TEMP_BatchDeleteObjects]
      Initial Block Size 64.0 KB
      Current Block Size 64.0 KB
      Peak Allocated Bytes 0 B
      Overflow Count 0
    [ALLOC_TEMP_Background Job.Worker 11]
      Initial Block Size 32.0 KB
      Current Block Size 32.0 KB
      Peak Allocated Bytes 0 B
      Overflow Count 0
    [ALLOC_TEMP_REST Message Handler]
      Initial Block Size 64.0 KB
      Current Block Size 64.0 KB
      Peak Allocated Bytes 0 B
      Overflow Count 0
    [ALLOC_TEMP_CoreBusinessMetricsCache]
      Initial Block Size 64.0 KB
      Current Block Size 64.0 KB
      Peak Allocated Bytes 7.9 KB
      Overflow Count 0
    [ALLOC_TEMP_AssetDatabase.IOService]
      Initial Block Size 64.0 KB
      Current Block Size 64.0 KB
      Peak Allocated Bytes 0 B
      Overflow Count 0
    [ALLOC_TEMP_Background Job.Worker 2]
      Initial Block Size 32.0 KB
      Current Block Size 32.0 KB
      Peak Allocated Bytes 66 B
      Overflow Count 0
    [ALLOC_TEMP_Job.Worker 10]
      Initial Block Size 256.0 KB
      Current Block Size 256.0 KB
      Peak Allocated Bytes 5.5 KB
      Overflow Count 1
    [ALLOC_TEMP_Loading.PreloadManager] x 2
      Initial Block Size 32.0 MB
      Current Block Size 32.0 MB
      Peak Allocated Bytes 3.3 MB
      Overflow Count 0
    [ALLOC_TEMP_Profiler.Dispatcher]
      Initial Block Size 64.0 KB
      Current Block Size 64.0 KB
      Peak Allocated Bytes 0 B
      Overflow Count 0
    [ALLOC_TEMP_Job.Worker 3]
      Initial Block Size 256.0 KB
      Current Block Size 256.0 KB
      Peak Allocated Bytes 33.0 KB
      Overflow Count 1
    [ALLOC_TEMP_BakingJobs.Worker 7]
      Initial Block Size 256.0 KB
      Current Block Size 256.0 KB
      Peak Allocated Bytes 0 B
      Overflow Count 0
    [ALLOC_TEMP_Background Job.Worker 5]
      Initial Block Size 32.0 KB
      Current Block Size 32.0 KB
      Peak Allocated Bytes 0 B
      Overflow Count 0
    [ALLOC_TEMP_CurlRequest]
      Initial Block Size 64.0 KB
      Current Block Size 64.0 KB
      Peak Allocated Bytes 29 B
      Overflow Count 0
    [ALLOC_TEMP_Background Job.Worker 13]
      Initial Block Size 32.0 KB
      Current Block Size 32.0 KB
      Peak Allocated Bytes 0 B
      Overflow Count 0
    [ALLOC_TEMP_Job.Worker 2]
      Initial Block Size 256.0 KB
      Current Block Size 256.0 KB
      Peak Allocated Bytes 33.0 KB
      Overflow Count 1
    [ALLOC_TEMP_BakingJobs.Worker 6]
      Initial Block Size 256.0 KB
      Current Block Size 256.0 KB
      Peak Allocated Bytes 0 B
      Overflow Count 0
    [ALLOC_TEMP_Job.Worker 0]
      Initial Block Size 256.0 KB
      Current Block Size 256.0 KB
      Peak Allocated Bytes 33.0 KB
      Overflow Count 0
    [ALLOC_TEMP_Job.Worker 6]
      Initial Block Size 256.0 KB
      Current Block Size 256.0 KB
      Peak Allocated Bytes 33.0 KB
      Overflow Count 1
    [ALLOC_TEMP_Job.Worker 5]
      Initial Block Size 256.0 KB
      Current Block Size 256.0 KB
      Peak Allocated Bytes 33.0 KB
      Overflow Count 1
    [ALLOC_TEMP_ReadCacheIndex] x 2
      Initial Block Size 64.0 KB
      Current Block Size 64.0 KB
      Peak Allocated Bytes 1.0 KB
      Overflow Count 0
    [ALLOC_TEMP_EnlightenWorker] x 3
      Initial Block Size 64.0 KB
      Current Block Size 64.0 KB
      Peak Allocated Bytes 0 B
      Overflow Count 0
    [ALLOC_TEMP_BakingJobs.Worker 8]
      Initial Block Size 256.0 KB
      Current Block Size 256.0 KB
      Peak Allocated Bytes 0 B
      Overflow Count 0
    [ALLOC_TEMP_Job.Worker 9]
      Initial Block Size 256.0 KB
      Current Block Size 256.0 KB
      Peak Allocated Bytes 33.0 KB
      Overflow Count 1
    [ALLOC_TEMP_Background Job.Worker 9]
      Initial Block Size 32.0 KB
      Current Block Size 32.0 KB
      Peak Allocated Bytes 0 B
      Overflow Count 0
    [ALLOC_TEMP_BakingJobs.Worker 1]
      Initial Block Size 256.0 KB
      Current Block Size 256.0 KB
      Peak Allocated Bytes 301 B
      Overflow Count 0
    [ALLOC_TEMP_Loading.AsyncRead]
      Initial Block Size 64.0 KB
      Current Block Size 64.0 KB
      Peak Allocated Bytes 128 B
      Overflow Count 0
    [ALLOC_TEMP_Background Job.Worker 10]
      Initial Block Size 32.0 KB
      Current Block Size 32.0 KB
      Peak Allocated Bytes 0 B
      Overflow Count 0
    [ALLOC_TEMP_Background Job.Worker 6]
      Initial Block Size 32.0 KB
      Current Block Size 32.0 KB
      Peak Allocated Bytes 0 B
      Overflow Count 0
    [ALLOC_TEMP_BakingJobs.Worker 9]
      Initial Block Size 256.0 KB
      Current Block Size 256.0 KB
      Peak Allocated Bytes 0 B
      Overflow Count 0
    [ALLOC_TEMP_Background Job.Worker 1]
      Initial Block Size 32.0 KB
      Current Block Size 256.0 KB
      Peak Allocated Bytes 139.9 KB
      Overflow Count 353
    [ALLOC_TEMP_BakingJobs.Worker 11]
      Initial Block Size 256.0 KB
      Current Block Size 256.0 KB
      Peak Allocated Bytes 0 B
      Overflow Count 0
    [ALLOC_TEMP_AUDIO_FMOD stream thread]
      Initial Block Size 64.0 KB
      Current Block Size 64.0 KB
      Peak Allocated Bytes 0 B
      Overflow Count 0
    [ALLOC_TEMP_BakingJobs.Worker 2]
      Initial Block Size 256.0 KB
      Current Block Size 256.0 KB
      Peak Allocated Bytes 0 B
      Overflow Count 0
    [ALLOC_TEMP_Background Job.Worker 7]
      Initial Block Size 32.0 KB
      Current Block Size 32.0 KB
      Peak Allocated Bytes 0 B
      Overflow Count 0
    [ALLOC_TEMP_Job.Worker 8]
      Initial Block Size 256.0 KB
      Current Block Size 256.0 KB
      Peak Allocated Bytes 33.0 KB
      Overflow Count 1
    [ALLOC_TEMP_Job.Worker 1]
      Initial Block Size 256.0 KB
      Current Block Size 1.0 MB
      Peak Allocated Bytes 1.0 MB
      Overflow Count 1
    [ALLOC_TEMP_BakingJobs.Worker 0]
      Initial Block Size 256.0 KB
      Current Block Size 256.0 KB
      Peak Allocated Bytes 0 B
      Overflow Count 0
    [ALLOC_TEMP_BakingJobs.Worker 3]
      Initial Block Size 256.0 KB
      Current Block Size 256.0 KB
      Peak Allocated Bytes 0 B
      Overflow Count 0
    [ALLOC_TEMP_EditorTaskManager]
      Initial Block Size 64.0 KB
      Current Block Size 80.0 KB
      Peak Allocated Bytes 64.0 KB
      Overflow Count 0
    [ALLOC_TEMP_Background Job.Worker 15]
      Initial Block Size 32.0 KB
      Current Block Size 32.0 KB
      Peak Allocated Bytes 0 B
      Overflow Count 0
    [ALLOC_TEMP_BakingJobs.Worker 4]
      Initial Block Size 256.0 KB
      Current Block Size 256.0 KB
      Peak Allocated Bytes 0 B
      Overflow Count 0
    [ALLOC_TEMP_Background Job.Worker 12]
      Initial Block Size 32.0 KB
      Current Block Size 32.0 KB
      Peak Allocated Bytes 0 B
      Overflow Count 0
    [ALLOC_TEMP_HTTP REST Server]
      Initial Block Size 64.0 KB
      Current Block Size 64.0 KB
      Peak Allocated Bytes 70 B
      Overflow Count 0
    [ALLOC_TEMP_AssetGarbageCollectorHelper] x 11
      Initial Block Size 64.0 KB
      Current Block Size 64.0 KB
      Peak Allocated Bytes 0 B
      Overflow Count 0
    [ALLOC_TEMP_Background Job.Worker 0]
      Initial Block Size 32.0 KB
      Current Block Size 32.0 KB
      Peak Allocated Bytes 0 B
      Overflow Count 0
    [ALLOC_TEMP_AUDIO_Audio Mixer Thread]
      Initial Block Size 64.0 KB
      Current Block Size 64.0 KB
      Peak Allocated Bytes 0 B
      Overflow Count 0
    [ALLOC_TEMP_Background Job.Worker 4]
      Initial Block Size 32.0 KB
      Current Block Size 32.0 KB
      Peak Allocated Bytes 0 B
      Overflow Count 0
    [ALLOC_TEMP_Background Job.Worker 14]
      Initial Block Size 32.0 KB
      Current Block Size 32.0 KB
      Peak Allocated Bytes 0 B
      Overflow Count 0
    [ALLOC_TEMP_Job.Worker 7]
      Initial Block Size 256.0 KB
      Current Block Size 256.0 KB
      Peak Allocated Bytes 33.0 KB
      Overflow Count 1
[ALLOC_MEMORYPROFILER]
  Peak usage frame count: [0.5 MB-1.0 MB]: 3691 frames, [1.0 MB-2.0 MB]: 1 frames
  Requested Block Size 1.0 MB
  Peak Block count 3
  Peak Allocated memory 1.5 MB
  Peak Large allocation bytes 0 B
[ALLOC_DEFAULT] Dual Thread Allocator
  Peak main deferred allocation count 960
    [ALLOC_BUCKET]
      Large Block size 32.0 MB
      Used Block count 1
      Peak Allocated bytes 14.2 MB
    [ALLOC_DEFAULT_MAIN]
      Peak usage frame count: [128.0 MB-256.0 MB]: 3692 frames
      Requested Block Size 16.0 MB
      Peak Block count 10
      Peak Allocated memory 143.7 MB
      Peak Large allocation bytes 0 B
    [ALLOC_DEFAULT_THREAD]
      Peak usage frame count: [4.0 MB-8.0 MB]: 3691 frames, [64.0 MB-128.0 MB]: 1 frames
      Requested Block Size 16.0 MB
      Peak Block count 2
      Peak Allocated memory 80.2 MB
      Peak Large allocation bytes 80.2 MB
[ALLOC_TEMP_JOB_1_FRAME]
  Initial Block Size 2.0 MB
  Used Block Count 0
  Overflow Count (too large) 0
  Overflow Count (full) 0
[ALLOC_TEMP_JOB_2_FRAMES]
  Initial Block Size 2.0 MB
  Used Block Count 0
  Overflow Count (too large) 0
  Overflow Count (full) 0
[ALLOC_TEMP_JOB_4_FRAMES (JobTemp)]
  Initial Block Size 2.0 MB
  Used Block Count 1
  Overflow Count (too large) 0
  Overflow Count (full) 0
[ALLOC_TEMP_JOB_ASYNC (Background)]
  Initial Block Size 1.0 MB
  Used Block Count 1
  Overflow Count (too large) 5
  Overflow Count (full) 0
[ALLOC_GFX] Dual Thread Allocator
  Peak main deferred allocation count 232
    [ALLOC_BUCKET]
      Large Block size 32.0 MB
      Used Block count 1
      Peak Allocated bytes 14.2 MB
    [ALLOC_GFX_MAIN]
      Peak usage frame count: [8.0 MB-16.0 MB]: 12 frames, [128.0 MB-256.0 MB]: 3679 frames, [256.0 MB-0.50 GB]: 1 frames
      Requested Block Size 16.0 MB
      Peak Block count 17
      Peak Allocated memory 299.9 MB
      Peak Large allocation bytes 85.4 MB
    [ALLOC_GFX_THREAD]
      Peak usage frame count: [0-1.0 KB]: 12 frames, [16.0 MB-32.0 MB]: 3680 frames
      Requested Block Size 16.0 MB
      Peak Block count 2
      Peak Allocated memory 28.7 MB
      Peak Large allocation bytes 0 B
[ALLOC_CACHEOBJECTS] Dual Thread Allocator
  Peak main deferred allocation count 690
    [ALLOC_BUCKET]
      Large Block size 32.0 MB
      Used Block count 1
      Peak Allocated bytes 14.2 MB
    [ALLOC_CACHEOBJECTS_MAIN]
      Peak usage frame count: [16.0 MB-32.0 MB]: 10 frames, [32.0 MB-64.0 MB]: 3680 frames, [64.0 MB-128.0 MB]: 2 frames
      Requested Block Size 4.0 MB
      Peak Block count 39
      Peak Allocated memory 107.5 MB
      Peak Large allocation bytes 46.1 MB
    [ALLOC_CACHEOBJECTS_THREAD]
      Peak usage frame count: [0-1.0 KB]: 3 frames, [4.0 KB-8.0 KB]: 8 frames, [8.0 KB-16.0 KB]: 1 frames, [256.0 KB-0.5 MB]: 3677 frames, [0.5 MB-1.0 MB]: 2 frames, [2.0 MB-4.0 MB]: 1 frames
      Requested Block Size 4.0 MB
      Peak Block count 1
      Peak Allocated memory 2.7 MB
      Peak Large allocation bytes 0 B
[ALLOC_TYPETREE] Dual Thread Allocator
  Peak main deferred allocation count 1726
    [ALLOC_BUCKET]
      Large Block size 32.0 MB
      Used Block count 1
      Peak Allocated bytes 14.2 MB
    [ALLOC_TYPETREE_MAIN]
      Peak usage frame count: [0.5 MB-1.0 MB]: 8 frames, [2.0 MB-4.0 MB]: 3683 frames, [32.0 MB-64.0 MB]: 1 frames
      Requested Block Size 2.0 MB
      Peak Block count 24
      Peak Allocated memory 42.2 MB
      Peak Large allocation bytes 0 B
    [ALLOC_TYPETREE_THREAD]
      Peak usage frame count: [0-1.0 KB]: 3 frames, [32.0 KB-64.0 KB]: 9 frames, [256.0 KB-0.5 MB]: 3679 frames, [1.0 MB-2.0 MB]: 1 frames
      Requested Block Size 2.0 MB
      Peak Block count 1
      Peak Allocated memory 1.2 MB
      Peak Large allocation bytes 0 B
[ALLOC_PROFILER]
  Peak usage frame count: [256.0 KB-0.5 MB]: 3692 frames
  Requested Block Size 16.0 MB
  Peak Block count 1
  Peak Allocated memory 499.3 KB
  Peak Large allocation bytes 0 B
    [ALLOC_PROFILER_BUCKET]
      Large Block size 32.0 MB
      Used Block count 1
      Peak Allocated bytes 10.4 KB
[ALLOC_PROFILER_EDITOR]
  Peak usage frame count: [0-1.0 KB]: 3692 frames
  Requested Block Size 1.0 MB
  Peak Block count 0
  Peak Allocated memory 0 B
  Peak Large allocation bytes 0 B
    [ALLOC_PROFILER_BUCKET]
      Large Block size 32.0 MB
      Used Block count 1
      Peak Allocated bytes 10.4 KB
##utp:{"type":"MemoryLeaks","version":2,"phase":"Immediate","time":1786268386806,"processId":54584,"allocatedMemory":35961948,"memoryLabels":[{"Default":19935},{"Permanent":15536},{"Thread":1083460},{"Manager":32764},{"VertexData":12},{"Geometry":280},{"Texture":480},{"Shader":68410},{"Material":24},{"GfxDevice":37880},{"Animation":312},{"Audio":3904},{"FontEngine":288},{"Physics":513},{"Physics2D":7488768},{"Serialization":676},{"Input":9248},{"JobScheduler":39064},{"Mono":40},{"ScriptingNativeRuntime":192016},{"BaseObject":1627212},{"Resource":952},{"Renderer":2312},{"Transform":24},{"File":9475},{"WebCam":40},{"Culling":40},{"Terrain":1025},{"Wind":24},{"String":17503},{"DynamicArray":124605},{"HashMap":136631},{"Utility":2660942},{"Curl":1056},{"PoolAlloc":1496},{"AI":72},{"TypeTree":5061},{"ScriptManager":640},{"RuntimeInitializeOnLoadManager":80},{"SpriteAtlas":128},{"GI":3496},{"Director":7880},{"WebRequest":816},{"VR":45705},{"SceneManager":576},{"Video":1096},{"LazyScriptCache":40},{"NativeArray":12},{"Camera":25},{"Secure":10425},{"SerializationCache":1576},{"APIUpdating":11856},{"Subsystems":392},{"VirtualTexturing":57512},{"StaticSafetyDebugInfo":327680},{"EditorGui":56},{"EditorUtility":12943},{"VersionControl":4},{"Undo":720},{"AssetDatabase":21845059},{"RestService":1310},{"EditorGi":376},{"ProgressiveLightmapper":2728},{"License":3584},{"UnityConnect":25520},{"Collab":641},{"Upm":1872},{"DrivenProperties":96},{"LocalIPC":222},{"ProfilerEditor":10975},{"CoreBusinessMetrics":3747},{"AssetReference":40},{"IPCStream":40}]}
